Report Number,Local Case Number,Agency Name,ACRS Report Type,Crash Date/Time,Route Type,Road Name,Cross-Street Type,Cross-Street Name,Off-Road Description,Municipality,Related Non-Motorist,Collision Type,Weather,Surface Condition,Light,Traffic Control,Driver Substance Abuse,Non-Motorist Substance Abuse,Person ID,Pedestrian Type,Pedestrian Movement,Pedestrian Actions,Pedestrian Location,Pedestrian Obeyed Traffic Signal,Pedestrian Visibility,At Fault,Injury Severity,Safety Equipment,Latitude,Longitude,Location
DM85220013,230057932,Takoma Park Police Depart,Injury Crash,10/01/2023 08:30:00 PM,Maryland (State),UNIVERSITY BLVD E,Municipality,MERRIMAC DR,,TAKOMA PARK,PEDESTRIAN,OTHER,CLEAR,DRY,DARK LIGHTS ON,NO CONTROLS,NONE DETECTED,UNKNOWN,88E2EACA-B240-42E4-B145-436EA1531F98,PEDESTRIAN,Cross/Enter not at Intersection,IMPROPER PASSING,ON ROADWAY NOT AT CROSSWALK,NO PED. SIGNAL,LIGHT CLOTHING,Yes,POSSIBLE INJURY,NONE,38.99263303,-76.99154564,"(38.99263303, -76.99154564)"
DM8504001G,230063844,Takoma Park Police Depart,Injury Crash,11/01/2023 07:02:00 PM,Maryland (State),NEW HAMPSHIRE AVE,Municipality,KENTLAND AVE,,TAKOMA PARK,PEDESTRIAN,SINGLE VEHICLE,CLEAR,DRY,DARK LIGHTS ON,NO CONTROLS,N/A,N/A,78ACA767-31A6-4940-A836-AF458E3037A4,PEDESTRIAN,Cross/Enter at Intersection,NO IMPROPER ACTIONS,ON ROADWAY AT CROSSWALK,NO PED. SIGNAL,MIXED CLOTHING,No,SUSPECTED MINOR INJURY,NONE,38.97686288,-76.9923875,"(38.97686288, -76.9923875)"
MCP2466004M,230066764,Montgomery County Police,Injury Crash,11/16/2023 06:05:00 PM,County,SETTLERS LANDING WAY,County,LAKE WINDS WAY,,N/A,PEDESTRIAN,SINGLE VEHICLE,CLEAR,DRY,DARK LIGHTS ON,NO CONTROLS,NONE DETECTED,NONE DETECTED,7AEAC3AA-D60C-4E71-A650-4D7998C51AB5,PEDESTRIAN,Walking/Cycling on Sidewalk,UNKNOWN,AT INTERSECTION BUT NO CROSSWALK,NO PED. SIGNAL,MIXED CLOTHING,Unknown,POSSIBLE INJURY,NONE,39.0906019,-77.22631213,"(39.0906019, -77.22631213)"
MCP2641003N,230067487,Montgomery County Police,Injury Crash,11/20/2023 06:05:00 PM,County,MONTGOMERY VILLAGE AVE,County,LAKE SHORE DR,,N/A,PEDESTRIAN,OTHER,CLEAR,DRY,DARK LIGHTS ON,TRAFFIC SIGNAL,NONE DETECTED,NONE DETECTED,738B23EC-1063-42E7-9ABF-65C70F373FAE,PEDESTRIAN,Walking/Riding w/Traffic,NO IMPROPER ACTIONS,ON ROADWAY AT CROSSWALK,OBEYED PED. SIGNAL,DARK CLOTHING,No,POSSIBLE INJURY,N/A,39.16146833,-77.201725,"(39.16146833, -77.201725)"
DD5657001D,230066533,Rockville Police Departme,Injury Crash,11/15/2023 04:44:00 PM,Other Public Roadway,CORK TREE LA,Other Public Roadway,ELMCROFT BLVD,,N/A,PEDESTRIAN,OTHER,CLEAR,DRY,DUSK,STOP SIGN,UNKNOWN,NONE DETECTED,4AEDD740-ADC4-4016-8D26-3B472AB5FB92,PEDESTRIAN,Walking/Riding w/Traffic,INATTENTIVE,ON ROADWAY NOT AT CROSSWALK,NO PED. SIGNAL,MIXED CLOTHING,Yes,SUSPECTED MINOR INJURY,NONE,39.1139464,-77.16635814,"(39.1139464, -77.16635814)"
MCP2347004G,230066410,Montgomery County Police,Injury Crash,11/15/2023 06:29:00 AM,Maryland (State),SANDY SPRING RD,County,RIDING STABLE RD,,N/A,BICYCLIST,STRAIGHT MOVEMENT ANGLE,CLEAR,DRY,DARK NO LIGHTS,STOP SIGN,NONE DETECTED,NONE DETECTED,C7DAF4E6-9ECB-46AA-8F7B-EA2A56327913,BICYCLIST,Walking/Riding w/Traffic,NO IMPROPER ACTIONS,IN BIKEWAY,N/A,OTHER,No,SUSPECTED MINOR INJURY,NONE,39.10559616,-76.91067981,"(39.10559616, -76.91067981)"
MCP120500B0,230066626,Montgomery County Police,Injury Crash,11/16/2023 08:06:00 AM,,,,,"PARKING LOT OF 4920 STRATHMORE AVE.
KENSINGTON, MD 20895",,PEDESTRIAN,OTHER,CLEAR,,DAYLIGHT,NO CONTROLS,NONE DETECTED,NONE DETECTED,0B9D153A-C4AD-4B36-89F1-0C16BDA72DA9,PEDESTRIAN,Other,NO IMPROPER ACTIONS,OTHER,N/A,MIXED CLOTHING,No,SUSPECTED MINOR INJURY,N/A,39.031155,-77.10003167,"(39.031155, -77.10003167)"
MCP302600BX,230065061,Montgomery County Police,Injury Crash,11/08/2023 08:22:00 AM,County,BEECH AVE,County,SINGLETON DR,,N/A,PEDESTRIAN,SINGLE VEHICLE,CLEAR,DRY,DAYLIGHT,STOP SIGN,NONE DETECTED,NONE DETECTED,94345AF9-B1C7-45FF-87D8-72EE9F8F645B,PEDESTRIAN,Cross/Enter at Intersection,NOT VISIBLE,ON ROADWAY NOT AT CROSSWALK,NO PED. SIGNAL,OTHER,No,SUSPECTED MINOR INJURY,NONE,39.00973033,-77.11581167,"(39.00973033, -77.11581167)"
EJ78870037,230062614,Gaithersburg Police Depar,Property Damage Crash,11/07/2023 07:20:00 AM,Municipality,FIRSTFIELD RD,Municipality,BANK ST,,GAITHERSBURG,PEDESTRIAN,OTHER,CLEAR,DRY,DAYLIGHT,NO CONTROLS,NONE DETECTED,NONE DETECTED,B2FF0EAC-8C17-46D8-BC2F-0FD6CB16E348,PEDESTRIAN,Walking/Cycling on Sidewalk,OTHER,SIDEWALK,NO PED. SIGNAL,DARK CLOTHING,No,NO APPARENT INJURY,NONE,39.14047212,-77.22466919,"(39.14047212, -77.22466919)"
DD5567001H,230066464,Rockville Police Departme,Property Damage Crash,11/15/2023 12:25:00 PM,Municipality,ANITA CT,Maryland (State),FIRST ST,,N/A,OTHER,SINGLE VEHICLE,CLEAR,DRY,DAYLIGHT,N/A,NONE DETECTED,NONE DETECTED,4503ED57-21C7-4A9A-8F1F-706044947121,OTHER,Other,OTHER,OTHER,N/A,REFLECTIVE MATERIAL,Yes,NO APPARENT INJURY,REFLECTIVE CLOTHING,39.08364589,-77.13610201,"(39.08364589, -77.13610201)"
DD56700009,230067477,Rockville Police Departme,Injury Crash,11/20/2023 05:03:00 PM,County,E GUDE DR,Maryland (State),FREDERICK RD,,N/A,PEDESTRIAN,OTHER,N/A,DRY,DARK LIGHTS ON,TRAFFIC SIGNAL,UNKNOWN,NONE DETECTED,8F58F043-5BD9-4B07-9A66-BBB933C139D7,PEDESTRIAN,Cross/Enter at Intersection,NOT VISIBLE,AT INTERSECTION MARKED CROSSWALK,UNKNOWN,DARK CLOTHING,Unknown,SUSPECTED MINOR INJURY,NONE,39.10663751,-77.15834574,"(39.10663751, -77.15834574)"
DD559500F1,230057485,Rockville Police Departme,Property Damage Crash,09/29/2023 12:50:00 PM,Municipality,ROLLINS AVE,County,CHAPMAN AVE,,N/A,OTHER,OTHER,CLOUDY,DRY,DAYLIGHT,NO CONTROLS,UNKNOWN,N/A,3E355E22-7FFF-4E18-8581-6D91F6538229,OTHER,N/A,NO IMPROPER ACTIONS,N/A,N/A,N/A,No,NO APPARENT INJURY,N/A,39.05867117,-77.1172765,"(39.05867117, -77.1172765)"
MCP3228005F,230062197,Montgomery County Police,Injury Crash,10/23/2023 06:59:00 PM,,,,,"PARKING LOT OF 833 WAYNE AVE, SILVER SPRING, MARYLAND 20910",,PEDESTRIAN,OTHER,CLEAR,,DARK LIGHTS ON,NO CONTROLS,NONE DETECTED,NONE DETECTED,88B28BBC-3658-4517-9BC8-7D7059DD8E22,PEDESTRIAN,Standing,NO IMPROPER ACTIONS,OTHER,N/A,LIGHT CLOTHING,No,SUSPECTED MINOR INJURY,NONE,38.99646417,-77.023829,"(38.99646417, -77.023829)"
DM8492001H,230067301,Takoma Park Police Depart,Injury Crash,11/19/2023 09:01:00 PM,Maryland (State),ETHAN ALLEN AVE,Municipality,JACKSON AVE,,TAKOMA PARK,PEDESTRIAN,SINGLE VEHICLE,CLEAR,DRY,DARK LIGHTS ON,STOP SIGN,N/A,N/A,E03EE11B-0141-4D9D-B43B-195736441DD9,PEDESTRIAN,Cross/Enter at Intersection,N/A,ON ROADWAY AT CROSSWALK,OBEYED PED. SIGNAL,DARK CLOTHING,No,POSSIBLE INJURY,NONE,38.97797936,-77.00163372,"(38.97797936, -77.00163372)"
MCP2641003M,230066732,Montgomery County Police,Injury Crash,11/16/2023 03:20:00 PM,Maryland (State),GEORGIA AVE,County,GOLD MINE RD,,N/A,BICYCLIST,HEAD ON LEFT TURN,CLEAR,DRY,DAYLIGHT,TRAFFIC SIGNAL,NONE DETECTED,NONE DETECTED,EDBA9767-FA15-44BB-B64E-7E329333CF09,BICYCLIST,Cross/Enter at Intersection,NO IMPROPER ACTIONS,ON ROADWAY NOT AT CROSSWALK,N/A,REFLECTIVE MATERIAL,No,POSSIBLE INJURY,MC/BIKE HELMET,39.17206833,-77.05902167,"(39.17206833, -77.05902167)"
MCP2760004H,230066932,Montgomery County Police,Injury Crash,11/17/2023 04:10:00 PM,County,MONTGOMERY VILLAGE AVE,County,CENTERWAY RD,,N/A,PEDESTRIAN,OTHER,CLEAR,DRY,DUSK,NO CONTROLS,N/A,N/A,B7AD6816-0BA4-41B5-886A-0BBBE151CD88,PEDESTRIAN,Cross/Enter not at Intersection,DART DASH,ON ROADWAY NOT AT CROSSWALK,N/A,DARK CLOTHING,Yes,SUSPECTED MINOR INJURY,N/A,39.17238667,-77.20381167,"(39.17238667, -77.20381167)"
MCP235800C3,230066890,Montgomery County Police,Injury Crash,11/17/2023 12:30:00 PM,Maryland (State),OLD GEORGETOWN RD,County,CHESHIRE DR,,N/A,PEDESTRIAN,OTHER,CLEAR,DRY,DAYLIGHT,NO CONTROLS,NONE DETECTED,NONE DETECTED,79870E0C-58C2-43D0-915E-85F52D58243E,PEDESTRIAN,Cross/Enter not at Intersection,IN ROADWAY IMPROPERLY,ON ROADWAY NOT AT CROSSWALK,NO PED. SIGNAL,MIXED CLOTHING,Yes,SUSPECTED MINOR INJURY,N/A,39.02330696,-77.12405435,"(39.02330696, -77.12405435)"
DD55670015,230062313,Rockville Police Departme,Injury Crash,10/24/2023 01:34:00 PM,,,,,PARKING LOT OF 45 W GUDE DR,,PEDESTRIAN,SINGLE VEHICLE,CLEAR,,DAYLIGHT,N/A,NONE DETECTED,NONE DETECTED,C2B1224B-6C17-4367-9B7E-CAB438695372,PEDESTRIAN,Other,OTHER,OTHER,N/A,LIGHT CLOTHING,No,SUSPECTED MINOR INJURY,NONE,39.10780605,-77.16144929,"(39.10780605, -77.16144929)"
EJ7781004N,230063890,Gaithersburg Police Depar,Injury Crash,11/02/2023 06:58:00 AM,Municipality,METROPOLITAN GROVE RD,Maryland (State),CLOPPER RD,,N/A,BICYCLIST,STRAIGHT MOVEMENT ANGLE,CLEAR,DRY,DARK -- UNKNOWN LIGHTING,TRAFFIC SIGNAL,NONE DETECTED,NONE DETECTED,035923D8-F891-4CA5-8838-37A7769F2D6E,BICYCLIST,Cross/Enter at Intersection,NO IMPROPER ACTIONS,ON ROADWAY AT CROSSWALK,OBEYED PED. SIGNAL,MIXED CLOTHING,No,POSSIBLE INJURY,NONE,39.14615537,-77.22819747,"(39.14615537, -77.22819747)"
DD5658001D,230062625,Rockville Police Departme,Property Damage Crash,10/26/2023 08:58:00 AM,,HALPINE ROAD,,ROCKVILLE PIKE,,N/A,PEDESTRIAN,OTHER,CLEAR,DRY,DAYLIGHT,N/A,N/A,N/A,7EC841E4-A096-4D6C-BEDC-81F86E0D8339,PEDESTRIAN,Cross/Enter at Intersection,UNKNOWN,ON ROADWAY AT CROSSWALK,UNKNOWN,DARK CLOTHING,Unknown,NO APPARENT INJURY,N/A,39.0620035,-77.12353017,"(39.0620035, -77.12353017)"
MCP33390031,230066843,Montgomery County Police,Injury Crash,11/17/2023 06:30:00 AM,County,ASPEN HILL RD,County,MARGOT DR,,N/A,PEDESTRIAN,OTHER,CLEAR,DRY,DAWN,OTHER,NONE DETECTED,UNKNOWN,411B9192-6983-4089-ADA1-0E856EFFE3EC,PEDESTRIAN,Cross/Enter at Intersection,NO IMPROPER ACTIONS,ON ROADWAY AT CROSSWALK,OBEYED PED. SIGNAL,UNKNOWN,No,SUSPECTED MINOR INJURY,NONE,39.07093817,-77.10181125,"(39.07093817, -77.10181125)"
EJ7833007S,230056598,Gaithersburg Police Depar,Injury Crash,09/24/2023 10:26:00 AM,,,,,PARKING LOT OF 206 N FREDERICK AVENUE,,PEDESTRIAN,SINGLE VEHICLE,CLOUDY,,DAYLIGHT,NO CONTROLS,NONE DETECTED,NONE DETECTED,6F6D87FB-418D-4DA3-884C-9523174CA4A3,PEDESTRIAN,Other,UNKNOWN,OTHER,NO PED. SIGNAL,LIGHT CLOTHING,Unknown,SUSPECTED MINOR INJURY,NONE,39.14450453,-77.20265967,"(39.14450453, -77.20265967)"
EJ7873008B,230062171,Gaithersburg Police Depar,Injury Crash,10/23/2023 04:47:00 PM,Maryland (State),FREDERICK RD,Municipality,ODENDHAL AVE,,GAITHERSBURG,BICYCLIST,SINGLE VEHICLE,CLEAR,DRY,DAYLIGHT,NO CONTROLS,NONE DETECTED,NONE DETECTED,4F5A51B9-3524-40BA-9A4E-AA3443EA0AED,BICYCLIST,Walking/Cycling on Sidewalk,NO IMPROPER ACTIONS,SIDEWALK,N/A,MIXED CLOTHING,No,POSSIBLE INJURY,MC/BIKE HELMET,39.14766339,-77.20591178,"(39.14766339, -77.20591178)"
DD56660004,230059854,Rockville Police Departme,Injury Crash,10/11/2023 05:30:00 AM,Municipality,N HORNERS LA,Municipality,SOUTHLAWN LA,,ROCKVILLE,PEDESTRIAN,SINGLE VEHICLE,UNKNOWN,DRY,DARK -- UNKNOWN LIGHTING,STOP SIGN,NONE DETECTED,NONE DETECTED,C79DEB15-DE35-4554-BD7C-8043A6E200CB,PEDESTRIAN,Cross/Enter at Intersection,NO IMPROPER ACTIONS,ON ROADWAY NOT AT CROSSWALK,NO PED. SIGNAL,UNKNOWN,Unknown,SUSPECTED MINOR INJURY,UNKNOWN,39.0933474,-77.14324268,"(39.0933474, -77.14324268)"
DD5604004M,230059469,Rockville Police Departme,Injury Crash,10/09/2023 02:18:00 PM,Maryland (State),ROCKVILLE PIKE,Municipality,WOOTTON PKWY,,ROCKVILLE,PEDESTRIAN,OTHER,CLEAR,DRY,DAYLIGHT,NO CONTROLS,NONE DETECTED,NONE DETECTED,9CDBEF3D-523A-477F-A66A-E400656AB7B6,PEDESTRIAN,Walking/Cycling on Sidewalk,NO IMPROPER ACTIONS,DRIVEWAY ACCESS MARKED CROSSWALK,NO PED. SIGNAL,LIGHT CLOTHING,No,POSSIBLE INJURY,NONE,39.07618533,-77.13832067,"(39.07618533, -77.13832067)"
MCP2608005D,230067146,Montgomery County Police,Injury Crash,11/18/2023 07:14:00 PM,Maryland (State),PINEY BRANCH RD,County,FLOWER AVE,,N/A,PEDESTRIAN,OTHER,CLEAR,DRY,DARK LIGHTS ON,NO CONTROLS,NONE DETECTED,ALCOHOL PRESENT,99682F4C-29D2-4B70-8D9D-DEA679255D26,PEDESTRIAN,Cross/Enter not at Intersection,NO IMPROPER ACTIONS,ON ROADWAY NOT AT CROSSWALK,NO PED. SIGNAL,MIXED CLOTHING,Yes,POSSIBLE INJURY,N/A,38.99802893,-77.00402656,"(38.99802893, -77.00402656)"
MCP3123006H,230066555,Montgomery County Police,Injury Crash,11/15/2023 06:28:00 PM,,,,,PARKING LOT OF 2120 RANDOLPH RD,,MACHINE OPERATOR/RIDER,SINGLE VEHICLE,CLOUDY,,DARK NO LIGHTS,N/A,N/A,N/A,4F4FCB62-D49D-48FF-9A00-71E5EF54CA1A,MACHINE OPERATOR/RIDER,Getting off/on Vehicle,NO IMPROPER ACTIONS,OTHER,N/A,MIXED CLOTHING,No,SUSPECTED MINOR INJURY,N/A,39.05949333,-77.04632667,"(39.05949333, -77.04632667)"
EJ78880056,230064018,Gaithersburg Police Depar,Injury Crash,11/02/2023 04:25:00 PM,,,,,PARKING LOT OF 883 RUSSELL AVE,,"OTHER, PEDESTRIAN",OTHER,CLEAR,,DAYLIGHT,NO CONTROLS,NONE DETECTED,NONE DETECTED,51F4E634-0F26-4212-8DBC-D9300E6D9AC1,OTHER,Other,NO IMPROPER ACTIONS,OTHER,NO PED. SIGNAL,MIXED CLOTHING,No,NO APPARENT INJURY,NONE,39.15722808,-77.21204947,"(39.15722808, -77.21204947)"
EJ7888005C,230065681,Gaithersburg Police Depar,Injury Crash,11/10/2023 06:50:00 PM,,,,,PARKING LOT OF 9801 WASHINGTONIAN BLVD,,PEDESTRIAN,OTHER,CLEAR,,DARK LIGHTS ON,NO CONTROLS,UNKNOWN,NONE DETECTED,05D046C7-CC91-4AF0-811E-EB0F8C128355,PEDESTRIAN,Cross/Enter at Intersection,IN ROADWAY IMPROPERLY,SIDEWALK,NO PED. SIGNAL,LIGHT CLOTHING,Yes,SUSPECTED MINOR INJURY,NONE,39.11514581,-77.19761533,"(39.11514581, -77.19761533)"
MCP3170003M,230067257,Montgomery County Police,Property Damage Crash,11/19/2023 03:47:00 PM,County,FATHER HURLEY BLVD,County,CRYSTAL ROCK DR,,N/A,BICYCLIST,OTHER,CLEAR,DRY,DAYLIGHT,TRAFFIC SIGNAL,NONE DETECTED,NONE DETECTED,E8F3C4C3-4392-4A95-B9F9-F151F22F3432,BICYCLIST,Cross/Enter at Intersection,FAILURE TO OBEY TRAFFIC SIGNS SIGNALS OR OFFICER,ON ROADWAY AT CROSSWALK,DISOBEYED PED. SIGNAL,MIXED CLOTHING,Yes,NO APPARENT INJURY,MC/BIKE HELMET,39.19332667,-77.27050823,"(39.19332667, -77.27050823)"
DD5663000B,230062740,Rockville Police Departme,Injury Crash,10/26/2023 04:41:00 PM,Municipality,WOOTTON PKWY,Municipality,PASTURE BROOK WAY,,ROCKVILLE,PEDESTRIAN,OTHER,CLEAR,DRY,DAYLIGHT,OTHER,NONE DETECTED,NONE DETECTED,BD52D853-08AF-4FBD-8B0C-F76C22D169CE,PEDESTRIAN,Cross/Enter at Intersection,NO IMPROPER ACTIONS,ON ROADWAY AT CROSSWALK,NO PED. SIGNAL,N/A,No,SUSPECTED SERIOUS INJURY,N/A,39.0680312,-77.1678512,"(39.0680312, -77.1678512)"
DD5660000M,230065841,Rockville Police Departme,Injury Crash,11/11/2023 09:54:00 PM,Maryland (State),FREDERICK RD,Municipality,KING FARM BLVD,,ROCKVILLE,PEDESTRIAN,OTHER,N/A,DRY,DARK LIGHTS ON,TRAFFIC SIGNAL,NONE DETECTED,NONE DETECTED,2B6BC5C2-8860-49CE-8D14-98919674821D,PEDESTRIAN,Cross/Enter at Intersection,NO IMPROPER ACTIONS,ON ROADWAY AT CROSSWALK,N/A,DARK CLOTHING,No,SUSPECTED MINOR INJURY,NONE,39.11714547,-77.16896531,"(39.11714547, -77.16896531)"
MCP28950034,230065235,Montgomery County Police,Injury Crash,11/08/2023 06:00:00 PM,County,RICHTER FARM RD,Maryland (State),GERMANTOWN RD,,N/A,PEDESTRIAN,OTHER,CLEAR,DRY,DARK LIGHTS ON,TRAFFIC SIGNAL,NONE DETECTED,NONE DETECTED,EA2F9AF9-D3A4-40DE-A1A0-575A5D151CB0,PEDESTRIAN,Cross/Enter at Intersection,NO IMPROPER ACTIONS,ON ROADWAY AT CROSSWALK,OBEYED PED. SIGNAL,DARK CLOTHING,No,SUSPECTED MINOR INJURY,NONE,39.15420562,-77.28726558,"(39.15420562, -77.28726558)"
EJ78880056,230064018,Gaithersburg Police Depar,Injury Crash,11/02/2023 04:25:00 PM,,,,,PARKING LOT OF 883 RUSSELL AVE,,"OTHER, PEDESTRIAN",OTHER,CLEAR,,DAYLIGHT,NO CONTROLS,NONE DETECTED,NONE DETECTED,135F3282-2D12-4B8D-B43C-32BF7305874E,PEDESTRIAN,Other,NO IMPROPER ACTIONS,OTHER,NO PED. SIGNAL,MIXED CLOTHING,No,POSSIBLE INJURY,NONE,39.15722808,-77.21204947,"(39.15722808, -77.21204947)"
MCP289200FK,230066526,Montgomery County Police,Injury Crash,11/15/2023 04:05:00 PM,County,MANCHESTER RD,County,SCHUYLER RD,,N/A,PEDESTRIAN,SINGLE VEHICLE,CLEAR,DRY,DAYLIGHT,NO CONTROLS,NONE DETECTED,NONE DETECTED,259C7011-C181-4718-B7F8-5CC2069603C6,PEDESTRIAN,Playing,OTHER,ON ROADWAY NOT AT CROSSWALK,N/A,MIXED CLOTHING,Unknown,SUSPECTED MINOR INJURY,NONE,39.00338,-77.01125667,"(39.00338, -77.01125667)"
MCP22910077,230064765,Montgomery County Police,Injury Crash,11/06/2023 05:32:00 PM,Maryland (State),RIVER RD,County,NEWBRIDGE DR,,N/A,PEDESTRIAN,OTHER,CLEAR,DRY,DARK NO LIGHTS,NO CONTROLS,NONE DETECTED,UNKNOWN,3E9F63A7-2685-4333-A2B3-2132E14DDB6A,PEDESTRIAN,Cross/Enter at Intersection,FAILURE TO YIELD RIGHT OF WAY,ON ROADWAY AT CROSSWALK,NO PED. SIGNAL,DARK CLOTHING,Yes,SUSPECTED SERIOUS INJURY,NONE,39.01013433,-77.19678367,"(39.01013433, -77.19678367)"
EJ7885003K,230057360,Gaithersburg Police Depar,Injury Crash,09/28/2023 06:17:00 PM,,,,,IN THE PARKING GARAGE OF 10121 WASHINGTONIAN BLVD,,PEDESTRIAN,OTHER,CLEAR,,DAYLIGHT,NO CONTROLS,UNKNOWN,NONE DETECTED,9E6D56D2-6A46-402C-9ADA-3028BC182D75,PEDESTRIAN,Standing,OTHER,OTHER,N/A,DARK CLOTHING,No,POSSIBLE INJURY,N/A,39.1202178,-77.2044607,"(39.1202178, -77.2044607)"
MCP30850046,230060572,Montgomery County Police,Injury Crash,10/14/2023 09:09:00 PM,County,CORDELL AVE,Maryland (State),WISCONSIN AVE,,N/A,PEDESTRIAN,OTHER,RAINING,WET,DARK LIGHTS ON,TRAFFIC SIGNAL,NONE DETECTED,NONE DETECTED,78A5D670-9115-42D1-AF3D-0246F3745445,PEDESTRIAN,Cross/Enter at Intersection,NO IMPROPER ACTIONS,ON ROADWAY AT CROSSWALK,OBEYED PED. SIGNAL,MIXED CLOTHING,No,POSSIBLE INJURY,NONE,38.99114833,-77.09603667,"(38.99114833, -77.09603667)"
MCP2612005J,230067692,Montgomery County Police,Injury Crash,11/21/2023 06:35:00 PM,County,BEL PRE RD,Other Public Roadway,PARKER FARM WAY,,N/A,PEDESTRIAN,SINGLE VEHICLE,RAINING,WET,DARK LIGHTS ON,TRAFFIC SIGNAL,NONE DETECTED,NONE DETECTED,5A202926-3BFC-4C34-8B00-97EECA6C836B,PEDESTRIAN,Cross/Enter at Intersection,UNKNOWN,ON ROADWAY AT CROSSWALK,UNKNOWN,DARK CLOTHING,Unknown,POSSIBLE INJURY,NONE,39.09059417,-77.04761717,"(39.09059417, -77.04761717)"
MCP3148005P,230068578,Montgomery County Police,Injury Crash,11/27/2023 05:42:00 PM,,,,,"PARKING GARAGE 1ST FLOOR AT 4935 ST ELMO AVE, BETHESDA, MD 20814",,PEDESTRIAN,OTHER,CLEAR,,DUSK,N/A,UNKNOWN,NONE DETECTED,AC029FAC-B8F7-40C7-8BF0-D4035C3493BD,PEDESTRIAN,Other,NO IMPROPER ACTIONS,OTHER,N/A,MIXED CLOTHING,No,POSSIBLE INJURY,N/A,38.98653167,-77.09835333,"(38.98653167, -77.09835333)"
MCP2552006P,230067682,Montgomery County Police,Injury Crash,11/21/2023 05:54:00 PM,Maryland (State),FREDERICK RD,County,REDLAND RD,,N/A,PEDESTRIAN,OTHER,RAINING,WET,DARK LIGHTS ON,N/A,N/A,N/A,0479C76F-25C9-4E28-89CE-ABE19CDA79A6,PEDESTRIAN,Cross/Enter not at Intersection,IN ROADWAY IMPROPERLY,ON ROADWAY NOT AT CROSSWALK,NO PED. SIGNAL,DARK CLOTHING,Yes,SUSPECTED MINOR INJURY,NONE,39.11462327,-77.16437638,"(39.11462327, -77.16437638)"
DD5660000Q,230068281,Rockville Police Departme,Injury Crash,11/26/2023 05:01:00 PM,Maryland (State),ROCKVILLE PIKE,Municipality,ROLLINS AVE,,ROCKVILLE,PEDESTRIAN,OTHER,RAINING,WET,DAWN,TRAFFIC SIGNAL,NONE DETECTED,NONE DETECTED,4BE2346C-EEEC-4A17-AF85-64351F7AC732,PEDESTRIAN,Cross/Enter at Intersection,NO IMPROPER ACTIONS,ON ROADWAY AT CROSSWALK,OBEYED PED. SIGNAL,DARK CLOTHING,No,POSSIBLE INJURY,NONE,39.05904737,-77.1217952,"(39.05904737, -77.1217952)"
MCP33500023,230067818,Montgomery County Police,Injury Crash,11/22/2023 01:10:00 PM,,NICHOLSON LN,,CITADEL AVE,,N/A,PEDESTRIAN,OTHER,CLOUDY,DRY,DAYLIGHT,TRAFFIC SIGNAL,UNKNOWN,NONE DETECTED,21FC6FD7-FD46-4D5C-9AC3-51A4C9B60652,PEDESTRIAN,Walking/Riding w/Traffic,NO IMPROPER ACTIONS,AT INTERSECTION MARKED CROSSWALK,OBEYED PED. SIGNAL,MIXED CLOTHING,No,SUSPECTED MINOR INJURY,N/A,39.04513667,-77.109205,"(39.04513667, -77.109205)"
DD5567001K,230068677,Rockville Police Departme,Property Damage Crash,11/28/2023 10:42:00 AM,Maryland (State),ROCKVILLE PIKE,Unknown,CROSSOVER,,N/A,BICYCLIST,STRAIGHT MOVEMENT ANGLE,CLEAR,DRY,DAYLIGHT,N/A,NONE DETECTED,NONE DETECTED,535002E1-B74A-4441-91AB-45BBE12D17A6,BICYCLIST,Cross/Enter at Intersection,NO IMPROPER ACTIONS,ON ROADWAY NOT AT CROSSWALK,N/A,DARK CLOTHING,Yes,NO APPARENT INJURY,MC/BIKE HELMET,39.07178998,-77.13258698,"(39.07178998, -77.13258698)"
MCP2871009C,230068789,Montgomery County Police,Injury Crash,11/28/2023 06:07:00 PM,Maryland (State),ROCKVILLE PIKE,County,CEDAR LA,,N/A,PEDESTRIAN,OTHER,CLEAR,DRY,DARK LIGHTS ON,TRAFFIC SIGNAL,NONE DETECTED,NONE DETECTED,F844D7FB-FF91-4FAA-9C03-4F3DEA4F3096,PEDESTRIAN,Cross/Enter not at Intersection,DART DASH,ON ROADWAY NOT AT CROSSWALK,NO PED. SIGNAL,DARK CLOTHING,Yes,POSSIBLE INJURY,NONE,39.00666,-77.097365,"(39.00666, -77.097365)"
DD5567001L,230068704,Rockville Police Departme,Injury Crash,11/28/2023 12:46:00 PM,,,,,DRIVEWAY OF 2 STONEPATH CT,,PEDESTRIAN,OTHER,CLEAR,,DAYLIGHT,N/A,,NONE DETECTED,897C451B-B8DA-4B11-8464-6B3F01021E89,PEDESTRIAN,Unknown,INATTENTIVE,OTHER,N/A,N/A,Yes,SUSPECTED SERIOUS INJURY,NONE,39.06961075,-77.17418125,"(39.06961075, -77.17418125)"