Report Number,Local Case Number,Agency Name,ACRS Report Type,Crash Date/Time,Route Type,Road Name,Cross-Street Type,Cross-Street Name,Off-Road Description,Municipality,Related Non-Motorist,Collision Type,Weather,Surface Condition,Light,Traffic Control,Driver Substance Abuse,Non-Motorist Substance Abuse,Person ID,Pedestrian Type,Pedestrian Movement,Pedestrian Actions,Pedestrian Location,Pedestrian Obeyed Traffic Signal,Pedestrian Visibility,At Fault,Injury Severity,Safety Equipment,Latitude,Longitude,Location
MCP30100090,230067365,Montgomery County Police,Injury Crash,11/20/2023 09:50:00 AM,County,WOODGLEN DR,County,NICHOLSON LA,,N/A,MACHINE OPERATOR/RIDER,STRAIGHT MOVEMENT ANGLE,CLOUDY,DRY,DAYLIGHT,NO CONTROLS,N/A,N/A,E8D3EF99-D18D-4F49-AF92-101B2017F1FA,MACHINE OPERATOR/RIDER,Cross/Enter at Intersection,NO IMPROPER ACTIONS,ON ROADWAY AT CROSSWALK,NO PED. SIGNAL,DARK CLOTHING,No,SUSPECTED MINOR INJURY,MC/BIKE HELMET,39.045225,-77.11219333,"(39.045225, -77.11219333)"
MCP3372001Y,230067838,Montgomery County Police,Injury Crash,11/22/2023 03:06:00 PM,County,CONNECTICUT AVE,County,BEL PRE RD,,N/A,PEDESTRIAN,SINGLE VEHICLE,CLEAR,DRY,DAYLIGHT,TRAFFIC SIGNAL,NONE DETECTED,NONE DETECTED,804CB5E0-45B3-4E78-B317-68535C8BCB2B,PEDESTRIAN,Cross/Enter at Intersection,NO IMPROPER ACTIONS,ON ROADWAY AT CROSSWALK,OBEYED PED. SIGNAL,MIXED CLOTHING,No,POSSIBLE INJURY,N/A,39.09196775,-77.07041842,"(39.09196775, -77.07041842)"
DD5583008D,230057757,Rockville Police Departme,Injury Crash,11/22/2023 07:27:00 AM,Maryland (State),VEIRS MILL RD,Maryland (State),FIRST ST,,N/A,PEDESTRIAN,SINGLE VEHICLE,CLOUDY,N/A,DAWN,OTHER,NONE DETECTED,NONE DETECTED,382DCF6D-8AEB-4707-AFB0-5FB07C8CC0F2,PEDESTRIAN,Cross/Enter at Intersection,UNKNOWN,ON ROADWAY AT CROSSWALK,UNKNOWN,MIXED CLOTHING,No,POSSIBLE INJURY,N/A,39.08069568,-77.14102778,"(39.08069568, -77.14102778)"
MCP3245004R,23069359,Montgomery County Police,Injury Crash,12/01/2023 05:14:00 PM,,,,,THURGOOD MARSHALL ELEMENTARY 12260 MC DONALD CHAPEL DR,,PEDESTRIAN,OTHER,RAINING,,DARK LIGHTS ON,NO CONTROLS,ALCOHOL CONTRIBUTED,NONE DETECTED,32B135B1-C371-4A82-AEB1-C74424381BDF,PEDESTRIAN,Other,NO IMPROPER ACTIONS,OTHER,N/A,MIXED CLOTHING,No,POSSIBLE INJURY,NONE,39.1269323,-77.2595165,"(39.1269323, -77.2595165)"
MCP2102004H,230069430,Montgomery County Police,Injury Crash,12/02/2023 07:32:00 AM,County,LONG CORNER RD,County,MULLINIX MILL RD,,N/A,BICYCLIST,STRAIGHT MOVEMENT ANGLE,FOGGY,WET,DAYLIGHT,STOP SIGN,UNKNOWN,NONE DETECTED,A0F093D4-59F3-473A-877C-CB400F52005B,BICYCLIST,Cross/Enter at Intersection,NO IMPROPER ACTIONS,AT INTERSECTION BUT NO CROSSWALK,N/A,REFLECTIVE MATERIAL,No,SUSPECTED SERIOUS INJURY,MC/BIKE HELMET,39.28980167,-77.16105667,"(39.28980167, -77.16105667)"
MCP31680063,230069182,Montgomery County Police,Injury Crash,11/30/2023 06:13:00 PM,County,SHADY GROVE RD,County,BRIARDALE RD,,N/A,OTHER,SAME DIRECTION SIDESWIPE,CLEAR,DRY,DARK LIGHTS ON,TRAFFIC SIGNAL,NONE DETECTED,N/A,6B8020BD-4DDD-448F-97E6-B52485BD45B3,OTHER,Other,NO IMPROPER ACTIONS,OTHER,N/A,N/A,No,NO APPARENT INJURY,N/A,39.13361819,-77.15808041,"(39.13361819, -77.15808041)"
MCP3244002W,23006974,Montgomery County Police,Property Damage Crash,12/05/2023 12:07:00 PM,Maryland (State),EAST WEST HWY,Maryland (State),COLESVILLE RD,,N/A,BICYCLIST,STRAIGHT MOVEMENT ANGLE,CLEAR,DRY,DAYLIGHT,TRAFFIC SIGNAL,NONE DETECTED,NONE DETECTED,724E4C2F-B940-49D8-9DED-D68DF06CD369,BICYCLIST,Walking/Cycling on Sidewalk,FAILURE TO YIELD RIGHT OF WAY,ON ROADWAY AT CROSSWALK,DISOBEYED PED. SIGNAL,N/A,Yes,NO APPARENT INJURY,NONE,38.99388637,-77.03252315,"(38.99388637, -77.03252315)"
MCP292300B5,230065919,Montgomery County Police,Injury Crash,11/11/2023 02:30:00 PM,,,,,EXIT OF PARKING LOT AT 2307 UNIVERSITY BLVD WEST,,PEDESTRIAN,OTHER,N/A,,DAYLIGHT,NO CONTROLS,UNKNOWN,NONE DETECTED,B079C02B-3CD7-4100-AC9F-BD6040DE5C24,PEDESTRIAN,Cross/Enter at Intersection,NO IMPROPER ACTIONS,DRIVEWAY ACCESS MARKED CROSSWALK,NO PED. SIGNAL,UNKNOWN,No,SUSPECTED MINOR INJURY,N/A,39.03434367,-77.04861933,"(39.03434367, -77.04861933)"
MCP3258003J,230069448,Montgomery County Police,Injury Crash,12/02/2023 10:21:00 AM,,,,,PARKING LOT OF 16227 BATCHELLORS FOREST RD,,PEDESTRIAN,OTHER,FOGGY,,DAYLIGHT,N/A,NONE DETECTED,NONE DETECTED,20A55BEB-C020-4FBC-9265-D75BFF816B86,PEDESTRIAN,Standing,NO IMPROPER ACTIONS,OTHER,N/A,DARK CLOTHING,No,POSSIBLE INJURY,N/A,39.12034667,-77.06979,"(39.12034667, -77.06979)"
EJ7885003T,230067666,Gaithersburg Police Depar,Injury Crash,11/21/2023 04:41:00 PM,Municipality,W DEER PARK RD,Municipality,BRIGHTON DR,,GAITHERSBURG,PEDESTRIAN,OTHER,RAINING,WET,DARK LIGHTS ON,NO CONTROLS,NONE DETECTED,NONE DETECTED,36CC16F8-73E6-4F68-9FB6-1E15E03FF6C3,PEDESTRIAN,Cross/Enter at Intersection,NO IMPROPER ACTIONS,ON ROADWAY AT CROSSWALK,N/A,MIXED CLOTHING,No,POSSIBLE INJURY,NONE,39.130494,-77.20112133,"(39.130494, -77.20112133)"
MCP31930056,230069211,Montgomery County Police,Injury Crash,11/30/2023 10:55:00 PM,Maryland (State),GEORGIA AVE,Maryland (State),UNIVERSITY BLVD W,,N/A,PEDESTRIAN,OTHER,CLEAR,DRY,DARK LIGHTS ON,TRAFFIC SIGNAL,NONE DETECTED,NONE DETECTED,FC9D550A-950A-49DA-9E4C-CDE366BA8038,PEDESTRIAN,Cross/Enter not at Intersection,IN ROADWAY IMPROPERLY,ON ROADWAY NOT AT CROSSWALK,UNKNOWN,DARK CLOTHING,Yes,SUSPECTED MINOR INJURY,NONE,39.04125105,-77.05169358,"(39.04125105, -77.05169358)"
MCP3123006N,230069784,Montgomery County Police,Injury Crash,12/04/2023 11:58:00 AM,US (State),COLUMBIA PIKE,County,BLACKBURN RD,,N/A,PEDESTRIAN,SAME DIR REAR END,CLEAR,DRY,DAYLIGHT,TRAFFIC SIGNAL,N/A,N/A,D14DD185-0BA5-426D-837D-AEC92B908196,PEDESTRIAN,Push/Work on Vehicle,NO IMPROPER ACTIONS,OTHER,OTHER,N/A,No,SUSPECTED SERIOUS INJURY,N/A,39.10491517,-76.9330545,"(39.10491517, -76.9330545)"
MCP2991008Y,230065911,Montgomery County Police,Injury Crash,11/12/2023 11:50:00 AM,,,,,SIDE WALK INFRONT OF 18200 GEORGIA AVE,,BICYCLIST,STRAIGHT MOVEMENT ANGLE,CLEAR,,DAYLIGHT,N/A,NONE DETECTED,NONE DETECTED,C778560A-AF0D-4798-94BA-AE573CB8E535,BICYCLIST,Other,NO IMPROPER ACTIONS,CURB,OTHER,N/A,No,POSSIBLE INJURY,NONE,39.15517,-77.06697167,"(39.15517, -77.06697167)"
MCP3353001Z,230069152,Montgomery County Police,Injury Crash,11/30/2023 04:19:00 PM,,,,,PARKING LOT OF 4301 RANDOLPH RD,,PEDESTRIAN,OTHER,CLEAR,,DAYLIGHT,N/A,NONE DETECTED,NONE DETECTED,2259BC33-1276-46BF-A263-15A1B7E079E5,PEDESTRIAN,Standing,NO IMPROPER ACTIONS,OTHER,N/A,N/A,No,POSSIBLE INJURY,N/A,39.05606117,-77.0835027,"(39.05606117, -77.0835027)"
MCP3245004S,230069381,Montgomery County Police,Injury Crash,12/01/2023 07:25:00 PM,Maryland (State),FREDERICK RD,Municipality,DALAMAR ST,,GAITHERSBURG,PEDESTRIAN,OTHER,RAINING,WET,DARK LIGHTS ON,TRAFFIC SIGNAL,NONE DETECTED,NONE DETECTED,1148C805-13E0-452B-9EB7-4B70BA57C9FB,PEDESTRIAN,Cross/Enter not at Intersection,IN ROADWAY IMPROPERLY,ON ROADWAY NOT AT CROSSWALK,N/A,DARK CLOTHING,Yes,POSSIBLE INJURY,NONE,39.1465181,-77.20470847,"(39.1465181, -77.20470847)"
DD56530031,230070516,Rockville Police Departme,Injury Crash,12/07/2023 11:17:00 PM,Municipality,MONROE ST,Municipality,ARGYLE ST,,ROCKVILLE,PEDESTRIAN,SINGLE VEHICLE,CLOUDY,DRY,DARK LIGHTS ON,STOP SIGN,UNKNOWN,ALCOHOL PRESENT,24A73D6D-7269-440C-A52E-666D3EE4CF07,PEDESTRIAN,Unknown,UNKNOWN,SHOULDER,NO PED. SIGNAL,MIXED CLOTHING,No,SUSPECTED MINOR INJURY,NONE,39.07795461,-77.15156858,"(39.07795461, -77.15156858)"
MCP292300B8,230068207,Montgomery County Police,Injury Crash,11/25/2023 02:19:00 PM,County,LIVINGSTON ST,County,RANDOLPH RD,,N/A,PEDESTRIAN,N/A,CLEAR,DRY,DAYLIGHT,TRAFFIC SIGNAL,NONE DETECTED,NONE DETECTED,81D1262F-E3B9-4A66-8AE6-782C284BF268,PEDESTRIAN,Cross/Enter at Intersection,NO IMPROPER ACTIONS,AT INTERSECTION MARKED CROSSWALK,OBEYED PED. SIGNAL,UNKNOWN,No,SUSPECTED MINOR INJURY,NONE,39.03428767,-77.04852567,"(39.03428767, -77.04852567)"
MCP2899005Z,220053114,Montgomery County Police,Fatal Crash,12/01/2022 08:41:00 PM,Maryland (State),ROCKVILLE PIKE,Municipality,TALBOTT ST,,ROCKVILLE,PEDESTRIAN,STRAIGHT MOVEMENT ANGLE,CLEAR,DRY,DARK LIGHTS ON,NO CONTROLS,NONE DETECTED,ALCOHOL CONTRIBUTED,CAA75231-17AE-4085-B460-54FB44B18717,PEDESTRIAN,Cross/Enter not at Intersection,IN ROADWAY IMPROPERLY,ON ROADWAY NOT AT CROSSWALK,N/A,DARK CLOTHING,Yes,FATAL INJURY,NONE,39.07110667,-77.13198833,"(39.07110667, -77.13198833)"
MCP3258003L,230070703,Montgomery County Police,Injury Crash,12/08/2023 10:16:00 PM,County,MONTERREY DR,County,VEIRS MILL RD,,N/A,BICYCLIST,OTHER,CLEAR,DRY,DARK LIGHTS ON,NO CONTROLS,N/A,N/A,10969DFF-CB92-4B7F-9CAB-F25B5DBEB16B,BICYCLIST,Cross/Enter at Intersection,NO IMPROPER ACTIONS,ON ROADWAY AT CROSSWALK,NO PED. SIGNAL,DARK CLOTHING,No,POSSIBLE INJURY,NONE,39.04280469,-77.06018926,"(39.04280469, -77.06018926)"
MCP30930052,230071338,Montgomery County Police,Injury Crash,12/01/2023 05:30:00 PM,Maryland (State),WISCONSIN AVE,Municipality,S PARK AVE,,FRIENDSHIP HEIGHTS,PEDESTRIAN,OTHER,UNKNOWN,UNKNOWN,DARK LIGHTS ON,UNKNOWN,N/A,N/A,0E2D45C6-F732-4BA8-A825-6017F92D1966,PEDESTRIAN,Cross/Enter at Intersection,NO IMPROPER ACTIONS,N/A,N/A,UNKNOWN,No,SUSPECTED MINOR INJURY,NONE,38.9638525,-77.08713637,"(38.9638525, -77.08713637)"
MCP3197003W,230072585,Montgomery County Police,Injury Crash,12/19/2023 03:22:00 PM,County,BEL PRE RD,County,RIPPLING BROOK DR,,N/A,PEDESTRIAN,STRAIGHT MOVEMENT ANGLE,CLEAR,DRY,DAYLIGHT,NO CONTROLS,NONE DETECTED,NONE DETECTED,E1BFF353-344C-4CA1-9450-28C8D3D3CB5C,PEDESTRIAN,Cross/Enter at Intersection,NO IMPROPER ACTIONS,ON ROADWAY AT CROSSWALK,OBEYED PED. SIGNAL,DARK CLOTHING,No,SUSPECTED SERIOUS INJURY,NONE,39.09041416,-77.05300905,"(39.09041416, -77.05300905)"
MCP30800046,230071955,Montgomery County Police,Injury Crash,12/15/2023 05:26:00 PM,County,WISTERIA DR,Unknown,CIRCLE GATE DR,,N/A,BICYCLIST,OTHER,CLEAR,DRY,DARK LIGHTS ON,N/A,NONE DETECTED,NONE DETECTED,86B3A346-703D-472E-B965-4E6C6E8EFDFD,BICYCLIST,Cross/Enter at Intersection,UNKNOWN,ON ROADWAY AT CROSSWALK,NO PED. SIGNAL,UNKNOWN,Unknown,POSSIBLE INJURY,NONE,39.17235282,-77.26425105,"(39.17235282, -77.26425105)"
MCP24560086,230070774,Montgomery County Police,Injury Crash,12/09/2023 01:00:00 PM,County,FLOWER AVE,County,ARLISS ST,,N/A,PEDESTRIAN,SINGLE VEHICLE,CLEAR,DRY,DAYLIGHT,NO CONTROLS,UNKNOWN,N/A,09AB9491-B9C6-4D42-A180-80C4095E969B,PEDESTRIAN,Cross/Enter not at Intersection,IN ROADWAY IMPROPERLY,ON ROADWAY NOT AT CROSSWALK,NO PED. SIGNAL,MIXED CLOTHING,Yes,POSSIBLE INJURY,NONE,38.99923466,-77.00384109,"(38.99923466, -77.00384109)"
MCP289200FQ,230071957,Montgomery County Police,Injury Crash,12/15/2023 05:24:00 PM,,,,,"825 WAYNE AVENUE
PARKING LOT",,PEDESTRIAN,HEAD ON,CLEAR,,DARK LIGHTS ON,NO CONTROLS,"ALCOHOL PRESENT, NONE DETECTED",NONE DETECTED,26AE007B-E21E-4A63-BB26-B5DD9AE7BBCA,PEDESTRIAN,Other,NO IMPROPER ACTIONS,OTHER,N/A,DARK CLOTHING,No,POSSIBLE INJURY,NONE,38.99686779,-77.02382004,"(38.99686779, -77.02382004)"
MCP2552006S,230070457,Montgomery County Police,Injury Crash,12/07/2023 05:40:00 PM,County,SHADY GROVE RD,County,BRIARDALE RD,,N/A,PEDESTRIAN,OTHER,CLEAR,DRY,DARK LIGHTS ON,TRAFFIC SIGNAL,N/A,N/A,08B86F63-3808-4112-813B-2194DD4434F7,PEDESTRIAN,Cross/Enter at Intersection,NO IMPROPER ACTIONS,ON ROADWAY AT CROSSWALK,OBEYED PED. SIGNAL,MIXED CLOTHING,No,SUSPECTED MINOR INJURY,NONE,39.13371167,-77.15808833,"(39.13371167, -77.15808833)"
MCP3403000B,230070456,Montgomery County Police,Injury Crash,12/07/2023 05:40:00 PM,County,BRIGGS CHANEY RD,Unknown,ENT TO SHOPPING CENTER,,N/A,PEDESTRIAN,STRAIGHT MOVEMENT ANGLE,CLEAR,DRY,DARK LIGHTS ON,TRAFFIC SIGNAL,NONE DETECTED,NONE DETECTED,7985F4F2-8FC1-4549-A406-493BEC7E2B8A,PEDESTRIAN,Cross/Enter at Intersection,INATTENTIVE,ON ROADWAY AT CROSSWALK,OTHER,N/A,Unknown,SUSPECTED MINOR INJURY,NONE,39.0823322,-76.94716118,"(39.0823322, -76.94716118)"
MCP2563001N,230027877,Montgomery County Police,Fatal Crash,06/10/2023 12:36:00 AM,Maryland (State),UNIVERSITY BLVD E,County,BAYFIELD ST,,N/A,PEDESTRIAN,SINGLE VEHICLE,CLEAR,DRY,DARK -- UNKNOWN LIGHTING,UNKNOWN,UNKNOWN,ALCOHOL PRESENT,B56F7743-0DD1-47BE-BB1F-ABE54E2BDFDB,PEDESTRIAN,Unknown,UNKNOWN,UNKNOWN,UNKNOWN,MIXED CLOTHING,Unknown,FATAL INJURY,NONE,38.99638236,-76.99331541,"(38.99638236, -76.99331541)"
DD5670000B,230070710,Rockville Police Departme,Injury Crash,12/08/2023 11:17:00 PM,Municipality,CHAPMAN AVE,Municipality,THOMPSON AVE,,ROCKVILLE,PEDESTRIAN,SINGLE VEHICLE,N/A,DRY,DARK LIGHTS ON,NO CONTROLS,NONE DETECTED,NONE DETECTED,2BE0D4AA-1ED3-43ED-A6E7-9132342AACF7,PEDESTRIAN,Standing,IN ROADWAY IMPROPERLY,ON ROADWAY NOT AT CROSSWALK,NO PED. SIGNAL,DARK CLOTHING,Yes,NO APPARENT INJURY,N/A,39.06013877,-77.12017775,"(39.06013877, -77.12017775)"
DM8505000S,230066541,Takoma Park Police Depart,Injury Crash,11/15/2023 05:27:00 PM,Maryland (State),NEW HAMPSHIRE AVE,Government,SLIGO CREEK PKWY,,N/A,OTHER PEDALCYCLIST,SINGLE VEHICLE,CLEAR,DRY,DARK LIGHTS ON,TRAFFIC SIGNAL,N/A,N/A,AB855BEC-E538-4E4F-B87F-87FB32F6EC05,OTHER PEDALCYCLIST,Cross/Enter at Intersection,UNKNOWN,ON ROADWAY AT CROSSWALK,N/A,MIXED CLOTHING,No,SUSPECTED MINOR INJURY,NONE,38.98051756,-76.9895641,"(38.98051756, -76.9895641)"
MCP30140046,230057767,Montgomery County Police,Injury Crash,09/30/2023 07:44:00 PM,County,BONIFANT RD,Maryland (State),LAYHILL RD,,N/A,PEDESTRIAN,SAME DIR REAR END,CLEAR,DRY,DARK LIGHTS ON,NO CONTROLS,ILLEGAL DRUG CONTRIBUTED,NONE DETECTED,A90E4C0E-F545-482C-B7F4-AAA3BC38E5D1,PEDESTRIAN,Walking/Cycling on Sidewalk,NO IMPROPER ACTIONS,SIDEWALK,N/A,UNKNOWN,No,SUSPECTED SERIOUS INJURY,NONE,39.09064071,-77.04416447,"(39.09064071, -77.04416447)"
MCP27230086,230070689,Montgomery County Police,Injury Crash,12/08/2023 08:12:00 PM,,,,,13661 CONNECTICUT AVENUE,,PEDESTRIAN,SINGLE VEHICLE,CLEAR,,DARK LIGHTS ON,NO CONTROLS,NONE DETECTED,NONE DETECTED,E8B9B196-6648-4435-B338-8D5457DC7C31,PEDESTRIAN,Other,NO IMPROPER ACTIONS,ON ROADWAY NOT AT CROSSWALK,N/A,MIXED CLOTHING,No,SUSPECTED MINOR INJURY,N/A,39.07786491,-77.07972789,"(39.07786491, -77.07972789)"
MCP235300CN,230070177,Montgomery County Police,Injury Crash,12/06/2023 10:56:00 AM,County,ARLINGTON RD,County,BETHESDA AVE,,N/A,PEDESTRIAN,STRAIGHT MOVEMENT ANGLE,CLOUDY,DRY,DAYLIGHT,TRAFFIC SIGNAL,NONE DETECTED,NONE DETECTED,153BE158-9638-4246-8B14-EF19E79492CC,PEDESTRIAN,Standing,NO IMPROPER ACTIONS,SIDEWALK,N/A,LIGHT CLOTHING,No,SUSPECTED SERIOUS INJURY,N/A,38.98077833,-77.09855,"(38.98077833, -77.09855)"
HA2497000C,230062265,Maryland-National Capital,Injury Crash,10/25/2023 07:00:00 AM,County,KEATING ST,County,JUSTICE RD,,N/A,PEDESTRIAN,SINGLE VEHICLE,CLEAR,DRY,DAWN,STOP SIGN,N/A,N/A,C56089C3-432C-494F-AFA4-0761FCE3C497,PEDESTRIAN,Unknown,UNKNOWN,ON ROADWAY AT CROSSWALK,UNKNOWN,UNKNOWN,No,SUSPECTED MINOR INJURY,NONE,39.07669637,-77.08936362,"(39.07669637, -77.08936362)"
MCP3348001Q,230069910,Montgomery County Police,Injury Crash,12/05/2023 06:56:00 AM,County,DEWEY RD,County,RANDOLPH RD,,N/A,PEDESTRIAN,OTHER,CLEAR,DRY,DAWN,TRAFFIC SIGNAL,NONE DETECTED,NONE DETECTED,719331D3-C861-4C30-8C09-334EE39774C1,PEDESTRIAN,Cross/Enter at Intersection,UNKNOWN,ON ROADWAY AT CROSSWALK,UNKNOWN,MIXED CLOTHING,Unknown,POSSIBLE INJURY,N/A,39.05365,-77.08934667,"(39.05365, -77.08934667)"
MCP3303001S,230073589,Montgomery County Police,Injury Crash,12/25/2023 09:27:00 PM,County,GUNNERS BRANCH RD,Maryland (State),FREDERICK RD,,N/A,PEDESTRIAN,SINGLE VEHICLE,CLEAR,DRY,DARK LIGHTS ON,NO CONTROLS,NONE DETECTED,NONE DETECTED,1085DCB9-65C9-42B1-BE80-BDA904EE51C3,PEDESTRIAN,Cross/Enter at Intersection,NO IMPROPER ACTIONS,AT INTERSECTION BUT NO CROSSWALK,NO PED. SIGNAL,DARK CLOTHING,No,POSSIBLE INJURY,NONE,39.17799305,-77.24060511,"(39.17799305, -77.24060511)"
MCP2203007V,230072598,Montgomery County Police,Property Damage Crash,12/19/2023 03:40:00 PM,County,EDWIN ST,County,CENTERHILL ST,,N/A,OTHER,SAME DIRECTION SIDESWIPE,CLEAR,DRY,DAYLIGHT,NO CONTROLS,NONE DETECTED,N/A,BEAFCF08-A06E-4B6E-AB45-BF5E674AB6B7,OTHER,N/A,NO IMPROPER ACTIONS,OTHER,N/A,N/A,No,NO APPARENT INJURY,N/A,39.053241,-77.07055383,"(39.053241, -77.07055383)"
MCP2563001Q,230073738,Montgomery County Police,Fatal Crash,12/26/2023 06:49:00 PM,Maryland (State),VEIRS MILL RD,Municipality,ATLANTIC AVE,,ROCKVILLE,PEDESTRIAN,OTHER,CLOUDY,WET,DARK LIGHTS ON,TRAFFIC SIGNAL,NONE DETECTED,UNKNOWN,76AB62A4-E042-40C4-9A13-94206C8E3DEA,PEDESTRIAN,Cross/Enter at Intersection,FAILURE TO OBEY TRAFFIC SIGNS SIGNALS OR OFFICER,ON ROADWAY AT CROSSWALK,DISOBEYED PED. SIGNAL,MIXED CLOTHING,Unknown,FATAL INJURY,NONE,39.07488193,-77.11553024,"(39.07488193, -77.11553024)"
MCP33530024,230073214,Montgomery County Police,Injury Crash,12/22/2023 07:17:00 PM,Maryland (State),GEORGIA AVE,County,WENDY LA,,N/A,PEDESTRIAN,STRAIGHT MOVEMENT ANGLE,CLEAR,DRY,DARK LIGHTS ON,N/A,UNKNOWN,NONE DETECTED,AC453B81-571B-4478-9E8E-10C669CCAFCB,PEDESTRIAN,Cross/Enter not at Intersection,FAILURE TO YIELD RIGHT OF WAY,ON ROADWAY NOT AT CROSSWALK,NO PED. SIGNAL,DARK CLOTHING,Yes,POSSIBLE INJURY,NONE,39.07969254,-77.07385365,"(39.07969254, -77.07385365)"
MCP33530024,230073214,Montgomery County Police,Injury Crash,12/22/2023 07:17:00 PM,Maryland (State),GEORGIA AVE,County,WENDY LA,,N/A,PEDESTRIAN,STRAIGHT MOVEMENT ANGLE,CLEAR,DRY,DARK LIGHTS ON,N/A,UNKNOWN,NONE DETECTED,0C48ECCA-CD4A-473B-8324-D32C54685C55,PEDESTRIAN,Cross/Enter not at Intersection,FAILURE TO YIELD RIGHT OF WAY,ON ROADWAY NOT AT CROSSWALK,NO PED. SIGNAL,DARK CLOTHING,Yes,POSSIBLE INJURY,NONE,39.07969254,-77.07385365,"(39.07969254, -77.07385365)"
MCP2203007V,230072598,Montgomery County Police,Property Damage Crash,12/19/2023 03:40:00 PM,County,EDWIN ST,County,CENTERHILL ST,,N/A,OTHER,SAME DIRECTION SIDESWIPE,CLEAR,DRY,DAYLIGHT,NO CONTROLS,NONE DETECTED,N/A,C5D5D0F5-15E7-4AB5-BF86-5C20F1E5913A,OTHER,N/A,NO IMPROPER ACTIONS,OTHER,N/A,N/A,No,NO APPARENT INJURY,N/A,39.053241,-77.07055383,"(39.053241, -77.07055383)"
MCP2203007V,230072598,Montgomery County Police,Property Damage Crash,12/19/2023 03:40:00 PM,County,EDWIN ST,County,CENTERHILL ST,,N/A,OTHER,SAME DIRECTION SIDESWIPE,CLEAR,DRY,DAYLIGHT,NO CONTROLS,NONE DETECTED,N/A,6AFCE8D8-B306-40C8-A773-AABC4D2FE0A4,OTHER,N/A,NO IMPROPER ACTIONS,OTHER,N/A,N/A,No,NO APPARENT INJURY,N/A,39.053241,-77.07055383,"(39.053241, -77.07055383)"
MCP3303001S,230073589,Montgomery County Police,Injury Crash,12/25/2023 09:27:00 PM,County,GUNNERS BRANCH RD,Maryland (State),FREDERICK RD,,N/A,PEDESTRIAN,SINGLE VEHICLE,CLEAR,DRY,DARK LIGHTS ON,NO CONTROLS,NONE DETECTED,NONE DETECTED,58FA60E1-F52A-4D43-AD67-3BC1BCA40242,PEDESTRIAN,Cross/Enter at Intersection,NO IMPROPER ACTIONS,ON ROADWAY AT CROSSWALK,NO PED. SIGNAL,DARK CLOTHING,No,NO APPARENT INJURY,NONE,39.17799305,-77.24060511,"(39.17799305, -77.24060511)"
MCP3038006Q,230072234,Montgomery County Police,Injury Crash,12/17/2023 04:49:00 PM,US (State),GEORGIA AVE,County,BLAIR RD,,N/A,BICYCLIST,OTHER,RAINING,WET,DARK LIGHTS ON,TRAFFIC SIGNAL,NONE DETECTED,NONE DETECTED,60A80480-5079-47A3-AF92-5F7DA368FE8B,BICYCLIST,Cross/Enter at Intersection,NO IMPROPER ACTIONS,ON ROADWAY AT CROSSWALK,OBEYED PED. SIGNAL,MIXED CLOTHING,No,SUSPECTED MINOR INJURY,NONE,38.98484527,-77.02658531,"(38.98484527, -77.02658531)"
MCP209400N4,230072733,Montgomery County Police,Injury Crash,12/20/2023 11:19:00 AM,Maryland (State),KNOWLES AVE,Municipality,DETRICK AVE,,KENSINGTON,PEDESTRIAN,OTHER,CLEAR,DRY,DAYLIGHT,STOP SIGN,NONE DETECTED,NONE DETECTED,3CB7FF94-1EBF-415F-9E05-8BA7ADCA3C56,PEDESTRIAN,Cross/Enter at Intersection,NO IMPROPER ACTIONS,AT INTERSECTION BUT NO CROSSWALK,NO PED. SIGNAL,MIXED CLOTHING,No,SUSPECTED SERIOUS INJURY,NONE,39.027575,-77.077805,"(39.027575, -77.077805)"
DD5666000D,230074399,Rockville Police Departme,Injury Crash,12/31/2023 03:22:00 PM,,,,,INTO STRUCTURE OF 721 MONROE ST. APARTMENT102,,PEDESTRIAN,SINGLE VEHICLE,CLEAR,,DAYLIGHT,NO CONTROLS,NONE DETECTED,NONE DETECTED,67A0692A-DA2E-4B9C-9940-1208F4181565,PEDESTRIAN,Other,OTHER,OTHER,N/A,N/A,No,SUSPECTED MINOR INJURY,N/A,39.07448784,-77.15264647,"(39.07448784, -77.15264647)"
MCP3123006Q,230074174,Montgomery County Police,Injury Crash,12/29/2023 04:31:00 PM,County,MEDICAL CENTER DR,County,GREAT SENECA HWY,,N/A,BICYCLIST,STRAIGHT MOVEMENT ANGLE,CLEAR,DRY,DAYLIGHT,TRAFFIC SIGNAL,N/A,N/A,12929414-CCD8-41DF-B022-B393FD194A57,BICYCLIST,Walking/Cycling on Sidewalk,DART DASH,AT INTERSECTION MARKED CROSSWALK,OBEYED PED. SIGNAL,MIXED CLOTHING,Yes,SUSPECTED MINOR INJURY,MC/BIKE HELMET,39.09868686,-77.20405464,"(39.09868686, -77.20405464)"
MCP2536004X,230074244,Montgomery County Police,Injury Crash,12/30/2023 04:55:00 AM,Maryland (State),GEORGIA AVE,County,RANDOLPH RD,,N/A,OTHER,OTHER,CLEAR,DRY,DARK LIGHTS ON,NO CONTROLS,ALCOHOL PRESENT,NONE DETECTED,A84A974D-89AF-44DC-A7EA-26FA8BD9748F,OTHER,Other Working,NO IMPROPER ACTIONS,SIDEWALK,OTHER,OTHER,No,SUSPECTED SERIOUS INJURY,N/A,39.05920152,-77.05011059,"(39.05920152, -77.05011059)"