Report Number,Local Case Number,Agency Name,ACRS Report Type,Crash Date/Time,Route Type,Road Name,Cross-Street Type,Cross-Street Name,Off-Road Description,Municipality,Related Non-Motorist,Collision Type,Weather,Surface Condition,Light,Traffic Control,Driver Substance Abuse,Non-Motorist Substance Abuse,Person ID,Pedestrian Type,Pedestrian Movement,Pedestrian Actions,Pedestrian Location,Pedestrian Obeyed Traffic Signal,Pedestrian Visibility,At Fault,Injury Severity,Safety Equipment,Latitude,Longitude,Location
MCP1305001D,17505422,Montgomery County Police,Injury Crash,04/01/2017 08:15:00 PM,,,,,PARKING LOT OF 18250 FLOWER HILL WAY (GIANT),,PEDESTRIAN,SINGLE VEHICLE,UNKNOWN,,DARK LIGHTS ON,N/A,N/A,N/A,7ED882B2-5095-4C1F-B532-4B3F5049D171,PEDESTRIAN,Getting off/on Vehicle,NO IMPROPER ACTIONS,OTHER,N/A,UNKNOWN,No,POSSIBLE INJURY,N/A,39.15526153,-77.1655789,"(39.15526153, -77.1655789)"
MCP00360028,15016239,Montgomery County Police,Injury Crash,04/08/2015 11:00:00 AM,County,WISTERIA DR,Maryland (State),GREAT SENECA HWY,,N/A,PEDESTRIAN,SINGLE VEHICLE,CLOUDY,WET,DAYLIGHT,TRAFFIC SIGNAL,NONE DETECTED,NONE DETECTED,02007B22-564F-4F13-B112-1940EFECD448,PEDESTRIAN,Cross/Enter at Intersection,NO IMPROPER ACTIONS,ON ROADWAY AT CROSSWALK,OBEYED PED. SIGNAL,LIGHT CLOTHING,,POSSIBLE INJURY,N/A,39.17119478,-77.26294041,"(39.17119478, -77.26294041)"
DD561500F6,220013427,Rockville Police Departme,Injury Crash,03/20/2023 10:14:00 AM,,,,,"TESLA, LOCATED AT 1300 ROCKVILLE PIKE, ROCKVILLE, MARYLAND 20850",,PEDESTRIAN,SINGLE VEHICLE,CLEAR,,DAYLIGHT,NO CONTROLS,NONE DETECTED,NONE DETECTED,7BF8C9A6-1138-41E5-8987-C011F24BE665,PEDESTRIAN,Standing,INATTENTIVE,OTHER,NO PED. SIGNAL,MIXED CLOTHING,No,POSSIBLE INJURY,NONE,39.06915948,-77.12973152,"(39.06915948, -77.12973152)"
MCP2948000G,15037928,MONTGOMERY,Injury Crash,07/31/2015 04:21:00 PM,County,CHANNING DR,County,ALMA ST,,N/A,PEDESTRIAN,N/A,CLEAR,DRY,DAYLIGHT,NO CONTROLS,NONE DETECTED,NONE DETECTED,9D2FCDFE-A59C-47C3-BE6D-F12968F48287,PEDESTRIAN,Standing,NO IMPROPER ACTIONS,SHOULDER,N/A,LIGHT CLOTHING,No,SUSPECTED MINOR INJURY,NONE,39.04446333,-77.04058667,"(39.04446333, -77.04058667)"
MCP0973000J,17006142,Montgomery County Police,Injury Crash,02/04/2017 11:50:00 AM,County,BATTERY LA,Maryland (State),WISCONSIN AVE,,N/A,PEDESTRIAN,SINGLE VEHICLE,CLEAR,DRY,DAYLIGHT,TRAFFIC SIGNAL,NONE DETECTED,N/A,17E5E963-ACF5-44D1-B311-281C01D83368,PEDESTRIAN,Cross/Enter at Intersection,NO IMPROPER ACTIONS,ON ROADWAY AT CROSSWALK,OBEYED PED. SIGNAL,DARK CLOTHING,No,SUSPECTED MINOR INJURY,N/A,38.99288167,-77.09630333,"(38.99288167, -77.09630333)"
MCP3012006Y,200031220,Montgomery County Police,Fatal Crash,08/11/2020 10:09:00 AM,County,BEL PRE RD,County,LONDON LA,,N/A,PEDESTRIAN,SINGLE VEHICLE,CLEAR,DRY,DAYLIGHT,NO CONTROLS,UNKNOWN,N/A,200A8E58-E5FA-4BA9-B7DC-D4F49531776B,PEDESTRIAN,Standing,ENTERING EXITING PARKED STANDING VEHICLE,OTHER,N/A,LIGHT CLOTHING,No,FATAL INJURY,N/A,39.092935,-77.08049333,"(39.092935, -77.08049333)"
MCP27550018,180005786,Montgomery County Police,Injury Crash,02/02/2018 08:18:00 PM,County,RANDOLPH RD,Other Public Roadway,GLENMONT CIR #1,,N/A,PEDESTRIAN,OTHER,N/A,N/A,DARK -- UNKNOWN LIGHTING,TRAFFIC SIGNAL,NONE DETECTED,NONE DETECTED,1F75E722-ED50-43A0-BE2D-8D209C2F2837,PEDESTRIAN,Standing,IN ROADWAY IMPROPERLY,OTHER,DISOBEYED PED. SIGNAL,DARK CLOTHING,Yes,POSSIBLE INJURY,N/A,39.0590927,-77.04755098,"(39.0590927, -77.04755098)"
MCP28290061,190029046,Montgomery County Police,Property Damage Crash,06/18/2019 07:18:00 AM,,,,,RAMP ENTRANCE TO THE PARKING LOT OF 8555 16TH STREET,,PEDESTRIAN,OTHER,CLOUDY,,DAYLIGHT,NO CONTROLS,UNKNOWN,NONE DETECTED,7A6D0B3E-E754-4460-A372-95C7C4154921,PEDESTRIAN,Cross/Enter not at Intersection,NO IMPROPER ACTIONS,SIDEWALK,NO PED. SIGNAL,MIXED CLOTHING,No,NO APPARENT INJURY,NONE,38.99579,-77.03594833,"(38.99579, -77.03594833)"
MCP2850000S,15034760,MONTGOMERY,Injury Crash,07/15/2015 01:07:00 PM,,,,,"Wheaton Plaza Ring Rd, between Target and Giant",,PEDESTRIAN,SINGLE VEHICLE,CLEAR,,DAYLIGHT,N/A,N/A,N/A,895990FA-1CC4-453E-BC13-8705CB20F8E7,PEDESTRIAN,Cross/Enter at Intersection,NO IMPROPER ACTIONS,ON ROADWAY AT CROSSWALK,N/A,MIXED CLOTHING,No,POSSIBLE INJURY,N/A,39.03736333,-77.05747333,"(39.03736333, -77.05747333)"
MCP1151005F,16053496,Montgomery County Police,Injury Crash,10/18/2016 08:10:00 AM,Maryland (State),FREDERICK RD,County,RUNNING BROOK DR,,N/A,BICYCLIST,HEAD ON LEFT TURN,CLEAR,DRY,DAYLIGHT,NO CONTROLS,NONE DETECTED,NONE DETECTED,8D15013E-E403-4B1C-9A1F-54AB6996C8EE,BICYCLIST,Walking/Riding w/Traffic,FAILURE TO YIELD RIGHT OF WAY,SHOULDER,N/A,MIXED CLOTHING,Yes,SUSPECTED MINOR INJURY,MC/BIKE HELMET,39.22517167,-77.26275333,"(39.22517167, -77.26275333)"
MCP2594000H,15002555,Montgomery County Police,Injury Crash,01/16/2015 11:59:00 AM,County,PRINCE PHILIP DR,Maryland (State),OLNEY SANDY SPRING RD,,N/A,PEDESTRIAN,STRAIGHT MOVEMENT ANGLE,CLEAR,DRY,DAYLIGHT,STOP SIGN,NONE DETECTED,NONE DETECTED,377C523C-DE00-4D27-AB30-62F9CC5E49F7,PEDESTRIAN,Cross/Enter at Intersection,NO IMPROPER ACTIONS,ON ROADWAY AT CROSSWALK,NO PED. SIGNAL,LIGHT CLOTHING,,SUSPECTED MINOR INJURY,N/A,39.153095,-77.05558833,"(39.153095, -77.05558833)"
MCP06850018,15036248,MONTGOMERY,Injury Crash,07/23/2015 07:54:00 AM,Municipality,KING FARM BLVD,Unknown,ENT TO SHADY GROVE METRO STATION (BACK),,N/A,BICYCLIST,SINGLE VEHICLE,CLEAR,DRY,DAYLIGHT,TRAFFIC SIGNAL,NONE DETECTED,NONE DETECTED,83E40E06-354E-4256-9853-793F52DB5101,BICYCLIST,Walking/Cycling on Sidewalk,DART DASH,AT INTERSECTION MARKED CROSSWALK,OBEYED PED. SIGNAL,MIXED CLOTHING,Yes,SUSPECTED SERIOUS INJURY,NONE,39.117225,-77.16869667,"(39.117225, -77.16869667)"
MCP2871003J,16055362,Montgomery County Police,Injury Crash,10/27/2016 06:51:00 PM,County,ROCKLEDGE DR,County,DEMOCRACY BLVD,,N/A,PEDESTRIAN,OTHER,CLEAR,DRY,DARK NO LIGHTS,NO CONTROLS,NONE DETECTED,NONE DETECTED,08506C5B-5F31-427D-A75C-F39FB2FC093C,PEDESTRIAN,Cross/Enter at Intersection,NO IMPROPER ACTIONS,AT INTERSECTION MARKED CROSSWALK,NO PED. SIGNAL,DARK CLOTHING,No,POSSIBLE INJURY,NONE,39.02481667,-77.13239333,"(39.02481667, -77.13239333)"
MCP31390036,220023142,Montgomery County Police,Injury Crash,05/30/2022 07:19:00 PM,,,,,3660 CHILDRESS TERRACE,,OTHER,OTHER,CLEAR,,DAYLIGHT,NO CONTROLS,NONE DETECTED,N/A,A39584E4-94ED-4A03-B462-FF7ACB2CF16F,OTHER,N/A,NO IMPROPER ACTIONS,INSIDE BUILDING,N/A,N/A,No,NO APPARENT INJURY,N/A,39.091989,-76.93580717,"(39.091989, -76.93580717)"
DM84800008,190040088,Takoma Park Police Depart,Injury Crash,08/21/2019 10:10:00 PM,,,,,"ENTRY TO PARKING LOT OF 8604 FLOWER AVENUE, TAKOMA PARK, MD",,PEDESTRIAN,OTHER,CLEAR,,DARK LIGHTS ON,NO CONTROLS,NONE DETECTED,NONE DETECTED,AEFC1D11-B43F-417F-804C-94A3112859B2,PEDESTRIAN,Other,UNKNOWN,OTHER,NO PED. SIGNAL,MIXED CLOTHING,Unknown,POSSIBLE INJURY,N/A,38.99658667,-77.003225,"(38.99658667, -77.003225)"
MCP33040008,210030742,Montgomery County Police,Injury Crash,08/07/2021 08:56:00 PM,Maryland (State),EAST WEST HWY (W/B COUPLET),County,WAVERLY ST,,N/A,PEDESTRIAN,SAME DIRECTION LEFT TURN,CLEAR,DRY,DARK LIGHTS ON,TRAFFIC SIGNAL,NONE DETECTED,UNKNOWN,B9FC02F1-E9C9-4521-91B0-693AD2838DF1,PEDESTRIAN,Walking/Riding w/Traffic,NO IMPROPER ACTIONS,AT INTERSECTION MARKED CROSSWALK,OBEYED PED. SIGNAL,UNKNOWN,No,SUSPECTED MINOR INJURY,NONE,38.98481033,-77.0923015,"(38.98481033, -77.0923015)"
MCP1235003W,220009868,Montgomery County Police,Injury Crash,03/07/2022 07:06:00 PM,Maryland (State),NEW HAMPSHIRE AVE,County,OAKVIEW DR,,N/A,PEDESTRIAN,SINGLE VEHICLE,CLEAR,DRY,DARK LIGHTS ON,TRAFFIC SIGNAL,UNKNOWN,NONE DETECTED,73801C6B-1856-4496-8DE3-A862CEA99420,PEDESTRIAN,Cross/Enter at Intersection,NO IMPROPER ACTIONS,AT INTERSECTION MARKED CROSSWALK,OBEYED PED. SIGNAL,LIGHT CLOTHING,No,POSSIBLE INJURY,NONE,39.01532032,-76.9781604,"(39.01532032, -76.9781604)"
MCP31710016,200000801,Montgomery County Police,Injury Crash,01/05/2020 09:58:00 PM,,,,,"SAFEWAY PARKING LOT
19718 GERMANTOWN ROAD
GERMANTOWN, MD 20874",,BICYCLIST,STRAIGHT MOVEMENT ANGLE,CLEAR,,DARK NO LIGHTS,STOP SIGN,NONE DETECTED,NONE DETECTED,415CD240-2AEB-4FBA-A638-37ACB941EDEE,BICYCLIST,Cross/Enter at Intersection,NO IMPROPER ACTIONS,ON ROADWAY AT CROSSWALK,N/A,DARK CLOTHING,No,POSSIBLE INJURY,NONE,39.17981167,-77.26617833,"(39.17981167, -77.26617833)"
MCP23480018,16000640,Montgomery County Police,Injury Crash,01/04/2016 07:04:00 PM,Maryland (State),GEORGIA AVE,County,BLUERIDGE AVE,,N/A,PEDESTRIAN,SINGLE VEHICLE,CLEAR,DRY,DARK LIGHTS ON,N/A,NONE DETECTED,UNKNOWN,67815600-7E63-42BE-B082-052AFBC7DC35,PEDESTRIAN,Cross/Enter not at Intersection,IN ROADWAY IMPROPERLY,ON ROADWAY NOT AT CROSSWALK,NO PED. SIGNAL,DARK CLOTHING,Yes,SUSPECTED SERIOUS INJURY,NONE,39.04270333,-77.051935,"(39.04270333, -77.051935)"
MCP1301001J,210001908,Montgomery County Police,Fatal Crash,01/15/2021 08:16:00 PM,Maryland (State),NEW HAMPSHIRE AVE,County,POWDER MILL RD,,N/A,PEDESTRIAN,SINGLE VEHICLE,RAINING,WET,DARK LIGHTS ON,NO CONTROLS,UNKNOWN,NONE DETECTED,0552458D-A0AF-4930-BBA6-A6C2BA2C63CF,PEDESTRIAN,Cross/Enter not at Intersection,UNKNOWN,ON ROADWAY NOT AT CROSSWALK,NO PED. SIGNAL,REFLECTIVE MATERIAL,Unknown,FATAL INJURY,REFLECTIVE CLOTHING,39.02128333,-76.97695,"(39.02128333, -76.97695)"
MCP3084005N,220011965,Montgomery County Police,Injury Crash,03/20/2022 08:27:00 AM,Maryland (State),ROCKVILLE PIKE,Government,NORTH DR,,N/A,BICYCLIST,OTHER,CLEAR,DRY,DAYLIGHT,TRAFFIC SIGNAL,NONE DETECTED,NONE DETECTED,B2D0B4E9-94A8-4F15-A116-FF82E331806D,BICYCLIST,Cross/Enter at Intersection,NO IMPROPER ACTIONS,ON ROADWAY AT CROSSWALK,OBEYED PED. SIGNAL,DARK CLOTHING,No,POSSIBLE INJURY,MC/BIKE HELMET,39.00444667,-77.09720167,"(39.00444667, -77.09720167)"
MCP30580025,180053097,Montgomery County Police,Injury Crash,10/23/2018 04:09:00 PM,County,GLEN RD,County,AMBLESIDE DR,,N/A,BICYCLIST,SINGLE VEHICLE,CLEAR,DRY,DAYLIGHT,STOP SIGN,NONE DETECTED,NONE DETECTED,D3093462-50B1-42F6-A7D6-A777AC4537AE,BICYCLIST,Walking/Riding w/Traffic,NO IMPROPER ACTIONS,SHOULDER,N/A,MIXED CLOTHING,No,POSSIBLE INJURY,MC/BIKE HELMET,39.04696833,-77.19927,"(39.04696833, -77.19927)"
MCP2740001X,16024977,Montgomery County Police,Injury Crash,05/19/2016 09:40:00 PM,Maryland (State),PINEY BRANCH RD,Maryland (State),UNIVERSITY BLVD E,,N/A,PEDESTRIAN,SINGLE VEHICLE,CLEAR,DRY,DARK LIGHTS ON,TRAFFIC SIGNAL,NONE DETECTED,NONE DETECTED,D2BBFF7A-E4D2-4DC4-ABB8-743E73D93BEF,PEDESTRIAN,Cross/Enter at Intersection,NO IMPROPER ACTIONS,ON ROADWAY AT CROSSWALK,OBEYED PED. SIGNAL,MIXED CLOTHING,No,SUSPECTED MINOR INJURY,N/A,38.9996788,-76.99525595,"(38.9996788, -76.99525595)"
MCP2396002Z,180053035,Montgomery County Police,Property Damage Crash,10/23/2018 10:20:00 AM,County,NORTH GATE DR,County,NORTH GATE TERR,,N/A,OTHER,SINGLE VEHICLE,CLEAR,DRY,DAYLIGHT,NO CONTROLS,NONE DETECTED,N/A,126DD776-73EA-4E43-9D09-20EEA2BAF6FD,OTHER,N/A,N/A,N/A,N/A,N/A,No,NO APPARENT INJURY,N/A,39.08437333,-77.049025,"(39.08437333, -77.049025)"
MCP2077000W,15050562,MONTGOMERY,Injury Crash,10/06/2015 08:34:00 AM,Maryland (State),OLNEY LAYTONSVILLE RD,County,QUEEN ELIZABETH DR,,N/A,BICYCLIST,HEAD ON LEFT TURN,CLEAR,DRY,DAYLIGHT,TRAFFIC SIGNAL,NONE DETECTED,NONE DETECTED,8E135C01-2B83-461D-9D93-16C2D42BF3D0,BICYCLIST,Walking/Riding w/Traffic,NO IMPROPER ACTIONS,SHOULDER,N/A,MIXED CLOTHING,No,POSSIBLE INJURY,MC/BIKE HELMET,39.15974167,-77.07721167,"(39.15974167, -77.07721167)"
DM84210024,190028528,Takoma Park Police Depart,Injury Crash,06/14/2019 10:15:00 PM,,,,,"PARKING LOT OF THE 7/11, LOCATED AT 902 MERIMAC DRIVE",,PEDESTRIAN,SINGLE VEHICLE,CLEAR,,DARK LIGHTS ON,N/A,NONE DETECTED,NONE DETECTED,D9E74779-6954-4130-A07F-49509144A914,PEDESTRIAN,Standing,NO IMPROPER ACTIONS,SIDEWALK,N/A,MIXED CLOTHING,No,POSSIBLE INJURY,N/A,38.99270683,-76.9921405,"(38.99270683, -76.9921405)"
MCP94240022,190004073,Montgomery County Police,Injury Crash,01/26/2019 12:40:00 AM,,,,,PARKING LOT OF 9801 BETHESDA CHURCH ROAD,,PEDESTRIAN,SINGLE VEHICLE,CLEAR,,DARK LIGHTS ON,N/A,NONE DETECTED,NONE DETECTED,DB1295CF-1299-4DD4-88C6-65D9CF01B7DD,PEDESTRIAN,Unknown,N/A,OTHER,NO PED. SIGNAL,DARK CLOTHING,Unknown,SUSPECTED MINOR INJURY,NONE,39.28356667,-77.20274667,"(39.28356667, -77.20274667)"
MCP2622003D,220045455,Montgomery County Police,Injury Crash,10/17/2022 06:41:00 AM,County,BLACKBURN LA,County,BLACKBURN RD,,N/A,PEDESTRIAN,OTHER,CLEAR,DRY,DAWN,N/A,NONE DETECTED,NONE DETECTED,FB041801-52FA-48BC-B770-84C9E7C904E5,PEDESTRIAN,Walking/Cycling on Sidewalk,NO IMPROPER ACTIONS,SIDEWALK,NO PED. SIGNAL,MIXED CLOTHING,No,SUSPECTED SERIOUS INJURY,NONE,39.103721,-76.931234,"(39.103721, -76.931234)"
MCP2968001Z,180007389,Montgomery County Police,Injury Crash,02/12/2018 05:21:00 PM,County,STONEBRIDGE VIEW DR,County,QUIETWOOD DR,,N/A,PEDESTRIAN,SINGLE VEHICLE,CLEAR,DRY,DAYLIGHT,NO CONTROLS,N/A,N/A,ECAF65C6-93AC-4DED-94E8-5371C9483137,PEDESTRIAN,Cross/Enter at Intersection,NO IMPROPER ACTIONS,ON ROADWAY AT CROSSWALK,NO PED. SIGNAL,MIXED CLOTHING,No,SUSPECTED MINOR INJURY,N/A,39.091215,-77.21548833,"(39.091215, -77.21548833)"
EJ78650013,170510092,Gaithersburg Police Depar,Injury Crash,05/26/2017 07:59:00 PM,Municipality,BUTTRY RD,Municipality,BRIARSTONE LA,,GAITHERSBURG,PEDESTRIAN,SINGLE VEHICLE,CLEAR,DRY,DAYLIGHT,NO CONTROLS,N/A,N/A,08A1AA00-4D91-4620-B2D1-680E2AAC0BC4,PEDESTRIAN,Playing,DART DASH,SHOULDER,NO PED. SIGNAL,MIXED CLOTHING,Yes,POSSIBLE INJURY,N/A,39.13337773,-77.20451921,"(39.13337773, -77.20451921)"
MCP32530022,220052964,Montgomery County Police,Injury Crash,12/01/2022 06:30:00 AM,County,ARROWHEAD RD,County,ROTHBURY DR,,N/A,PEDESTRIAN,SINGLE VEHICLE,CLEAR,DRY,DARK LIGHTS ON,STOP SIGN,NONE DETECTED,NONE DETECTED,3B910328-188F-456B-B0C9-228516843CFF,PEDESTRIAN,Cross/Enter at Intersection,NO IMPROPER ACTIONS,ON ROADWAY AT CROSSWALK,NO PED. SIGNAL,DARK CLOTHING,No,SUSPECTED MINOR INJURY,NONE,39.18524,-77.19402667,"(39.18524, -77.19402667)"
MCP2683000T,15011609,Montgomery County Police,Injury Crash,03/13/2015 01:22:00 PM,County,OAKMONT AVE,Unknown,STRUC #15152,,N/A,PEDESTRIAN,SINGLE VEHICLE,CLEAR,DRY,DAYLIGHT,NO CONTROLS,NONE DETECTED,NONE DETECTED,EC3DA0DA-9702-4307-86C1-EBCAAE1A9CF5,PEDESTRIAN,Cross/Enter not at Intersection,IN ROADWAY IMPROPERLY,ON ROADWAY NOT AT CROSSWALK,NO PED. SIGNAL,DARK CLOTHING,,POSSIBLE INJURY,NONE,39.13029333,-77.18919667,"(39.13029333, -77.18919667)"
MCP3068004M,230018175,Montgomery County Police,Injury Crash,04/16/2023 07:05:00 PM,County,ELM ST,County,ARLINGTON RD,,N/A,PEDESTRIAN,STRAIGHT MOVEMENT ANGLE,CLEAR,DRY,DAYLIGHT,TRAFFIC SIGNAL,N/A,N/A,59CC4794-D99A-4DC8-A7E1-D2A0651552A4,PEDESTRIAN,Cross/Enter at Intersection,NO IMPROPER ACTIONS,ON ROADWAY AT CROSSWALK,OBEYED PED. SIGNAL,LIGHT CLOTHING,No,SUSPECTED MINOR INJURY,N/A,38.982098,-77.09860583,"(38.982098, -77.09860583)"
DD5601000H,15001410,Rockville Police Departme,Injury Crash,01/09/2015 02:56:00 PM,Maryland (State),ROCKVILLE PIKE,Municipality,MONROE PL,,ROCKVILLE,PEDESTRIAN,OTHER,CLEAR,DRY,DAYLIGHT,TRAFFIC SIGNAL,N/A,N/A,1AC4359B-2F58-47DC-BE98-6BDDB5066101,PEDESTRIAN,Cross/Enter at Intersection,DART DASH,ON ROADWAY AT CROSSWALK,DISOBEYED PED. SIGNAL,MIXED CLOTHING,,SUSPECTED MINOR INJURY,N/A,39.08345,-77.14692333,"(39.08345, -77.14692333)"
MCP2675001N,180011131,Montgomery County Police,Injury Crash,03/05/2018 05:34:00 AM,Maryland (State),UNIVERSITY BLVD W,County,AMHERST AVE,,N/A,PEDESTRIAN,STRAIGHT MOVEMENT ANGLE,N/A,DRY,DARK LIGHTS ON,FLASHING TRAFFIC SIGNAL,NONE DETECTED,NONE DETECTED,26F28AE7-2B58-4FA8-B741-D05E7EEC807C,PEDESTRIAN,Cross/Enter at Intersection,DART DASH,ON ROADWAY AT CROSSWALK,DISOBEYED PED. SIGNAL,DARK CLOTHING,Yes,SUSPECTED SERIOUS INJURY,N/A,39.04130667,-77.04821833,"(39.04130667, -77.04821833)"
MCP29310036,180061594,Montgomery County Police,Injury Crash,12/09/2018 08:24:00 PM,,,,,PARKING LOT OF 2210 VEIRS MILL RD,,PEDESTRIAN,N/A,CLEAR,,DARK NO LIGHTS,N/A,UNKNOWN,N/A,D8C135A1-3072-400F-BC4D-3375C2CE11F1,PEDESTRIAN,Other,IN ROADWAY IMPROPERLY,OTHER,N/A,DARK CLOTHING,Yes,POSSIBLE INJURY,N/A,39.07514162,-77.11436649,"(39.07514162, -77.11436649)"
MCP26030051,230027813,Montgomery County Police,Injury Crash,06/09/2023 04:00:00 PM,,,,,PARKING LOT OF 18568 WOODFIELD RD,,BICYCLIST,OTHER,N/A,,DAYLIGHT,N/A,N/A,N/A,B7B6C6AC-E47B-44A4-8557-BAC8361302D9,BICYCLIST,Other,UNKNOWN,ON ROADWAY NOT AT CROSSWALK,N/A,UNKNOWN,Unknown,POSSIBLE INJURY,MC/BIKE HELMET,39.16095542,-77.15910523,"(39.16095542, -77.15910523)"
MCP24960033,210044781,Montgomery County Police,Injury Crash,11/05/2021 08:48:00 AM,County,PEACH LEAF DR,County,QUINCE MILL DR,,N/A,PEDESTRIAN,SINGLE VEHICLE,CLEAR,DRY,DAYLIGHT,NO CONTROLS,NONE DETECTED,NONE DETECTED,9241E9AE-B75D-4926-8B6A-A2BEF00E4CB9,PEDESTRIAN,Walking/Riding w/Traffic,NO IMPROPER ACTIONS,SIDEWALK,NO PED. SIGNAL,MIXED CLOTHING,No,POSSIBLE INJURY,NONE,39.109153,-77.250823,"(39.109153, -77.250823)"
MCP2588007P,200030814,Montgomery County Police,Injury Crash,08/08/2020 12:54:00 PM,Maryland (State),GEORGIA AVE,County,HENDERSON AVE,,N/A,PEDESTRIAN,OTHER,CLEAR,DRY,DAYLIGHT,NO CONTROLS,NONE DETECTED,NONE DETECTED,5CEAC53D-AC8F-4068-87DA-FCC1A53BCB06,PEDESTRIAN,Cross/Enter at Intersection,NO IMPROPER ACTIONS,ON ROADWAY AT CROSSWALK,NO PED. SIGNAL,DARK CLOTHING,No,POSSIBLE INJURY,N/A,39.05064097,-77.05166819,"(39.05064097, -77.05166819)"
MCP3109005M,210026745,Montgomery County Police,Property Damage Crash,07/12/2021 06:50:00 AM,County,SLIGO AVE,US (State),GEORGIA AVE,,N/A,BICYCLIST,STRAIGHT MOVEMENT ANGLE,CLEAR,DRY,DAYLIGHT,TRAFFIC SIGNAL,NONE DETECTED,N/A,924928E9-CD20-440F-B1C1-34DF4281138B,BICYCLIST,Cross/Enter at Intersection,IN ROADWAY IMPROPERLY,ON ROADWAY AT CROSSWALK,DISOBEYED PED. SIGNAL,DARK CLOTHING,Yes,NO APPARENT INJURY,NONE,38.99033733,-77.026691,"(38.99033733, -77.026691)"
MCP2891002P,16042267,Montgomery County Police,Injury Crash,08/21/2016 10:00:00 AM,County,WAYNE AVE,Government,SLIGO CREEK PKWY,,N/A,BICYCLIST,SINGLE VEHICLE,CLEAR,DRY,DAYLIGHT,TRAFFIC SIGNAL,NONE DETECTED,NONE DETECTED,36265B6F-ABC4-4A54-A108-701E5E11B17C,BICYCLIST,Cross/Enter at Intersection,NO IMPROPER ACTIONS,ON ROADWAY AT CROSSWALK,OBEYED PED. SIGNAL,LIGHT CLOTHING,No,SUSPECTED MINOR INJURY,MC/BIKE HELMET,38.99967254,-77.01058879,"(38.99967254, -77.01058879)"
MCP13690007,200005221,Montgomery County Police,Injury Crash,01/31/2020 08:30:00 PM,,,,,PARKING LOT 20908 FREDERICK RD,,PEDESTRIAN,SINGLE VEHICLE,CLEAR,,DARK LIGHTS ON,NO CONTROLS,NONE DETECTED,NONE DETECTED,1927168B-4846-4228-8473-B57C4FFD535C,PEDESTRIAN,Other Working,OTHER,OTHER,N/A,MIXED CLOTHING,No,POSSIBLE INJURY,N/A,39.19895667,-77.249115,"(39.19895667, -77.249115)"
MCP2663000J,180004844,Montgomery County Police,Injury Crash,01/28/2018 10:06:00 PM,Maryland (State),EAST WEST HWY,Other Public Roadway,CAREY LA,,N/A,PEDESTRIAN,OTHER,RAINING,WET,DARK LIGHTS ON,NO CONTROLS,NONE DETECTED,NONE DETECTED,915B7DE5-E422-4985-A639-3FCDBEC2AB42,PEDESTRIAN,Cross/Enter at Intersection,NO IMPROPER ACTIONS,ON ROADWAY NOT AT CROSSWALK,NO PED. SIGNAL,MIXED CLOTHING,No,POSSIBLE INJURY,NONE,38.995505,-77.038365,"(38.995505, -77.038365)"
MCP2703001S,170537660,Montgomery County Police,Injury Crash,10/19/2017 08:45:00 PM,County,DOWNS DR,County,BUCKLEY DR,,N/A,BICYCLIST,HEAD ON LEFT TURN,CLEAR,DRY,DARK -- UNKNOWN LIGHTING,NO CONTROLS,N/A,N/A,1D019D35-1262-4031-970E-FCAD3263F60D,BICYCLIST,Walking/Riding against Traffic,NO IMPROPER ACTIONS,CURB,N/A,MIXED CLOTHING,No,POSSIBLE INJURY,NONE,39.06069,-76.996375,"(39.06069, -76.996375)"
MCP271700TY,210008918,Montgomery County Police,Injury Crash,03/23/2021 04:35:00 PM,County,ROOSEVELT ST,Maryland (State),OLD GEORGETOWN RD,,N/A,BICYCLIST,OTHER,CLEAR,DRY,DAYLIGHT,NO CONTROLS,NONE DETECTED,NONE DETECTED,7452A366-A7EA-49DF-98F3-748CF51913BD,BICYCLIST,Cross/Enter at Intersection,NO IMPROPER ACTIONS,AT INTERSECTION BUT NO CROSSWALK,NO PED. SIGNAL,MIXED CLOTHING,No,SUSPECTED MINOR INJURY,MC/BIKE HELMET,38.99147883,-77.09794533,"(38.99147883, -77.09794533)"
MCP1524000R,210037242,Montgomery County Police,Injury Crash,09/17/2021 11:00:00 AM,Maryland (State),CLOPPER RD,Municipality,FIRSTFIELD RD,,GAITHERSBURG,PEDESTRIAN,SINGLE VEHICLE,CLEAR,DRY,DAYLIGHT,PERSON,NONE DETECTED,NONE DETECTED,7AF3EF79-AD5F-41D5-A7DE-8FD6E4318C12,PEDESTRIAN,Cross/Enter at Intersection,UNKNOWN,ON ROADWAY AT CROSSWALK,UNKNOWN,DARK CLOTHING,Unknown,SUSPECTED MINOR INJURY,NONE,39.1437061,-77.22386883,"(39.1437061, -77.22386883)"
MCP2850000N,15013487,Montgomery County Police,Fatal Crash,03/24/2015 06:34:00 AM,Maryland (State),UNIVERSITY BLVD W,County,ARCOLA AVE,,N/A,PEDESTRIAN,SINGLE VEHICLE,N/A,DRY,DAWN,NO CONTROLS,N/A,N/A,AD184A4F-9DC8-4388-8058-95C2E654FD94,PEDESTRIAN,Cross/Enter not at Intersection,UNKNOWN,ON ROADWAY NOT AT CROSSWALK,N/A,DARK CLOTHING,,FATAL INJURY,N/A,39.03588833,-77.02837,"(39.03588833, -77.02837)"