Report Number,Local Case Number,Agency Name,ACRS Report Type,Crash Date/Time,Route Type,Road Name,Cross-Street Type,Cross-Street Name,Off-Road Description,Municipality,Related Non-Motorist,Collision Type,Weather,Surface Condition,Light,Traffic Control,Driver Substance Abuse,Non-Motorist Substance Abuse,Person ID,Pedestrian Type,Pedestrian Movement,Pedestrian Actions,Pedestrian Location,Pedestrian Obeyed Traffic Signal,Pedestrian Visibility,At Fault,Injury Severity,Safety Equipment,Latitude,Longitude,Location
MCP2659001H,17010628,Montgomery County Police,Injury Crash,02/28/2017 05:13:00 AM,County,BELVEDERE BLVD,County,FOREST GROVE DR,,N/A,PEDESTRIAN,OTHER,CLEAR,DRY,DARK LIGHTS ON,NO CONTROLS,ALCOHOL PRESENT,NONE DETECTED,20D0B011-BB19-4AB3-B53D-2735AE7EF83E,PEDESTRIAN,Cross/Enter at Intersection,NO IMPROPER ACTIONS,ON ROADWAY AT CROSSWALK,NO PED. SIGNAL,REFLECTIVE MATERIAL,No,SUSPECTED MINOR INJURY,REFLECTIVE CLOTHING,39.01979,-77.03893833,"(39.01979, -77.03893833)"
MCP1301001S,220014595,Montgomery County Police,Fatal Crash,04/06/2022 08:22:00 AM,County,GROSVENOR LA,Unknown,KING CHARLES WAY,,N/A,PEDESTRIAN,SINGLE VEHICLE,RAINING,WET,DAYLIGHT,NO CONTROLS,N/A,N/A,27FD9615-11D6-483B-8B87-4B8FC356442D,PEDESTRIAN,Standing,NO IMPROPER ACTIONS,OTHER,N/A,MIXED CLOTHING,No,FATAL INJURY,N/A,39.02236167,-77.10515,"(39.02236167, -77.10515)"
MCP32000050,220005997,Montgomery County Police,Injury Crash,02/11/2022 11:50:00 AM,Maryland (State),WISCONSIN AVE,Municipality,DORSET AVE,,SOMERSET,PEDESTRIAN,OTHER,CLEAR,DRY,DAYLIGHT,TRAFFIC SIGNAL,NONE DETECTED,NONE DETECTED,2AD12B4E-310A-4603-BDA4-F9556EB1D379,PEDESTRIAN,Cross/Enter at Intersection,NO IMPROPER ACTIONS,ON ROADWAY AT CROSSWALK,OBEYED PED. SIGNAL,MIXED CLOTHING,No,SUSPECTED MINOR INJURY,NONE,38.9672009,-77.08865523,"(38.9672009, -77.08865523)"
MCP3037003X,220003437,Montgomery County Police,Injury Crash,01/26/2022 03:18:00 PM,,,,,PARKING LOT OF 20908 FREDERICK RD,,PEDESTRIAN,SINGLE VEHICLE,CLEAR,,DAYLIGHT,NO CONTROLS,NONE DETECTED,NONE DETECTED,50D96C23-539E-457E-B264-A280C3760D70,PEDESTRIAN,Cross/Enter at Intersection,INATTENTIVE,ON ROADWAY NOT AT CROSSWALK,NO PED. SIGNAL,MIXED CLOTHING,No,SUSPECTED SERIOUS INJURY,N/A,39.19909167,-77.24821667,"(39.19909167, -77.24821667)"
MCP2888000Z,15051790,MONTGOMERY,Injury Crash,10/12/2015 06:03:00 PM,County,TRAVILAH RD,County,PINEY MEETINGHOUSE RD,,N/A,BICYCLIST,STRAIGHT MOVEMENT ANGLE,CLEAR,DRY,DAYLIGHT,N/A,N/A,N/A,49BFDFA0-0A00-4D04-A13D-56715DA50FDF,BICYCLIST,Other,NOT VISIBLE,SIDEWALK,N/A,MIXED CLOTHING,No,SUSPECTED MINOR INJURY,MC/BIKE HELMET,39.08636177,-77.21926332,"(39.08636177, -77.21926332)"
MCP1438002S,16033074,Montgomery County Police,Injury Crash,06/30/2016 10:49:00 AM,County,EPSILON DR,County,EPSILON PL,,N/A,PEDESTRIAN,SAME DIR REAR END,CLEAR,DRY,DAYLIGHT,NO CONTROLS,NONE DETECTED,NONE DETECTED,AC0672E8-9703-45E4-ABE0-720582A93649,PEDESTRIAN,Standing,NO IMPROPER ACTIONS,OTHER,N/A,LIGHT CLOTHING,No,SUSPECTED SERIOUS INJURY,N/A,39.13841333,-77.16330667,"(39.13841333, -77.16330667)"
HA2433000D,17001328,Maryland-National Capital,Injury Crash,10/03/2017 05:14:00 PM,Government,SLIGO CREEK PKWY,US (State),COLESVILLE RD,,N/A,BICYCLIST,HEAD ON,N/A,N/A,DAYLIGHT,NO CONTROLS,N/A,N/A,8D159699-75D2-4CC3-B07F-7630D1D0B82D,BICYCLIST,Walking/Riding w/Traffic,NO IMPROPER ACTIONS,ON ROADWAY NOT AT CROSSWALK,NO PED. SIGNAL,LIGHT CLOTHING,No,SUSPECTED MINOR INJURY,MC/BIKE HELMET,39.00740449,-77.01970696,"(39.00740449, -77.01970696)"
MCP3058002Q,190017277,Montgomery County Police,Injury Crash,04/13/2019 03:31:00 PM,County,CAVANAUGH DR,County,DEERBROOK DR,,N/A,BICYCLIST,HEAD ON LEFT TURN,CLOUDY,DRY,DAYLIGHT,NO CONTROLS,NONE DETECTED,NONE DETECTED,8D835E82-1DDC-4654-91B0-8E955EA5B06C,BICYCLIST,Cross/Enter at Intersection,NO IMPROPER ACTIONS,AT INTERSECTION BUT NO CROSSWALK,N/A,REFLECTIVE MATERIAL,No,SUSPECTED MINOR INJURY,MC/BIKE HELMET,39.08053333,-77.21493333,"(39.08053333, -77.21493333)"
MCP2608001G,16028022,Montgomery County Police,Injury Crash,06/07/2016 02:21:00 PM,County,EASTWOOD AVE,County,MOUNTAIN QUAIL RD,,N/A,BICYCLIST,HEAD ON,CLEAR,DRY,DAYLIGHT,NO CONTROLS,N/A,NONE DETECTED,BA2ACCF5-539A-443B-BB0A-7D19F8B1CDA4,BICYCLIST,Playing,UNKNOWN,CURB,UNKNOWN,LIGHT CLOTHING,No,POSSIBLE INJURY,N/A,39.02641863,-77.01171398,"(39.02641863, -77.01171398)"
MCP2440000X,220038190,Montgomery County Police,Injury Crash,09/03/2022 09:20:00 AM,Other Public Roadway,EMORY ST,Maryland (State),MUNCASTER MILL RD,,N/A,BICYCLIST,OTHER,CLEAR,DRY,DAYLIGHT,STOP SIGN,NONE DETECTED,NONE DETECTED,11D5A6FC-DDAB-4ED0-95C2-B9E932A70C73,BICYCLIST,Other,NO IMPROPER ACTIONS,AT INTERSECTION BUT NO CROSSWALK,N/A,DARK CLOTHING,No,SUSPECTED MINOR INJURY,MC/BIKE HELMET,39.157915,-77.159095,"(39.157915, -77.159095)"
MCP1309001Z,180047555,Montgomery County Police,Property Damage Crash,09/23/2018 02:36:00 PM,Maryland (State),WOODFIELD RD,County,LOG HOUSE RD,,N/A,OTHER,SINGLE VEHICLE,RAINING,WET,DAYLIGHT,NO CONTROLS,NONE DETECTED,NONE DETECTED,961D0619-320E-4E7C-A180-DDECB025B5AE,OTHER,N/A,NO IMPROPER ACTIONS,OTHER,N/A,N/A,No,NO APPARENT INJURY,N/A,39.25606167,-77.20020167,"(39.25606167, -77.20020167)"
MCP2437004S,220013942,Montgomery County Police,Injury Crash,04/01/2022 05:10:00 PM,County,PARKLAWN DR,County,RANDOLPH RD,,N/A,PEDESTRIAN,STRAIGHT MOVEMENT ANGLE,CLEAR,DRY,DAYLIGHT,NO CONTROLS,NONE DETECTED,NONE DETECTED,95D88FFF-5E80-4C42-B429-D90507F7C9B1,PEDESTRIAN,Standing,NO IMPROPER ACTIONS,OTHER,N/A,MIXED CLOTHING,No,SUSPECTED SERIOUS INJURY,N/A,39.0537535,-77.1067445,"(39.0537535, -77.1067445)"
MCP32760020,220025299,Montgomery County Police,Injury Crash,06/12/2022 11:59:00 PM,US (State),COLESVILLE RD,County,FENTON ST,,N/A,PEDESTRIAN,OTHER,CLEAR,DRY,DARK LIGHTS ON,TRAFFIC SIGNAL,NONE DETECTED,NONE DETECTED,74539BFA-5049-488D-9799-99C81790A8C4,PEDESTRIAN,Cross/Enter at Intersection,FAILURE TO YIELD RIGHT OF WAY,ON ROADWAY NOT AT CROSSWALK,DISOBEYED PED. SIGNAL,MIXED CLOTHING,Yes,SUSPECTED MINOR INJURY,N/A,38.99748321,-77.02703596,"(38.99748321, -77.02703596)"
MCP26390030,180005064,Montgomery County Police,Injury Crash,01/30/2018 06:46:00 AM,Maryland (State),ROCKVILLE PIKE,County,MARINELLI RD,,N/A,PEDESTRIAN,STRAIGHT MOVEMENT ANGLE,RAINING,WET,DARK LIGHTS ON,TRAFFIC SIGNAL,NONE DETECTED,NONE DETECTED,47F94309-C4C2-48F7-93E8-4114A9276AFE,PEDESTRIAN,Cross/Enter not at Intersection,DART DASH,ON ROADWAY NOT AT CROSSWALK,DISOBEYED PED. SIGNAL,DARK CLOTHING,Yes,SUSPECTED MINOR INJURY,NONE,39.04686,-77.1127,"(39.04686, -77.1127)"
MCP24750018,16044977,Montgomery County Police,Injury Crash,09/02/2016 08:12:00 PM,County,DIVISION ST,Maryland (State),FLOWER AVE,,N/A,BICYCLIST,HEAD ON,CLEAR,DRY,DARK LIGHTS ON,NO CONTROLS,UNKNOWN,NONE DETECTED,9C5A02B8-3B13-4708-A81B-81ABE4D62E06,BICYCLIST,Standing,NO IMPROPER ACTIONS,IN BIKEWAY,NO PED. SIGNAL,LIGHT CLOTHING,No,SUSPECTED MINOR INJURY,MC/BIKE HELMET,38.98709265,-76.99971914,"(38.98709265, -76.99971914)"
MCP3070001C,200002541,Montgomery County Police,Injury Crash,01/15/2020 05:38:00 PM,,,,,PL OF 4301 WILLOW LN,,PEDESTRIAN,SINGLE VEHICLE,CLEAR,,DARK LIGHTS ON,NO CONTROLS,N/A,N/A,536D277C-E62F-46EA-864E-D0D2DA80F26E,PEDESTRIAN,Playing,INATTENTIVE,OTHER,N/A,LIGHT CLOTHING,No,SUSPECTED MINOR INJURY,NONE,38.98265833,-77.087775,"(38.98265833, -77.087775)"
MCP3019004M,220013413,Montgomery County Police,Injury Crash,03/29/2022 04:00:00 PM,County,GARFIELD ST,County,MCKINLEY ST,,N/A,PEDESTRIAN,OTHER,CLEAR,DRY,DAYLIGHT,NO CONTROLS,N/A,N/A,C84B277E-4569-4C6E-A576-57A568CD2611,PEDESTRIAN,Standing,NO IMPROPER ACTIONS,SIDEWALK,N/A,N/A,No,SUSPECTED MINOR INJURY,NONE,38.99629833,-77.11574,"(38.99629833, -77.11574)"
MCP2358002G,16059235,Montgomery County Police,Injury Crash,11/17/2016 02:37:00 PM,Maryland (State),RIVER RD,County,COUNSELMAN RD,,N/A,BICYCLIST,STRAIGHT MOVEMENT ANGLE,CLEAR,DRY,DAYLIGHT,TRAFFIC SIGNAL,NONE DETECTED,NONE DETECTED,54290F89-19F4-490E-826D-7F373C768303,BICYCLIST,Walking/Riding w/Traffic,NO IMPROPER ACTIONS,ON ROADWAY NOT AT CROSSWALK,N/A,MIXED CLOTHING,No,SUSPECTED MINOR INJURY,MC/BIKE HELMET,39.01725833,-77.207855,"(39.01725833, -77.207855)"
DD56210011,170508352,Rockville Police Departme,Injury Crash,05/17/2017 02:30:00 PM,Municipality,CHURCH ST,Maryland (State),ROCKVILLE PIKE,,N/A,PEDESTRIAN,SINGLE VEHICLE,CLEAR,DRY,DAYLIGHT,TRAFFIC SIGNAL,UNKNOWN,NONE DETECTED,C9F2E02D-E815-4EA6-9F8F-478705A8F486,PEDESTRIAN,Cross/Enter at Intersection,UNKNOWN,AT INTERSECTION MARKED CROSSWALK,UNKNOWN,MIXED CLOTHING,Unknown,SUSPECTED MINOR INJURY,NONE,39.08354633,-77.14731067,"(39.08354633, -77.14731067)"
MCP3200005L,220019858,Montgomery County Police,Injury Crash,05/10/2022 01:45:00 PM,County,NEILWOOD DR,County,LUXMANOR RD,,N/A,PEDESTRIAN,OTHER,CLEAR,DRY,DAYLIGHT,NO CONTROLS,,NONE DETECTED,EDA9CF4A-10DF-4D13-90E9-5844F2C73522,PEDESTRIAN,Other Working,ENTERING EXITING PARKED STANDING VEHICLE,ON ROADWAY NOT AT CROSSWALK,NO PED. SIGNAL,MIXED CLOTHING,Yes,SUSPECTED MINOR INJURY,NONE,39.04576333,-77.12315283,"(39.04576333, -77.12315283)"
MCP2772001M,210029640,Montgomery County Police,Injury Crash,07/30/2021 10:09:00 PM,,,,,"DRIVEWAY OF 4 HARTMAN CT, POTOMAC MD 20854",,PEDESTRIAN,SINGLE VEHICLE,CLEAR,,DARK NO LIGHTS,NO CONTROLS,,NONE DETECTED,9D98FABC-E961-4893-AFDF-F1CFB3DACABA,PEDESTRIAN,Getting off/on Vehicle,NO IMPROPER ACTIONS,OTHER,N/A,LIGHT CLOTHING,Yes,SUSPECTED MINOR INJURY,N/A,39.01940783,-77.175077,"(39.01940783, -77.175077)"
MCP209400GR,200049485,Montgomery County Police,Injury Crash,12/16/2020 10:33:00 AM,County,WELLINGTON DR,County,STRATHMORE ST,,N/A,PEDESTRIAN,OTHER,SNOW,WET,DAYLIGHT,NO CONTROLS,NONE DETECTED,NONE DETECTED,01EC9BD3-E482-4A5E-8712-02CE29B1CD96,PEDESTRIAN,Cross/Enter at Intersection,NO IMPROPER ACTIONS,ON ROADWAY AT CROSSWALK,NO PED. SIGNAL,MIXED CLOTHING,No,POSSIBLE INJURY,N/A,38.97928,-77.09307,"(38.97928, -77.09307)"
MCP2717009T,17010018,Montgomery County Police,Property Damage Crash,02/24/2017 03:00:00 PM,,,,,10201 OLD GEORGETOWN ROAD (WILDWOOD SHOPPING CENTER PARKING-LOT),,PEDESTRIAN,SINGLE VEHICLE,CLEAR,,DAYLIGHT,NO CONTROLS,UNKNOWN,NONE DETECTED,2A278E7E-53D4-404A-88FA-459CA0EB0D09,PEDESTRIAN,Cross/Enter at Intersection,NO IMPROPER ACTIONS,ON ROADWAY AT CROSSWALK,NO PED. SIGNAL,LIGHT CLOTHING,No,NO APPARENT INJURY,NONE,39.02411833,-77.12386717,"(39.02411833, -77.12386717)"
MCP21910028,180034993,Montgomery County Police,Injury Crash,07/15/2018 03:05:00 PM,Maryland (State),OLD GEORGETOWN RD,Unknown,ENT TO BUSINESS,,N/A,MACHINE OPERATOR/RIDER,HEAD ON,RAINING,WET,DAYLIGHT,N/A,NONE DETECTED,NONE DETECTED,AEAF9431-488F-4DB1-9923-6480484F8DB1,MACHINE OPERATOR/RIDER,Walking/Riding against Traffic,IN ROADWAY IMPROPERLY,ON ROADWAY NOT AT CROSSWALK,OTHER,DARK CLOTHING,Yes,SUSPECTED MINOR INJURY,NONE,39.02290117,-77.124048,"(39.02290117, -77.124048)"
MCP271700F6,170546798,Montgomery County Police,Injury Crash,12/05/2017 06:45:00 PM,Maryland (State),OLD GEORGETOWN RD,County,OAKMONT AVE,,N/A,PEDESTRIAN,OTHER,RAINING,WET,DARK LIGHTS ON,TRAFFIC SIGNAL,NONE DETECTED,NONE DETECTED,14704D84-6CA2-4986-849D-39D6AB2525BA,PEDESTRIAN,Cross/Enter at Intersection,DART DASH,ON ROADWAY AT CROSSWALK,DISOBEYED PED. SIGNAL,UNKNOWN,Yes,SUSPECTED MINOR INJURY,NONE,39.00464633,-77.11086233,"(39.00464633, -77.11086233)"
MCP24250064,16001880,Montgomery County Police,Injury Crash,01/11/2016 09:15:00 AM,County,CHERRY HILL RD,Other Public Roadway,CALVERTON BLVD,,N/A,PEDESTRIAN,OTHER,CLEAR,DRY,DAYLIGHT,TRAFFIC SIGNAL,NONE DETECTED,NONE DETECTED,5962B4CF-6E5E-4B01-82CD-678AB3297C8B,PEDESTRIAN,Cross/Enter at Intersection,DART DASH,AT INTERSECTION MARKED CROSSWALK,OBEYED PED. SIGNAL,MIXED CLOTHING,Unknown,SUSPECTED MINOR INJURY,NONE,39.05605333,-76.95397167,"(39.05605333, -76.95397167)"
DM8463000L,180009268,Takoma Park Police Depart,Injury Crash,02/22/2018 03:18:00 PM,,,,,"PARKING LOT OF 6300 NEW HAMPSHIRE AVE, TAKOMA PARK, MD 20912",,PEDESTRIAN,SINGLE VEHICLE,RAINING,,DAYLIGHT,N/A,UNKNOWN,N/A,C8346045-CF2B-469F-807E-94ADB11BB7AE,PEDESTRIAN,Standing,OTHER,OTHER,N/A,DARK CLOTHING,No,SUSPECTED SERIOUS INJURY,N/A,38.96627446,-77.00259447,"(38.96627446, -77.00259447)"
MCP3228003G,220016026,Montgomery County Police,Property Damage Crash,04/15/2022 05:16:00 PM,US (State),COLESVILLE RD,Government,SLIGO CREEK PKWY,,N/A,BICYCLIST,STRAIGHT MOVEMENT ANGLE,CLEAR,DRY,DAYLIGHT,TRAFFIC SIGNAL,NONE DETECTED,NONE DETECTED,02411611-741E-484B-BCE5-105452BAF4CD,BICYCLIST,Walking/Cycling on Sidewalk,UNKNOWN,ON ROADWAY AT CROSSWALK,OBEYED PED. SIGNAL,LIGHT CLOTHING,No,NO APPARENT INJURY,MC/BIKE HELMET,39.0076268,-77.02030146,"(39.0076268, -77.02030146)"
MCP23960036,190010789,Montgomery County Police,Injury Crash,03/08/2019 04:30:00 PM,Maryland (State),HUNGERFORD DR,Municipality,BEALL AVE #2,,ROCKVILLE,PEDESTRIAN,STRAIGHT MOVEMENT ANGLE,CLEAR,DRY,DAYLIGHT,TRAFFIC SIGNAL,N/A,N/A,3648A6A3-E25B-4434-8283-0CC6BD53A3FF,PEDESTRIAN,Cross/Enter at Intersection,NO IMPROPER ACTIONS,ON ROADWAY AT CROSSWALK,OBEYED PED. SIGNAL,MIXED CLOTHING,No,SUSPECTED MINOR INJURY,UNKNOWN,39.08742277,-77.15015525,"(39.08742277, -77.15015525)"
DD56100032,170522986,Rockville Police Departme,Injury Crash,08/04/2017 03:39:00 PM,Municipality,WATKINS POND BLVD,Maryland (State),FREDERICK RD,,N/A,BICYCLIST,OTHER,CLEAR,DRY,DAYLIGHT,TRAFFIC SIGNAL,N/A,N/A,A5E40AB6-98D1-4600-8763-4AD354E2AF79,BICYCLIST,Cross/Enter at Intersection,UNKNOWN,ON ROADWAY AT CROSSWALK,UNKNOWN,LIGHT CLOTHING,Unknown,POSSIBLE INJURY,NONE,39.11211,-77.161845,"(39.11211, -77.161845)"
EJ7899000N,230015429,Gaithersburg Police Depar,Injury Crash,03/30/2023 09:04:00 PM,Maryland (State),QUINCE ORCHARD RD,Unknown,ENT TO PARK & RIDE,,N/A,PEDESTRIAN,OTHER,CLEAR,DRY,DARK LIGHTS ON,TRAFFIC SIGNAL,NONE DETECTED,NONE DETECTED,52EDA201-0103-4F0E-9CC8-E50DAFA09CA9,PEDESTRIAN,Cross/Enter at Intersection,IN ROADWAY IMPROPERLY,ON ROADWAY NOT AT CROSSWALK,NO PED. SIGNAL,LIGHT CLOTHING,Yes,SUSPECTED SERIOUS INJURY,NONE,39.14799243,-77.21799047,"(39.14799243, -77.21799047)"
MCP2774001G,15057231,MONTGOMERY,Injury Crash,11/10/2015 05:34:00 AM,Maryland (State),EAST WEST HWY,Maryland (State),COLESVILLE RD,,N/A,PEDESTRIAN,N/A,RAINING,WET,DARK LIGHTS ON,TRAFFIC SIGNAL,NONE DETECTED,N/A,977A32E2-2588-4465-91E8-867BFFB7BD43,PEDESTRIAN,Cross/Enter at Intersection,NO IMPROPER ACTIONS,AT INTERSECTION MARKED CROSSWALK,OBEYED PED. SIGNAL,DARK CLOTHING,No,SUSPECTED MINOR INJURY,N/A,38.99418,-77.03288167,"(38.99418, -77.03288167)"
MCP30590044,190050076,Montgomery County Police,Injury Crash,10/18/2019 07:55:00 PM,,,,,DRIVEWAY OF 12801 FLACK ST,,OTHER,OTHER,CLEAR,,DARK LIGHTS ON,N/A,NONE DETECTED,NONE DETECTED,4D15B5A6-C8E9-4819-964A-B726F6FC802C,OTHER,Other,NO IMPROPER ACTIONS,OTHER,N/A,MIXED CLOTHING,No,SUSPECTED MINOR INJURY,N/A,39.06451886,-77.05872728,"(39.06451886, -77.05872728)"
MCP32710006,200017866,Montgomery County Police,Injury Crash,05/01/2020 09:20:00 PM,Maryland (State),GREAT SENECA HWY,Unknown,CROSSOVER,,N/A,BICYCLIST,STRAIGHT MOVEMENT ANGLE,CLEAR,DRY,DARK NO LIGHTS,NO CONTROLS,NONE DETECTED,NONE DETECTED,7D9DDE00-8E7F-4284-B088-18FF3C0A27DB,BICYCLIST,Cross/Enter at Intersection,DART DASH,ON ROADWAY AT CROSSWALK,NO PED. SIGNAL,DARK CLOTHING,Yes,SUSPECTED SERIOUS INJURY,NONE,39.107415,-77.20955833,"(39.107415, -77.20955833)"
MCP1086000B,210042474,Montgomery County Police,Injury Crash,10/22/2021 07:30:00 AM,County,RICHTER FARM RD,County,MOLASSES RUN DR,,N/A,BICYCLIST,OTHER,N/A,DRY,DAYLIGHT,STOP SIGN,NONE DETECTED,N/A,CC1A6065-745D-4B78-8FA5-5AE9EBF1E02E,BICYCLIST,Walking/Cycling on Sidewalk,INATTENTIVE,SIDEWALK,N/A,MIXED CLOTHING,Yes,SUSPECTED MINOR INJURY,NONE,39.15318326,-77.28550537,"(39.15318326, -77.28550537)"
DD55830051,190011114,Rockville Police Departme,Injury Crash,03/10/2019 03:50:00 PM,County,TWINBROOK PKWY,Municipality,PIER DR,,ROCKVILLE,PEDESTRIAN,SINGLE VEHICLE,CLEAR,DRY,DAYLIGHT,NO CONTROLS,NONE DETECTED,NONE DETECTED,B5DB103A-C7B9-477B-85DA-E996F1D46608,PEDESTRIAN,Cross/Enter at Intersection,NO IMPROPER ACTIONS,ON ROADWAY AT CROSSWALK,NO PED. SIGNAL,MIXED CLOTHING,No,SUSPECTED SERIOUS INJURY,N/A,39.0690275,-77.11411817,"(39.0690275, -77.11411817)"
MCP284800BZ,230005556,Montgomery County Police,Injury Crash,02/07/2023 09:39:00 AM,County,PICKERING PL,County,WATERS LANDING DR,,N/A,PEDESTRIAN,OTHER,N/A,DRY,DAYLIGHT,NO CONTROLS,NONE DETECTED,NONE DETECTED,8A579EFE-33CB-4B75-9826-586DC040BE3E,PEDESTRIAN,Walking to/from school,FAILURE TO YIELD RIGHT OF WAY,ON ROADWAY NOT AT CROSSWALK,NO PED. SIGNAL,MIXED CLOTHING,Yes,SUSPECTED MINOR INJURY,NONE,39.18998,-77.270155,"(39.18998, -77.270155)"
MCP2617008S,200043720,Montgomery County Police,Injury Crash,11/05/2020 05:52:00 PM,Maryland (State),LAYHILL RD,County,POST LA,,N/A,BICYCLIST,OTHER,CLEAR,DRY,DARK NO LIGHTS,NO CONTROLS,NONE DETECTED,NONE DETECTED,7F433424-2B36-452E-B696-4DEF66DD6E5E,BICYCLIST,Cross/Enter at Intersection,UNKNOWN,AT INTERSECTION BUT NO CROSSWALK,NO PED. SIGNAL,DARK CLOTHING,Unknown,SUSPECTED MINOR INJURY,MC/BIKE HELMET,39.0840475,-77.04641833,"(39.0840475, -77.04641833)"
MCP11480018,16020683,Montgomery County Police,Injury Crash,04/27/2016 08:30:00 AM,County,WOODMONT AVE,County,HAMPDEN LA,,N/A,PEDESTRIAN,SINGLE VEHICLE,RAINING,WET,DAYLIGHT,TRAFFIC SIGNAL,UNKNOWN,NONE DETECTED,98882C8F-A94B-40FC-A2E0-76CD6E692D43,PEDESTRIAN,Other Working,N/A,ON ROADWAY NOT AT CROSSWALK,N/A,MIXED CLOTHING,No,SUSPECTED MINOR INJURY,NONE,38.982795,-77.09604667,"(38.982795, -77.09604667)"
MCP3129004L,220028006,Montgomery County Police,Property Damage Crash,06/30/2022 06:12:00 PM,,,,,PARKING LOT OF 623 BRANDON GREEN DR,,OTHER,SINGLE VEHICLE,CLEAR,,DAYLIGHT,N/A,NONE DETECTED,N/A,EEA4E39C-50E4-4B16-A862-3CF892C1C48F,OTHER,Other,N/A,OTHER,N/A,N/A,No,NO APPARENT INJURY,N/A,39.14592833,-77.06694667,"(39.14592833, -77.06694667)"
MCP3325000D,220004915,Montgomery County Police,Injury Crash,02/04/2022 05:56:00 PM,,,,,"PARKING LOT  OF 15660 OLD COLUMBIA PIKE BURTONSVILLE MD, INFRONT OF THE  GREEN TURTLE",,PEDESTRIAN,OTHER,RAINING,,DARK LIGHTS ON,NO CONTROLS,N/A,N/A,A8A7976C-EA8A-460F-B51E-B7CD6A58C6C4,PEDESTRIAN,Other,NO IMPROPER ACTIONS,OTHER,N/A,LIGHT CLOTHING,No,POSSIBLE INJURY,N/A,39.11191899,-76.93350961,"(39.11191899, -76.93350961)"
MCP158000CM,200008049,Montgomery County Police,Injury Crash,02/18/2020 06:11:00 AM,County,MONTGOMERY VILLAGE AVE,County,CLUB HOUSE RD,,N/A,PEDESTRIAN,SINGLE VEHICLE,CLOUDY,DRY,DARK LIGHTS ON,TRAFFIC SIGNAL,NONE DETECTED,NONE DETECTED,8EC4F423-145E-419B-9D56-5D61B3760FB7,PEDESTRIAN,Cross/Enter at Intersection,NO IMPROPER ACTIONS,AT INTERSECTION MARKED CROSSWALK,OBEYED PED. SIGNAL,MIXED CLOTHING,No,SUSPECTED MINOR INJURY,N/A,39.174405,-77.20391833,"(39.174405, -77.20391833)"
MCP2559001G,16053346,Montgomery County Police,Fatal Crash,10/17/2016 11:28:00 AM,Government,LITTLE FALLS PKWY,County,ARLINGTON RD,,N/A,BICYCLIST,STRAIGHT MOVEMENT ANGLE,CLEAR,DRY,DAYLIGHT,OTHER,N/A,N/A,90F79E40-AFCC-4EDB-962E-D3A1CCA60003,BICYCLIST,Unknown,UNKNOWN,ON ROADWAY AT CROSSWALK,UNKNOWN,MIXED CLOTHING,Unknown,FATAL INJURY,MC/BIKE HELMET,38.97339908,-77.10130244,"(38.97339908, -77.10130244)"
MCP29990008,15067038,MONTGOMERY,Injury Crash,12/30/2015 10:30:00 PM,County,BRIGGS CHANEY RD,Ramp,RAMP 6 FR BRIGGS CHANEY RD TO US 29 SB,,N/A,BICYCLIST,STRAIGHT MOVEMENT ANGLE,RAINING,WET,DARK LIGHTS ON,TRAFFIC SIGNAL,UNKNOWN,NONE DETECTED,E628F675-FDF6-4A14-8A5C-8D2B779F9CAE,BICYCLIST,Walking/Cycling on Sidewalk,NO IMPROPER ACTIONS,ON ROADWAY AT CROSSWALK,UNKNOWN,MIXED CLOTHING,No,POSSIBLE INJURY,NONE,39.0838655,-76.9495149,"(39.0838655, -76.9495149)"
MCP2503000D,15011964,Montgomery County Police,Injury Crash,03/15/2015 06:21:00 PM,County,REGENCY DR,County,GEORGETOWNE DR,,N/A,PEDESTRIAN,SINGLE VEHICLE,CLEAR,DRY,DAYLIGHT,N/A,N/A,N/A,20BA6E40-3475-4F41-8F66-8D69466D387B,PEDESTRIAN,Other,DART DASH,ON ROADWAY NOT AT CROSSWALK,NO PED. SIGNAL,MIXED CLOTHING,,SUSPECTED MINOR INJURY,N/A,39.043943,-77.170336,"(39.043943, -77.170336)"
MCP29820044,210029269,Montgomery County Police,Injury Crash,07/28/2021 03:12:00 PM,Maryland (State),GEORGIA AVE,County,CAMERON ST,,N/A,PEDESTRIAN,OTHER,N/A,DRY,DAYLIGHT,TRAFFIC SIGNAL,NONE DETECTED,NONE DETECTED,D48087F1-7854-46E2-BBD0-12B8D6C320DA,PEDESTRIAN,Cross/Enter at Intersection,NO IMPROPER ACTIONS,AT INTERSECTION MARKED CROSSWALK,OBEYED PED. SIGNAL,LIGHT CLOTHING,No,SUSPECTED SERIOUS INJURY,N/A,38.99768333,-77.02990667,"(38.99768333, -77.02990667)"
MCP2947000J,15027847,Montgomery County Police,Injury Crash,06/09/2015 07:38:00 AM,County,FRANKFORT DR,County,MARIANNA DR,,N/A,PEDESTRIAN,SINGLE VEHICLE,CLEAR,DRY,DAYLIGHT,STOP SIGN,NONE DETECTED,NONE DETECTED,30A11FB8-0B5F-4443-99C7-6754B468BF10,PEDESTRIAN,Unknown,NO IMPROPER ACTIONS,SIDEWALK,N/A,UNKNOWN,,NO APPARENT INJURY,N/A,39.08461293,-77.08991647,"(39.08461293, -77.08991647)"