Report Number,Local Case Number,Agency Name,ACRS Report Type,Crash Date/Time,Route Type,Road Name,Cross-Street Type,Cross-Street Name,Off-Road Description,Municipality,Related Non-Motorist,Collision Type,Weather,Surface Condition,Light,Traffic Control,Driver Substance Abuse,Non-Motorist Substance Abuse,Person ID,Pedestrian Type,Pedestrian Movement,Pedestrian Actions,Pedestrian Location,Pedestrian Obeyed Traffic Signal,Pedestrian Visibility,At Fault,Injury Severity,Safety Equipment,Latitude,Longitude,Location
MCP29340050,220040353,Montgomery County Police,Injury Crash,09/16/2022 06:20:00 PM,County,FERNWOOD RD,County,GREYSWOOD RD,,N/A,PEDESTRIAN,OTHER,CLEAR,DRY,DAYLIGHT,TRAFFIC SIGNAL,NONE DETECTED,NONE DETECTED,CF7E08E2-6C16-4D56-8CD5-54874238C5C5,PEDESTRIAN,Cross/Enter at Intersection,UNKNOWN,AT INTERSECTION MARKED CROSSWALK,UNKNOWN,UNKNOWN,No,POSSIBLE INJURY,NONE,39.018254,-77.133304,"(39.018254, -77.133304)"
MCP1575005H,170522067,Montgomery County Police,Injury Crash,07/31/2017 09:06:00 AM,Maryland (State),FREDERICK RD,County,REDLAND RD,,N/A,BICYCLIST,OTHER,CLEAR,DRY,DAYLIGHT,NO CONTROLS,NONE DETECTED,NONE DETECTED,26C5B1FE-CAFE-4B52-A8A1-BF8627917602,BICYCLIST,Other,NO IMPROPER ACTIONS,SIDEWALK,NO PED. SIGNAL,MIXED CLOTHING,No,POSSIBLE INJURY,NONE,39.11558333,-77.16568667,"(39.11558333, -77.16568667)"
EJ7866009J,200048190,Gaithersburg Police Depar,Injury Crash,12/07/2020 12:08:00 PM,Municipality,RUSSELL AVE,Municipality,MARYLAND AVE,,GAITHERSBURG,PEDESTRIAN,OTHER,CLEAR,DRY,DAYLIGHT,STOP SIGN,NONE DETECTED,NONE DETECTED,02037026-53B2-440B-899C-EC17C8546201,PEDESTRIAN,Cross/Enter at Intersection,NO IMPROPER ACTIONS,ON ROADWAY AT CROSSWALK,N/A,LIGHT CLOTHING,No,POSSIBLE INJURY,NONE,39.14851765,-77.19946173,"(39.14851765, -77.19946173)"
MCP2639001F,16035359,Montgomery County Police,Injury Crash,07/12/2016 09:35:00 PM,Maryland (State),UNIVERSITY BLVD W,County,DRUMM AVE,,N/A,PEDESTRIAN,STRAIGHT MOVEMENT ANGLE,CLEAR,DRY,DARK LIGHTS ON,NO CONTROLS,NONE DETECTED,NONE DETECTED,ED69502E-E9D2-40A3-90CE-719AD1AC6D34,PEDESTRIAN,Other,IN ROADWAY IMPROPERLY,ON ROADWAY NOT AT CROSSWALK,DISOBEYED PED. SIGNAL,MIXED CLOTHING,Yes,POSSIBLE INJURY,N/A,39.036605,-77.06172,"(39.036605, -77.06172)"
MCP9386008Z,210052390,Montgomery County Police,Property Damage Crash,12/23/2021 06:10:00 PM,County,PRICHARD RD,County,CONE LA,,N/A,PEDESTRIAN,OTHER,CLEAR,DRY,DARK LIGHTS ON,N/A,NONE DETECTED,NONE DETECTED,EFBDCC07-B68A-4ACE-A055-1D5402D70B37,PEDESTRIAN,Standing,NO IMPROPER ACTIONS,ON ROADWAY NOT AT CROSSWALK,NO PED. SIGNAL,DARK CLOTHING,No,NO APPARENT INJURY,NONE,39.0366085,-77.04600817,"(39.0366085, -77.04600817)"
MCP3213000M,190054600,Montgomery County Police,Injury Crash,11/13/2019 07:30:00 PM,County,SHOREFIELD RD,Maryland (State),GEORGIA AVE,,N/A,PEDESTRIAN,OTHER,N/A,DRY,DARK LIGHTS ON,TRAFFIC SIGNAL,NONE DETECTED,NONE DETECTED,46451EA7-1C71-491A-AB17-4C482451A5E3,PEDESTRIAN,Cross/Enter at Intersection,DART DASH,ON ROADWAY AT CROSSWALK,DISOBEYED PED. SIGNAL,MIXED CLOTHING,Yes,SUSPECTED MINOR INJURY,N/A,39.05295131,-77.05087668,"(39.05295131, -77.05087668)"
MCP2782003C,200029591,Montgomery County Police,Injury Crash,07/30/2020 03:48:00 PM,County,BEL PRE RD,Other Public Roadway,PARKER FARM WAY,,N/A,PEDESTRIAN,STRAIGHT MOVEMENT ANGLE,CLEAR,DRY,DAYLIGHT,TRAFFIC SIGNAL,NONE DETECTED,NONE DETECTED,2C2A2188-31C1-4886-A8B8-E01E31908AE1,PEDESTRIAN,Cross/Enter at Intersection,NO IMPROPER ACTIONS,AT INTERSECTION MARKED CROSSWALK,OBEYED PED. SIGNAL,MIXED CLOTHING,No,SUSPECTED MINOR INJURY,NONE,39.09079,-77.04799533,"(39.09079, -77.04799533)"
MCP2689003J,170523840,Montgomery County Police,Injury Crash,08/09/2017 10:24:00 AM,Maryland (State),VEIRS MILL RD,Municipality,ATLANTIC AVE,,ROCKVILLE,PEDESTRIAN,SINGLE VEHICLE,CLEAR,DRY,DAYLIGHT,TRAFFIC SIGNAL,NONE DETECTED,NONE DETECTED,743D2934-9D2A-4737-9E39-9AEEA010B114,PEDESTRIAN,Cross/Enter at Intersection,NO IMPROPER ACTIONS,ON ROADWAY AT CROSSWALK,OBEYED PED. SIGNAL,LIGHT CLOTHING,No,SUSPECTED MINOR INJURY,NONE,39.07487539,-77.11544976,"(39.07487539, -77.11544976)"
MCP3038004D,200001740,Montgomery County Police,Injury Crash,01/10/2020 08:36:00 PM,Maryland (State),UNIVERSITY BLVD W,County,LORAIN AVE,,N/A,PEDESTRIAN,OTHER,CLEAR,DRY,DARK LIGHTS ON,NO CONTROLS,N/A,N/A,E32FD81F-3095-49B4-8686-AC5F01993B1B,PEDESTRIAN,Cross/Enter at Intersection,FAILURE TO YIELD RIGHT OF WAY,ON ROADWAY NOT AT CROSSWALK,NO PED. SIGNAL,DARK CLOTHING,Yes,SUSPECTED SERIOUS INJURY,NONE,39.02203833,-77.01499333,"(39.02203833, -77.01499333)"
MCP2830006B,230024335,Montgomery County Police,Injury Crash,05/21/2023 11:33:00 AM,County,QUEEN ELIZABETH DR,County,HERITAGE HILLS DR,,N/A,PEDESTRIAN,OTHER,CLEAR,DRY,DAYLIGHT,STOP SIGN,NONE DETECTED,NONE DETECTED,F6723E40-BA71-4B5F-A8DD-9C4180544BF1,PEDESTRIAN,Cross/Enter at Intersection,NO IMPROPER ACTIONS,ON ROADWAY AT CROSSWALK,N/A,MIXED CLOTHING,No,SUSPECTED MINOR INJURY,NONE,39.16158201,-77.07134938,"(39.16158201, -77.07134938)"
MCP23510025,180027874,Montgomery County Police,Injury Crash,06/06/2018 02:02:00 PM,County,PARAMOUNT DR,Maryland (State),FREDERICK RD,,N/A,PEDESTRIAN,OTHER,CLEAR,DRY,DAYLIGHT,NO CONTROLS,NONE DETECTED,NONE DETECTED,9D251923-52D8-4970-BEC0-55C1486B18A7,PEDESTRIAN,Cross/Enter at Intersection,INATTENTIVE,ON ROADWAY NOT AT CROSSWALK,NO PED. SIGNAL,UNKNOWN,Yes,POSSIBLE INJURY,N/A,39.11363903,-77.16290206,"(39.11363903, -77.16290206)"
MCP2291004K,200019601,Montgomery County Police,Injury Crash,05/15/2020 05:12:00 PM,,,,,PARKING LOT OF 8816 LANIER DR,,BICYCLIST,SINGLE VEHICLE,CLEAR,,DAYLIGHT,N/A,NONE DETECTED,NONE DETECTED,2AA55AF4-0580-4A9D-8B97-6A6E0747E4C9,BICYCLIST,Other,OTHER,OTHER,NO PED. SIGNAL,MIXED CLOTHING,Yes,SUSPECTED MINOR INJURY,NONE,39.00012417,-77.049093,"(39.00012417, -77.049093)"
MCP20820017,180008905,Montgomery County Police,Injury Crash,02/20/2018 09:57:00 PM,Maryland (State),GEORGIA AVE,County,REEDIE DR,,N/A,PEDESTRIAN,SINGLE VEHICLE,CLEAR,DRY,DARK LIGHTS ON,TRAFFIC SIGNAL,NONE DETECTED,N/A,028A7CE9-04CF-41B2-942A-E5558377EE9F,PEDESTRIAN,Cross/Enter at Intersection,FAILURE TO OBEY TRAFFIC SIGNS SIGNALS OR OFFICER,ON ROADWAY AT CROSSWALK,DISOBEYED PED. SIGNAL,DARK CLOTHING,Yes,POSSIBLE INJURY,N/A,39.039455,-77.05244167,"(39.039455, -77.05244167)"
DM83360021,180057890,Takoma Park Police Depart,Injury Crash,11/18/2018 06:22:00 PM,Maryland (State),CARROLL AVE,Maryland (State),FLOWER AVE,,N/A,PEDESTRIAN,OTHER,CLOUDY,DRY,DARK LIGHTS ON,TRAFFIC SIGNAL,N/A,N/A,60F5E416-85D4-4B11-8B48-5821C492F648,PEDESTRIAN,Cross/Enter at Intersection,NO IMPROPER ACTIONS,ON ROADWAY AT CROSSWALK,OBEYED PED. SIGNAL,OTHER,No,POSSIBLE INJURY,N/A,38.98479211,-76.99848412,"(38.98479211, -76.99848412)"
MCP32400012,200029768,Montgomery County Police,Injury Crash,07/31/2020 09:00:00 PM,County,PINNACLE DR,County,CENTURY BLVD,,N/A,PEDESTRIAN,OTHER,CLEAR,WET,DARK LIGHTS ON,NO CONTROLS,UNKNOWN,N/A,28801FCD-C06E-49BE-82EA-E988639DE11C,PEDESTRIAN,Standing,ENTERING EXITING PARKED STANDING VEHICLE,ON ROADWAY NOT AT CROSSWALK,NO PED. SIGNAL,N/A,No,SUSPECTED MINOR INJURY,N/A,39.18319358,-77.26644101,"(39.18319358, -77.26644101)"
DM8480000N,210035247,Takoma Park Police Depart,Injury Crash,09/08/2021 10:17:00 AM,Maryland (State),PHILADELPHIA AVE,Maryland (State),PINEY BRANCH RD,,N/A,PEDESTRIAN,OTHER,CLEAR,DRY,DAYLIGHT,TRAFFIC SIGNAL,NONE DETECTED,NONE DETECTED,DCECDAE1-8206-4FDF-8F2E-16D600A5577A,PEDESTRIAN,Cross/Enter at Intersection,NO IMPROPER ACTIONS,ON ROADWAY AT CROSSWALK,OBEYED PED. SIGNAL,MIXED CLOTHING,No,SUSPECTED MINOR INJURY,NONE,38.9876556,-77.0229949,"(38.9876556, -77.0229949)"
DD5605004K,170543975,Rockville Police Departme,Property Damage Crash,11/20/2017 07:30:00 PM,,,,,"PARKING LOT OF 1902 VEIRS MILL RD, ROCKVILLE, MD, 20851",,BICYCLIST,OTHER,CLEAR,,DARK NO LIGHTS,NO CONTROLS,NONE DETECTED,NONE DETECTED,F1C922B5-D209-4706-B75E-1769BECD3ECC,BICYCLIST,Walking/Riding w/Traffic,UNKNOWN,AT INTERSECTION BUT NO CROSSWALK,NO PED. SIGNAL,DARK CLOTHING,Unknown,NO APPARENT INJURY,NONE,39.07588667,-77.11704167,"(39.07588667, -77.11704167)"
DD559500DG,230026985,Rockville Police Departme,Injury Crash,06/05/2023 02:38:00 PM,Maryland (State),ROCKVILLE PIKE,Municipality,W EDMONSTON DR,,ROCKVILLE,OTHER PEDALCYCLIST,OTHER,CLEAR,DRY,DAYLIGHT,TRAFFIC SIGNAL,NONE DETECTED,NONE DETECTED,E68E02A8-EC32-4A0A-893F-A4E688C4E8EB,OTHER PEDALCYCLIST,Cross/Enter at Intersection,NO IMPROPER ACTIONS,AT INTERSECTION MARKED CROSSWALK,OBEYED PED. SIGNAL,MIXED CLOTHING,No,SUSPECTED MINOR INJURY,NONE,39.07437833,-77.1358035,"(39.07437833, -77.1358035)"
MCP3121003M,200039969,Montgomery County Police,Property Damage Crash,10/10/2020 08:00:00 PM,,,,,IFO 19508 BURLINGAME WAY MONTGOMERY VILLAGE MD 20886,,PEDESTRIAN,HEAD ON,CLEAR,,DARK LIGHTS ON,NO CONTROLS,UNKNOWN,NONE DETECTED,EF6D5B66-CC0D-4EC2-B874-4F99FC547351,PEDESTRIAN,Standing,NO IMPROPER ACTIONS,OTHER,N/A,DARK CLOTHING,No,NO APPARENT INJURY,NONE,39.17551415,-77.21163542,"(39.17551415, -77.21163542)"
MCP32980015,220008285,Montgomery County Police,Injury Crash,02/23/2022 11:30:00 PM,,,,,PARKING LOT OF RESIDENCE,,PEDESTRIAN,N/A,CLEAR,,DARK LIGHTS ON,NO CONTROLS,UNKNOWN,NONE DETECTED,76F12666-A7E9-4116-A655-4AAD8AFD2C71,PEDESTRIAN,Other,NO IMPROPER ACTIONS,N/A,NO PED. SIGNAL,UNKNOWN,No,SUSPECTED MINOR INJURY,N/A,39.18853182,-77.16383449,"(39.18853182, -77.16383449)"
MCP2963001Q,180031057,Montgomery County Police,Injury Crash,06/24/2018 12:13:00 AM,US (State),GEORGIA AVE,County,SILVER SPRING AVE,,N/A,PEDESTRIAN,SINGLE VEHICLE,N/A,DRY,DARK LIGHTS ON,TRAFFIC SIGNAL,NONE DETECTED,NONE DETECTED,AE0921DB-C87B-417E-B037-F2862CBF90F1,PEDESTRIAN,Cross/Enter at Intersection,NO IMPROPER ACTIONS,ON ROADWAY AT CROSSWALK,OBEYED PED. SIGNAL,MIXED CLOTHING,No,NO APPARENT INJURY,NONE,38.99150833,-77.02672833,"(38.99150833, -77.02672833)"
MCP2852002V,210019830,Montgomery County Police,Injury Crash,05/25/2021 08:43:00 PM,Other Public Roadway,FATHER HURLEY BLVD,County,HOPKINS RD,,N/A,BICYCLIST,ANGLE MEETS RIGHT TURN,CLEAR,DRY,DUSK,TRAFFIC SIGNAL,NONE DETECTED,NONE DETECTED,8E6E91B7-9823-4FD3-85A6-8D5EB016B2DE,BICYCLIST,Other,FAILURE TO YIELD RIGHT OF WAY,ON ROADWAY AT CROSSWALK,UNKNOWN,UNKNOWN,Yes,POSSIBLE INJURY,MC/BIKE HELMET,39.1692528,-77.28294472,"(39.1692528, -77.28294472)"
MCP2565001S,15033708,MONTGOMERY,Injury Crash,07/09/2015 09:56:00 PM,,,,,"In Parking lot of 11710 Hunters Lane, Rockville, MD",,PEDESTRIAN,OTHER,CLEAR,,DARK LIGHTS ON,NO CONTROLS,NONE DETECTED,NONE DETECTED,DC11BE07-8B7B-4A5D-9ECA-CA97ECF17D47,PEDESTRIAN,Other,NO IMPROPER ACTIONS,OTHER,N/A,MIXED CLOTHING,No,SUSPECTED MINOR INJURY,N/A,39.04886473,-77.09873557,"(39.04886473, -77.09873557)"
MCP3084001B,180018220,Montgomery County Police,Injury Crash,04/14/2018 09:11:00 AM,County,TUCKERMAN LA,County,MARCLIFF RD,,N/A,BICYCLIST,HEAD ON LEFT TURN,CLEAR,DRY,DAYLIGHT,NO CONTROLS,NONE DETECTED,NONE DETECTED,503A4237-F3D8-46C2-BB1B-1EF8C28B4858,BICYCLIST,Cross/Enter at Intersection,FAILURE TO YIELD RIGHT OF WAY,SHOULDER,NO PED. SIGNAL,MIXED CLOTHING,No,SUSPECTED MINOR INJURY,MC/BIKE HELMET,39.03628533,-77.13234633,"(39.03628533, -77.13234633)"
MCP2940002X,180034009,Montgomery County Police,Injury Crash,07/10/2018 09:35:00 AM,,,,,DRIVEWAY OF 11530 ROCKVILLE PIKE,,BICYCLIST,STRAIGHT MOVEMENT ANGLE,CLEAR,,DAYLIGHT,NO CONTROLS,NONE DETECTED,NONE DETECTED,40FC3627-AB52-4D6E-BD7D-96C7F3117E55,BICYCLIST,Cross/Enter not at Intersection,FAILURE TO YIELD RIGHT OF WAY,OTHER,N/A,MIXED CLOTHING,Yes,SUSPECTED MINOR INJURY,MC/BIKE HELMET,39.04622861,-77.11257711,"(39.04622861, -77.11257711)"
MCP3042001Z,180042346,Montgomery County Police,Injury Crash,08/25/2018 10:30:00 AM,Maryland (State),GEORGIA AVE,Maryland (State),VEIRS MILL RD,,N/A,PEDESTRIAN,SINGLE VEHICLE,CLOUDY,DRY,DAYLIGHT,NO CONTROLS,NONE DETECTED,NONE DETECTED,D23EB759-6AD6-4165-8CC9-8F46C470B055,PEDESTRIAN,Cross/Enter at Intersection,NO IMPROPER ACTIONS,ON ROADWAY NOT AT CROSSWALK,NO PED. SIGNAL,DARK CLOTHING,Unknown,SUSPECTED MINOR INJURY,NONE,39.03540246,-77.04973724,"(39.03540246, -77.04973724)"
MCP2107000R,16032330,Montgomery County Police,Injury Crash,06/26/2016 09:12:00 AM,County,CLOPPER RD,County,WHITE GROUNDS RD,,N/A,BICYCLIST,STRAIGHT MOVEMENT ANGLE,CLEAR,N/A,DAYLIGHT,N/A,NONE DETECTED,NONE DETECTED,0A53504A-BEA4-4924-ADC4-E285D1A4A901,BICYCLIST,Walking/Riding w/Traffic,IN ROADWAY IMPROPERLY,OTHER,NO PED. SIGNAL,MIXED CLOTHING,Yes,SUSPECTED SERIOUS INJURY,MC/BIKE HELMET,39.183985,-77.31440167,"(39.183985, -77.31440167)"
MCP229800VR,210007256,Montgomery County Police,Property Damage Crash,02/23/2021 11:51:00 AM,County,CONNECTICUT AVE,County,GRAND PRE RD,,N/A,PEDESTRIAN,SINGLE VEHICLE,CLEAR,SLUSH,DAYLIGHT,NO CONTROLS,NONE DETECTED,NONE DETECTED,89ADE460-CA93-4BCD-B113-37C5E4F99E33,PEDESTRIAN,Other,DART DASH,OTHER,N/A,N/A,No,NO APPARENT INJURY,N/A,39.09191456,-77.07032261,"(39.09191456, -77.07032261)"
MCP3082000J,170531762,Montgomery County Police,Injury Crash,09/20/2017 01:06:00 PM,,,,,FRONT OF HOSPITAL ROAUNDABOUT,,PEDESTRIAN,SINGLE VEHICLE,CLEAR,,DAYLIGHT,NO CONTROLS,N/A,N/A,DBE1F78E-B2BC-418D-A7CB-AB5043AC358B,PEDESTRIAN,Standing,NO IMPROPER ACTIONS,OTHER,N/A,MIXED CLOTHING,No,SUSPECTED MINOR INJURY,N/A,39.01526584,-77.03566074,"(39.01526584, -77.03566074)"
MCP2745001J,16034127,Montgomery County Police,Injury Crash,07/06/2016 04:27:00 AM,County,BATTLERIDGE PL,County,ENTERPRISE WAY,,N/A,PEDESTRIAN,OTHER,CLEAR,DRY,DARK LIGHTS ON,N/A,NONE DETECTED,NONE DETECTED,F027EF4F-0E4E-4832-A086-13F95B7B333E,PEDESTRIAN,Cross/Enter not at Intersection,FAILURE TO YIELD RIGHT OF WAY,ON ROADWAY NOT AT CROSSWALK,N/A,LIGHT CLOTHING,Yes,SUSPECTED MINOR INJURY,N/A,39.17606667,-77.21332333,"(39.17606667, -77.21332333)"
MCP2639009D,200014171,Montgomery County Police,Injury Crash,03/27/2020 11:07:00 AM,County,ARCOLA AVE,County,OREBAUGH AVE,,N/A,OTHER,SAME DIRECTION SIDESWIPE,CLEAR,DRY,DAYLIGHT,PERSON,NONE DETECTED,NONE DETECTED,60D84645-28D2-4CE9-A8BF-702529E7B85E,OTHER,Standing,NO IMPROPER ACTIONS,ON ROADWAY NOT AT CROSSWALK,N/A,REFLECTIVE MATERIAL,No,POSSIBLE INJURY,NONE,39.047205,-77.036575,"(39.047205, -77.036575)"
MCP23480025,16060327,Montgomery County Police,Injury Crash,11/23/2016 07:13:00 PM,,,,,DRIVEWAY OF 10820 GEORGIA AVE.,,PEDESTRIAN,SINGLE VEHICLE,CLEAR,,DARK LIGHTS ON,NO CONTROLS,NONE DETECTED,NONE DETECTED,46F97782-4222-4A49-BE41-2E4903AC42EB,PEDESTRIAN,Walking/Cycling on Sidewalk,NO IMPROPER ACTIONS,SIDEWALK,N/A,DARK CLOTHING,No,SUSPECTED MINOR INJURY,N/A,39.03336333,-77.04893667,"(39.03336333, -77.04893667)"
DM83780011,170543250,Takoma Park Police Depart,Injury Crash,11/16/2017 05:30:00 PM,Municipality,MAPLE AVE,Maryland (State),PHILADELPHIA AVE,,N/A,PEDESTRIAN,SINGLE VEHICLE,CLEAR,DRY,DARK LIGHTS ON,TRAFFIC SIGNAL,NONE DETECTED,NONE DETECTED,CDF53EF1-D6DC-4159-AE88-D1639C066824,PEDESTRIAN,Cross/Enter at Intersection,NOT VISIBLE,ON ROADWAY AT CROSSWALK,OBEYED PED. SIGNAL,LIGHT CLOTHING,Unknown,POSSIBLE INJURY,UNKNOWN,38.98111,-77.01016667,"(38.98111, -77.01016667)"
EJ78890025,220014084,Gaithersburg Police Depar,Injury Crash,04/02/2022 06:40:00 PM,Municipality,CENTER POINT WAY,Municipality,MARKET ST E,,GAITHERSBURG,PEDESTRIAN,OTHER,N/A,DRY,DUSK,NO CONTROLS,UNKNOWN,NONE DETECTED,FB6B06D9-2DBE-4EED-9F4B-FC74C89C481D,PEDESTRIAN,Standing,NO IMPROPER ACTIONS,OTHER,NO PED. SIGNAL,DARK CLOTHING,No,POSSIBLE INJURY,NONE,39.12182466,-77.23451514,"(39.12182466, -77.23451514)"
MCP30040009,16002262,Montgomery County Police,Injury Crash,01/12/2016 10:20:00 PM,,,,,THE EXIT OF THE PARKING GARAGE ON WOODGLEN DRIVE,,BICYCLIST,OTHER,CLEAR,,DARK -- UNKNOWN LIGHTING,N/A,NONE DETECTED,UNKNOWN,CE89B5DD-EA02-477A-BB72-66E117D8BED9,BICYCLIST,Walking/Cycling on Sidewalk,NOT VISIBLE,SIDEWALK,NO PED. SIGNAL,UNKNOWN,Yes,SUSPECTED MINOR INJURY,UNKNOWN,39.04197687,-77.11324498,"(39.04197687, -77.11324498)"
MCP2683001L,16012877,Montgomery County Police,Injury Crash,03/15/2016 11:11:00 PM,County,WATKINS MILL RD,County,STEDWICK RD,,N/A,PEDESTRIAN,OTHER,N/A,DRY,DARK LIGHTS ON,TRAFFIC SIGNAL,NONE DETECTED,NONE DETECTED,4E921724-2BEC-4B8E-8171-70C680701174,PEDESTRIAN,Cross/Enter at Intersection,FAILURE TO OBEY TRAFFIC SIGNS SIGNALS OR OFFICER,ON ROADWAY AT CROSSWALK,DISOBEYED PED. SIGNAL,DARK CLOTHING,Yes,SUSPECTED SERIOUS INJURY,NONE,39.17056667,-77.20898333,"(39.17056667, -77.20898333)"
MCP11280043,15051173,MONTGOMERY,Injury Crash,10/09/2015 07:28:00 AM,Maryland (State),WISCONSIN AVE,County,ELM ST,,N/A,BICYCLIST,OTHER,CLOUDY,WET,DAWN,TRAFFIC SIGNAL,NONE DETECTED,NONE DETECTED,04EABA0B-B9A8-4C7C-ADA9-737ABF0E747F,BICYCLIST,Cross/Enter at Intersection,NO IMPROPER ACTIONS,ON ROADWAY AT CROSSWALK,OBEYED PED. SIGNAL,LIGHT CLOTHING,No,SUSPECTED MINOR INJURY,NONE,38.98281167,-77.09328167,"(38.98281167, -77.09328167)"
DD5652002S,230016400,Rockville Police Departme,Property Damage Crash,04/06/2023 07:54:00 AM,Municipality,CHAPMAN AVE,Municipality,HALPINE RD,,ROCKVILLE,PEDESTRIAN,SAME DIRECTION SIDESWIPE,CLEAR,DRY,DAYLIGHT,PERSON,NONE DETECTED,NONE DETECTED,E1EAE716-FD13-44FA-A26C-F4B58E6ACE9F,PEDESTRIAN,Standing,NO IMPROPER ACTIONS,OTHER,N/A,REFLECTIVE MATERIAL,No,NO APPARENT INJURY,REFLECTIVE CLOTHING,39.06272944,-77.1223989,"(39.06272944, -77.1223989)"
DD56150083,190056256,Rockville Police Departme,Injury Crash,11/21/2019 01:45:00 PM,Municipality,RITCHIE PKWY,Municipality,E JEFFERSON ST,,ROCKVILLE,PEDESTRIAN,OTHER,CLEAR,DRY,DAYLIGHT,STOP SIGN,NONE DETECTED,NONE DETECTED,B11AD8FA-B1BA-4C39-8BE7-51587D84AC85,PEDESTRIAN,Cross/Enter at Intersection,NO IMPROPER ACTIONS,AT INTERSECTION MARKED CROSSWALK,NO PED. SIGNAL,MIXED CLOTHING,No,POSSIBLE INJURY,NONE,39.075845,-77.141785,"(39.075845, -77.141785)"
MCP94190034,220003387,Montgomery County Police,Injury Crash,01/26/2022 09:19:00 AM,County,SHADY GROVE RD,County,ZETTS AVE,,N/A,PEDESTRIAN,SAME DIRECTION SIDESWIPE,CLEAR,DRY,DAYLIGHT,NO CONTROLS,NONE DETECTED,NONE DETECTED,192B4BBE-7BC5-4C8C-AF70-FF9C86556AF8,PEDESTRIAN,Other,IN ROADWAY IMPROPERLY,OTHER,N/A,LIGHT CLOTHING,Unknown,POSSIBLE INJURY,N/A,39.12144144,-77.1787081,"(39.12144144, -77.1787081)"
MCP2607005G,210027670,Montgomery County Police,Injury Crash,07/17/2021 07:43:00 PM,County,GOSHEN RD,Municipality,GIRARD ST,,GAITHERSBURG,PEDESTRIAN,N/A,RAINING,WET,DARK LIGHTS ON,NO CONTROLS,ALCOHOL PRESENT,N/A,02CAA792-F875-4E85-9E88-ECF2CFAA8B00,PEDESTRIAN,Standing,NO IMPROPER ACTIONS,OTHER,N/A,UNKNOWN,No,SUSPECTED SERIOUS INJURY,N/A,39.15185056,-77.1924815,"(39.15185056, -77.1924815)"
MCP2231001J,15059475,MONTGOMERY,Injury Crash,11/21/2015 08:20:00 AM,Maryland (State),BRADLEY BLVD,County,HOWELL RD,,N/A,PEDESTRIAN,SAME DIR REAR END,CLEAR,DRY,DAYLIGHT,NO CONTROLS,NONE DETECTED,NONE DETECTED,D38A91E8-A45A-4D26-80AA-F32424F6713B,PEDESTRIAN,Other Working,NO IMPROPER ACTIONS,SHOULDER,NO PED. SIGNAL,REFLECTIVE MATERIAL,No,SUSPECTED MINOR INJURY,REFLECTIVE CLOTHING,38.99733333,-77.13142833,"(38.99733333, -77.13142833)"
DD55950015,15014635,Rockville Police Departme,Property Damage Crash,03/30/2015 05:09:00 PM,,,,,The parking lot exit located at 1450 Rockville Pike,,"OTHER, OTHER CONVEYANCE",SINGLE VEHICLE,SEVERE WINDS,,DAYLIGHT,N/A,N/A,N/A,1B20D794-839A-4334-8524-17D1B6331D1E,OTHER CONVEYANCE,N/A,OTHER,SIDEWALK,N/A,N/A,,NO APPARENT INJURY,N/A,39.06661406,-77.12771416,"(39.06661406, -77.12771416)"
MCP263900D6,210044096,Montgomery County Police,Injury Crash,11/01/2021 01:59:00 PM,Maryland (State),LAYTONSVILLE RD,County,SUNDOWN RD,,N/A,PEDESTRIAN,SAME DIRECTION SIDESWIPE,CLEAR,DRY,DAYLIGHT,PERSON,NONE DETECTED,NONE DETECTED,C8E25C34-B0F5-4010-8CCE-A84FCC2BEC9D,PEDESTRIAN,Standing,DART DASH,OTHER,OTHER,REFLECTIVE MATERIAL,No,POSSIBLE INJURY,REFLECTIVE CLOTHING,39.21172,-77.14255833,"(39.21172, -77.14255833)"
MCP3019002D,190019917,Montgomery County Police,Injury Crash,03/23/2019 08:00:00 PM,County,WOODMONT AVE,County,BETHESDA AVE,,N/A,PEDESTRIAN,OTHER,CLEAR,DRY,DUSK,NO CONTROLS,NONE DETECTED,UNKNOWN,E92A3F94-9E87-418E-B4CE-64E01821AD66,PEDESTRIAN,Other,IN ROADWAY IMPROPERLY,ON ROADWAY NOT AT CROSSWALK,N/A,UNKNOWN,Yes,POSSIBLE INJURY,NONE,38.98125078,-77.09545621,"(38.98125078, -77.09545621)"
MCP2588000W,15028626,Montgomery County Police,Injury Crash,06/12/2015 01:57:00 PM,Maryland (State),GEORGIA AVE,Maryland (State),CONNECTICUT AVE,,N/A,PEDESTRIAN,OTHER,CLEAR,DRY,DAYLIGHT,N/A,N/A,ALCOHOL CONTRIBUTED,38208EA1-52DD-4BAC-940B-9B95E403A71B,PEDESTRIAN,Other,IN ROADWAY IMPROPERLY,OTHER,N/A,OTHER,,SUSPECTED MINOR INJURY,N/A,39.08431333,-77.078245,"(39.08431333, -77.078245)"