Report Number,Local Case Number,Agency Name,ACRS Report Type,Crash Date/Time,Route Type,Road Name,Cross-Street Type,Cross-Street Name,Off-Road Description,Municipality,Related Non-Motorist,Collision Type,Weather,Surface Condition,Light,Traffic Control,Driver Substance Abuse,Non-Motorist Substance Abuse,Person ID,Pedestrian Type,Pedestrian Movement,Pedestrian Actions,Pedestrian Location,Pedestrian Obeyed Traffic Signal,Pedestrian Visibility,At Fault,Injury Severity,Safety Equipment,Latitude,Longitude,Location
MCP2348005W,200034859,Montgomery County Police,Fatal Crash,09/05/2020 10:37:00 PM,Maryland (State),UNIVERSITY BLVD E,County,LANGLEY DR,,N/A,PEDESTRIAN,SINGLE VEHICLE,CLEAR,DRY,DARK LIGHTS ON,NO CONTROLS,NONE DETECTED,ALCOHOL PRESENT,1BD42259-0FCC-4BD4-9443-17400A675E51,PEDESTRIAN,Cross/Enter not at Intersection,DART DASH,ON ROADWAY NOT AT CROSSWALK,NO PED. SIGNAL,MIXED CLOTHING,Yes,FATAL INJURY,N/A,39.00158406,-76.99549353,"(39.00158406, -76.99549353)"
MCP3255003R,220028180,Montgomery County Police,Injury Crash,06/30/2022 05:30:00 PM,County,MONTGOMERY VILLAGE AVE,County,ARROWHEAD RD,,N/A,PEDESTRIAN,SINGLE VEHICLE,CLEAR,DRY,DAYLIGHT,NO CONTROLS,N/A,N/A,E84977D2-A2D3-4056-AE7D-B5EAEE514FE4,PEDESTRIAN,Cross/Enter not at Intersection,IN ROADWAY IMPROPERLY,MEDIAN,N/A,DARK CLOTHING,Yes,POSSIBLE INJURY,NONE,39.18790333,-77.19760167,"(39.18790333, -77.19760167)"
MCP28850029,170545056,Montgomery County Police,Injury Crash,11/26/2017 08:45:00 PM,Maryland (State),UNIVERSITY BLVD W,Maryland (State),VEIRS MILL RD,,N/A,PEDESTRIAN,OTHER,CLEAR,DRY,DARK LIGHTS ON,TRAFFIC SIGNAL,UNKNOWN,NONE DETECTED,4AC1ED98-2B4E-4EB0-9047-73EEF2CEE4ED,PEDESTRIAN,Cross/Enter at Intersection,NO IMPROPER ACTIONS,ON ROADWAY AT CROSSWALK,OBEYED PED. SIGNAL,DARK CLOTHING,No,SUSPECTED MINOR INJURY,NONE,39.04030667,-77.05557667,"(39.04030667, -77.05557667)"
MCP9390000R,17003344,Montgomery County Police,Injury Crash,01/19/2017 06:00:00 PM,County,FIELDS RD,Municipality,RIO BLVD,,GAITHERSBURG,PEDESTRIAN,SINGLE VEHICLE,CLEAR,DRY,DARK LIGHTS ON,N/A,N/A,N/A,0BBDFACF-922C-47DA-98E8-2400A45A331D,PEDESTRIAN,Cross/Enter not at Intersection,IN ROADWAY IMPROPERLY,ON ROADWAY NOT AT CROSSWALK,NO PED. SIGNAL,DARK CLOTHING,Yes,SUSPECTED MINOR INJURY,N/A,39.11622061,-77.20594615,"(39.11622061, -77.20594615)"
MCP2935001G,170545545,Montgomery County Police,Injury Crash,11/28/2017 08:18:00 PM,County,FENTON ST,US (State),COLESVILLE RD,,N/A,PEDESTRIAN,SINGLE VEHICLE,CLEAR,DRY,DARK LIGHTS ON,TRAFFIC SIGNAL,NONE DETECTED,NONE DETECTED,A879CB6B-7134-4C1F-8EEF-1C8F17F2A833,PEDESTRIAN,Cross/Enter at Intersection,NO IMPROPER ACTIONS,AT INTERSECTION MARKED CROSSWALK,OBEYED PED. SIGNAL,DARK CLOTHING,No,SUSPECTED MINOR INJURY,NONE,38.98209667,-77.02003833,"(38.98209667, -77.02003833)"
MCP3195000Q,190053930,Montgomery County Police,Injury Crash,11/08/2019 06:40:00 PM,US (State),COLUMBIA PIKE,County,INDUSTRIAL PKWY,,N/A,PEDESTRIAN,STRAIGHT MOVEMENT ANGLE,CLEAR,DRY,DARK LIGHTS ON,TRAFFIC SIGNAL,N/A,NONE DETECTED,3B8C5C72-9AC7-4E13-B77B-F5ABE182368F,PEDESTRIAN,Cross/Enter at Intersection,DART DASH,ON ROADWAY NOT AT CROSSWALK,DISOBEYED PED. SIGNAL,DARK CLOTHING,Yes,SUSPECTED SERIOUS INJURY,NONE,39.0563,-76.97162333,"(39.0563, -76.97162333)"
MCP2425008G,17001565,Montgomery County Police,Injury Crash,01/10/2017 07:50:00 AM,,,,,PARKING LOT OF 2 UNIVERSITY BLVD W,,PEDESTRIAN,OTHER,CLEAR,,DAYLIGHT,NO CONTROLS,N/A,NONE DETECTED,82E60120-8F5A-4564-87AC-8D94951B2E64,PEDESTRIAN,Walking/Cycling on Sidewalk,UNKNOWN,SIDEWALK,N/A,DARK CLOTHING,Unknown,SUSPECTED MINOR INJURY,NONE,39.02050333,-77.01314667,"(39.02050333, -77.01314667)"
MCP2902001W,170501904,Montgomery County Police,Injury Crash,04/13/2017 11:57:00 AM,Maryland (State),HUNGERFORD DR,Municipality,N WASHINGTON ST,,ROCKVILLE,OTHER,OTHER,CLEAR,DRY,DAYLIGHT,TRAFFIC SIGNAL,UNKNOWN,NONE DETECTED,05B2333E-4B97-45DF-9769-65E21168E348,OTHER,Standing,NO IMPROPER ACTIONS,ON ROADWAY NOT AT CROSSWALK,UNKNOWN,MIXED CLOTHING,No,SUSPECTED MINOR INJURY,UNKNOWN,39.09092519,-77.15305567,"(39.09092519, -77.15305567)"
MCP26890033,170505880,Montgomery County Police,Injury Crash,05/04/2017 01:24:00 PM,County,E JEFFERSON ST,Unknown,ENT TO FEDERAL PLAZA SC,,N/A,OTHER CONVEYANCE,STRAIGHT MOVEMENT ANGLE,CLEAR,DRY,DAYLIGHT,NO CONTROLS,NONE DETECTED,NONE DETECTED,11CF6C28-F81E-4FA7-A012-C07343FB7F16,OTHER CONVEYANCE,Cross/Enter at Intersection,NO IMPROPER ACTIONS,OTHER,NO PED. SIGNAL,LIGHT CLOTHING,No,POSSIBLE INJURY,NONE,39.05785451,-77.12624967,"(39.05785451, -77.12624967)"
MCP137800GP,170504827,Montgomery County Police,Injury Crash,04/28/2017 08:46:00 PM,County,GOSHEN RD,County,CENTERWAY RD,,N/A,BICYCLIST,SINGLE VEHICLE,CLEAR,DRY,DARK LIGHTS ON,TRAFFIC SIGNAL,NONE DETECTED,NONE DETECTED,56D1AABC-B81D-41A9-B98B-6A15B4CEA98E,BICYCLIST,Cross/Enter at Intersection,NO IMPROPER ACTIONS,ON ROADWAY AT CROSSWALK,OBEYED PED. SIGNAL,MIXED CLOTHING,No,POSSIBLE INJURY,NONE,39.16960297,-77.19067499,"(39.16960297, -77.19067499)"
MCP285900BH,210042466,Montgomery County Police,Injury Crash,10/22/2021 10:50:00 AM,,,,,"PARKING LOT 297 MUDDY BRANCH RD, GAITHERSBURG, MD 20878",,PEDESTRIAN,OTHER,CLEAR,,DAYLIGHT,NO CONTROLS,NONE DETECTED,NONE DETECTED,EDE3D255-AAA9-4CB5-9605-82166253EF9E,PEDESTRIAN,Other,NO IMPROPER ACTIONS,OTHER,NO PED. SIGNAL,DARK CLOTHING,No,POSSIBLE INJURY,NONE,39.12745,-77.20826167,"(39.12745, -77.20826167)"
MCP2351003L,190052610,Montgomery County Police,Injury Crash,11/01/2019 11:57:00 AM,,,,,SIDEWALK ADJACENT 5451 RANDOLPH RD,,BICYCLIST,OTHER,CLEAR,,DAYLIGHT,NO CONTROLS,NONE DETECTED,NONE DETECTED,748E462C-28C6-454A-961B-48B1F1AC16DA,BICYCLIST,Walking/Cycling on Sidewalk,UNKNOWN,SIDEWALK,N/A,MIXED CLOTHING,Unknown,SUSPECTED MINOR INJURY,NONE,39.05356833,-77.10807833,"(39.05356833, -77.10807833)"
EJ7893000W,220020145,Gaithersburg Police Depar,Injury Crash,05/12/2022 08:37:00 AM,County,SHADY GROVE RD,Ramp,RAMP 6 FR SHADY GROVE RD EB TO IS 270 SB,,N/A,BICYCLIST,OTHER,CLOUDY,DRY,DAYLIGHT,TRAFFIC SIGNAL,NONE DETECTED,NONE DETECTED,AC0FD610-C7CE-4182-9CD0-9945E865D30E,BICYCLIST,Walking/Cycling on Sidewalk,NO IMPROPER ACTIONS,AT INTERSECTION MARKED CROSSWALK,UNKNOWN,MIXED CLOTHING,No,POSSIBLE INJURY,NONE,39.10946505,-77.18828765,"(39.10946505, -77.18828765)"
MCP32010015,200007676,Montgomery County Police,Injury Crash,02/15/2020 07:55:00 AM,,,,,ON A SERVICE ROAD IN BETWEEN POST OFFICE AND PARKING LOT OF POST OFFICE LOCATED AT 10079 STEDWICK RD,,PEDESTRIAN,SINGLE VEHICLE,CLEAR,,DAYLIGHT,N/A,N/A,N/A,D30CF38F-FD3D-4B4A-AF2E-E0A340C092D0,PEDESTRIAN,Cross/Enter not at Intersection,NO IMPROPER ACTIONS,OTHER,N/A,LIGHT CLOTHING,No,SUSPECTED MINOR INJURY,NONE,39.1710561,-77.20813914,"(39.1710561, -77.20813914)"
MCP3122002L,190057491,Montgomery County Police,Injury Crash,11/28/2019 11:25:00 PM,,,,,PARKING LOT OF 2304 BLUERIDGE AVE,,PEDESTRIAN,SINGLE VEHICLE,CLEAR,,DARK LIGHTS ON,N/A,ALCOHOL PRESENT,NONE DETECTED,CAD6BF0E-61C2-4939-AAD3-53C9076A6EF9,PEDESTRIAN,Other,NO IMPROPER ACTIONS,OTHER,N/A,MIXED CLOTHING,No,SUSPECTED SERIOUS INJURY,N/A,39.04272545,-77.04853504,"(39.04272545, -77.04853504)"
MCP2680001F,15029963,Montgomery County Police,Injury Crash,06/19/2015 02:00:00 PM,Maryland (State),COLESVILLE RD,County,SECOND AVE,,N/A,PEDESTRIAN,STRAIGHT MOVEMENT ANGLE,CLEAR,DRY,DAYLIGHT,TRAFFIC SIGNAL,NONE DETECTED,NONE DETECTED,096A825F-8178-42C2-8266-E1B0485D4317,PEDESTRIAN,Cross/Enter at Intersection,NO IMPROPER ACTIONS,ON ROADWAY AT CROSSWALK,OBEYED PED. SIGNAL,LIGHT CLOTHING,,SUSPECTED MINOR INJURY,NONE,38.99485167,-77.03069833,"(38.99485167, -77.03069833)"
MCP27140017,190035825,Montgomery County Police,Injury Crash,07/27/2019 05:23:00 PM,,,,,DRIVE WAY IN FRONT OF 13711 GEORGIA AVE,,BICYCLIST,OTHER,CLEAR,,DAYLIGHT,NO CONTROLS,NONE DETECTED,NONE DETECTED,F10750D6-1ECB-4DF9-9744-9CC3B500385B,BICYCLIST,Cross/Enter not at Intersection,DART DASH,SIDEWALK,NO PED. SIGNAL,N/A,No,NO APPARENT INJURY,NONE,39.080015,-77.07357333,"(39.080015, -77.07357333)"
MCP9419003F,220021170,Montgomery County Police,Injury Crash,05/18/2022 02:30:00 PM,,,,,SIDEWALK/PARKING LOT OF 1029 E. GUDE DRIVE,,BICYCLIST,STRAIGHT MOVEMENT ANGLE,CLEAR,,DAYLIGHT,NO CONTROLS,NONE DETECTED,NONE DETECTED,100068DE-6A4A-45C4-8A6B-09F37E9E5647,BICYCLIST,Walking/Cycling on Sidewalk,NO IMPROPER ACTIONS,SIDEWALK,N/A,MIXED CLOTHING,No,SUSPECTED MINOR INJURY,MC/BIKE HELMET,39.098385,-77.13816,"(39.098385, -77.13816)"
MCP1378009X,16027832,Montgomery County Police,Injury Crash,06/03/2016 05:15:00 PM,Maryland (State),QUINCE ORCHARD RD,Municipality,QUINCE ORCHARD BLVD,,GAITHERSBURG,BICYCLIST,SINGLE VEHICLE,CLOUDY,WET,DAYLIGHT,TRAFFIC SIGNAL,NONE DETECTED,NONE DETECTED,35BA241B-CE94-4081-8208-8D1865D6A656,BICYCLIST,Cross/Enter at Intersection,FAILURE TO YIELD RIGHT OF WAY,ON ROADWAY AT CROSSWALK,OBEYED PED. SIGNAL,DARK CLOTHING,Yes,POSSIBLE INJURY,NONE,39.13464333,-77.223795,"(39.13464333, -77.223795)"
MCP24920014,190018949,Montgomery County Police,Injury Crash,04/23/2019 07:30:00 AM,Maryland (State),GREAT SENECA HWY,County,MIDDLEBROOK RD,,N/A,PEDESTRIAN,OTHER,CLEAR,DRY,DAYLIGHT,TRAFFIC SIGNAL,NONE DETECTED,NONE DETECTED,01BDAC8E-A031-4488-B756-C53AEE4A001F,PEDESTRIAN,Cross/Enter at Intersection,FAILURE TO OBEY TRAFFIC SIGNS SIGNALS OR OFFICER,ON ROADWAY AT CROSSWALK,DISOBEYED PED. SIGNAL,DARK CLOTHING,Yes,POSSIBLE INJURY,NONE,39.17482667,-77.26058,"(39.17482667, -77.26058)"
HA24490016,21000833,Maryland-National Capital,Injury Crash,05/05/2021 07:08:00 AM,Government,SLIGO CREEK PKWY,County,DENNIS AVE,,N/A,BICYCLIST,SAME DIR REAR END,RAINING,WET,DAYLIGHT,N/A,N/A,N/A,9AA69E4D-3CF1-4781-8154-23659E7D1866,BICYCLIST,Walking/Riding w/Traffic,NO IMPROPER ACTIONS,ON ROADWAY NOT AT CROSSWALK,N/A,LIGHT CLOTHING,No,SUSPECTED MINOR INJURY,UNKNOWN,39.02169805,-77.03041724,"(39.02169805, -77.03041724)"
MCP2311004P,180052861,Montgomery County Police,Property Damage Crash,10/22/2018 11:01:00 AM,Maryland (State),CLOPPER RD,Municipality,FIRSTFIELD RD,,GAITHERSBURG,BICYCLIST,SINGLE VEHICLE,CLEAR,DRY,DAYLIGHT,TRAFFIC SIGNAL,N/A,N/A,B688E8F5-63FE-459B-844A-FEBD8D21738F,BICYCLIST,Cross/Enter at Intersection,WRONG WAY RIDING OR WALKING,ON ROADWAY NOT AT CROSSWALK,OTHER,DARK CLOTHING,Yes,NO APPARENT INJURY,MC/BIKE HELMET,39.14388333,-77.22395667,"(39.14388333, -77.22395667)"
MCP2968001V,170545631,Montgomery County Police,Property Damage Crash,11/29/2017 05:38:00 PM,County,TRAVILAH RD,County,STONEBRIDGE VIEW DR,,N/A,PEDESTRIAN,OTHER,CLEAR,DRY,DARK LIGHTS ON,NO CONTROLS,N/A,N/A,7D75ABCF-A360-4375-953A-D9A94239E0CD,PEDESTRIAN,Cross/Enter at Intersection,N/A,AT INTERSECTION MARKED CROSSWALK,NO PED. SIGNAL,MIXED CLOTHING,No,NO APPARENT INJURY,N/A,39.08924,-77.21421667,"(39.08924, -77.21421667)"
MCP3020003S,190030789,Montgomery County Police,Injury Crash,06/28/2019 08:52:00 AM,County,BEL PRE RD,Other Public Roadway,PARKER FARM WAY,,N/A,PEDESTRIAN,SINGLE VEHICLE,CLEAR,DRY,DAYLIGHT,TRAFFIC SIGNAL,NONE DETECTED,NONE DETECTED,EF31AB98-C5CB-4791-8719-600022EC2E74,PEDESTRIAN,Cross/Enter at Intersection,NO IMPROPER ACTIONS,ON ROADWAY AT CROSSWALK,OBEYED PED. SIGNAL,MIXED CLOTHING,No,SUSPECTED MINOR INJURY,N/A,39.09059333,-77.04808667,"(39.09059333, -77.04808667)"
MCP209400JG,220012123,Montgomery County Police,Injury Crash,03/21/2022 11:05:00 AM,County,QUINTANA DR,County,DWIGHT DR,,N/A,OTHER,OTHER,CLEAR,DRY,DAYLIGHT,NO CONTROLS,NONE DETECTED,NONE DETECTED,29DCC8DA-985E-4E6C-B4B0-72D20932A9AE,OTHER,Other,OTHER,ON ROADWAY NOT AT CROSSWALK,N/A,REFLECTIVE MATERIAL,No,SUSPECTED SERIOUS INJURY,REFLECTIVE CLOTHING,39.00416,-77.15812833,"(39.00416, -77.15812833)"
MCP3161002R,210013423,Montgomery County Police,Injury Crash,04/10/2021 05:45:00 PM,Maryland (State),PLYERS MILL RD,Maryland (State),CONNECTICUT AVE,,N/A,PEDESTRIAN,SINGLE VEHICLE,CLEAR,DRY,DAYLIGHT,NO CONTROLS,NONE DETECTED,NONE DETECTED,A14729E8-A0CB-494E-9B1B-FB475D179A85,PEDESTRIAN,Cross/Enter not at Intersection,IN ROADWAY IMPROPERLY,ON ROADWAY NOT AT CROSSWALK,N/A,DARK CLOTHING,Yes,POSSIBLE INJURY,NONE,39.02972833,-77.0752,"(39.02972833, -77.0752)"
HA2449000L,19002876,Maryland-National Capital,Injury Crash,10/26/2019 09:48:00 AM,County,DENNIS AVE,Government,SLIGO CREEK PKWY,,N/A,BICYCLIST,SINGLE VEHICLE,CLEAR,DRY,DAYLIGHT,WARNING SIGN,N/A,N/A,CE1C3A9F-50CA-4A0F-8D7D-C0B93E775C03,BICYCLIST,Other,NO IMPROPER ACTIONS,ON ROADWAY AT CROSSWALK,NO PED. SIGNAL,DARK CLOTHING,No,SUSPECTED MINOR INJURY,MC/BIKE HELMET,39.0242296,-77.03047455,"(39.0242296, -77.03047455)"
DM8430000Q,17015804,Takoma Park Police Depart,Injury Crash,03/28/2017 01:17:00 PM,Municipality,SHERIDAN ST,Maryland (State),NEW HAMPSHIRE AVE,,N/A,PEDESTRIAN,OTHER,CLEAR,N/A,DAYLIGHT,NO CONTROLS,UNKNOWN,NONE DETECTED,F20CE920-27D7-43F3-B497-A9B5DDE31ABF,PEDESTRIAN,Other,OTHER,N/A,NO PED. SIGNAL,MIXED CLOTHING,No,POSSIBLE INJURY,N/A,38.96673667,-77.00201833,"(38.96673667, -77.00201833)"
MCP2450003V,220000178,Montgomery County Police,Injury Crash,01/02/2022 04:20:00 PM,Maryland (State),PINEY BRANCH RD,Maryland (State),UNIVERSITY BLVD E,,N/A,PEDESTRIAN,OTHER,N/A,WET,UNKNOWN,OTHER,N/A,ALCOHOL CONTRIBUTED,32D36CC3-596D-4D22-A61A-B527E8B134D5,PEDESTRIAN,Unknown,UNKNOWN,CURB,UNKNOWN,UNKNOWN,Yes,SUSPECTED SERIOUS INJURY,N/A,38.99956189,-76.99609516,"(38.99956189, -76.99609516)"
MCP27890021,15066997,Montgomery County Police,Injury Crash,12/30/2015 07:14:00 PM,Maryland (State),16TH ST,Maryland (State),EAST WEST HWY,,N/A,PEDESTRIAN,SINGLE VEHICLE,FOGGY,WET,DARK LIGHTS ON,TRAFFIC SIGNAL,N/A,N/A,E5109CE6-D4E4-4CD4-9299-3F102D4FDAA6,PEDESTRIAN,Cross/Enter at Intersection,NO IMPROPER ACTIONS,AT INTERSECTION MARKED CROSSWALK,OBEYED PED. SIGNAL,MIXED CLOTHING,No,SUSPECTED MINOR INJURY,N/A,38.99486333,-77.03616333,"(38.99486333, -77.03616333)"
MCP32950021,220038285,Montgomery County Police,Injury Crash,09/03/2022 08:48:00 PM,US (State),COLESVILLE RD,County,TIMBERWOOD AVE,,N/A,PEDESTRIAN,SINGLE VEHICLE,CLEAR,DRY,DARK -- UNKNOWN LIGHTING,STOP SIGN,UNKNOWN,NONE DETECTED,33D2AFFE-14AB-4CEE-A84F-9B61376B2723,PEDESTRIAN,Cross/Enter at Intersection,NO IMPROPER ACTIONS,OTHER,NO PED. SIGNAL,DARK CLOTHING,No,SUSPECTED MINOR INJURY,NONE,39.02151833,-77.011905,"(39.02151833, -77.011905)"
MCP13010012,190029999,Montgomery County Police,Injury Crash,06/23/2019 01:39:00 PM,Other Public Roadway,HIGGINS PL,Other Public Roadway,FISHERS LA,,N/A,PEDESTRIAN,SINGLE VEHICLE,N/A,DRY,DAYLIGHT,N/A,NONE DETECTED,NONE DETECTED,B7084CFE-2840-4EDD-9C14-E974B8ABCEA7,PEDESTRIAN,Other,OTHER,INSIDE BUILDING,N/A,MIXED CLOTHING,No,SUSPECTED SERIOUS INJURY,UNKNOWN,39.06273667,-77.11780833,"(39.06273667, -77.11780833)"
MCP3341001T,230031983,Montgomery County Police,Injury Crash,07/05/2023 08:40:00 AM,Maryland (State),LAYHILL RD,Unknown,ENT TO METRO STORAGE YARD,,N/A,PEDESTRIAN,OTHER,CLEAR,DRY,DAYLIGHT,STOP SIGN,N/A,N/A,A84F2412-76C7-46C5-8CF1-BDDD1ABABA44,PEDESTRIAN,Walking/Cycling on Sidewalk,NO IMPROPER ACTIONS,ON ROADWAY AT CROSSWALK,NO PED. SIGNAL,MIXED CLOTHING,No,SUSPECTED MINOR INJURY,NONE,39.06552667,-77.04827583,"(39.06552667, -77.04827583)"
MCP2298011W,220049143,Montgomery County Police,Injury Crash,11/07/2022 04:04:00 PM,County,YEARLING DR,County,YEARLING CT,,N/A,PEDESTRIAN,SINGLE VEHICLE,CLEAR,DRY,DUSK,NO CONTROLS,NONE DETECTED,UNKNOWN,0728D8F7-11F9-4BB4-B809-D2C65A03DF7B,PEDESTRIAN,Unknown,UNKNOWN,UNKNOWN,N/A,MIXED CLOTHING,Yes,SUSPECTED SERIOUS INJURY,NONE,39.09669081,-77.21431588,"(39.09669081, -77.21431588)"
MCP2871008B,220052897,Montgomery County Police,Injury Crash,11/30/2022 05:38:00 PM,Maryland (State),ROCKVILLE PIKE,County,NICHOLSON LA,,N/A,PEDESTRIAN,OTHER,CLEAR,DRY,DARK LIGHTS ON,TRAFFIC SIGNAL,NONE DETECTED,NONE DETECTED,0E616280-34E5-47DB-84DC-E10F921BF2A1,PEDESTRIAN,Cross/Enter at Intersection,FAILURE TO YIELD RIGHT OF WAY,ON ROADWAY AT CROSSWALK,DISOBEYED PED. SIGNAL,MIXED CLOTHING,Yes,POSSIBLE INJURY,N/A,39.04445833,-77.11144,"(39.04445833, -77.11144)"
MCP28680026,17003671,Montgomery County Police,Injury Crash,01/21/2017 04:55:00 PM,Maryland (State),WISCONSIN AVE,County,STANFORD ST,,N/A,BICYCLIST,OTHER,CLOUDY,DRY,DUSK,TRAFFIC SIGNAL,NONE DETECTED,NONE DETECTED,1D78D795-D9BF-4C8E-B5B9-C78B6B1C6F40,BICYCLIST,Walking/Riding w/Traffic,IMPROPER PASSING,ON ROADWAY NOT AT CROSSWALK,N/A,MIXED CLOTHING,Yes,POSSIBLE INJURY,MC/BIKE HELMET,38.97847962,-77.09127232,"(38.97847962, -77.09127232)"
MCP0961000S,16021560,Montgomery County Police,Injury Crash,05/02/2016 08:04:00 AM,Maryland (State),CLOPPER RD,Municipality,LONGDRAFT RD,,GAITHERSBURG,PEDESTRIAN,SINGLE VEHICLE,RAINING,WET,DAYLIGHT,NO CONTROLS,NONE DETECTED,NONE DETECTED,9F494E2E-C211-42DA-961F-B5B21CEB5D49,PEDESTRIAN,Standing,NO IMPROPER ACTIONS,SIDEWALK,N/A,OTHER,No,SUSPECTED MINOR INJURY,NONE,39.14811333,-77.23741,"(39.14811333, -77.23741)"
MCP9419002N,200030096,Montgomery County Police,Injury Crash,08/03/2020 01:49:00 PM,,,,,PARKING LOT OF 12409 BRAXFIELD CT.,,PEDESTRIAN,OTHER,CLOUDY,,DAYLIGHT,NO CONTROLS,NONE DETECTED,NONE DETECTED,38464FA5-1EAE-4209-B0A6-139F2C434B6D,PEDESTRIAN,Other,N/A,OTHER,N/A,DARK CLOTHING,No,SUSPECTED MINOR INJURY,NONE,39.05966701,-77.10486404,"(39.05966701, -77.10486404)"
DD5502004Y,190010874,Rockville Police Departme,Injury Crash,03/08/2019 07:26:00 AM,Municipality,E MIDDLE LA,Unknown,CROSSOVER,,N/A,PEDESTRIAN,OTHER,SNOW,WET,DUSK,YIELD SIGN,NONE DETECTED,NONE DETECTED,FFD1EA75-592F-47E3-B284-0CDABA679B1B,PEDESTRIAN,Cross/Enter at Intersection,NO IMPROPER ACTIONS,ON ROADWAY AT CROSSWALK,OTHER,DARK CLOTHING,No,SUSPECTED MINOR INJURY,N/A,39.08514158,-77.15002358,"(39.08514158, -77.15002358)"
MCP2853001V,16029275,Montgomery County Police,Injury Crash,06/10/2016 03:50:00 PM,County,LANGLEY DR,County,GLENVILLE RD,,N/A,PEDESTRIAN,SINGLE VEHICLE,CLEAR,DRY,DAYLIGHT,NO CONTROLS,UNKNOWN,N/A,CDCBC5E3-F7A9-49AA-917D-8BD1DDECCC99,PEDESTRIAN,Walking to/from school,NO IMPROPER ACTIONS,N/A,N/A,MIXED CLOTHING,No,SUSPECTED MINOR INJURY,N/A,39.00149957,-76.99610353,"(39.00149957, -76.99610353)"
MCP31390036,220023142,Montgomery County Police,Injury Crash,05/30/2022 07:19:00 PM,,,,,3660 CHILDRESS TERRACE,,OTHER,OTHER,CLEAR,,DAYLIGHT,NO CONTROLS,NONE DETECTED,N/A,2864C7ED-D495-4A2C-BCA9-95202CD521DA,OTHER,N/A,NO IMPROPER ACTIONS,INSIDE BUILDING,N/A,N/A,No,NO APPARENT INJURY,N/A,39.091989,-76.93580717,"(39.091989, -76.93580717)"
MCP2921000T,15054868,MONTGOMERY,Injury Crash,10/28/2015 07:21:00 PM,,,,,"ROAD IN MILESTONE SHOPPING CENTER
 IN FRONT OF THE PETSMART",,PEDESTRIAN,SINGLE VEHICLE,RAINING,,DARK LIGHTS ON,N/A,NONE DETECTED,NONE DETECTED,39494EC5-273E-484E-AC36-587B0F1124B5,PEDESTRIAN,Cross/Enter at Intersection,NO IMPROPER ACTIONS,ON ROADWAY AT CROSSWALK,NO PED. SIGNAL,N/A,No,SUSPECTED MINOR INJURY,NONE,39.20164333,-77.24978667,"(39.20164333, -77.24978667)"
DD5652000C,220007964,Rockville Police Departme,Injury Crash,02/23/2022 03:26:00 PM,Municipality,N WASHINGTON ST,Municipality,DAWSON AVE,,ROCKVILLE,PEDESTRIAN,OTHER,CLEAR,DRY,DAYLIGHT,TRAFFIC SIGNAL,NONE DETECTED,NONE DETECTED,395952AA-D774-40B9-937F-E6BBEBF663A8,PEDESTRIAN,Cross/Enter at Intersection,NO IMPROPER ACTIONS,ON ROADWAY AT CROSSWALK,OBEYED PED. SIGNAL,MIXED CLOTHING,No,SUSPECTED MINOR INJURY,NONE,39.08850983,-77.1536315,"(39.08850983, -77.1536315)"
MCP2395000G,16058910,Montgomery County Police,Property Damage Crash,11/15/2016 06:06:00 PM,County,WASCHE RD,County,W HUNTER RD,,N/A,OTHER,SINGLE VEHICLE,CLEAR,DRY,DARK NO LIGHTS,N/A,NONE DETECTED,N/A,BFA01931-03CF-452C-834B-3217F73507EA,OTHER,N/A,N/A,N/A,N/A,N/A,No,NO APPARENT INJURY,N/A,39.170425,-77.44684833,"(39.170425, -77.44684833)"
MCP3132001W,190058472,Montgomery County Police,Injury Crash,12/04/2019 05:16:00 PM,County,WESTBARD AVE,County,CROWN ST,,N/A,PEDESTRIAN,OTHER,CLOUDY,DRY,DARK NO LIGHTS,N/A,N/A,N/A,2EE10F02-5D61-46DC-A608-93A98B0B6BEA,PEDESTRIAN,Cross/Enter not at Intersection,NO IMPROPER ACTIONS,ON ROADWAY AT CROSSWALK,N/A,DARK CLOTHING,No,SUSPECTED SERIOUS INJURY,NONE,38.959845,-77.10820667,"(38.959845, -77.10820667)"
MCP2871003S,16066438,Montgomery County Police,Injury Crash,12/26/2016 05:00:00 PM,County,DEMOCRACY BLVD,Unknown,ENT TO MALL,,N/A,OTHER,SINGLE VEHICLE,N/A,DRY,DUSK,PERSON,N/A,NONE DETECTED,C59FD9CF-5C4D-4E78-BF8C-3D5C07DCC187,OTHER,Other Working,NO IMPROPER ACTIONS,AT INTERSECTION BUT NO CROSSWALK,N/A,REFLECTIVE MATERIAL,No,SUSPECTED MINOR INJURY,NONE,39.02402,-77.144265,"(39.02402, -77.144265)"
MCP1379003T,15013591,Montgomery County Police,Injury Crash,03/24/2015 03:05:00 PM,Maryland (State),OLD GEORGETOWN RD,County,DEMOCRACY BLVD,,N/A,BICYCLIST,STRAIGHT MOVEMENT ANGLE,CLEAR,DRY,DAYLIGHT,TRAFFIC SIGNAL,NONE DETECTED,NONE DETECTED,4A560FEB-43F5-4A08-9C08-7821D9098990,BICYCLIST,Cross/Enter at Intersection,NO IMPROPER ACTIONS,ON ROADWAY AT CROSSWALK,OBEYED PED. SIGNAL,LIGHT CLOTHING,,SUSPECTED SERIOUS INJURY,MC/BIKE HELMET,39.02484167,-77.125805,"(39.02484167, -77.125805)"