Report Number,Local Case Number,Agency Name,ACRS Report Type,Crash Date/Time,Route Type,Road Name,Cross-Street Type,Cross-Street Name,Off-Road Description,Municipality,Related Non-Motorist,Collision Type,Weather,Surface Condition,Light,Traffic Control,Driver Substance Abuse,Non-Motorist Substance Abuse,Person ID,Pedestrian Type,Pedestrian Movement,Pedestrian Actions,Pedestrian Location,Pedestrian Obeyed Traffic Signal,Pedestrian Visibility,At Fault,Injury Severity,Safety Equipment,Latitude,Longitude,Location
MCP2231004D,180060385,Montgomery County Police,Injury Crash,12/03/2018 11:09:00 AM,Maryland (State),QUINCE ORCHARD RD,Ramp,RAMP 7 FR MD 124 WB TO IS 270 SB,,N/A,PEDESTRIAN,SINGLE VEHICLE,CLEAR,DRY,DAYLIGHT,NO CONTROLS,NONE DETECTED,NONE DETECTED,5B22DE0A-8C19-4443-B842-3B968343E6BE,PEDESTRIAN,Cross/Enter not at Intersection,IN ROADWAY IMPROPERLY,ON ROADWAY NOT AT CROSSWALK,NO PED. SIGNAL,DARK CLOTHING,Yes,POSSIBLE INJURY,N/A,39.14846667,-77.217555,"(39.14846667, -77.217555)"
MCP3084005P,220012128,Montgomery County Police,Injury Crash,03/21/2022 11:24:00 AM,Maryland (State),CONNECTICUT AVE,Municipality,PERRY AVE,,KENSINGTON,PEDESTRIAN,OTHER,CLEAR,DRY,DAYLIGHT,TRAFFIC SIGNAL,NONE DETECTED,NONE DETECTED,370766FA-7AE4-4839-BDBE-BD731F4EB474,PEDESTRIAN,Cross/Enter at Intersection,NO IMPROPER ACTIONS,ON ROADWAY AT CROSSWALK,OBEYED PED. SIGNAL,MIXED CLOTHING,No,POSSIBLE INJURY,N/A,39.03296333,-77.07479333,"(39.03296333, -77.07479333)"
MCP2298004F,15007167,Montgomery County Police,Injury Crash,02/12/2015 03:33:00 PM,County,FATHER HURLEY BLVD,County,WYNNFIELD DR,,N/A,PEDESTRIAN,OTHER,CLEAR,DRY,DAYLIGHT,TRAFFIC SIGNAL,NONE DETECTED,NONE DETECTED,A1C9E4E8-6B7B-43D8-989B-6EB114A6833B,PEDESTRIAN,Cross/Enter at Intersection,FAILURE TO OBEY TRAFFIC SIGNS SIGNALS OR OFFICER,AT INTERSECTION MARKED CROSSWALK,OTHER,N/A,,SUSPECTED MINOR INJURY,N/A,39.186365,-77.27426167,"(39.186365, -77.27426167)"
MCP2353002Z,16050932,Montgomery County Police,Injury Crash,10/04/2016 11:40:00 AM,Maryland (State),RIVER RD,Unknown,CAPITOL CRESCENT TRAIL BRIDGE,,N/A,PEDESTRIAN,SINGLE VEHICLE,CLEAR,DRY,DAYLIGHT,OTHER,NONE DETECTED,NONE DETECTED,00DC94D2-5F27-499D-85DD-D39EC5E150DB,PEDESTRIAN,Cross/Enter not at Intersection,NO IMPROPER ACTIONS,ON ROADWAY AT CROSSWALK,NO PED. SIGNAL,LIGHT CLOTHING,No,SUSPECTED SERIOUS INJURY,NONE,38.96444833,-77.10323833,"(38.96444833, -77.10323833)"
DM8437000Y,16036778,Takoma Park Police Depart,Injury Crash,07/20/2016 06:20:00 PM,Maryland (State),UNIVERSITY BLVD E,Municipality,MERRIMAC DR,,TAKOMA PARK,PEDESTRIAN,OTHER,CLEAR,DRY,DAYLIGHT,TRAFFIC SIGNAL,NONE DETECTED,NONE DETECTED,07B1EC1C-4308-4B65-8B3E-83EACE51D570,PEDESTRIAN,Cross/Enter at Intersection,DART DASH,ON ROADWAY AT CROSSWALK,DISOBEYED PED. SIGNAL,LIGHT CLOTHING,Yes,SUSPECTED SERIOUS INJURY,NONE,38.98154833,-77.0095,"(38.98154833, -77.0095)"
MCP29400007,16000092,Montgomery County Police,Property Damage Crash,01/05/2016 10:48:00 AM,County,MACARTHUR BLVD,County,STABLE LA,,N/A,BICYCLIST,SINGLE VEHICLE,CLOUDY,DRY,DAYLIGHT,NO CONTROLS,NONE DETECTED,NONE DETECTED,11FF6EBE-7C08-4146-83B6-921D40CE16DA,BICYCLIST,Walking/Riding w/Traffic,NO IMPROPER ACTIONS,ON ROADWAY NOT AT CROSSWALK,NO PED. SIGNAL,LIGHT CLOTHING,No,NO APPARENT INJURY,MC/BIKE HELMET,38.98223061,-77.22650528,"(38.98223061, -77.22650528)"
MCP2674003P,230012338,Montgomery County Police,Property Damage Crash,03/13/2023 06:45:00 PM,County,DOXDAM TERR,County,SEVERNDALE TERR,,N/A,PEDESTRIAN,SINGLE VEHICLE,CLEAR,DRY,DAYLIGHT,NO CONTROLS,UNKNOWN,NONE DETECTED,84F1240B-AA30-4BA0-AE29-4ABD62CFE7D7,PEDESTRIAN,Cross/Enter at Intersection,NO IMPROPER ACTIONS,ON ROADWAY NOT AT CROSSWALK,N/A,DARK CLOTHING,No,NO APPARENT INJURY,NONE,39.19930469,-77.24274173,"(39.19930469, -77.24274173)"
MCP2330000C,15009676,Montgomery County Police,Property Damage Crash,02/28/2015 10:07:00 PM,,,,,Parking lot of 11409-A Amherst Ave,,OTHER,SINGLE VEHICLE,CLEAR,,DARK NO LIGHTS,N/A,NONE DETECTED,N/A,FFD8F128-525D-4BB1-BE13-FAD298FBCA92,OTHER,N/A,NO IMPROPER ACTIONS,N/A,N/A,N/A,,NO APPARENT INJURY,N/A,39.04182333,-77.04783667,"(39.04182333, -77.04783667)"
DD5603004L,170532638,Rockville Police Departme,Injury Crash,09/23/2017 10:45:00 AM,Municipality,WOOTTON PKWY,Maryland (State),FALLS RD,,N/A,PEDESTRIAN,OTHER,CLEAR,DRY,DAYLIGHT,TRAFFIC SIGNAL,NONE DETECTED,NONE DETECTED,DCA187D2-6CD0-4C67-96B1-1BC56FF2984A,PEDESTRIAN,Cross/Enter at Intersection,NO IMPROPER ACTIONS,ON ROADWAY AT CROSSWALK,OBEYED PED. SIGNAL,MIXED CLOTHING,No,SUSPECTED MINOR INJURY,REFLECTIVE CLOTHING,39.06992673,-77.169967,"(39.06992673, -77.169967)"
MCP31630022,190050048,Montgomery County Police,Injury Crash,10/18/2019 05:14:00 PM,Maryland (State),WISCONSIN AVE,Other Public Roadway,SOMERSET TERRACE,,N/A,BICYCLIST,SAME DIR REAR END,CLEAR,DRY,DAYLIGHT,NO CONTROLS,NONE DETECTED,NONE DETECTED,50A7629E-A908-4C9C-9B50-AD1FBB2CDEAA,BICYCLIST,Walking/Riding w/Traffic,NO IMPROPER ACTIONS,SHOULDER,N/A,MIXED CLOTHING,No,POSSIBLE INJURY,MC/BIKE HELMET,38.96543198,-77.08796832,"(38.96543198, -77.08796832)"
MCP3068003R,220002996,Montgomery County Police,Injury Crash,01/23/2022 07:40:00 PM,,,,,PARKING LOT,,PEDESTRIAN,SINGLE VEHICLE,CLEAR,,DARK LIGHTS ON,N/A,N/A,N/A,CD081A3F-D4B5-41E2-B1CD-02C836F0A3E5,PEDESTRIAN,Other,NO IMPROPER ACTIONS,OUTSIDE RIGHT OF WAY,NO PED. SIGNAL,MIXED CLOTHING,No,POSSIBLE INJURY,NONE,39.014625,-77.10509,"(39.014625, -77.10509)"
MCP289200DR,230011836,Montgomery County Police,Injury Crash,03/10/2023 05:28:00 PM,Maryland (State),PINEY BRANCH RD,County,WESSEX RD,,N/A,PEDESTRIAN,SINGLE VEHICLE,RAINING,WET,DARK LIGHTS ON,TRAFFIC SIGNAL,NONE DETECTED,NONE DETECTED,96C55B6D-0AD9-4DBE-BC23-7A55841C0B2D,PEDESTRIAN,Cross/Enter at Intersection,INATTENTIVE,ON ROADWAY AT CROSSWALK,DISOBEYED PED. SIGNAL,MIXED CLOTHING,Yes,POSSIBLE INJURY,NONE,38.99156667,-77.010095,"(38.99156667, -77.010095)"
MCP29170095,220013624,Montgomery County Police,Injury Crash,03/30/2022 08:11:00 PM,County,RANDOLPH RD,County,BUSHEY DR,,N/A,PEDESTRIAN,STRAIGHT MOVEMENT ANGLE,CLEAR,DRY,DARK NO LIGHTS,NO CONTROLS,NONE DETECTED,NONE DETECTED,FD51FF84-75F5-4031-9437-7F2B1D63AE52,PEDESTRIAN,Cross/Enter not at Intersection,DART DASH,ON ROADWAY NOT AT CROSSWALK,NO PED. SIGNAL,DARK CLOTHING,Yes,SUSPECTED SERIOUS INJURY,NONE,39.05748,-77.07754,"(39.05748, -77.07754)"
MCP3019005B,220044739,Montgomery County Police,Injury Crash,10/12/2022 08:45:00 PM,Maryland (State),WISCONSIN AVE,County,LELAND ST,,N/A,PEDESTRIAN,SINGLE VEHICLE,CLEAR,DRY,DARK LIGHTS ON,TRAFFIC SIGNAL,N/A,N/A,3D80BE30-83EA-4DCC-92E2-AA175BE692BC,PEDESTRIAN,Cross/Enter at Intersection,NO IMPROPER ACTIONS,ON ROADWAY AT CROSSWALK,OBEYED PED. SIGNAL,MIXED CLOTHING,No,SUSPECTED MINOR INJURY,N/A,38.98020833,-77.091825,"(38.98020833, -77.091825)"
MCP3311000R,220017939,Montgomery County Police,Injury Crash,04/27/2022 08:45:00 PM,County,NICHOLSON LA,County,HUFF CT,,N/A,PEDESTRIAN,OTHER,CLEAR,DRY,DARK LIGHTS ON,TRAFFIC SIGNAL,N/A,N/A,5EED2D05-283F-48A4-9384-461406B6E8E2,PEDESTRIAN,Cross/Enter not at Intersection,IN ROADWAY IMPROPERLY,ON ROADWAY NOT AT CROSSWALK,NO PED. SIGNAL,DARK CLOTHING,Yes,SUSPECTED SERIOUS INJURY,NONE,39.04491764,-77.10768173,"(39.04491764, -77.10768173)"
MCP3243001C,230005507,Montgomery County Police,Injury Crash,02/02/2023 08:58:00 PM,Maryland (State),BRADLEY LA,Maryland (State),WISCONSIN AVE,,N/A,BICYCLIST,SINGLE VEHICLE,CLEAR,DRY,DARK LIGHTS ON,TRAFFIC SIGNAL,NONE DETECTED,NONE DETECTED,C8DA1FD1-78CB-467C-AFA2-52FAE606EC47,BICYCLIST,Walking/Riding w/Traffic,N/A,ON ROADWAY AT CROSSWALK,UNKNOWN,DARK CLOTHING,Unknown,SUSPECTED MINOR INJURY,MC/BIKE HELMET,38.97710467,-77.09101133,"(38.97710467, -77.09101133)"
MCP2008007X,200027535,Montgomery County Police,Injury Crash,07/15/2020 07:04:00 PM,County,FRANKLIN ST,County,PARKWOOD DR,,N/A,"BICYCLIST, PEDESTRIAN",OTHER,CLEAR,DRY,DAYLIGHT,STOP SIGN,NONE DETECTED,NONE DETECTED,38334CFC-EA02-4636-B402-28278CFB89A0,PEDESTRIAN,Cross/Enter at Intersection,NO IMPROPER ACTIONS,AT INTERSECTION MARKED CROSSWALK,NO PED. SIGNAL,LIGHT CLOTHING,No,SUSPECTED MINOR INJURY,NONE,39.01972667,-77.09671,"(39.01972667, -77.09671)"
MCP3199001X,200021288,Montgomery County Police,Injury Crash,05/29/2020 02:12:00 PM,,,,,PARKING LOT AT 2205 GEORGIAN WAY,,PEDESTRIAN,OTHER,CLOUDY,,DAYLIGHT,NO CONTROLS,NONE DETECTED,NONE DETECTED,018C90C2-0C67-4C20-BE6D-55CFB0C7DD52,PEDESTRIAN,Other,NO IMPROPER ACTIONS,OTHER,N/A,MIXED CLOTHING,No,SUSPECTED MINOR INJURY,NONE,39.05454333,-77.04696,"(39.05454333, -77.04696)"
MCP2861001K,15063868,MONTGOMERY,Injury Crash,12/14/2015 03:30:00 PM,County,BULLS RUN PKWY,County,ADELAIDE DR,,N/A,"BICYCLIST, OTHER",STRAIGHT MOVEMENT ANGLE,CLEAR,DRY,DAYLIGHT,NO CONTROLS,NONE DETECTED,NONE DETECTED,2B50DEDF-457C-42C8-9A0D-779334516E20,BICYCLIST,Cross/Enter at Intersection,DART DASH,AT INTERSECTION BUT NO CROSSWALK,NO PED. SIGNAL,LIGHT CLOTHING,Yes,POSSIBLE INJURY,MC/BIKE HELMET,39.00966378,-77.12620139,"(39.00966378, -77.12620139)"
EJ7888001V,220005225,Gaithersburg Police Depar,Injury Crash,02/07/2022 07:05:00 AM,Maryland (State),W DIAMOND AVE,Municipality,BUREAU DR,,GAITHERSBURG,PEDESTRIAN,OTHER,CLEAR,DRY,DAWN,TRAFFIC SIGNAL,NONE DETECTED,NONE DETECTED,E0C94809-14A2-47FC-804C-B4BC5E29E3FE,PEDESTRIAN,Cross/Enter at Intersection,FAILURE TO OBEY TRAFFIC SIGNS SIGNALS OR OFFICER,AT INTERSECTION MARKED CROSSWALK,DISOBEYED PED. SIGNAL,LIGHT CLOTHING,Yes,SUSPECTED MINOR INJURY,N/A,39.14213818,-77.21737642,"(39.14213818, -77.21737642)"
EJ7809000W,17007620,Gaithersburg Police Depar,Injury Crash,02/12/2017 03:34:00 AM,,,,,"117 E. DIAMOND AVE. GAITHERSBURG, MD. 20877 (CANCUN RESTAURANT / REAR PARKING LOT)",,PEDESTRIAN,SINGLE VEHICLE,CLEAR,,DARK LIGHTS ON,NO CONTROLS,ALCOHOL CONTRIBUTED,ALCOHOL PRESENT,238B93E8-B145-4560-8329-BA6A820EA1F8,PEDESTRIAN,Unknown,N/A,OTHER,N/A,LIGHT CLOTHING,No,SUSPECTED MINOR INJURY,N/A,39.14187307,-77.19475061,"(39.14187307, -77.19475061)"
MCP20160014,16036660,Montgomery County Police,Injury Crash,07/20/2016 07:39:00 AM,County,MONTROSE RD,County,E JEFFERSON ST,,N/A,PEDESTRIAN,OTHER,CLEAR,DRY,DAYLIGHT,TRAFFIC SIGNAL,NONE DETECTED,N/A,0AFEB629-C149-4FD1-90EF-F2E944C57014,PEDESTRIAN,Cross/Enter at Intersection,NO IMPROPER ACTIONS,AT INTERSECTION BUT NO CROSSWALK,N/A,MIXED CLOTHING,No,SUSPECTED MINOR INJURY,N/A,39.05497333,-77.12605833,"(39.05497333, -77.12605833)"
MCP28710065,190025208,Montgomery County Police,Injury Crash,05/27/2019 04:13:00 PM,County,ROSELAND DR,Maryland (State),OLD GEORGETOWN RD,,N/A,OTHER,OTHER,CLEAR,DRY,DAYLIGHT,NO CONTROLS,NONE DETECTED,NONE DETECTED,B1EA0966-7837-4E60-B29A-FD34850A9A55,OTHER,Playing,IN ROADWAY IMPROPERLY,N/A,N/A,LIGHT CLOTHING,Yes,SUSPECTED MINOR INJURY,MC/BIKE HELMET,39.04198667,-77.12334833,"(39.04198667, -77.12334833)"
DD5604004F,220042302,Rockville Police Departme,Injury Crash,09/28/2022 01:40:00 PM,,,,,PARKING LOT OF 77 S. WASHINGTON STREET.,,PEDESTRIAN,OTHER,CLEAR,,DAYLIGHT,NO CONTROLS,NONE DETECTED,NONE DETECTED,4F28327B-878C-45CD-A74B-59D2D9BC84F6,PEDESTRIAN,Other,NO IMPROPER ACTIONS,OTHER,NO PED. SIGNAL,DARK CLOTHING,No,POSSIBLE INJURY,NONE,39.08384217,-77.15290933,"(39.08384217, -77.15290933)"
DD5598003F,190053600,Rockville Police Departme,Injury Crash,11/07/2019 07:40:00 AM,Municipality,MARYLAND AVE,Municipality,S WASHINGTON ST,,ROCKVILLE,PEDESTRIAN,OTHER,CLOUDY,DRY,DAYLIGHT,OTHER,N/A,N/A,AE7B7B88-0DE2-410A-96F7-1C9E36935A78,PEDESTRIAN,Cross/Enter at Intersection,NO IMPROPER ACTIONS,ON ROADWAY AT CROSSWALK,NO PED. SIGNAL,MIXED CLOTHING,No,POSSIBLE INJURY,N/A,39.08040683,-77.15259717,"(39.08040683, -77.15259717)"
MCP31210057,230010592,Montgomery County Police,Injury Crash,03/03/2023 12:30:00 PM,,,,,IFO PARKING AREA OF 20002 HOB HILL WAY,,PEDESTRIAN,SINGLE VEHICLE,OTHER,,DAYLIGHT,NO CONTROLS,NONE DETECTED,NONE DETECTED,16FBEFDC-DC45-4ACD-9116-F13EC5EC2AFC,PEDESTRIAN,Other,NO IMPROPER ACTIONS,CURB,NO PED. SIGNAL,MIXED CLOTHING,No,SUSPECTED MINOR INJURY,NONE,39.18562269,-77.19750359,"(39.18562269, -77.19750359)"
DM84780018,210046451,Takoma Park Police Depart,Injury Crash,11/16/2021 09:25:00 AM,Municipality,MAPLE AVE,Municipality,TULIP AVE,,TAKOMA PARK,PEDESTRIAN,OTHER,CLEAR,DRY,DAYLIGHT,NO CONTROLS,NONE DETECTED,N/A,A46CB333-E2C1-41B6-9DBB-6817337B0456,PEDESTRIAN,Other,UNKNOWN,ON ROADWAY NOT AT CROSSWALK,N/A,DARK CLOTHING,No,POSSIBLE INJURY,NONE,38.986255,-77.002525,"(38.986255, -77.002525)"
MCP20160065,220017857,Montgomery County Police,Injury Crash,04/27/2022 12:58:00 PM,Maryland (State),ROCKVILLE PIKE,Maryland (State),FIRST ST,,N/A,OTHER PEDALCYCLIST,OTHER,CLEAR,DRY,DAYLIGHT,N/A,N/A,N/A,A683C053-B349-4FAB-AC2D-9D9E165E3ECE,OTHER PEDALCYCLIST,Cross/Enter at Intersection,FAILURE TO YIELD RIGHT OF WAY,SIDEWALK,N/A,N/A,Yes,POSSIBLE INJURY,N/A,39.11254,-77.23547667,"(39.11254, -77.23547667)"
MCP1554001L,16052519,Montgomery County Police,Injury Crash,10/12/2016 05:33:00 PM,County,REDLAND RD,Other Public Roadway,SOMERVILLE DR,,N/A,PEDESTRIAN,SAME DIRECTION SIDESWIPE,CLEAR,DRY,DAYLIGHT,NO CONTROLS,NONE DETECTED,ALCOHOL PRESENT,44897226-993D-497F-990C-96CBE74D781C,PEDESTRIAN,Walking/Riding w/Traffic,IN ROADWAY IMPROPERLY,SHOULDER,N/A,UNKNOWN,Yes,POSSIBLE INJURY,NONE,39.11629,-77.16580833,"(39.11629, -77.16580833)"
MCP2682002F,200050689,Montgomery County Police,Injury Crash,12/24/2020 05:51:00 PM,,,,,PARKING LOT OF 300 N FREDERICK AVE GAITHERSBURG MD 20877,,PEDESTRIAN,OTHER,CLOUDY,,DARK LIGHTS ON,STOP SIGN,UNKNOWN,NONE DETECTED,CD3F386B-83FB-46F4-AA0F-B2F335415E16,PEDESTRIAN,Walking/Cycling on Sidewalk,NO IMPROPER ACTIONS,DRIVEWAY ACCESS MARKED CROSSWALK,NO PED. SIGNAL,MIXED CLOTHING,No,POSSIBLE INJURY,NONE,39.14492,-77.20322,"(39.14492, -77.20322)"
MCP2800001W,15013639,Montgomery County Police,Injury Crash,03/24/2015 05:15:00 PM,Maryland (State),OLD GEORGETOWN RD,County,LONE OAK DR,,N/A,PEDESTRIAN,OTHER,CLEAR,DRY,DAYLIGHT,TRAFFIC SIGNAL,UNKNOWN,NONE DETECTED,15E82374-5782-4ED3-8534-F85C1186A9F8,PEDESTRIAN,Cross/Enter at Intersection,NO IMPROPER ACTIONS,ON ROADWAY AT CROSSWALK,OBEYED PED. SIGNAL,MIXED CLOTHING,,POSSIBLE INJURY,N/A,39.02067667,-77.122255,"(39.02067667, -77.122255)"
MCP1119005T,180048244,Montgomery County Police,Injury Crash,09/27/2018 09:08:00 AM,,,,,PARKING LOT OF MEDSTAR MONTGOMERY HOSPITAL 18011 PRINCE PHILIP DR,,OTHER CONVEYANCE,SINGLE VEHICLE,CLOUDY,,DAYLIGHT,N/A,NONE DETECTED,NONE DETECTED,11007FC6-0BCF-495D-A647-577538BE13F8,OTHER CONVEYANCE,Other,NO IMPROPER ACTIONS,OTHER,N/A,N/A,No,POSSIBLE INJURY,NONE,39.15295167,-77.05532833,"(39.15295167, -77.05532833)"
MCP2339002G,170512551,Montgomery County Police,Injury Crash,06/08/2017 07:32:00 AM,County,BRIGGS CHANEY RD,County,GOOD HOPE RD,,N/A,BICYCLIST,HEAD ON LEFT TURN,N/A,DRY,DAYLIGHT,NO CONTROLS,NONE DETECTED,NONE DETECTED,BBA9D4FB-1414-4CA9-9C38-58CEC03FB028,BICYCLIST,Cross/Enter at Intersection,N/A,AT INTERSECTION BUT NO CROSSWALK,N/A,MIXED CLOTHING,No,SUSPECTED MINOR INJURY,MC/BIKE HELMET,39.101519,-76.980297,"(39.101519, -76.980297)"
MCP0685002G,16040164,Montgomery County Police,Injury Crash,08/08/2016 01:41:00 PM,Maryland (State),FREDERICK RD,Unknown,ENT TO MONT CO WASTE TRANSFER STATION,,N/A,BICYCLIST,SINGLE VEHICLE,N/A,DRY,DAYLIGHT,TRAFFIC SIGNAL,NONE DETECTED,NONE DETECTED,56BA49E0-E6F8-43E6-9EFC-7B9B5B0FDA47,BICYCLIST,Cross/Enter at Intersection,NO IMPROPER ACTIONS,ON ROADWAY AT CROSSWALK,OBEYED PED. SIGNAL,DARK CLOTHING,No,SUSPECTED MINOR INJURY,NONE,39.11931,-77.17144167,"(39.11931, -77.17144167)"
MCP2608002X,210044397,Montgomery County Police,Injury Crash,11/02/2021 08:15:00 PM,Maryland (State),UNIVERSITY BLVD E,Maryland (State),PINEY BRANCH RD,,N/A,PEDESTRIAN,SINGLE VEHICLE,RAINING,WET,DARK LIGHTS ON,TRAFFIC SIGNAL,NONE DETECTED,NONE DETECTED,FBB0AA8A-ABBD-447F-B57C-5379F6260F43,PEDESTRIAN,Cross/Enter at Intersection,NO IMPROPER ACTIONS,ON ROADWAY AT CROSSWALK,OBEYED PED. SIGNAL,MIXED CLOTHING,No,POSSIBLE INJURY,N/A,39.00010833,-76.995005,"(39.00010833, -76.995005)"
MCP1568001M,230000586,Montgomery County Police,Injury Crash,01/04/2023 05:05:00 PM,Municipality,TOM FOX AVE,Maryland (State),FISHER AVE,,N/A,PEDESTRIAN,SINGLE VEHICLE,CLOUDY,WET,DUSK,STOP SIGN,NONE DETECTED,NONE DETECTED,EE5423D6-F3FA-441D-90B1-7000A38F7B8C,PEDESTRIAN,Cross/Enter at Intersection,NO IMPROPER ACTIONS,ON ROADWAY AT CROSSWALK,NO PED. SIGNAL,LIGHT CLOTHING,No,SUSPECTED MINOR INJURY,NONE,39.1351178,-77.403698,"(39.1351178, -77.403698)"
MCP31130020,190057732,Montgomery County Police,Injury Crash,11/30/2019 07:40:00 PM,County,BRIGGS CHANEY RD,Ramp,RAMP 5 FR US 29 SB TO BRIGGS CHANEY RD,,N/A,PEDESTRIAN,OTHER,CLEAR,N/A,DARK LIGHTS ON,NO CONTROLS,N/A,N/A,672EB827-C663-44BA-811E-B34DC5E10C47,PEDESTRIAN,Cross/Enter not at Intersection,FAILURE TO YIELD RIGHT OF WAY,ON ROADWAY NOT AT CROSSWALK,NO PED. SIGNAL,DARK CLOTHING,Yes,SUSPECTED SERIOUS INJURY,NONE,39.08299833,-76.94840806,"(39.08299833, -76.94840806)"
MCP2761002R,210021311,Montgomery County Police,Injury Crash,06/05/2021 02:00:00 AM,,,,,PARKING LOT IN FRONT OF 19041 STEDWICK DRIVE,,PEDESTRIAN,STRAIGHT MOVEMENT ANGLE,CLEAR,,DARK LIGHTS ON,NO CONTROLS,N/A,NONE DETECTED,B77D4543-FDEA-4A26-980D-D8BF00030EBE,PEDESTRIAN,Other,NO IMPROPER ACTIONS,ON ROADWAY NOT AT CROSSWALK,N/A,MIXED CLOTHING,No,POSSIBLE INJURY,N/A,39.16933281,-77.2117296,"(39.16933281, -77.2117296)"
MCP2689006G,190056912,Montgomery County Police,Injury Crash,11/25/2019 01:58:00 PM,,,,,PARKING LOT OF 14921 SHADY GROVE RD,,PEDESTRIAN,SINGLE VEHICLE,CLEAR,,DAYLIGHT,NO CONTROLS,NONE DETECTED,NONE DETECTED,E75E2FF6-5524-49EF-AB17-E52A1E20833F,PEDESTRIAN,Other,NO IMPROPER ACTIONS,OTHER,NO PED. SIGNAL,MIXED CLOTHING,No,NO APPARENT INJURY,NONE,39.09691989,-77.19311992,"(39.09691989, -77.19311992)"
MCP29650061,220031212,Montgomery County Police,Injury Crash,07/20/2022 10:49:00 AM,,,,,"18040 GEORGIA AVE, OLNEY, MD 20832",,PEDESTRIAN,SINGLE VEHICLE,CLEAR,,DAYLIGHT,N/A,NONE DETECTED,NONE DETECTED,C696642E-2277-456D-AEA1-544C3188E8B0,PEDESTRIAN,Walking/Cycling on Sidewalk,NO IMPROPER ACTIONS,SIDEWALK,NO PED. SIGNAL,DARK CLOTHING,No,POSSIBLE INJURY,NONE,39.14917333,-77.06629833,"(39.14917333, -77.06629833)"
MCP0487000J,15035567,MONTGOMERY,Injury Crash,07/19/2015 12:23:00 PM,County,MIDCOUNTY HWY,County,WASHINGTON GROVE LA,,N/A,PEDESTRIAN,OTHER,CLEAR,DRY,DAYLIGHT,TRAFFIC SIGNAL,NONE DETECTED,NONE DETECTED,F89BD89E-5651-4C9A-BB98-73A3C854E4A2,PEDESTRIAN,Cross/Enter at Intersection,FAILURE TO YIELD RIGHT OF WAY,ON ROADWAY AT CROSSWALK,DISOBEYED PED. SIGNAL,MIXED CLOTHING,Yes,SUSPECTED MINOR INJURY,NONE,39.147685,-77.16892667,"(39.147685, -77.16892667)"
MCP2635007G,220040955,Montgomery County Police,Injury Crash,09/20/2022 02:43:00 PM,Maryland (State),OLNEY SANDY SPRING RD,Unknown,VILLAGE CENTER DR,,N/A,PEDESTRIAN,SINGLE VEHICLE,CLEAR,DRY,DAYLIGHT,TRAFFIC SIGNAL,N/A,N/A,67E16AF7-676C-44B8-B3F3-867649F562EB,PEDESTRIAN,Cross/Enter at Intersection,NO IMPROPER ACTIONS,ON ROADWAY AT CROSSWALK,OBEYED PED. SIGNAL,MIXED CLOTHING,No,SUSPECTED MINOR INJURY,NONE,39.15175167,-77.06418167,"(39.15175167, -77.06418167)"
MCP28790012,16047439,Montgomery County Police,Injury Crash,09/15/2016 08:35:00 PM,County,REDLAND RD,County,CRABBS BRANCH WAY,,N/A,PEDESTRIAN,N/A,CLEAR,DRY,DARK LIGHTS ON,N/A,NONE DETECTED,ALCOHOL CONTRIBUTED,FE764741-4EFE-46A3-9863-63CA585B883F,PEDESTRIAN,Cross/Enter not at Intersection,DART DASH,ON ROADWAY NOT AT CROSSWALK,NO PED. SIGNAL,MIXED CLOTHING,Yes,SUSPECTED MINOR INJURY,N/A,39.12066333,-77.15898667,"(39.12066333, -77.15898667)"
MCP27170078,16044459,Montgomery County Police,Injury Crash,08/31/2016 04:14:00 PM,County,WESTLAKE TERR,County,WESTLAKE DR,,N/A,PEDESTRIAN,OTHER,CLEAR,DRY,DAYLIGHT,TRAFFIC SIGNAL,NONE DETECTED,NONE DETECTED,79A27A94-4A14-45C9-9825-B744A4F24BA9,PEDESTRIAN,Cross/Enter at Intersection,NO IMPROPER ACTIONS,ON ROADWAY AT CROSSWALK,OBEYED PED. SIGNAL,MIXED CLOTHING,No,POSSIBLE INJURY,NONE,39.02707167,-77.14729667,"(39.02707167, -77.14729667)"
MCP28990040,200042035,Montgomery County Police,Injury Crash,10/24/2020 09:41:00 PM,County,MONTGOMERY VILLAGE AVE,Maryland (State),MIDCOUNTY HWY,,N/A,PEDESTRIAN,OTHER,CLEAR,DRY,DARK LIGHTS ON,TRAFFIC SIGNAL,NONE DETECTED,UNKNOWN,224279B8-6EB3-492A-A695-45374A9F72F2,PEDESTRIAN,Cross/Enter not at Intersection,DART DASH,ON ROADWAY NOT AT CROSSWALK,NO PED. SIGNAL,DARK CLOTHING,Yes,SUSPECTED SERIOUS INJURY,NONE,39.15993033,-77.20247867,"(39.15993033, -77.20247867)"
MCP1465005S,220025349,Montgomery County Police,Injury Crash,06/13/2022 11:01:00 AM,County,NORWOOD RD,Other Public Roadway,ATTLEBORO RD,,N/A,PEDESTRIAN,SINGLE VEHICLE,CLEAR,DRY,DAYLIGHT,OTHER,NONE DETECTED,NONE DETECTED,65CFE011-284E-41AB-9F6A-162EBD498663,PEDESTRIAN,Other Working,NO IMPROPER ACTIONS,OTHER,N/A,DARK CLOTHING,No,SUSPECTED MINOR INJURY,N/A,39.11543667,-77.01710667,"(39.11543667, -77.01710667)"