Report Number,Local Case Number,Agency Name,ACRS Report Type,Crash Date/Time,Route Type,Road Name,Cross-Street Type,Cross-Street Name,Off-Road Description,Municipality,Related Non-Motorist,Collision Type,Weather,Surface Condition,Light,Traffic Control,Driver Substance Abuse,Non-Motorist Substance Abuse,Person ID,Pedestrian Type,Pedestrian Movement,Pedestrian Actions,Pedestrian Location,Pedestrian Obeyed Traffic Signal,Pedestrian Visibility,At Fault,Injury Severity,Safety Equipment,Latitude,Longitude,Location
DD5527000S,16053298,Rockville Police Departme,Injury Crash,10/17/2016 08:37:00 AM,Maryland (State),FIRST ST,Maryland (State),VEIRS MILL RD,,N/A,BICYCLIST,OTHER,CLEAR,DRY,DAYLIGHT,TRAFFIC SIGNAL,NONE DETECTED,NONE DETECTED,784B4144-7D1E-43E9-B412-0148E5B0062F,BICYCLIST,Cross/Enter at Intersection,NO IMPROPER ACTIONS,ON ROADWAY AT CROSSWALK,OBEYED PED. SIGNAL,MIXED CLOTHING,No,SUSPECTED MINOR INJURY,NONE,39.07942833,-77.13807833,"(39.07942833, -77.13807833)"
MCP3045000J,170515506,Montgomery County Police,Injury Crash,06/24/2017 06:46:00 AM,Maryland (State),BRADLEY BLVD,County,EWING DR,,N/A,BICYCLIST,HEAD ON LEFT TURN,CLEAR,WET,DAYLIGHT,NO CONTROLS,NONE DETECTED,NONE DETECTED,A98C05F9-6D3E-4AF1-A1A0-65728F8551E3,BICYCLIST,Cross/Enter at Intersection,N/A,SHARED USE PATH OR TRAILS,N/A,LIGHT CLOTHING,No,SUSPECTED SERIOUS INJURY,MC/BIKE HELMET,38.99439758,-77.12325096,"(38.99439758, -77.12325096)"
DD56060050,190005833,Rockville Police Departme,Injury Crash,02/06/2019 01:08:00 AM,Maryland (State),ROCKVILLE PIKE,Municipality,MONROE PL,,ROCKVILLE,PEDESTRIAN,SINGLE VEHICLE,N/A,DRY,DARK LIGHTS ON,TRAFFIC SIGNAL,UNKNOWN,ALCOHOL PRESENT,1A1B8BB8-ABA5-4BD6-83C7-820C78854DFE,PEDESTRIAN,Cross/Enter at Intersection,UNKNOWN,ON ROADWAY NOT AT CROSSWALK,N/A,MIXED CLOTHING,Unknown,POSSIBLE INJURY,NONE,39.10505743,-77.34341991,"(39.10505743, -77.34341991)"
MCP28770090,210022660,Montgomery County Police,Injury Crash,06/14/2021 08:23:00 AM,County,WILLARD AVE,County,FRIENDSHIP BLVD,,N/A,PEDESTRIAN,OTHER,CLEAR,DRY,DAYLIGHT,TRAFFIC SIGNAL,NONE DETECTED,NONE DETECTED,FD4BB509-886F-48E5-A1C0-5BFBF0A7917A,PEDESTRIAN,Cross/Enter at Intersection,NO IMPROPER ACTIONS,AT INTERSECTION MARKED CROSSWALK,OBEYED PED. SIGNAL,MIXED CLOTHING,No,SUSPECTED MINOR INJURY,NONE,38.96214079,-77.08894879,"(38.96214079, -77.08894879)"
DD5603006M,180065302,Rockville Police Departme,Injury Crash,12/31/2018 09:15:00 AM,Municipality,TWINBROOK PKWY,Municipality,CHAPMAN AVE,,ROCKVILLE,PEDESTRIAN,OTHER,RAINING,WET,DAYLIGHT,TRAFFIC SIGNAL,NONE DETECTED,ALCOHOL CONTRIBUTED,C1AE560F-A108-4FA2-A4C4-32C6818A2A50,PEDESTRIAN,Cross/Enter at Intersection,FAILURE TO OBEY TRAFFIC SIGNS SIGNALS OR OFFICER,AT INTERSECTION MARKED CROSSWALK,DISOBEYED PED. SIGNAL,LIGHT CLOTHING,Yes,SUSPECTED MINOR INJURY,NONE,39.058575,-77.11794167,"(39.058575, -77.11794167)"
MCP2246001Y,180005145,Montgomery County Police,Injury Crash,01/30/2018 04:20:00 PM,County,FOREST GROVE DR,County,BRISBANE ST,,N/A,PEDESTRIAN,OTHER,CLEAR,DRY,DAYLIGHT,NO CONTROLS,NONE DETECTED,NONE DETECTED,1CEB6FF1-037C-4096-A71D-0CB34E6C3D2C,PEDESTRIAN,Cross/Enter not at Intersection,DART DASH,ON ROADWAY NOT AT CROSSWALK,NO PED. SIGNAL,MIXED CLOTHING,Yes,SUSPECTED MINOR INJURY,NONE,39.02069,-77.03846167,"(39.02069, -77.03846167)"
MCP209400LG,230006172,Montgomery County Police,Injury Crash,02/07/2023 08:35:00 AM,Maryland (State),WISCONSIN AVE,County,MONTGOMERY LA,,N/A,PEDESTRIAN,OTHER,CLEAR,WET,DAYLIGHT,TRAFFIC SIGNAL,NONE DETECTED,NONE DETECTED,FC675E08-A6D3-4F7E-A7C2-54B1E220EAE6,PEDESTRIAN,Cross/Enter at Intersection,NO IMPROPER ACTIONS,ON ROADWAY AT CROSSWALK,OBEYED PED. SIGNAL,DARK CLOTHING,No,SUSPECTED MINOR INJURY,N/A,38.98354667,-77.09405167,"(38.98354667, -77.09405167)"
MCP30190031,200005007,Montgomery County Police,Injury Crash,01/30/2020 05:20:00 PM,Maryland (State),OLD GEORGETOWN RD,County,CORDELL AVE,,N/A,PEDESTRIAN,OTHER,CLEAR,DRY,DAYLIGHT,STOP SIGN,N/A,N/A,5560A491-C0C3-42A9-8CAA-45BF1020CD96,PEDESTRIAN,Cross/Enter at Intersection,INATTENTIVE,ON ROADWAY AT CROSSWALK,OBEYED PED. SIGNAL,DARK CLOTHING,No,POSSIBLE INJURY,NONE,38.98795019,-77.09948262,"(38.98795019, -77.09948262)"
DD5583007T,230005382,Rockville Police Departme,Property Damage Crash,02/02/2023 09:00:00 AM,Service Road,S CAMPUS DR,Unknown,ENT TO PARKING,,N/A,PEDESTRIAN,SINGLE VEHICLE,CLEAR,DRY,DAYLIGHT,N/A,NONE DETECTED,UNKNOWN,C7EC8AD6-64E7-4CCE-AEB1-4E7DF44A91AD,PEDESTRIAN,Cross/Enter not at Intersection,DART DASH,ON ROADWAY NOT AT CROSSWALK,NO PED. SIGNAL,UNKNOWN,Yes,NO APPARENT INJURY,NONE,39.09637809,-77.15823874,"(39.09637809, -77.15823874)"
MCP27760043,220048469,Montgomery County Police,Injury Crash,11/03/2022 05:00:00 PM,Maryland (State),OLNEY SANDY SPRING RD,Unknown,VILLAGE CENTER DR,,N/A,PEDESTRIAN,STRAIGHT MOVEMENT ANGLE,CLEAR,DRY,DAYLIGHT,TRAFFIC SIGNAL,NONE DETECTED,NONE DETECTED,A40CDCAC-E12F-4CB6-BF42-0C67FF823C9C,PEDESTRIAN,Cross/Enter at Intersection,UNKNOWN,ON ROADWAY AT CROSSWALK,OBEYED PED. SIGNAL,UNKNOWN,No,SUSPECTED SERIOUS INJURY,UNKNOWN,39.15211167,-77.06453,"(39.15211167, -77.06453)"
MCP2260002M,210042933,Montgomery County Police,Property Damage Crash,10/25/2021 01:00:00 PM,,,,,PARKING LOT OF GIANT AT 3860 INTERNATIONAL DRIVE,,PEDESTRIAN,OTHER,N/A,,DAYLIGHT,N/A,N/A,N/A,EEC9ECFF-8B6E-45FE-B672-2D276169E20A,PEDESTRIAN,Other,NO IMPROPER ACTIONS,OTHER,N/A,N/A,No,NO APPARENT INJURY,N/A,39.10162167,-77.07585333,"(39.10162167, -77.07585333)"
MCP0899001Z,17013122,Montgomery County Police,Injury Crash,03/13/2017 03:22:00 PM,County,ARLINGTON RD,County,EDGEMOOR LA,,N/A,PEDESTRIAN,OTHER,CLOUDY,DRY,DAYLIGHT,TRAFFIC SIGNAL,NONE DETECTED,NONE DETECTED,D3947630-E932-4C6D-84A7-A9A0A1265387,PEDESTRIAN,Cross/Enter at Intersection,NO IMPROPER ACTIONS,AT INTERSECTION MARKED CROSSWALK,OBEYED PED. SIGNAL,LIGHT CLOTHING,No,SUSPECTED MINOR INJURY,NONE,38.9846992,-77.09866047,"(38.9846992, -77.09866047)"
DM8423001V,180056807,Takoma Park Police Depart,Injury Crash,11/12/2018 06:00:00 PM,Municipality,FLOWER AVE,Maryland (State),FLOWER AVE (AHEAD),,N/A,PEDESTRIAN,N/A,RAINING,WET,DARK LIGHTS ON,STOP SIGN,NONE DETECTED,N/A,9A462FAF-9D5C-486D-B72F-8B9855552D02,PEDESTRIAN,Cross/Enter not at Intersection,UNKNOWN,ON ROADWAY NOT AT CROSSWALK,N/A,DARK CLOTHING,Unknown,SUSPECTED MINOR INJURY,N/A,38.98690833,-77.00008,"(38.98690833, -77.00008)"
MCP271700KK,180046630,Montgomery County Police,Injury Crash,09/18/2018 02:45:00 PM,County,PIERCE DR,County,TIMBERWOOD AVE,,N/A,PEDESTRIAN,OTHER,CLEAR,WET,DAYLIGHT,NO CONTROLS,NONE DETECTED,NONE DETECTED,EB59FEF9-F046-4631-9875-D24F61D5C271,PEDESTRIAN,Cross/Enter not at Intersection,DART DASH,ON ROADWAY NOT AT CROSSWALK,NO PED. SIGNAL,MIXED CLOTHING,Yes,SUSPECTED MINOR INJURY,NONE,39.02162467,-77.0105055,"(39.02162467, -77.0105055)"
MCP003600DD,200037413,Montgomery County Police,Injury Crash,09/23/2020 05:09:00 PM,Maryland (State),DAMASCUS RD,County,HOWARD CHAPEL RD,,N/A,BICYCLIST,SINGLE VEHICLE,CLEAR,DRY,DAYLIGHT,NO CONTROLS,UNKNOWN,NONE DETECTED,2ACF78EA-77DE-44B1-BDFF-AA38EDA4EA30,BICYCLIST,Walking/Riding w/Traffic,NO IMPROPER ACTIONS,ON ROADWAY NOT AT CROSSWALK,N/A,LIGHT CLOTHING,No,SUSPECTED SERIOUS INJURY,MC/BIKE HELMET,39.22840514,-77.08029682,"(39.22840514, -77.08029682)"
MCP2767000L,15003795,Montgomery County Police,Injury Crash,01/23/2015 05:30:00 PM,County,AMHERST AVE,County,BLUERIDGE AVE,,N/A,PEDESTRIAN,SINGLE VEHICLE,SLEET,WET,DARK LIGHTS ON,YIELD SIGN,NONE DETECTED,NONE DETECTED,384DE869-2028-4682-B18A-DCB2E130AE4A,PEDESTRIAN,Cross/Enter at Intersection,DART DASH,AT INTERSECTION MARKED CROSSWALK,N/A,MIXED CLOTHING,,SUSPECTED SERIOUS INJURY,N/A,39.04335333,-77.047845,"(39.04335333, -77.047845)"
MCP0617003J,220010472,Montgomery County Police,Injury Crash,03/11/2022 08:00:00 AM,County,FAIRLAND RD,County,TAMARACK RD,,N/A,BICYCLIST,SAME DIRECTION RIGHT TURN,CLEAR,DRY,DAYLIGHT,NO CONTROLS,NONE DETECTED,NONE DETECTED,6E6EBA90-B599-4F00-A47E-4860FFD11330,BICYCLIST,Walking/Riding w/Traffic,NO IMPROPER ACTIONS,SHOULDER,N/A,N/A,No,SUSPECTED MINOR INJURY,MC/BIKE HELMET,39.07779667,-76.97765667,"(39.07779667, -76.97765667)"
MCP30220036,190060471,Montgomery County Police,Injury Crash,12/15/2019 05:47:00 PM,Maryland (State),RIDGE RD,County,BRINK RD,,N/A,BICYCLIST,OTHER,CLEAR,DRY,DARK LIGHTS ON,TRAFFIC SIGNAL,N/A,N/A,848DB32A-396F-4C75-8B68-8D966935E262,BICYCLIST,Cross/Enter at Intersection,NO IMPROPER ACTIONS,ON ROADWAY AT CROSSWALK,OBEYED PED. SIGNAL,DARK CLOTHING,No,SUSPECTED MINOR INJURY,MC/BIKE HELMET,39.21038167,-77.23994833,"(39.21038167, -77.23994833)"
MCP27450028,190022858,Montgomery County Police,Injury Crash,05/15/2019 04:49:00 AM,County,WATKINS MILL RD,County,STEDWICK RD,,N/A,PEDESTRIAN,OTHER,CLEAR,DRY,DARK LIGHTS ON,FLASHING TRAFFIC SIGNAL,NONE DETECTED,N/A,6C6960B6-EF3B-4858-BAF1-54D4FD881133,PEDESTRIAN,Cross/Enter at Intersection,NO IMPROPER ACTIONS,ON ROADWAY AT CROSSWALK,N/A,MIXED CLOTHING,No,POSSIBLE INJURY,N/A,39.17042,-77.20894833,"(39.17042, -77.20894833)"
MCP94390002,15017410,Montgomery County Police,Injury Crash,04/15/2015 10:32:00 PM,Maryland (State),FREDERICK RD,Municipality,REDLAND BLVD,,ROCKVILLE,PEDESTRIAN,STRAIGHT MOVEMENT ANGLE,RAINING,WET,DARK LIGHTS ON,TRAFFIC SIGNAL,NONE DETECTED,N/A,476C1954-0A5D-4E96-9403-239F9359DCE9,PEDESTRIAN,Cross/Enter at Intersection,NO IMPROPER ACTIONS,ON ROADWAY AT CROSSWALK,OBEYED PED. SIGNAL,DARK CLOTHING,,POSSIBLE INJURY,N/A,39.11569,-77.166265,"(39.11569, -77.166265)"
DD56210001,16044450,Rockville Police Departme,Injury Crash,08/31/2016 03:35:00 PM,Maryland (State),ROCKVILLE PIKE,Unknown,DIRECTIONAL CROSSOVER,,N/A,PEDESTRIAN,OTHER,CLEAR,DRY,DAYLIGHT,NO CONTROLS,NONE DETECTED,NONE DETECTED,E442BD0B-44FF-4E01-B85B-782F2CCCF5CF,PEDESTRIAN,Cross/Enter not at Intersection,IN ROADWAY IMPROPERLY,ON ROADWAY NOT AT CROSSWALK,NO PED. SIGNAL,MIXED CLOTHING,Yes,SUSPECTED MINOR INJURY,N/A,39.05963317,-77.12222636,"(39.05963317, -77.12222636)"
MCP271700P1,190029339,Montgomery County Police,Injury Crash,06/19/2019 03:10:00 PM,County,NICHOLSON LA,County,NEBEL ST,,N/A,PEDESTRIAN,OTHER,CLEAR,DRY,DAYLIGHT,TRAFFIC SIGNAL,NONE DETECTED,NONE DETECTED,27E4CD75-23DF-42E4-9DD5-3FBF89F828DB,PEDESTRIAN,Cross/Enter at Intersection,NO IMPROPER ACTIONS,ON ROADWAY AT CROSSWALK,OBEYED PED. SIGNAL,MIXED CLOTHING,No,SUSPECTED MINOR INJURY,NONE,39.045444,-77.10475833,"(39.045444, -77.10475833)"
MCP29340017,15062309,MONTGOMERY,Injury Crash,12/06/2015 11:40:00 AM,County,MACARTHUR BLVD,Maryland (State),WILSON LA,,N/A,BICYCLIST,OTHER,CLEAR,DRY,DAYLIGHT,NO CONTROLS,NONE DETECTED,NONE DETECTED,BC06799B-20C3-460D-929C-A764C619F901,BICYCLIST,Walking/Riding w/Traffic,NO IMPROPER ACTIONS,SHOULDER,NO PED. SIGNAL,LIGHT CLOTHING,No,POSSIBLE INJURY,MC/BIKE HELMET,38.972745,-77.14698667,"(38.972745, -77.14698667)"
MCP2269001L,210046177,Montgomery County Police,Injury Crash,11/14/2021 12:45:00 PM,Municipality,WATKINS MILL RD,Maryland (State),FREDERICK RD,,N/A,PEDESTRIAN,STRAIGHT MOVEMENT ANGLE,CLOUDY,DRY,DAYLIGHT,TRAFFIC SIGNAL,NONE DETECTED,NONE DETECTED,36B7FB7B-0FE1-4828-8688-6E8AB438250C,PEDESTRIAN,Cross/Enter at Intersection,NO IMPROPER ACTIONS,ON ROADWAY AT CROSSWALK,OBEYED PED. SIGNAL,N/A,No,POSSIBLE INJURY,NONE,39.15336333,-77.230685,"(39.15336333, -77.230685)"
MCP20390025,16063584,Montgomery County Police,Injury Crash,12/11/2016 12:47:00 PM,,,,,14000 GEORGIA AVENUE PARKING LOT (HOME DEPOT),,PEDESTRIAN,STRAIGHT MOVEMENT ANGLE,CLOUDY,,DAYLIGHT,NO CONTROLS,N/A,N/A,DEABE90D-EE71-4167-96F2-78B0BB4F17C7,PEDESTRIAN,Walking/Riding w/Traffic,NO IMPROPER ACTIONS,OTHER,NO PED. SIGNAL,DARK CLOTHING,No,POSSIBLE INJURY,N/A,39.058435,-77.04802667,"(39.058435, -77.04802667)"
MCP28480032,16027760,Montgomery County Police,Injury Crash,06/03/2016 12:03:00 PM,County,EXECUTIVE BLVD,Maryland (State),OLD GEORGETOWN RD,,N/A,BICYCLIST,STRAIGHT MOVEMENT ANGLE,CLOUDY,DRY,DAYLIGHT,NO CONTROLS,NONE DETECTED,NONE DETECTED,F6BECD71-9C52-4DD4-B4BB-1A0C26208BB0,BICYCLIST,Cross/Enter at Intersection,NO IMPROPER ACTIONS,SIDEWALK,NO PED. SIGNAL,LIGHT CLOTHING,No,SUSPECTED MINOR INJURY,MC/BIKE HELMET,39.04729,-77.11769,"(39.04729, -77.11769)"
MCP2177004H,20032118,Montgomery County Police,Injury Crash,08/17/2020 02:45:00 PM,,,,,PAVED DRIVEWAY OF 14031 GEORGIA AVENUE,,BICYCLIST,STRAIGHT MOVEMENT ANGLE,CLOUDY,,DAYLIGHT,NO CONTROLS,N/A,N/A,C3442C57-C500-476F-BAB2-C9A1499AD424,BICYCLIST,Walking/Cycling on Sidewalk,WRONG WAY RIDING OR WALKING,OTHER,N/A,MIXED CLOTHING,Yes,SUSPECTED MINOR INJURY,NONE,39.08497348,-77.07818107,"(39.08497348, -77.07818107)"
MCP23610022,220037562,Montgomery County Police,Injury Crash,08/30/2022 03:53:00 PM,County,WALKERS CHOICE RD,County,MONTGOMERY VILLAGE AVE,,N/A,PEDESTRIAN,OTHER,RAINING,WET,DAYLIGHT,STOP SIGN,NONE DETECTED,NONE DETECTED,D92A5E59-E94F-4704-819E-510AEA5592AC,PEDESTRIAN,Approach/Leaving Schoolbus,NO IMPROPER ACTIONS,IN SCHOOL BUS ZONE,OBEYED PED. SIGNAL,MIXED CLOTHING,No,SUSPECTED SERIOUS INJURY,NONE,39.161571,-77.20324,"(39.161571, -77.20324)"
MCP2919001H,16021979,Montgomery County Police,Injury Crash,05/04/2016 07:03:00 AM,County,FENWICK LA,County,SECOND AVE,,N/A,PEDESTRIAN,OTHER,CLEAR,DRY,DAYLIGHT,STOP SIGN,NONE DETECTED,NONE DETECTED,522EBCA0-C842-4DE3-BF9D-8345A852F0E1,PEDESTRIAN,Cross/Enter at Intersection,NO IMPROPER ACTIONS,ON ROADWAY AT CROSSWALK,NO PED. SIGNAL,N/A,No,SUSPECTED MINOR INJURY,N/A,38.99726833,-77.03342667,"(38.99726833, -77.03342667)"
MCP3051001B,180005944,Montgomery County Police,Injury Crash,02/03/2018 08:50:00 PM,Maryland (State),OLD GEORGETOWN RD,County,LONE OAK DR,,N/A,PEDESTRIAN,OTHER,CLEAR,DRY,DARK NO LIGHTS,NO CONTROLS,NONE DETECTED,ALCOHOL PRESENT,496907D8-326A-40F6-B1E0-10DFF177CBFE,PEDESTRIAN,Cross/Enter not at Intersection,FAILURE TO YIELD RIGHT OF WAY,ON ROADWAY NOT AT CROSSWALK,NO PED. SIGNAL,DARK CLOTHING,Yes,SUSPECTED SERIOUS INJURY,NONE,39.02009175,-77.1219521,"(39.02009175, -77.1219521)"
MCP263900C8,210021006,Montgomery County Police,Injury Crash,06/03/2021 08:21:00 AM,Maryland (State),GEORGIA AVE,Other Public Roadway,GEORGIAN WAY,,N/A,BICYCLIST,STRAIGHT MOVEMENT ANGLE,CLOUDY,WET,DAYLIGHT,NO CONTROLS,NONE DETECTED,NONE DETECTED,55DC5794-CEC4-4FCF-B5B0-DBC19A429BCA,BICYCLIST,Walking/Cycling on Sidewalk,NO IMPROPER ACTIONS,SIDEWALK,NO PED. SIGNAL,MIXED CLOTHING,No,POSSIBLE INJURY,NONE,39.05428667,-77.05048833,"(39.05428667, -77.05048833)"
MCP2671000V,15048904,MONTGOMERY,Injury Crash,09/26/2015 05:40:00 PM,,,,,8619-A 16TH STREET 7-11 PARKING LOT,,PEDESTRIAN,SINGLE VEHICLE,CLEAR,,DAYLIGHT,NO CONTROLS,NONE DETECTED,NONE DETECTED,4C051813-6061-4ED2-88FB-D93EE371FAE7,PEDESTRIAN,Other,NO IMPROPER ACTIONS,OTHER,NO PED. SIGNAL,MIXED CLOTHING,No,SUSPECTED MINOR INJURY,NONE,38.99818942,-77.03803718,"(38.99818942, -77.03803718)"
MCP33120027,220045002,Montgomery County Police,Injury Crash,10/14/2022 09:00:00 AM,County,OLD COLUMBIA PIKE,Unknown,CLIFTONDALE DR,,N/A,PEDESTRIAN,SINGLE VEHICLE,CLEAR,WET,DAYLIGHT,NO CONTROLS,NONE DETECTED,NONE DETECTED,173772F5-6D65-4FE9-9669-F0824241D679,PEDESTRIAN,Standing,NO IMPROPER ACTIONS,AT INTERSECTION BUT NO CROSSWALK,N/A,REFLECTIVE MATERIAL,No,POSSIBLE INJURY,REFLECTIVE CLOTHING,39.053705,-76.97383833,"(39.053705, -76.97383833)"
EJ78700020,190045638,Gaithersburg Police Depar,Injury Crash,09/23/2019 08:02:00 PM,County,FIELDS RD,Municipality,RIO BLVD,,GAITHERSBURG,OTHER CONVEYANCE,STRAIGHT MOVEMENT ANGLE,CLEAR,DRY,DARK LIGHTS ON,NO CONTROLS,NONE DETECTED,NONE DETECTED,AFA9DE77-1C2F-4ABE-8055-0046E48913B4,OTHER CONVEYANCE,Cross/Enter not at Intersection,FAILURE TO YIELD RIGHT OF WAY,ON ROADWAY AT CROSSWALK,NO PED. SIGNAL,DARK CLOTHING,Yes,POSSIBLE INJURY,NONE,39.11428548,-77.20563496,"(39.11428548, -77.20563496)"
MCP2162002L,170534580,Montgomery County Police,Injury Crash,10/03/2017 07:02:00 AM,Maryland (State),OLNEY LAYTONSVILLE RD,Unknown,OLNEY POST OFFICE,,N/A,PEDESTRIAN,STRAIGHT MOVEMENT ANGLE,CLEAR,DRY,DARK LIGHTS ON,STOP SIGN,N/A,N/A,8D238554-8134-4C21-89E8-0CFD5ACE2E8F,PEDESTRIAN,Cross/Enter at Intersection,N/A,ON ROADWAY AT CROSSWALK,NO PED. SIGNAL,LIGHT CLOTHING,No,SUSPECTED MINOR INJURY,NONE,39.15551833,-77.07064333,"(39.15551833, -77.07064333)"
MCP30040032,190022097,Montgomery County Police,Injury Crash,05/10/2019 11:00:00 AM,County,DORSET AVE,County,KENNEDY DR,,N/A,BICYCLIST,OTHER,UNKNOWN,UNKNOWN,DAYLIGHT,N/A,N/A,N/A,E6AF3FDD-40AB-4E34-A900-D769C05958A8,BICYCLIST,Cross/Enter at Intersection,UNKNOWN,ON ROADWAY AT CROSSWALK,N/A,UNKNOWN,Unknown,SUSPECTED MINOR INJURY,UNKNOWN,38.9692008,-77.1056713,"(38.9692008, -77.1056713)"
MCP2436009N,200008109,Montgomery County Police,Injury Crash,02/18/2020 01:40:00 PM,Maryland (State),PINEY BRANCH RD,Other Public Roadway,KODIAK DR,,N/A,PEDESTRIAN,SINGLE VEHICLE,CLEAR,DRY,DAYLIGHT,NO CONTROLS,NONE DETECTED,NONE DETECTED,99E36A32-6FE7-4B53-B12F-6BD21CB66301,PEDESTRIAN,Cross/Enter at Intersection,DART DASH,ON ROADWAY NOT AT CROSSWALK,NO PED. SIGNAL,LIGHT CLOTHING,Yes,SUSPECTED MINOR INJURY,N/A,38.99978841,-76.99156582,"(38.99978841, -76.99156582)"
MCP2046003V,15021033,Montgomery County Police,Injury Crash,05/04/2015 07:40:00 AM,County,FOREST GLEN RD,Unknown,STRUC #M0225 SLIGO CREEK,,N/A,BICYCLIST,STRAIGHT MOVEMENT ANGLE,CLEAR,DRY,DAYLIGHT,NO CONTROLS,NONE DETECTED,NONE DETECTED,8C20657B-7B10-42FC-A6AC-2C2714E36177,BICYCLIST,Cross/Enter not at Intersection,NO IMPROPER ACTIONS,ON ROADWAY AT CROSSWALK,NO PED. SIGNAL,MIXED CLOTHING,,SUSPECTED MINOR INJURY,MC/BIKE HELMET,39.01626667,-77.03280167,"(39.01626667, -77.03280167)"
DD5625001X,190008171,Rockville Police Departme,Injury Crash,02/20/2019 10:50:00 AM,,,,,PARKING LOT OF 797 ROCKVILLE PIKE,,PEDESTRIAN,OTHER,SNOW,,DAYLIGHT,N/A,UNKNOWN,NONE DETECTED,2BEE8F8F-ACC5-4661-9E85-8E4B6FBD1A4A,PEDESTRIAN,Other,INATTENTIVE,OTHER,NO PED. SIGNAL,DARK CLOTHING,No,POSSIBLE INJURY,N/A,39.07696736,-77.14010649,"(39.07696736, -77.14010649)"
MCP2565001S,15033708,MONTGOMERY,Injury Crash,07/09/2015 09:56:00 PM,,,,,"In Parking lot of 11710 Hunters Lane, Rockville, MD",,PEDESTRIAN,OTHER,CLEAR,,DARK LIGHTS ON,NO CONTROLS,NONE DETECTED,NONE DETECTED,65088DFD-432E-434F-B8F9-C9BB6F246C21,PEDESTRIAN,Other,NO IMPROPER ACTIONS,N/A,N/A,MIXED CLOTHING,No,SUSPECTED MINOR INJURY,NONE,39.04886473,-77.09873557,"(39.04886473, -77.09873557)"
EJ7777000K,16031565,Gaithersburg Police Depar,Property Damage Crash,06/22/2016 01:56:00 PM,Municipality,RUSSELL AVE,Maryland (State),MONTGOMERY VILLAGE AVE,,N/A,BICYCLIST,STRAIGHT MOVEMENT ANGLE,CLEAR,DRY,DAYLIGHT,TRAFFIC SIGNAL,NONE DETECTED,UNKNOWN,19215AB0-1765-4A91-ADB7-81B8954EA091,BICYCLIST,Cross/Enter at Intersection,FAILURE TO OBEY TRAFFIC SIGNS SIGNALS OR OFFICER,ON ROADWAY AT CROSSWALK,DISOBEYED PED. SIGNAL,UNKNOWN,Yes,NO APPARENT INJURY,UNKNOWN,39.15436833,-77.20923833,"(39.15436833, -77.20923833)"
MCP2937000Y,15040567,MONTGOMERY,Injury Crash,08/14/2015 01:28:00 PM,,,,,shell parking lot 11300 lockwood drive/11200 new hampshire avenue,,PEDESTRIAN,SAME DIR REAR END,CLEAR,,DAYLIGHT,NO CONTROLS,NONE DETECTED,NONE DETECTED,B6B313AC-F00A-4C28-9DA5-92EE4EF29CF9,PEDESTRIAN,Other,NO IMPROPER ACTIONS,OTHER,NO PED. SIGNAL,LIGHT CLOTHING,No,SUSPECTED MINOR INJURY,N/A,39.03849333,-76.98981333,"(39.03849333, -76.98981333)"
MCP3125002B,200018199,Montgomery County Police,Injury Crash,05/04/2020 03:30:00 PM,,,,,16101 FREDERICK RD - TRANSFER STATION RDS,,PEDESTRIAN,SINGLE VEHICLE,CLEAR,,DAYLIGHT,NO CONTROLS,NONE DETECTED,NONE DETECTED,E44742B3-DF76-454D-911A-F67EAE36266B,PEDESTRIAN,Getting off/on Vehicle,INATTENTIVE,ON ROADWAY NOT AT CROSSWALK,N/A,LIGHT CLOTHING,No,SUSPECTED MINOR INJURY,NONE,39.122035,-77.17094667,"(39.122035, -77.17094667)"
MCP2936002R,180036865,Montgomery County Police,Injury Crash,07/25/2018 04:36:00 PM,County,WOODGLEN DR,County,NICHOLSON LA,,N/A,BICYCLIST,OTHER,CLEAR,DRY,DAYLIGHT,OTHER,UNKNOWN,NONE DETECTED,F77DD49F-1B22-4D91-B879-9922B2609D36,BICYCLIST,Other,NO IMPROPER ACTIONS,ON ROADWAY AT CROSSWALK,NO PED. SIGNAL,LIGHT CLOTHING,No,POSSIBLE INJURY,NONE,39.04398667,-77.11339667,"(39.04398667, -77.11339667)"
MCP20010017,200000963,Montgomery County Police,Fatal Crash,01/06/2020 06:26:00 PM,Maryland (State),GEORGIA AVE,Unknown,ENT TO CEMETERY,,N/A,PEDESTRIAN,SINGLE VEHICLE,CLEAR,DRY,DARK LIGHTS ON,NO CONTROLS,NONE DETECTED,NONE DETECTED,17CC6A8F-DA25-48B7-8EB6-38504A278A44,PEDESTRIAN,Cross/Enter not at Intersection,FAILURE TO YIELD RIGHT OF WAY,ON ROADWAY NOT AT CROSSWALK,NO PED. SIGNAL,DARK CLOTHING,Yes,FATAL INJURY,NONE,39.08100667,-77.07525333,"(39.08100667, -77.07525333)"