Report Number,Local Case Number,Agency Name,ACRS Report Type,Crash Date/Time,Route Type,Road Name,Cross-Street Type,Cross-Street Name,Off-Road Description,Municipality,Related Non-Motorist,Collision Type,Weather,Surface Condition,Light,Traffic Control,Driver Substance Abuse,Non-Motorist Substance Abuse,Person ID,Pedestrian Type,Pedestrian Movement,Pedestrian Actions,Pedestrian Location,Pedestrian Obeyed Traffic Signal,Pedestrian Visibility,At Fault,Injury Severity,Safety Equipment,Latitude,Longitude,Location
MCP28860016,16002214,Montgomery County Police,Injury Crash,01/12/2016 05:36:00 PM,Maryland (State),GEORGIA AVE,Unknown,ENT TO APTS,,N/A,PEDESTRIAN,SINGLE VEHICLE,CLOUDY,N/A,DARK NO LIGHTS,NO CONTROLS,NONE DETECTED,NONE DETECTED,A9C80955-0B94-42BB-88E2-406EDC20B00F,PEDESTRIAN,Cross/Enter at Intersection,DART DASH,ON ROADWAY NOT AT CROSSWALK,NO PED. SIGNAL,DARK CLOTHING,Yes,POSSIBLE INJURY,NONE,39.08771167,-77.07945667,"(39.08771167, -77.07945667)"
DD56030040,170514300,Rockville Police Departme,Injury Crash,06/17/2017 05:15:00 PM,,,,,"PARKING LOT OF 1471 ROCKVILLE PIKE, ROCKVILLE, MD",,PEDESTRIAN,OTHER,CLEAR,,DAYLIGHT,STOP SIGN,UNKNOWN,NONE DETECTED,9D5EA762-73C3-4B7A-9621-A0107377AAF6,PEDESTRIAN,Other,OTHER,OTHER,NO PED. SIGNAL,LIGHT CLOTHING,No,SUSPECTED MINOR INJURY,N/A,39.06536,-77.12735167,"(39.06536, -77.12735167)"
MCP26120010,15041312,Montgomery County Police,Injury Crash,08/18/2015 03:20:00 PM,,SOUTH LEISURE WORLD BLVD,,DEERHURST LA,,N/A,PEDESTRIAN,SAME DIR REAR END,CLEAR,DRY,DAYLIGHT,NO CONTROLS,NONE DETECTED,NONE DETECTED,DEAE2202-E6C2-477C-8CA4-ED2F28E8443E,PEDESTRIAN,Other Working,NO IMPROPER ACTIONS,ON ROADWAY NOT AT CROSSWALK,NO PED. SIGNAL,UNKNOWN,No,POSSIBLE INJURY,OTHER,39.09637,-77.06582,"(39.09637, -77.06582)"
MCP137800BN,16040533,Montgomery County Police,Injury Crash,08/10/2016 01:50:00 PM,County,SNOUFFERS SCHOOL RD,County,BONANZA WAY,,N/A,PEDESTRIAN,SINGLE VEHICLE,CLOUDY,DRY,DAYLIGHT,N/A,NONE DETECTED,UNKNOWN,FFF76577-61B8-4AD0-9045-6A02DA98E246,PEDESTRIAN,Standing,OTHER,ON ROADWAY NOT AT CROSSWALK,N/A,REFLECTIVE MATERIAL,No,SUSPECTED SERIOUS INJURY,REFLECTIVE CLOTHING,39.16663333,-77.17156333,"(39.16663333, -77.17156333)"
MCP0942000X,16052055,Montgomery County Police,Injury Crash,10/10/2016 11:25:00 AM,County,WOODMONT AVE,County,BATTERY LA,,N/A,PEDESTRIAN,SINGLE VEHICLE,CLEAR,DRY,DAYLIGHT,TRAFFIC SIGNAL,NONE DETECTED,NONE DETECTED,3C60B3FF-2DCB-4445-BA07-FB39102494B3,PEDESTRIAN,Cross/Enter at Intersection,N/A,ON ROADWAY AT CROSSWALK,OBEYED PED. SIGNAL,DARK CLOTHING,No,POSSIBLE INJURY,NONE,38.99224833,-77.09697833,"(38.99224833, -77.09697833)"
MCP2512004Q,190054414,Montgomery County Police,Injury Crash,11/11/2019 07:11:00 PM,County,WASHINGTON GROVE LA,County,TOWNE CREST DR,,N/A,PEDESTRIAN,STRAIGHT MOVEMENT ANGLE,CLEAR,DRY,DARK LIGHTS ON,OTHER,NONE DETECTED,ALCOHOL PRESENT,8701791A-A4E5-4FE9-8D68-CEC8473D52EF,PEDESTRIAN,Other,INATTENTIVE,OTHER,NO PED. SIGNAL,MIXED CLOTHING,Yes,POSSIBLE INJURY,NONE,39.14385789,-77.17320853,"(39.14385789, -77.17320853)"
MCP3085003B,20029820,Montgomery County Police,Injury Crash,07/11/2022 06:27:00 PM,County,NICHOLSON LA,County,NICHOLSON CT,,N/A,PEDESTRIAN,OTHER,CLEAR,DRY,DAYLIGHT,TRAFFIC SIGNAL,NONE DETECTED,NONE DETECTED,C9F13FD4-93FB-4124-96A8-8CDDD2159B8B,PEDESTRIAN,Cross/Enter at Intersection,NO IMPROPER ACTIONS,ON ROADWAY AT CROSSWALK,OBEYED PED. SIGNAL,MIXED CLOTHING,No,SUSPECTED MINOR INJURY,NONE,39.04544833,-77.10511833,"(39.04544833, -77.10511833)"
MCP2723001P,16029171,Montgomery County Police,Injury Crash,06/10/2016 10:09:00 AM,Maryland (State),NEW HAMPSHIRE AVE,County,EDNOR RD,,N/A,BICYCLIST,STRAIGHT MOVEMENT ANGLE,CLEAR,DRY,DAYLIGHT,NO CONTROLS,N/A,N/A,F2A18E84-4B32-4C3C-AA4D-E6AC0ADBF4CC,BICYCLIST,Walking/Riding w/Traffic,NO IMPROPER ACTIONS,ON ROADWAY NOT AT CROSSWALK,NO PED. SIGNAL,LIGHT CLOTHING,No,SUSPECTED SERIOUS INJURY,MC/BIKE HELMET,39.20948333,-77.24713,"(39.20948333, -77.24713)"
MCP2954004Y,180011396,Montgomery County Police,Injury Crash,03/06/2018 03:34:00 PM,Maryland (State),PINEY BRANCH RD,County,ARLISS ST,,N/A,PEDESTRIAN,N/A,CLOUDY,WET,DAYLIGHT,NO CONTROLS,NONE DETECTED,NONE DETECTED,24977CF6-9A19-42DD-8AE1-657819924F20,PEDESTRIAN,Other,INATTENTIVE,N/A,NO PED. SIGNAL,MIXED CLOTHING,Yes,SUSPECTED MINOR INJURY,NONE,38.99864593,-76.99937582,"(38.99864593, -76.99937582)"
DD55980022,170539245,Rockville Police Departme,Injury Crash,10/27/2017 06:58:00 PM,Maryland (State),VEIRS MILL RD,Municipality,ATLANTIC AVE,,ROCKVILLE,PEDESTRIAN,STRAIGHT MOVEMENT ANGLE,CLEAR,DRY,DARK LIGHTS ON,TRAFFIC SIGNAL,N/A,N/A,3A3851FB-C037-43B6-8B72-DB4F2B3C0BAD,PEDESTRIAN,Cross/Enter at Intersection,N/A,ON ROADWAY AT CROSSWALK,OBEYED PED. SIGNAL,MIXED CLOTHING,No,SUSPECTED MINOR INJURY,N/A,39.07521933,-77.11582817,"(39.07521933, -77.11582817)"
MCP2001000N,17005653,Montgomery County Police,Fatal Crash,02/01/2017 05:06:00 PM,,,,,PARKING LOT OF CRESTHAVEN ELEMENTARY SCHOOL (1234 CRESTHAVEN DRIVE),,PEDESTRIAN,SINGLE VEHICLE,CLEAR,,DAYLIGHT,STOP SIGN,NONE DETECTED,NONE DETECTED,C80A180A-AE48-4E95-854B-A8979CCCA982,PEDESTRIAN,Unknown,UNKNOWN,DRIVEWAY ACCESS MARKED CROSSWALK,NO PED. SIGNAL,UNKNOWN,Unknown,FATAL INJURY,N/A,39.02718717,-76.98797643,"(39.02718717, -76.98797643)"
DM8450000C,15049110,TAKOMA,Property Damage Crash,09/28/2015 08:57:00 AM,Municipality,MAPLE AVE,Municipality,LEE AVE,,TAKOMA PARK,"BICYCLIST, PEDESTRIAN",OTHER,CLOUDY,DRY,DAYLIGHT,SCHOOL ZONE SIGN DEVICE,,NONE DETECTED,93AE9100-BABB-4D4D-A203-609338F919B6,BICYCLIST,Walking/Riding w/Traffic,FAILURE TO YIELD RIGHT OF WAY,AT INTERSECTION MARKED CROSSWALK,OTHER,DARK CLOTHING,Yes,NO APPARENT INJURY,NONE,38.979885,-77.007915,"(38.979885, -77.007915)"
MCP3126000C,180012207,Montgomery County Police,Injury Crash,03/10/2018 04:30:00 PM,,,,,PARKING LOT AT 19411 BRASSIE PLACE,,PEDESTRIAN,SINGLE VEHICLE,UNKNOWN,,DAYLIGHT,N/A,UNKNOWN,UNKNOWN,DC126F32-ECF9-4464-97DE-3EE1903A9524,PEDESTRIAN,Other,UNKNOWN,SIDEWALK,N/A,N/A,No,POSSIBLE INJURY,N/A,39.17836,-77.23833,"(39.17836, -77.23833)"
MCP3084005S,220016909,Montgomery County Police,Injury Crash,04/21/2022 06:51:00 AM,County,CHESHIRE DR,County,GROSVENOR LA,,N/A,BICYCLIST,OTHER,CLEAR,DRY,DAYLIGHT,STOP SIGN,NONE DETECTED,NONE DETECTED,6CE1F972-BA50-4C56-9C96-387B0FC2863B,BICYCLIST,Cross/Enter at Intersection,UNKNOWN,ON ROADWAY NOT AT CROSSWALK,NO PED. SIGNAL,DARK CLOTHING,Unknown,POSSIBLE INJURY,MC/BIKE HELMET,39.02338167,-77.12303,"(39.02338167, -77.12303)"
MCP2675000S,15031652,Montgomery County Police,Injury Crash,06/28/2015 09:19:00 PM,County,RANDOLPH RD,County,BLUHILL RD,,N/A,BICYCLIST,HEAD ON LEFT TURN,CLEAR,DRY,DARK LIGHTS ON,NO CONTROLS,NONE DETECTED,NONE DETECTED,EC72741F-4797-441E-A6F3-8FFAA117D007,BICYCLIST,Cross/Enter not at Intersection,IN ROADWAY IMPROPERLY,ON ROADWAY NOT AT CROSSWALK,NO PED. SIGNAL,DARK CLOTHING,,SUSPECTED MINOR INJURY,NONE,39.05903667,-77.06514167,"(39.05903667, -77.06514167)"
MCP30380063,230011465,Montgomery County Police,Injury Crash,03/08/2023 07:41:00 PM,Maryland (State),GEORGIA AVE,US (State),COLESVILLE RD,,N/A,PEDESTRIAN,OTHER,CLEAR,DRY,DARK LIGHTS ON,TRAFFIC SIGNAL,UNKNOWN,NONE DETECTED,A328DEDC-EFED-4A36-828A-1EDA76178D3F,PEDESTRIAN,Cross/Enter at Intersection,NO IMPROPER ACTIONS,AT INTERSECTION MARKED CROSSWALK,OBEYED PED. SIGNAL,N/A,No,POSSIBLE INJURY,N/A,38.99594489,-77.02803686,"(38.99594489, -77.02803686)"
MCP29730063,220036415,Montgomery County Police,Injury Crash,08/23/2022 03:15:00 PM,Maryland (State),CONNECTICUT AVE,County,INDEPENDENCE ST,,N/A,PEDESTRIAN,OTHER,CLEAR,DRY,DAYLIGHT,TRAFFIC SIGNAL,NONE DETECTED,NONE DETECTED,C024E743-4C5E-48C3-8853-77C3240E037A,PEDESTRIAN,Cross/Enter at Intersection,NO IMPROPER ACTIONS,ON ROADWAY AT CROSSWALK,OBEYED PED. SIGNAL,LIGHT CLOTHING,No,SUSPECTED MINOR INJURY,N/A,39.0564664,-77.0736231,"(39.0564664, -77.0736231)"
MCP3071001W,210000758,Montgomery County Police,Injury Crash,01/06/2021 10:23:00 PM,Maryland (State),FREDERICK RD,County,GUNNERS BRANCH RD,,N/A,PEDESTRIAN,SINGLE VEHICLE,CLEAR,DRY,DARK LIGHTS ON,PERSON,NONE DETECTED,ALCOHOL CONTRIBUTED,38336BA3-4C9F-42E3-8C46-92C58C9236DC,PEDESTRIAN,Cross/Enter not at Intersection,DART DASH,AT INTERSECTION BUT NO CROSSWALK,NO PED. SIGNAL,MIXED CLOTHING,Yes,POSSIBLE INJURY,NONE,39.179145,-77.23843,"(39.179145, -77.23843)"
HA24150017,20001500,Maryland-National Capital,Injury Crash,06/26/2020 09:55:00 AM,Government,SLIGO CREEK PKWY,County,DENNIS AVE,,N/A,BICYCLIST,SAME DIRECTION LEFT TURN,N/A,DRY,DAYLIGHT,NO CONTROLS,N/A,N/A,F0F845FB-B5D0-4E20-BD23-E135245168A3,BICYCLIST,Walking/Riding w/Traffic,INATTENTIVE,ON ROADWAY NOT AT CROSSWALK,N/A,MIXED CLOTHING,Yes,SUSPECTED MINOR INJURY,MC/BIKE HELMET,39.02525944,-77.02924925,"(39.02525944, -77.02924925)"
MCP2686002L,180017451,Montgomery County Police,Injury Crash,04/10/2018 03:04:00 PM,County,RIDGE RD,County,OBSERVATION DR,,N/A,PEDESTRIAN,SINGLE VEHICLE,CLEAR,DRY,DAYLIGHT,TRAFFIC SIGNAL,N/A,UNKNOWN,CA7C085C-E3F3-41B1-B287-FD4E51CE205C,PEDESTRIAN,Cross/Enter at Intersection,IN ROADWAY IMPROPERLY,ON ROADWAY AT CROSSWALK,DISOBEYED PED. SIGNAL,MIXED CLOTHING,Yes,SUSPECTED SERIOUS INJURY,NONE,39.201955,-77.253035,"(39.201955, -77.253035)"
MCP3073005V,220003650,Montgomery County Police,Injury Crash,01/27/2022 06:41:00 PM,County,GRENOBLE DR,County,ASPEN HILL RD,,N/A,PEDESTRIAN,OTHER,N/A,N/A,DARK LIGHTS ON,N/A,NONE DETECTED,NONE DETECTED,524D7E48-0AD5-4553-8C4B-683A98989AEE,PEDESTRIAN,Cross/Enter at Intersection,NO IMPROPER ACTIONS,AT INTERSECTION BUT NO CROSSWALK,N/A,DARK CLOTHING,No,POSSIBLE INJURY,N/A,39.07947,-77.08392,"(39.07947, -77.08392)"
MCP32380021,220050613,Montgomery County Police,Injury Crash,11/16/2022 10:41:00 AM,US (State),GEORGIA AVE,County,SLIGO AVE,,N/A,OTHER CONVEYANCE,OTHER,CLEAR,DRY,DAYLIGHT,TRAFFIC SIGNAL,NONE DETECTED,NONE DETECTED,FA47916C-18B7-4261-8F43-4AF0202E90D1,OTHER CONVEYANCE,Cross/Enter at Intersection,FAILURE TO OBEY TRAFFIC SIGNS SIGNALS OR OFFICER,ON ROADWAY AT CROSSWALK,DISOBEYED PED. SIGNAL,DARK CLOTHING,Yes,SUSPECTED SERIOUS INJURY,NONE,38.99115,-77.02659,"(38.99115, -77.02659)"
MCP3112000T,180043077,Montgomery County Police,Injury Crash,08/29/2018 03:58:00 PM,,,,,"PARKING LOT OF 4111 HOWARD AVE, KENSINGTON MD 20895",,PEDESTRIAN,OTHER,CLEAR,,DAYLIGHT,NO CONTROLS,N/A,NONE DETECTED,06BAB8F8-F1BD-49C4-A11C-1318C97F0006,PEDESTRIAN,Standing,NO IMPROPER ACTIONS,N/A,N/A,LIGHT CLOTHING,No,SUSPECTED MINOR INJURY,NONE,39.03049,-77.080705,"(39.03049, -77.080705)"
MCP3124000V,180035999,Montgomery County Police,Injury Crash,07/20/2018 05:20:00 PM,County,VEIRS MILL RD,County,MONTERREY DR,,N/A,BICYCLIST,STRAIGHT MOVEMENT ANGLE,CLEAR,DRY,DAYLIGHT,STOP SIGN,NONE DETECTED,NONE DETECTED,515E0214-56C8-48EB-BE31-220797183BF5,BICYCLIST,Cross/Enter at Intersection,FAILURE TO YIELD RIGHT OF WAY,OTHER,NO PED. SIGNAL,LIGHT CLOTHING,Yes,SUSPECTED MINOR INJURY,NONE,39.04418193,-77.06295356,"(39.04418193, -77.06295356)"
MCP26080012,15043981,MONTGOMERY,Injury Crash,09/01/2015 05:33:00 PM,Maryland (State),GEORGIA AVE,County,AUGUST DR,,N/A,PEDESTRIAN,STRAIGHT MOVEMENT ANGLE,CLEAR,DRY,DAYLIGHT,TRAFFIC SIGNAL,NONE DETECTED,N/A,5B702C97-C2AA-42E9-8F75-F9D4C98D161D,PEDESTRIAN,Cross/Enter at Intersection,NO IMPROPER ACTIONS,ON ROADWAY AT CROSSWALK,OBEYED PED. SIGNAL,LIGHT CLOTHING,No,NO APPARENT INJURY,N/A,39.02128167,-77.04459667,"(39.02128167, -77.04459667)"
MCP2939004W,200023632,Montgomery County Police,Injury Crash,06/16/2020 05:10:00 PM,,,,,GLACIER LILY DR@ DOGWOOD HILLS DR,,BICYCLIST,STRAIGHT MOVEMENT ANGLE,CLEAR,,DAYLIGHT,STOP SIGN,NONE DETECTED,N/A,91FDF3B8-B481-4EFF-94F6-9166590E2111,BICYCLIST,Cross/Enter at Intersection,INATTENTIVE,AT INTERSECTION MARKED CROSSWALK,OTHER,MIXED CLOTHING,Yes,SUSPECTED MINOR INJURY,NONE,39.22867167,-77.24095833,"(39.22867167, -77.24095833)"
MCP2177001J,17012955,Montgomery County Police,Injury Crash,03/12/2017 12:27:00 PM,County,GLEN MILL RD,County,BALD CYPRESS DR,,N/A,BICYCLIST,SAME DIR REAR END,N/A,DRY,DAYLIGHT,NO CONTROLS,NONE DETECTED,NONE DETECTED,638675C0-C6ED-48C2-8EA0-9B0C94873D95,BICYCLIST,Walking/Riding w/Traffic,INATTENTIVE,OTHER,N/A,DARK CLOTHING,Yes,SUSPECTED SERIOUS INJURY,MC/BIKE HELMET,39.08259333,-77.198755,"(39.08259333, -77.198755)"
MCP2353009H,210044239,Montgomery County Police,Injury Crash,11/02/2021 08:51:00 AM,County,CHESTNUT ST,County,TILBURY ST,,N/A,OTHER CONVEYANCE,SINGLE VEHICLE,CLOUDY,DRY,DAYLIGHT,OTHER,NONE DETECTED,NONE DETECTED,8C8FB770-6800-440D-B8E8-708ADF6C8A6B,OTHER CONVEYANCE,Cross/Enter at Intersection,FAILURE TO YIELD RIGHT OF WAY,ON ROADWAY AT CROSSWALK,NO PED. SIGNAL,MIXED CLOTHING,Yes,SUSPECTED MINOR INJURY,MC/BIKE HELMET,38.99348254,-77.09284703,"(38.99348254, -77.09284703)"
MCP2048002Z,200026557,Montgomery County Police,Injury Crash,07/08/2020 07:15:00 PM,Maryland (State),PINEY BRANCH RD,County,BARRON ST,,N/A,PEDESTRIAN,OTHER,CLEAR,DRY,DAYLIGHT,TRAFFIC SIGNAL,NONE DETECTED,NONE DETECTED,E5793417-4498-4515-9F77-4241CC138637,PEDESTRIAN,Cross/Enter at Intersection,NO IMPROPER ACTIONS,AT INTERSECTION MARKED CROSSWALK,OBEYED PED. SIGNAL,LIGHT CLOTHING,No,SUSPECTED MINOR INJURY,N/A,38.999145,-76.99770833,"(38.999145, -76.99770833)"
MCP3127001B,190051223,Montgomery County Police,Injury Crash,10/24/2019 10:10:00 PM,Maryland (State),ROCKVILLE PIKE,County,MARINELLI RD,,N/A,PEDESTRIAN,N/A,CLEAR,DRY,DARK LIGHTS ON,OTHER,NONE DETECTED,NONE DETECTED,2E0BF5C8-0DDE-407D-9317-50ED0AA64FBB,PEDESTRIAN,Cross/Enter at Intersection,DART DASH,AT INTERSECTION MARKED CROSSWALK,OBEYED PED. SIGNAL,DARK CLOTHING,No,SUSPECTED MINOR INJURY,NONE,39.04712,-77.11308667,"(39.04712, -77.11308667)"
DD5603003J,16064126,Rockville Police Departme,Injury Crash,12/14/2016 09:15:00 AM,,,,,1600 BLK OF YALE PLACE (RESIDENTIAL PARKING LOT),,PEDESTRIAN,OTHER,CLEAR,,DAYLIGHT,NO CONTROLS,UNKNOWN,NONE DETECTED,20CD2DF7-BC07-4849-9FCF-821A4D3351D7,PEDESTRIAN,Walking to/from school,NO IMPROPER ACTIONS,OTHER,NO PED. SIGNAL,DARK CLOTHING,No,POSSIBLE INJURY,N/A,39.10448361,-77.16208801,"(39.10448361, -77.16208801)"
MCP3065000B,170525195,Montgomery County Police,Injury Crash,08/16/2017 04:46:00 PM,Maryland (State),NEW HAMPSHIRE AVE,County,NORTHAMPTON DR,,N/A,BICYCLIST,SINGLE VEHICLE,CLEAR,DRY,DAYLIGHT,N/A,NONE DETECTED,ALCOHOL PRESENT,3F6F20BA-E788-4E3A-AD98-B1C7C2CAC2ED,BICYCLIST,Cross/Enter not at Intersection,FAILURE TO YIELD RIGHT OF WAY,ON ROADWAY NOT AT CROSSWALK,NO PED. SIGNAL,LIGHT CLOTHING,Yes,SUSPECTED SERIOUS INJURY,NONE,39.00792333,-76.97992,"(39.00792333, -76.97992)"
MCP242500GL,210005127,Montgomery County Police,Injury Crash,02/09/2021 10:50:00 AM,Maryland (State),GEORGIA AVE,US (State),COLESVILLE RD,,N/A,PEDESTRIAN,OTHER,N/A,DRY,DAYLIGHT,TRAFFIC SIGNAL,NONE DETECTED,NONE DETECTED,BC8BD9F9-4378-4788-B8C3-FA23F779CD54,PEDESTRIAN,Cross/Enter at Intersection,NO IMPROPER ACTIONS,ON ROADWAY AT CROSSWALK,OBEYED PED. SIGNAL,LIGHT CLOTHING,No,SUSPECTED MINOR INJURY,NONE,38.99574167,-77.02811167,"(38.99574167, -77.02811167)"
MCP21160088,180012621,Montgomery County Police,Injury Crash,03/13/2018 02:23:00 PM,County,SENECA RD,County,RIVER RD,,N/A,OTHER,SINGLE VEHICLE,CLEAR,DRY,DAYLIGHT,NO CONTROLS,NONE DETECTED,N/A,3B056425-16AD-4B03-8DBD-B7FB1158481A,OTHER,N/A,N/A,N/A,N/A,N/A,No,NO APPARENT INJURY,N/A,39.07867167,-77.33052833,"(39.07867167, -77.33052833)"
MCP2723006D,220023464,Montgomery County Police,Injury Crash,06/01/2022 04:10:00 PM,County,DRAKE DR,County,RUSSETT RD,,N/A,BICYCLIST,SINGLE VEHICLE,CLEAR,DRY,DAYLIGHT,NO CONTROLS,N/A,N/A,513F5D3E-BC46-44B2-8835-C1D8BAC9D69B,BICYCLIST,Cross/Enter at Intersection,NO IMPROPER ACTIONS,SIDEWALK,N/A,N/A,No,SUSPECTED MINOR INJURY,UNKNOWN,39.08466833,-77.10403,"(39.08466833, -77.10403)"
MCP3086006V,220026096,Montgomery County Police,Injury Crash,06/17/2022 12:40:00 PM,County,BRENISH DR,Maryland (State),WOODFIELD RD,,N/A,OTHER CONVEYANCE,SINGLE VEHICLE,CLEAR,DRY,DAYLIGHT,STOP SIGN,UNKNOWN,NONE DETECTED,86F7A410-C65C-46DD-88A2-DE2EC294FEA6,OTHER CONVEYANCE,Cross/Enter at Intersection,NO IMPROPER ACTIONS,ON ROADWAY AT CROSSWALK,NO PED. SIGNAL,LIGHT CLOTHING,No,POSSIBLE INJURY,NONE,39.17550333,-77.15181667,"(39.17550333, -77.15181667)"
MCP2848000Y,15026144,Montgomery County Police,Injury Crash,05/30/2015 03:27:00 PM,County,OAKLYN DR,County,POTOMAC STATION LA,,N/A,BICYCLIST,SAME DIR REAR END,CLEAR,DRY,DAYLIGHT,NO CONTROLS,NONE DETECTED,NONE DETECTED,594F8B37-C175-42EE-897A-1A664922F60E,BICYCLIST,Walking/Riding w/Traffic,NO IMPROPER ACTIONS,SHOULDER,N/A,LIGHT CLOTHING,,POSSIBLE INJURY,MC/BIKE HELMET,39.00037833,-77.21034167,"(39.00037833, -77.21034167)"
MCP115100CL,210039551,Montgomery County Police,Injury Crash,10/05/2021 07:25:00 AM,,,,,PARKING LOT OF 12850 MIDDLEBROOK ROAD,,OTHER CONVEYANCE,STRAIGHT MOVEMENT ANGLE,CLEAR,,DAYLIGHT,STOP SIGN,NONE DETECTED,NONE DETECTED,AB3D6AA6-C594-4331-909A-4E8B524166BE,OTHER CONVEYANCE,Cross/Enter at Intersection,FAILURE TO YIELD RIGHT OF WAY,OTHER,OTHER,MIXED CLOTHING,Yes,SUSPECTED MINOR INJURY,NONE,39.17687833,-77.2663,"(39.17687833, -77.2663)"
MCP3075001Y,180064588,Montgomery County Police,Injury Crash,12/26/2018 04:31:00 PM,,,,,11606 MIDDLEBROOK RD (SUNOCO PARKING LOT),,OTHER,OTHER,CLEAR,,DAYLIGHT,N/A,NONE DETECTED,NONE DETECTED,F6A3B5C7-0083-45E3-A158-2C5A94A9B05C,OTHER,Other,NO IMPROPER ACTIONS,OTHER,N/A,N/A,No,POSSIBLE INJURY,N/A,39.17893833,-77.23947167,"(39.17893833, -77.23947167)"
MCP2967003Q,190011529,Montgomery County Police,Injury Crash,03/12/2019 09:12:00 PM,Maryland (State),WISCONSIN AVE,Maryland (State),EAST WEST HWY (W/B COUPLET),,N/A,PEDESTRIAN,SINGLE VEHICLE,CLEAR,DRY,DARK LIGHTS ON,TRAFFIC SIGNAL,N/A,N/A,D0250D1E-BCB1-477D-88D5-B1A41E34B9D3,PEDESTRIAN,Cross/Enter not at Intersection,IN ROADWAY IMPROPERLY,ON ROADWAY NOT AT CROSSWALK,DISOBEYED PED. SIGNAL,DARK CLOTHING,Yes,SUSPECTED MINOR INJURY,NONE,38.98505333,-77.094145,"(38.98505333, -77.094145)"
MCP2730000V,16041084,Montgomery County Police,Injury Crash,08/13/2016 12:45:00 PM,County,WATERS LANDING DR,County,FATHER HURLEY BLVD,,N/A,PEDESTRIAN,OTHER,CLEAR,DRY,DAYLIGHT,TRAFFIC SIGNAL,NONE DETECTED,NONE DETECTED,2A35316D-4EC1-4D22-98EA-0B90FFD4BA23,PEDESTRIAN,Cross/Enter at Intersection,NO IMPROPER ACTIONS,SIDEWALK,OBEYED PED. SIGNAL,N/A,No,SUSPECTED MINOR INJURY,N/A,39.19165325,-77.2718668,"(39.19165325, -77.2718668)"
MCP209400G7,200011663,Montgomery County Police,Injury Crash,03/09/2020 05:54:00 PM,County,DECATUR AVE,Maryland (State),CONNECTICUT AVE,,N/A,BICYCLIST,OTHER,CLEAR,DRY,DAYLIGHT,STOP SIGN,NONE DETECTED,NONE DETECTED,57C43C20-F27E-4179-A61C-0C5DB5A596A1,BICYCLIST,Cross/Enter at Intersection,NO IMPROPER ACTIONS,ON ROADWAY AT CROSSWALK,NO PED. SIGNAL,MIXED CLOTHING,No,SUSPECTED MINOR INJURY,MC/BIKE HELMET,39.03390667,-77.07517167,"(39.03390667, -77.07517167)"
MCP1616002K,15051176,MONTGOMERY,Injury Crash,10/09/2015 07:39:00 AM,Maryland (State),ROCKVILLE PIKE,County,LOCUST HILL RD,,N/A,BICYCLIST,SAME DIR REAR END,CLOUDY,WET,DUSK,NO CONTROLS,NONE DETECTED,NONE DETECTED,00CC188C-BC90-4458-959A-E2571AA2D729,BICYCLIST,Walking/Riding w/Traffic,NO IMPROPER ACTIONS,ON ROADWAY NOT AT CROSSWALK,N/A,MIXED CLOTHING,No,POSSIBLE INJURY,MC/BIKE HELMET,39.00999167,-77.09724333,"(39.00999167, -77.09724333)"
MCP1305003Z,200006511,Montgomery County Police,Property Damage Crash,02/08/2020 02:52:00 PM,,,,,PARKING LOT AT 22 TINDALL SRPINGS CT,,OTHER,OTHER,CLEAR,,DAYLIGHT,NO CONTROLS,NONE DETECTED,N/A,1047418A-2B9B-4FBB-854C-C411F1445B52,OTHER,N/A,NO IMPROPER ACTIONS,INSIDE BUILDING,N/A,N/A,No,NO APPARENT INJURY,N/A,39.18515167,-77.17692833,"(39.18515167, -77.17692833)"
MCP2663000C,170535544,Montgomery County Police,Injury Crash,10/08/2017 10:26:00 PM,Maryland (State),EAST WEST HWY,Other Public Roadway,ROSEMARY HILLS RD,,N/A,PEDESTRIAN,SINGLE VEHICLE,RAINING,WET,DARK LIGHTS ON,TRAFFIC SIGNAL,NONE DETECTED,NONE DETECTED,3185EB49-1650-4291-AC91-E11A06402128,PEDESTRIAN,Walking/Riding w/Traffic,NO IMPROPER ACTIONS,ON ROADWAY AT CROSSWALK,OBEYED PED. SIGNAL,UNKNOWN,No,POSSIBLE INJURY,N/A,38.99520167,-77.04244167,"(38.99520167, -77.04244167)"
MCP3181000F,190021974,Montgomery County Police,Injury Crash,05/09/2019 10:10:00 PM,Maryland (State),GEORGIA AVE,County,REEDIE DR,,N/A,PEDESTRIAN,HEAD ON LEFT TURN,CLOUDY,DRY,DARK LIGHTS ON,TRAFFIC SIGNAL,UNKNOWN,N/A,E83A5495-8CD8-427C-A392-560E77AC8727,PEDESTRIAN,Cross/Enter at Intersection,NO IMPROPER ACTIONS,AT INTERSECTION MARKED CROSSWALK,OBEYED PED. SIGNAL,MIXED CLOTHING,No,SUSPECTED SERIOUS INJURY,N/A,39.03871263,-77.05079018,"(39.03871263, -77.05079018)"
DD5595007Z,190051199,Rockville Police Departme,Injury Crash,10/27/2019 06:53:00 PM,Municipality,CHAPMAN AVE,Municipality,TWINBROOK PKWY,,ROCKVILLE,PEDESTRIAN,SINGLE VEHICLE,CLEAR,DRY,DARK LIGHTS ON,TRAFFIC SIGNAL,UNKNOWN,NONE DETECTED,64450CF5-A219-42D5-B70D-6BEEC4D1DAA6,PEDESTRIAN,Cross/Enter at Intersection,NO IMPROPER ACTIONS,ON ROADWAY AT CROSSWALK,OBEYED PED. SIGNAL,MIXED CLOTHING,No,SUSPECTED MINOR INJURY,N/A,39.05861169,-77.11889264,"(39.05861169, -77.11889264)"