Report Number,Local Case Number,Agency Name,ACRS Report Type,Crash Date/Time,Route Type,Road Name,Cross-Street Type,Cross-Street Name,Off-Road Description,Municipality,Related Non-Motorist,Collision Type,Weather,Surface Condition,Light,Traffic Control,Driver Substance Abuse,Non-Motorist Substance Abuse,Person ID,Pedestrian Type,Pedestrian Movement,Pedestrian Actions,Pedestrian Location,Pedestrian Obeyed Traffic Signal,Pedestrian Visibility,At Fault,Injury Severity,Safety Equipment,Latitude,Longitude,Location
MCP9386004G,17015027,Montgomery County Police,Injury Crash,03/24/2017 10:04:00 AM,Maryland (State),OLD GEORGETOWN RD,County,EDGEMOOR LA,,N/A,PEDESTRIAN,OTHER,RAINING,WET,DAYLIGHT,TRAFFIC SIGNAL,NONE DETECTED,NONE DETECTED,58BF0ACA-7199-4B71-A6E3-3EFE2BA7C062,PEDESTRIAN,Cross/Enter at Intersection,NO IMPROPER ACTIONS,AT INTERSECTION MARKED CROSSWALK,OBEYED PED. SIGNAL,DARK CLOTHING,No,POSSIBLE INJURY,NONE,38.98573833,-77.09561667,"(38.98573833, -77.09561667)"
EJ7858006M,220012484,Gaithersburg Police Depar,Injury Crash,03/23/2022 08:59:00 AM,County,MUDDY BRANCH RD,Municipality,WEST SIDE DR,,GAITHERSBURG,PEDESTRIAN,OTHER,CLEAR,DRY,DAYLIGHT,TRAFFIC SIGNAL,NONE DETECTED,NONE DETECTED,4738D6A8-F5A6-428E-AC99-EEF42A8FDCFB,PEDESTRIAN,Cross/Enter at Intersection,FAILURE TO OBEY TRAFFIC SIGNS SIGNALS OR OFFICER,ON ROADWAY AT CROSSWALK,DISOBEYED PED. SIGNAL,MIXED CLOTHING,Yes,SUSPECTED MINOR INJURY,N/A,39.12923731,-77.20806466,"(39.12923731, -77.20806466)"
MCP2782001C,16007915,Montgomery County Police,Injury Crash,02/17/2016 07:33:00 AM,County,ASPEN HILL RD,Maryland (State),VEIRS MILL RD,,N/A,PEDESTRIAN,STRAIGHT MOVEMENT ANGLE,CLEAR,DRY,DAYLIGHT,TRAFFIC SIGNAL,NONE DETECTED,NONE DETECTED,FE5565BC-F2F2-4E46-BCEB-2A49AF406097,PEDESTRIAN,Cross/Enter at Intersection,NO IMPROPER ACTIONS,AT INTERSECTION MARKED CROSSWALK,OBEYED PED. SIGNAL,MIXED CLOTHING,No,SUSPECTED MINOR INJURY,N/A,39.069365,-77.10491833,"(39.069365, -77.10491833)"
MCP3161001G,190037723,Montgomery County Police,Injury Crash,08/07/2019 09:00:00 PM,Maryland (State),ROCKVILLE PIKE,County,JONES BRIDGE RD,,N/A,PEDESTRIAN,OTHER,CLEAR,DRY,DARK LIGHTS ON,TRAFFIC SIGNAL,NONE DETECTED,NONE DETECTED,35F18426-41CE-4E50-9BFC-8661C46DE248,PEDESTRIAN,Cross/Enter at Intersection,UNKNOWN,ON ROADWAY AT CROSSWALK,UNKNOWN,DARK CLOTHING,No,SUSPECTED MINOR INJURY,NONE,38.99685167,-77.09608167,"(38.99685167, -77.09608167)"
EJ78640021,190028524,Gaithersburg Police Depar,Injury Crash,06/14/2019 09:45:00 PM,County,FIELDS RD,Municipality,RIO BLVD,,GAITHERSBURG,OTHER PEDALCYCLIST,SINGLE VEHICLE,N/A,DRY,DARK LIGHTS ON,TRAFFIC SIGNAL,N/A,N/A,920BA073-8963-4A20-840A-99A100E39489,OTHER PEDALCYCLIST,Cross/Enter at Intersection,FAILURE TO OBEY TRAFFIC SIGNS SIGNALS OR OFFICER,AT INTERSECTION MARKED CROSSWALK,DISOBEYED PED. SIGNAL,LIGHT CLOTHING,Yes,SUSPECTED MINOR INJURY,NONE,39.11594833,-77.20430167,"(39.11594833, -77.20430167)"
DM83880030,190026013,Takoma Park Police Depart,Injury Crash,05/31/2019 04:42:00 PM,,,,,PARKING LOT OF 1127 UNIVERSITY BLVD.,,PEDESTRIAN,OTHER,CLEAR,,DAYLIGHT,NO CONTROLS,NONE DETECTED,NONE DETECTED,1FC70D6B-90EB-489A-AFE9-1D8A9791B9A6,PEDESTRIAN,Playing,DART DASH,OTHER,NO PED. SIGNAL,MIXED CLOTHING,Yes,POSSIBLE INJURY,N/A,38.55400492,-79.18192616,"(38.55400492, -79.18192616)"
MCP30020034,190004857,Montgomery County Police,Injury Crash,01/31/2019 08:34:00 AM,Maryland (State),BRADLEY BLVD,Unknown,CROSSOVER,,N/A,PEDESTRIAN,OTHER,CLEAR,DRY,DAYLIGHT,FLASHING TRAFFIC SIGNAL,NONE DETECTED,NONE DETECTED,55C895EC-FF43-4F77-88CD-500F43FF5772,PEDESTRIAN,Cross/Enter not at Intersection,NO IMPROPER ACTIONS,ON ROADWAY AT CROSSWALK,NO PED. SIGNAL,DARK CLOTHING,No,SUSPECTED SERIOUS INJURY,NONE,38.97831917,-77.09415067,"(38.97831917, -77.09415067)"
MCP2981003V,210028136,Montgomery County Police,Injury Crash,07/20/2021 11:19:00 PM,County,LIVINGSTON ST,County,WEISMAN RD,,N/A,PEDESTRIAN,OTHER,CLEAR,DRY,DARK LIGHTS ON,STOP SIGN,UNKNOWN,N/A,78E916CE-BCB7-418B-B728-A64C37A17CD5,PEDESTRIAN,Standing,NO IMPROPER ACTIONS,SHOULDER,N/A,MIXED CLOTHING,No,POSSIBLE INJURY,LIGHTING,39.05558827,-77.05852806,"(39.05558827, -77.05852806)"
MCP3311000M,220012213,Montgomery County Police,Injury Crash,03/21/2022 05:48:00 PM,Maryland (State),OLD GEORGETOWN RD,Ramp,RAMP 6 FR RAMP 10 (FR IS270) TO MD 187,,N/A,PEDESTRIAN,OTHER,CLEAR,N/A,DAYLIGHT,N/A,N/A,N/A,3460186D-8C2E-437E-82BF-8BEB522651A7,PEDESTRIAN,Cross/Enter at Intersection,NO IMPROPER ACTIONS,ON ROADWAY AT CROSSWALK,OTHER,N/A,No,SUSPECTED MINOR INJURY,N/A,39.03145229,-77.1259336,"(39.03145229, -77.1259336)"
MCP32110015,200016662,Montgomery County Police,Injury Crash,04/21/2020 12:46:00 PM,County,DORSET AVE,Maryland (State),RIVER RD,,N/A,PEDESTRIAN,N/A,CLOUDY,DRY,DAYLIGHT,STOP SIGN,NONE DETECTED,N/A,93CF851F-A8B4-4E01-90A0-DF3C8250C0D0,PEDESTRIAN,Cross/Enter at Intersection,IN ROADWAY IMPROPERLY,SHOULDER,NO PED. SIGNAL,UNKNOWN,No,POSSIBLE INJURY,N/A,38.96912792,-77.11006581,"(38.96912792, -77.11006581)"
DD56470010,210026355,Rockville Police Departme,Injury Crash,07/09/2021 03:45:00 AM,Maryland (State),ROCKVILLE PIKE,Unknown,SPUR TO MD 28,,N/A,PEDESTRIAN,OTHER,UNKNOWN,UNKNOWN,DARK NO LIGHTS,TRAFFIC SIGNAL,N/A,N/A,B4185304-6900-4964-B94A-0689FC1A8834,PEDESTRIAN,Cross/Enter at Intersection,UNKNOWN,ON ROADWAY AT CROSSWALK,UNKNOWN,DARK CLOTHING,Yes,SUSPECTED MINOR INJURY,NONE,39.08141517,-77.1456278,"(39.08141517, -77.1456278)"
MCP229800LT,180059934,Montgomery County Police,Injury Crash,11/30/2018 03:48:00 PM,,,,,PARKING LOT OF 26004 BRIGADIER PLACE,,OTHER,SINGLE VEHICLE,CLEAR,,N/A,NO CONTROLS,NONE DETECTED,NONE DETECTED,C085A63B-4CAF-4A45-A67B-9EEC1752DA87,OTHER,N/A,NO IMPROPER ACTIONS,N/A,N/A,N/A,No,NO APPARENT INJURY,N/A,39.28291042,-77.20547411,"(39.28291042, -77.20547411)"
MCP3014000P,16032310,Montgomery County Police,Injury Crash,06/26/2016 03:14:00 AM,Maryland (State),GEORGIA AVE,Maryland (State),CONNECTICUT AVE,,N/A,PEDESTRIAN,STRAIGHT MOVEMENT ANGLE,CLEAR,DRY,DARK LIGHTS ON,NO CONTROLS,UNKNOWN,ALCOHOL CONTRIBUTED,EB750F75-5C93-472D-A218-D7F9307C26AE,PEDESTRIAN,Cross/Enter not at Intersection,IN ROADWAY IMPROPERLY,ON ROADWAY NOT AT CROSSWALK,N/A,MIXED CLOTHING,Yes,SUSPECTED MINOR INJURY,NONE,39.08314096,-77.07761317,"(39.08314096, -77.07761317)"
MCP2198007G,200004032,Montgomery County Police,Injury Crash,01/24/2020 05:49:00 PM,Maryland (State),S FREDERICK RD,Municipality,FULKS CORNER AVE,,GAITHERSBURG,BICYCLIST,OPPOSITE DIRECTION SIDESWIPE,CLEAR,DRY,DARK LIGHTS ON,STOP SIGN,N/A,N/A,37CFDCBA-44D2-4906-BB9C-5C6C736BE4B1,BICYCLIST,Cross/Enter at Intersection,DART DASH,AT INTERSECTION BUT NO CROSSWALK,NO PED. SIGNAL,LIGHT CLOTHING,Yes,POSSIBLE INJURY,NONE,39.149585,-77.23332,"(39.149585, -77.23332)"
MCP3374000Y,230032202,Montgomery County Police,Injury Crash,07/06/2023 02:15:00 PM,,,,,PARKING LOT EXIT BEHIND RESTARAUNTS ON THE HILLS PLAZA AND WILLARD AVE,,PEDESTRIAN,HEAD ON,CLEAR,,DAYLIGHT,NO CONTROLS,NONE DETECTED,NONE DETECTED,67A254D2-BFCB-4506-AC2B-EF8028B97473,PEDESTRIAN,Walking/Cycling on Sidewalk,NO IMPROPER ACTIONS,SIDEWALK,NO PED. SIGNAL,MIXED CLOTHING,No,SUSPECTED MINOR INJURY,NONE,38.96197167,-77.08794167,"(38.96197167, -77.08794167)"
MCP2046007X,180006823,Montgomery County Police,Injury Crash,02/09/2018 08:59:00 AM,County,CAMERON ST,County,SECOND AVE,,N/A,PEDESTRIAN,SAME DIRECTION SIDESWIPE,CLEAR,DRY,DAYLIGHT,TRAFFIC SIGNAL,NONE DETECTED,NONE DETECTED,51515A9D-6D81-4479-B754-903FE177A431,PEDESTRIAN,Standing,OTHER,ON ROADWAY NOT AT CROSSWALK,N/A,REFLECTIVE MATERIAL,No,SUSPECTED SERIOUS INJURY,OTHER,38.996235,-77.03155,"(38.996235, -77.03155)"
MCP28920083,200008379,Montgomery County Police,Property Damage Crash,02/19/2020 08:31:00 PM,Maryland (State),16TH ST,Maryland (State),EAST WEST HWY,,N/A,PEDESTRIAN,HEAD ON LEFT TURN,CLEAR,DRY,DARK LIGHTS ON,TRAFFIC SIGNAL,NONE DETECTED,NONE DETECTED,E5165965-7461-44F9-91FB-6E2762D01162,PEDESTRIAN,Cross/Enter at Intersection,NO IMPROPER ACTIONS,ON ROADWAY AT CROSSWALK,OBEYED PED. SIGNAL,MIXED CLOTHING,No,NO APPARENT INJURY,NONE,38.99472167,-77.036325,"(38.99472167, -77.036325)"
MCP26220034,220035336,Montgomery County Police,Injury Crash,08/16/2022 02:06:00 PM,County,E RANDOLPH RD,County,TAMARACK RD,,N/A,PEDESTRIAN,SINGLE VEHICLE,CLEAR,DRY,DAYLIGHT,TRAFFIC SIGNAL,NONE DETECTED,NONE DETECTED,63DA8297-AADB-43BC-8AB5-8A41B41147D1,PEDESTRIAN,Cross/Enter at Intersection,NO IMPROPER ACTIONS,ON ROADWAY AT CROSSWALK,OBEYED PED. SIGNAL,DARK CLOTHING,No,POSSIBLE INJURY,NONE,39.0676863,-76.9856664,"(39.0676863, -76.9856664)"
MCP31510014,190037209,Montgomery County Police,Injury Crash,08/05/2019 07:30:00 AM,Maryland (State),FREDERICK RD,County,SHADY GROVE RD,,N/A,PEDESTRIAN,SINGLE VEHICLE,N/A,N/A,DAYLIGHT,STOP SIGN,NONE DETECTED,NONE DETECTED,8D3E0C42-EF43-42D8-ACF6-F40D3155DE63,PEDESTRIAN,Cross/Enter at Intersection,NO IMPROPER ACTIONS,SIDEWALK,NO PED. SIGNAL,MIXED CLOTHING,No,POSSIBLE INJURY,NONE,39.12047117,-77.17548467,"(39.12047117, -77.17548467)"
MCP2492000B,15028338,Montgomery County Police,Fatal Crash,06/11/2015 09:00:00 AM,County,CRABBS BRANCH WAY,County,REDLAND RD,,N/A,PEDESTRIAN,OTHER,N/A,DRY,DAYLIGHT,TRAFFIC SIGNAL,UNKNOWN,UNKNOWN,AA3D4111-733A-45D8-B171-B3F610AE583C,PEDESTRIAN,Cross/Enter at Intersection,UNKNOWN,UNKNOWN,UNKNOWN,DARK CLOTHING,,FATAL INJURY,NONE,39.12103805,-77.15852737,"(39.12103805, -77.15852737)"
MCP2997000T,170516335,Montgomery County Police,Injury Crash,06/28/2017 10:24:00 PM,County,MACDUFF AVE,Unknown,GALLAGHER WAY,,N/A,PEDESTRIAN,SAME DIRECTION LEFT TURN,CLEAR,DRY,DARK LIGHTS ON,NO CONTROLS,NONE DETECTED,ALCOHOL PRESENT,286F205A-D57F-49EE-8D29-9BC8BA4337B5,PEDESTRIAN,Cross/Enter at Intersection,NO IMPROPER ACTIONS,AT INTERSECTION BUT NO CROSSWALK,NO PED. SIGNAL,DARK CLOTHING,No,POSSIBLE INJURY,NONE,39.14389404,-77.08900586,"(39.14389404, -77.08900586)"
MCP2720001M,15055240,MONTGOMERY,Property Damage Crash,10/30/2015 05:54:00 PM,Maryland (State),CONNECTICUT AVE,County,ASPEN HILL RD,,N/A,BICYCLIST,STRAIGHT MOVEMENT ANGLE,CLEAR,DRY,DUSK,TRAFFIC SIGNAL,NONE DETECTED,NONE DETECTED,E935B0CB-B36A-45AE-A7BD-3232A79E13D0,BICYCLIST,Cross/Enter at Intersection,NO IMPROPER ACTIONS,AT INTERSECTION MARKED CROSSWALK,OBEYED PED. SIGNAL,MIXED CLOTHING,No,NO APPARENT INJURY,NONE,39.07991,-77.08024833,"(39.07991, -77.08024833)"
MCP2384000S,15007500,Montgomery County Police,Injury Crash,02/17/2015 06:14:00 PM,,,,,PARKING LOT OF 5269 RIVER ROAD,,PEDESTRIAN,OTHER,SNOW,,DARK LIGHTS ON,NO CONTROLS,NONE DETECTED,NONE DETECTED,B555A1EE-8F1B-4331-B233-853A93A1A60C,PEDESTRIAN,Other,NO IMPROPER ACTIONS,OTHER,N/A,MIXED CLOTHING,,SUSPECTED MINOR INJURY,N/A,38.96602167,-77.10498833,"(38.96602167, -77.10498833)"
MCP137800WG,210005062,Montgomery County Police,Injury Crash,02/08/2021 06:58:00 PM,County,CONTOUR RD,County,ODENDHAL AVE,,N/A,PEDESTRIAN,SINGLE VEHICLE,CLOUDY,DRY,DARK LIGHTS ON,TRAFFIC SIGNAL,UNKNOWN,NONE DETECTED,13591EB5-8BD6-480C-AD13-20EAC453C7D9,PEDESTRIAN,Cross/Enter at Intersection,NO IMPROPER ACTIONS,ON ROADWAY AT CROSSWALK,OBEYED PED. SIGNAL,DARK CLOTHING,No,SUSPECTED MINOR INJURY,NONE,39.15243628,-77.19602164,"(39.15243628, -77.19602164)"
MCP137800RB,190031757,Montgomery County Police,Injury Crash,07/03/2019 05:27:00 PM,County,STRATOS LA,County,AIRPARK RD,,N/A,BICYCLIST,STRAIGHT MOVEMENT ANGLE,CLEAR,DRY,DAYLIGHT,TRAFFIC SIGNAL,NONE DETECTED,NONE DETECTED,E591D81C-AC5A-4E79-A543-8B63DD715F78,BICYCLIST,Cross/Enter at Intersection,NO IMPROPER ACTIONS,ON ROADWAY AT CROSSWALK,OBEYED PED. SIGNAL,MIXED CLOTHING,Unknown,SUSPECTED MINOR INJURY,NONE,39.16099,-77.1448,"(39.16099, -77.1448)"
DD55830083,230020104,Rockville Police Departme,Injury Crash,04/27/2023 10:28:00 AM,Municipality,FALLSGROVE BLVD,Unknown,ENT TO APARTMENTS,,N/A,PEDESTRIAN,SINGLE VEHICLE,CLEAR,DRY,DAYLIGHT,NO CONTROLS,NONE DETECTED,NONE DETECTED,089F698D-5C51-4608-955E-655C1C40B37D,PEDESTRIAN,Unknown,IN ROADWAY IMPROPERLY,SHOULDER,N/A,MIXED CLOTHING,Yes,SUSPECTED SERIOUS INJURY,N/A,39.09667353,-77.19366236,"(39.09667353, -77.19366236)"
MCP12330039,190048743,Montgomery County Police,Injury Crash,10/10/2019 07:26:00 PM,,,,,10526 CONNECTICUT AVE. (PARKING LOT) KENSINGTON,,PEDESTRIAN,HEAD ON LEFT TURN,CLEAR,,DARK NO LIGHTS,NO CONTROLS,NONE DETECTED,NONE DETECTED,5A8F3038-3484-44BD-BC2E-D6734078D5BE,PEDESTRIAN,Other,NO IMPROPER ACTIONS,OTHER,N/A,MIXED CLOTHING,No,SUSPECTED MINOR INJURY,N/A,39.02790167,-77.07686167,"(39.02790167, -77.07686167)"
EJ7851000Z,15049380,GAITHERSBURG,Property Damage Crash,09/29/2015 12:22:00 PM,Municipality,TREWORTHY RD,Maryland (State),DARNESTOWN RD,,N/A,OTHER,OTHER,CLOUDY,N/A,DAYLIGHT,NO CONTROLS,,NONE DETECTED,FBCDC999-810D-4EC2-8B13-9F1392D9F69D,OTHER,N/A,N/A,N/A,N/A,N/A,No,NO APPARENT INJURY,N/A,39.10428067,-77.22552896,"(39.10428067, -77.22552896)"
MCP3050003P,190044137,Montgomery County Police,Injury Crash,09/15/2019 01:55:00 AM,Maryland (State),CONNECTICUT AVE,Other Public Roadway,CONNECTICUT AVE SERVICE RD,,N/A,PEDESTRIAN,SINGLE VEHICLE,CLEAR,DRY,DARK NO LIGHTS,NO CONTROLS,NONE DETECTED,UNKNOWN,4D11B2ED-1843-4E87-8F94-372BC1AFB707,PEDESTRIAN,Cross/Enter not at Intersection,IN ROADWAY IMPROPERLY,ON ROADWAY NOT AT CROSSWALK,NO PED. SIGNAL,DARK CLOTHING,Yes,SUSPECTED SERIOUS INJURY,NONE,39.07078,-77.07627167,"(39.07078, -77.07627167)"
MCP22780040,220048945,Montgomery County Police,Injury Crash,11/06/2022 10:59:00 AM,County,DEMOCRACY LA,County,BELLS MILL TERR,,N/A,PEDESTRIAN,OTHER,CLEAR,DRY,DAYLIGHT,NO CONTROLS,NONE DETECTED,NONE DETECTED,926E5792-E187-49CA-9766-C32313A345A5,PEDESTRIAN,Cross/Enter not at Intersection,DART DASH,ON ROADWAY NOT AT CROSSWALK,NO PED. SIGNAL,MIXED CLOTHING,Yes,POSSIBLE INJURY,N/A,39.23423667,-77.28175833,"(39.23423667, -77.28175833)"
MCP3074004B,200025473,Montgomery County Police,Injury Crash,06/30/2020 04:17:00 PM,Maryland (State),GEORGIA AVE,County,SEMINARY RD,,N/A,PEDESTRIAN,SINGLE VEHICLE,CLEAR,DRY,DAYLIGHT,TRAFFIC SIGNAL,UNKNOWN,N/A,1563F05B-77F8-4EB4-8DEA-91580A7C5333,PEDESTRIAN,Cross/Enter not at Intersection,NOT VISIBLE,ON ROADWAY NOT AT CROSSWALK,UNKNOWN,LIGHT CLOTHING,Unknown,SUSPECTED MINOR INJURY,NONE,39.00956292,-77.04054001,"(39.00956292, -77.04054001)"
MCP2723001H,16021617,Montgomery County Police,Injury Crash,05/03/2016 02:33:00 PM,Maryland (State),NEW HAMPSHIRE AVE,County,RANDOLPH RD,,N/A,PEDESTRIAN,OTHER,CLEAR,DRY,DAYLIGHT,TRAFFIC SIGNAL,N/A,N/A,D6344036-DA59-489F-94DB-B3F4C14C464E,PEDESTRIAN,Cross/Enter not at Intersection,FAILURE TO YIELD RIGHT OF WAY,ON ROADWAY NOT AT CROSSWALK,DISOBEYED PED. SIGNAL,UNKNOWN,Yes,POSSIBLE INJURY,NONE,39.0758098,-77.00192928,"(39.0758098, -77.00192928)"
MCP3242000K,190054461,Montgomery County Police,Injury Crash,11/12/2019 06:58:00 AM,County,OAKVIEW DR,County,MT PISGAH RD,,N/A,PEDESTRIAN,HEAD ON LEFT TURN,RAINING,WET,DAYLIGHT,STOP SIGN,NONE DETECTED,NONE DETECTED,1F3EEC1F-5B89-489C-A4DA-F13E24A9BC70,PEDESTRIAN,Cross/Enter at Intersection,NO IMPROPER ACTIONS,AT INTERSECTION MARKED CROSSWALK,NO PED. SIGNAL,MIXED CLOTHING,No,SUSPECTED MINOR INJURY,NONE,39.015115,-76.97665,"(39.015115, -76.97665)"
DM8270000C,170503423,Takoma Park Police Depart,Injury Crash,04/23/2017 06:01:00 PM,Maryland (State),ETHAN ALLEN AVE,Municipality,PRINCE GEORGES AVE,,TAKOMA PARK,PEDESTRIAN,OTHER,CLOUDY,WET,DAYLIGHT,N/A,NONE DETECTED,NONE DETECTED,62F981C6-1B80-41FE-A578-BBF867DDC83A,PEDESTRIAN,Cross/Enter not at Intersection,IN ROADWAY IMPROPERLY,ON ROADWAY NOT AT CROSSWALK,NO PED. SIGNAL,LIGHT CLOTHING,Unknown,SUSPECTED SERIOUS INJURY,N/A,38.97713471,-76.99922562,"(38.97713471, -76.99922562)"
MCP3075000K,170533488,Montgomery County Police,Property Damage Crash,09/27/2017 06:33:00 PM,County,BROOKEVILLE RD,County,ZION RD,,N/A,BICYCLIST,OTHER,CLEAR,DRY,DAYLIGHT,NO CONTROLS,NONE DETECTED,NONE DETECTED,EC89DCB0-0F08-4105-8CB6-0E80C43CD962,BICYCLIST,Walking/Riding w/Traffic,NO IMPROPER ACTIONS,OTHER,N/A,LIGHT CLOTHING,No,NO APPARENT INJURY,MC/BIKE HELMET,39.18436333,-77.10522333,"(39.18436333, -77.10522333)"
MCP29050041,180031484,Montgomery County Police,Injury Crash,06/26/2018 04:54:00 PM,County,ROOSEVELT ST,Maryland (State),OLD GEORGETOWN RD,,N/A,BICYCLIST,STRAIGHT MOVEMENT ANGLE,CLEAR,DRY,DAYLIGHT,STOP SIGN,N/A,N/A,B4B54EF5-492F-4E44-B469-19C9D99EA34D,BICYCLIST,Cross/Enter at Intersection,NOT VISIBLE,AT INTERSECTION BUT NO CROSSWALK,N/A,MIXED CLOTHING,No,SUSPECTED MINOR INJURY,MC/BIKE HELMET,38.99580667,-77.10918667,"(38.99580667, -77.10918667)"
EJ7846001D,16028029,Gaithersburg Police Depar,Injury Crash,06/04/2016 05:32:00 PM,Maryland (State),FREDERICK RD,Municipality,BROOKS AVE,,GAITHERSBURG,PEDESTRIAN,SINGLE VEHICLE,CLEAR,DRY,DAYLIGHT,NO CONTROLS,NONE DETECTED,ALCOHOL CONTRIBUTED,623A7310-7290-44A9-A78C-EF21FC1E27CC,PEDESTRIAN,Cross/Enter not at Intersection,DART DASH,SIDEWALK,NO PED. SIGNAL,MIXED CLOTHING,Yes,POSSIBLE INJURY,N/A,39.158985,-77.21714333,"(39.158985, -77.21714333)"
MCP2515000L,16020448,Montgomery County Police,Injury Crash,04/25/2016 07:50:00 PM,Maryland (State),RIDGE RD,Other Public Roadway,SUNSET DR,,N/A,PEDESTRIAN,SINGLE VEHICLE,CLEAR,DRY,DAYLIGHT,NO CONTROLS,UNKNOWN,NONE DETECTED,74E61F56-5B8C-467C-AECE-40F0F59EA1F1,PEDESTRIAN,Walking/Riding against Traffic,NO IMPROPER ACTIONS,IN BIKEWAY,N/A,DARK CLOTHING,No,SUSPECTED MINOR INJURY,NONE,39.27839,-77.21242667,"(39.27839, -77.21242667)"
MCP2689008K,220026071,Montgomery County Police,Injury Crash,06/17/2022 09:44:00 AM,,,,,PARKING LOT BEHIND CVS AT 7955 TUCKERMAN LA AND NEXT TO AN UNDER CONTRUCTION CAPITAL ONE BANK BRANCH,,PEDESTRIAN,SINGLE VEHICLE,CLEAR,,DAYLIGHT,NO CONTROLS,,NONE DETECTED,F8677410-535D-4049-AED6-97FB1082C436,PEDESTRIAN,Getting off/on Vehicle,N/A,ON ROADWAY NOT AT CROSSWALK,N/A,N/A,Yes,SUSPECTED SERIOUS INJURY,N/A,39.04169749,-77.15658611,"(39.04169749, -77.15658611)"
MCP9130001W,15063278,MONTGOMERY,Injury Crash,12/11/2015 06:03:00 AM,County,OAKVIEW DR,Maryland (State),NEW HAMPSHIRE AVE,,N/A,PEDESTRIAN,SINGLE VEHICLE,CLEAR,DRY,DARK LIGHTS ON,TRAFFIC SIGNAL,NONE DETECTED,NONE DETECTED,C045DEB2-0DD3-485E-AB05-D849DF201A52,PEDESTRIAN,Cross/Enter at Intersection,NO IMPROPER ACTIONS,AT INTERSECTION MARKED CROSSWALK,OBEYED PED. SIGNAL,DARK CLOTHING,No,POSSIBLE INJURY,NONE,39.01544924,-76.97772503,"(39.01544924, -76.97772503)"
MCP2720001P,15060836,MONTGOMERY,Injury Crash,11/28/2015 07:18:00 PM,County,CONNECTICUT AVE,County,GRAND PRE RD,,N/A,PEDESTRIAN,SINGLE VEHICLE,CLEAR,DRY,DARK -- UNKNOWN LIGHTING,NO CONTROLS,NONE DETECTED,UNKNOWN,020DC8F9-B4C5-43A3-8152-19B4A1E47C93,PEDESTRIAN,Cross/Enter not at Intersection,IN ROADWAY IMPROPERLY,ON ROADWAY NOT AT CROSSWALK,NO PED. SIGNAL,DARK CLOTHING,Yes,POSSIBLE INJURY,NONE,39.08699167,-77.07413333,"(39.08699167, -77.07413333)"
MCP20720047,200050651,Montgomery County Police,Injury Crash,12/24/2020 01:55:00 PM,,,,,"MILESTONE SHOPPING CENTER
20934 FREDERICK ROAD
GERMANTOWN, MD 20876",,PEDESTRIAN,OTHER,RAINING,,DAYLIGHT,N/A,NONE DETECTED,UNKNOWN,A6C96E51-7508-4DD4-918C-A89E7735C86F,PEDESTRIAN,Other,NO IMPROPER ACTIONS,OTHER,N/A,DARK CLOTHING,No,POSSIBLE INJURY,N/A,39.202835,-77.24820333,"(39.202835, -77.24820333)"
MCP913000FQ,230018871,Montgomery County Police,Injury Crash,04/20/2023 12:29:00 PM,,,,,"PARKING LOT OF 8736 ARLISS ST
SILVER SPRING, MD 20901",,MACHINE OPERATOR/RIDER,SINGLE VEHICLE,CLEAR,,DAYLIGHT,NO CONTROLS,NONE DETECTED,NONE DETECTED,0C68E975-4F41-478F-BDB6-2FD303CAE732,MACHINE OPERATOR/RIDER,Cross/Enter not at Intersection,OTHER,ON ROADWAY NOT AT CROSSWALK,NO PED. SIGNAL,DARK CLOTHING,Yes,POSSIBLE INJURY,NONE,38.99948617,-77.00157117,"(38.99948617, -77.00157117)"
DD56580004,230004458,Rockville Police Departme,Injury Crash,01/27/2023 01:30:00 PM,Maryland (State),ROCKVILLE PIKE,Municipality,CHURCH ST,,ROCKVILLE,PEDESTRIAN,N/A,CLEAR,N/A,DAYLIGHT,TRAFFIC SIGNAL,N/A,N/A,5F0980D7-04A4-4D02-A455-FD49148169ED,PEDESTRIAN,Walking/Riding w/Traffic,N/A,OTHER,OBEYED PED. SIGNAL,UNKNOWN,No,POSSIBLE INJURY,N/A,39.0839455,-77.15342883,"(39.0839455, -77.15342883)"
MCP3004002V,190012916,Montgomery County Police,Injury Crash,03/20/2019 04:48:00 PM,,,,,ALLEYWAY OF 7220 WISCONSIN AVENUE,,PEDESTRIAN,OTHER,CLEAR,,DAYLIGHT,N/A,NONE DETECTED,NONE DETECTED,D149C52E-26C2-4842-B608-33350C6BBFED,PEDESTRIAN,Other,UNKNOWN,OTHER,N/A,REFLECTIVE MATERIAL,No,SUSPECTED MINOR INJURY,REFLECTIVE CLOTHING,38.98164155,-77.0930293,"(38.98164155, -77.0930293)"
DD5538001R,16042854,Rockville Police Departme,Injury Crash,08/23/2016 04:50:00 PM,Maryland (State),ROCKVILLE PIKE,Unknown,ENT TO BUSINESS,,N/A,PEDESTRIAN,SINGLE VEHICLE,CLEAR,DRY,DAYLIGHT,NO CONTROLS,N/A,NONE DETECTED,4F0451CF-6550-46BF-8CA7-50CA1D072E62,PEDESTRIAN,Walking/Cycling on Sidewalk,NO IMPROPER ACTIONS,DRIVEWAY ACCESS MARKED CROSSWALK,NO PED. SIGNAL,MIXED CLOTHING,No,SUSPECTED MINOR INJURY,NONE,39.06837167,-77.12969333,"(39.06837167, -77.12969333)"