Report Number,Local Case Number,Agency Name,ACRS Report Type,Crash Date/Time,Route Type,Road Name,Cross-Street Type,Cross-Street Name,Off-Road Description,Municipality,Related Non-Motorist,Collision Type,Weather,Surface Condition,Light,Traffic Control,Driver Substance Abuse,Non-Motorist Substance Abuse,Person ID,Pedestrian Type,Pedestrian Movement,Pedestrian Actions,Pedestrian Location,Pedestrian Obeyed Traffic Signal,Pedestrian Visibility,At Fault,Injury Severity,Safety Equipment,Latitude,Longitude,Location
MCP2935001Y,190030710,Montgomery County Police,Injury Crash,06/27/2019 05:45:00 PM,County,WAYNE AVE,US (State),GEORGIA AVE,,N/A,PEDESTRIAN,OTHER,N/A,N/A,DAYLIGHT,TRAFFIC SIGNAL,NONE DETECTED,NONE DETECTED,12065FCF-DECA-4239-9406-2CF66D47AA25,PEDESTRIAN,Cross/Enter at Intersection,NO IMPROPER ACTIONS,ON ROADWAY AT CROSSWALK,OBEYED PED. SIGNAL,N/A,No,SUSPECTED MINOR INJURY,NONE,38.99456497,-77.02715324,"(38.99456497, -77.02715324)"
MCP29630023,200014925,Montgomery County Police,Injury Crash,04/03/2020 06:11:00 PM,County,ROTHBURY DR,County,ARROWHEAD RD,,N/A,PEDESTRIAN,SINGLE VEHICLE,CLEAR,DRY,DAYLIGHT,STOP SIGN,NONE DETECTED,NONE DETECTED,6ED92AC6-708D-4598-AC49-3D2EC6305F75,PEDESTRIAN,Cross/Enter at Intersection,NO IMPROPER ACTIONS,AT INTERSECTION MARKED CROSSWALK,NO PED. SIGNAL,MIXED CLOTHING,No,POSSIBLE INJURY,NONE,39.18522333,-77.19406,"(39.18522333, -77.19406)"
MCP2610002C,210038854,Montgomery County Police,Injury Crash,09/30/2021 05:14:00 PM,County,SHADY GROVE RD,Ramp,RAMP 8 FR RAMP 5 TO SHADY GROVE RD,,N/A,BICYCLIST,STRAIGHT MOVEMENT ANGLE,CLEAR,DRY,DAYLIGHT,TRAFFIC SIGNAL,NONE DETECTED,NONE DETECTED,1B7EF5A4-44CC-4A6F-AA59-8E1EC6BEA7AC,BICYCLIST,Cross/Enter at Intersection,NO IMPROPER ACTIONS,AT INTERSECTION MARKED CROSSWALK,NO PED. SIGNAL,LIGHT CLOTHING,No,POSSIBLE INJURY,MC/BIKE HELMET,39.10921333,-77.18851,"(39.10921333, -77.18851)"
MCP2853007B,200009971,Montgomery County Police,Injury Crash,02/28/2020 06:10:00 PM,County,ELTON RD,Maryland (State),NEW HAMPSHIRE AVE,,N/A,PEDESTRIAN,OTHER,CLEAR,DRY,DARK LIGHTS ON,TRAFFIC SIGNAL,N/A,N/A,BEDC1FC8-7D06-4F7D-99B7-A829CF77B0C9,PEDESTRIAN,Cross/Enter at Intersection,NO IMPROPER ACTIONS,AT INTERSECTION MARKED CROSSWALK,OBEYED PED. SIGNAL,DARK CLOTHING,No,NO APPARENT INJURY,N/A,39.021095,-76.976515,"(39.021095, -76.976515)"
MCP2923000X,15041154,MONTGOMERY,Injury Crash,08/17/2015 05:22:00 PM,Municipality,CHRISTOPHER AVE,Maryland (State),FREDERICK RD,,N/A,BICYCLIST,OTHER,CLEAR,DRY,DAYLIGHT,YIELD SIGN,NONE DETECTED,NONE DETECTED,D4939AA3-5B0C-4DD2-95FD-9A54F7080ACD,BICYCLIST,Cross/Enter at Intersection,UNKNOWN,AT INTERSECTION MARKED CROSSWALK,N/A,LIGHT CLOTHING,Yes,POSSIBLE INJURY,NONE,39.15638667,-77.216545,"(39.15638667, -77.216545)"
EJ7829001T,54142,GAITHERSBURG,Injury Crash,12/18/2015 03:54:00 PM,,,,,PARKING LOT OF GAITHERSURG ELEMENTARY SCHOOL 35 N. SUMMIT AVE,,PEDESTRIAN,SINGLE VEHICLE,CLOUDY,,DAYLIGHT,N/A,NONE DETECTED,N/A,E3792BD0-C4E3-4659-81E4-3AA303C4012E,PEDESTRIAN,Cross/Enter not at Intersection,DART DASH,ON ROADWAY NOT AT CROSSWALK,NO PED. SIGNAL,LIGHT CLOTHING,Yes,POSSIBLE INJURY,NONE,39.14419047,-77.19281673,"(39.14419047, -77.19281673)"
MCP2825001D,210041025,Montgomery County Police,Property Damage Crash,10/13/2021 04:38:00 PM,County,MIDDLEBROOK RD,County,RIDGECREST DR,,N/A,BICYCLIST,OTHER,CLEAR,DRY,DAYLIGHT,OTHER,UNKNOWN,NONE DETECTED,304C3EE2-300B-4376-81CC-35BF07416785,BICYCLIST,Cross/Enter at Intersection,NO IMPROPER ACTIONS,ON ROADWAY AT CROSSWALK,NO PED. SIGNAL,N/A,No,NO APPARENT INJURY,N/A,39.17478167,-77.25741333,"(39.17478167, -77.25741333)"
MCP2689000X,15023448,Montgomery County Police,Injury Crash,05/16/2015 11:17:00 AM,Maryland (State),ROCKVILLE PIKE,Municipality,TWINBROOK PKWY,,ROCKVILLE,BICYCLIST,SAME DIRECTION RIGHT TURN,CLEAR,DRY,DAYLIGHT,TRAFFIC SIGNAL,NONE DETECTED,NONE DETECTED,F5C60ED5-D31F-48B4-A863-866B78184E25,BICYCLIST,Walking/Riding w/Traffic,NO IMPROPER ACTIONS,ON ROADWAY NOT AT CROSSWALK,N/A,DARK CLOTHING,,SUSPECTED MINOR INJURY,MC/BIKE HELMET,39.059225,-77.12142833,"(39.059225, -77.12142833)"
MCP28590065,180061198,Montgomery County Police,Injury Crash,12/07/2018 07:10:00 AM,Municipality,STORY DR,Municipality,SCHOOL DR,,GAITHERSBURG,PEDESTRIAN,OTHER,CLEAR,DRY,DARK LIGHTS ON,STOP SIGN,NONE DETECTED,NONE DETECTED,41BCD5DD-7889-41B6-8C04-69576DA1463E,PEDESTRIAN,Cross/Enter at Intersection,NO IMPROPER ACTIONS,ON ROADWAY AT CROSSWALK,OBEYED PED. SIGNAL,MIXED CLOTHING,No,POSSIBLE INJURY,NONE,39.1191131,-77.21297291,"(39.1191131, -77.21297291)"
MCP3209003Q,220051269,Montgomery County Police,Property Damage Crash,11/19/2022 07:54:00 PM,County,SLIGO AVE,County,MAYOR LA,,N/A,PEDESTRIAN,SINGLE VEHICLE,CLEAR,DRY,DARK LIGHTS ON,N/A,NONE DETECTED,NONE DETECTED,38333127-72ED-42E7-A0EF-AC9EACBEE568,PEDESTRIAN,Cross/Enter at Intersection,IN ROADWAY IMPROPERLY,AT INTERSECTION BUT NO CROSSWALK,NO PED. SIGNAL,DARK CLOTHING,Yes,NO APPARENT INJURY,NONE,38.99025067,-77.0258211,"(38.99025067, -77.0258211)"
DM84890012,210050804,Takoma Park Police Depart,Injury Crash,12/14/2021 11:23:00 AM,Municipality,BRIGHTON AVE,Municipality,HOUSTON AVE,,TAKOMA PARK,PEDESTRIAN,OTHER,CLEAR,DRY,DAYLIGHT,NO CONTROLS,N/A,N/A,4843BC48-43D3-4A64-B2C5-F8AE96455165,PEDESTRIAN,Standing,N/A,SHOULDER,N/A,DARK CLOTHING,No,POSSIBLE INJURY,N/A,38.99072,-77.0042035,"(38.99072, -77.0042035)"
MCP2866006F,200025047,Montgomery County Police,Injury Crash,06/27/2020 02:15:00 PM,County,JONES BRIDGE RD,County,LYNBROOK DR,,N/A,BICYCLIST,ANGLE MEETS RIGHT TURN,CLEAR,DRY,DAYLIGHT,STOP SIGN,NONE DETECTED,NONE DETECTED,43F9B5F1-5732-4739-9ADD-78E3CA30016F,BICYCLIST,Walking/Riding w/Traffic,NO IMPROPER ACTIONS,ON ROADWAY NOT AT CROSSWALK,N/A,MIXED CLOTHING,No,SUSPECTED MINOR INJURY,MC/BIKE HELMET,38.99742517,-77.09031083,"(38.99742517, -77.09031083)"
DD5610005Q,190031674,Rockville Police Departme,Injury Crash,07/03/2019 10:53:00 AM,Municipality,MT VERNON PL,Maryland (State),ROCKVILLE PIKE,,N/A,PEDESTRIAN,OTHER,CLEAR,DRY,DAYLIGHT,STOP SIGN,NONE DETECTED,N/A,363C98D6-3772-41DC-B9CE-B95CD752E012,PEDESTRIAN,Other,NO IMPROPER ACTIONS,ON ROADWAY AT CROSSWALK,NO PED. SIGNAL,LIGHT CLOTHING,No,POSSIBLE INJURY,N/A,39.07886167,-77.142135,"(39.07886167, -77.142135)"
MCP3212000Y,190057885,Montgomery County Police,Injury Crash,12/01/2019 09:09:00 PM,Maryland (State),NEW HAMPSHIRE AVE,County,OAKVIEW DR,,N/A,PEDESTRIAN,N/A,OTHER,WET,DARK LIGHTS ON,TRAFFIC SIGNAL,NONE DETECTED,NONE DETECTED,28565E9C-0ACF-4596-AD6C-76A3F9D43672,PEDESTRIAN,Cross/Enter at Intersection,NO IMPROPER ACTIONS,ON ROADWAY AT CROSSWALK,OBEYED PED. SIGNAL,MIXED CLOTHING,No,SUSPECTED MINOR INJURY,NONE,39.01531982,-76.97760212,"(39.01531982, -76.97760212)"
MCP20080026,16020098,Montgomery County Police,Injury Crash,04/23/2016 11:15:00 PM,Maryland (State),CONNECTICUT AVE,County,JONES BRIDGE RD,,N/A,PEDESTRIAN,SAME DIR REAR END,N/A,DRY,DARK LIGHTS ON,N/A,"ALCOHOL PRESENT, UNKNOWN",UNKNOWN,F6735FAD-037C-4EBB-ADAE-AEA27463328A,PEDESTRIAN,Unknown,UNKNOWN,ON ROADWAY NOT AT CROSSWALK,N/A,DARK CLOTHING,Unknown,SUSPECTED SERIOUS INJURY,NONE,38.99861667,-77.077115,"(38.99861667, -77.077115)"
MCP2607004V,190060982,Montgomery County Police,Injury Crash,12/18/2019 03:40:00 PM,County,S WESTLAND DR,Maryland (State),FREDERICK RD,,N/A,PEDESTRIAN,OTHER,CLEAR,DRY,DAYLIGHT,TRAFFIC SIGNAL,NONE DETECTED,NONE DETECTED,EE07B257-C6C5-4DBE-B370-6BB460DB86F7,PEDESTRIAN,Cross/Enter at Intersection,NO IMPROPER ACTIONS,AT INTERSECTION MARKED CROSSWALK,OBEYED PED. SIGNAL,MIXED CLOTHING,No,POSSIBLE INJURY,N/A,39.12595648,-77.18291136,"(39.12595648, -77.18291136)"
EJ78510095,230000775,Gaithersburg Police Depar,Injury Crash,01/05/2023 04:30:00 PM,County,SHADY GROVE RD,Ramp,RAMP 9 FR IS 370 EB TO SHADY GROVE RD,,N/A,PEDESTRIAN,OTHER,CLOUDY,DRY,DAYLIGHT,TRAFFIC SIGNAL,NONE DETECTED,NONE DETECTED,87D5A5F6-4C18-4A41-858E-065AF184A18B,PEDESTRIAN,Cross/Enter at Intersection,UNKNOWN,ON ROADWAY AT CROSSWALK,OBEYED PED. SIGNAL,UNKNOWN,No,SUSPECTED MINOR INJURY,NONE,39.12063682,-77.18038349,"(39.12063682, -77.18038349)"
MCP2948005L,220039398,Montgomery County Police,Property Damage Crash,09/10/2022 06:00:00 PM,Maryland (State),VEIRS MILL RD,County,RANDOLPH RD,,N/A,OTHER CONVEYANCE,STRAIGHT MOVEMENT ANGLE,CLEAR,DRY,DAYLIGHT,TRAFFIC SIGNAL,N/A,N/A,1311A1FB-3D3F-477D-8524-9FFB890B8EEA,OTHER CONVEYANCE,Cross/Enter at Intersection,FAILURE TO YIELD RIGHT OF WAY,AT INTERSECTION MARKED CROSSWALK,DISOBEYED PED. SIGNAL,DARK CLOTHING,Yes,NO APPARENT INJURY,N/A,39.05605833,-77.08309333,"(39.05605833, -77.08309333)"
MCP2683005X,220023650,Montgomery County Police,Injury Crash,06/02/2022 04:07:00 PM,,,,,"PARKING LOT OF 18200 BLK OF LOST KNIFE CIRCLE, GAITHERSBURG, MD 20886",,PEDESTRIAN,OTHER,RAINING,,DAYLIGHT,NO CONTROLS,UNKNOWN,NONE DETECTED,E70C77E2-8571-4CFF-B34A-EACA3E271947,PEDESTRIAN,Other,NO IMPROPER ACTIONS,OTHER,N/A,LIGHT CLOTHING,No,SUSPECTED MINOR INJURY,NONE,39.15674245,-77.20225061,"(39.15674245, -77.20225061)"
MCP2755000R,16052925,Montgomery County Police,Injury Crash,10/14/2016 08:34:00 PM,Maryland (State),LAYHILL RD,County,GLENALLAN AVE,,N/A,PEDESTRIAN,OTHER,CLEAR,N/A,DARK -- UNKNOWN LIGHTING,TRAFFIC SIGNAL,NONE DETECTED,NONE DETECTED,C072AD5F-75F9-4C51-BB22-33ABAB1CD0F6,PEDESTRIAN,Cross/Enter at Intersection,NO IMPROPER ACTIONS,SIDEWALK,OBEYED PED. SIGNAL,N/A,No,SUSPECTED MINOR INJURY,N/A,39.06315806,-77.0501259,"(39.06315806, -77.0501259)"
MCP2291005S,220006216,Montgomery County Police,Injury Crash,02/12/2022 04:11:00 PM,Maryland (State),OLD GEORGETOWN RD,County,BEECH AVE,,N/A,BICYCLIST,HEAD ON LEFT TURN,CLEAR,DRY,DAYLIGHT,TRAFFIC SIGNAL,NONE DETECTED,NONE DETECTED,EA371688-8B06-4C7D-BB2D-F2AEC11B66E3,BICYCLIST,Standing,NO IMPROPER ACTIONS,SIDEWALK,OBEYED PED. SIGNAL,MIXED CLOTHING,No,SUSPECTED MINOR INJURY,MC/BIKE HELMET,39.01002068,-77.11475414,"(39.01002068, -77.11475414)"
MCP32390028,220027483,Montgomery County Police,Injury Crash,06/26/2022 09:35:00 AM,County,LOCKWOOD DR,Unknown,HEATHER HOLLOW CIR,,N/A,PEDESTRIAN,SINGLE VEHICLE,CLEAR,DRY,DAYLIGHT,NO CONTROLS,NONE DETECTED,NONE DETECTED,AB23A77E-0FC1-4CD7-A24D-B008C2B32A97,PEDESTRIAN,Cross/Enter not at Intersection,INATTENTIVE,ON ROADWAY NOT AT CROSSWALK,NO PED. SIGNAL,UNKNOWN,No,POSSIBLE INJURY,NONE,39.04116277,-76.98640652,"(39.04116277, -76.98640652)"
MCP1227000R,180040809,Montgomery County Police,Fatal Crash,08/16/2018 04:01:00 PM,Maryland (State),NORBECK RD,Municipality,E GUDE DR,,ROCKVILLE,PEDESTRIAN,SINGLE VEHICLE,CLEAR,DRY,DAYLIGHT,TRAFFIC SIGNAL,NONE DETECTED,NONE DETECTED,8887AF4A-37F4-45BA-98C6-0DD00EF89BDE,PEDESTRIAN,Cross/Enter at Intersection,UNKNOWN,ON ROADWAY AT CROSSWALK,DISOBEYED PED. SIGNAL,UNKNOWN,Unknown,FATAL INJURY,NONE,39.09007553,-77.12899195,"(39.09007553, -77.12899195)"
MCP3080000F,170550933,Montgomery County Police,Injury Crash,12/27/2017 07:14:00 PM,Other Public Roadway,CRYSTAL ROCK DR,Unknown,BLACK SADDLE LA,,N/A,PEDESTRIAN,OTHER,CLEAR,DRY,DUSK,N/A,NONE DETECTED,NONE DETECTED,96C2CD7F-A002-4CA3-82F4-26D6E054898F,PEDESTRIAN,Cross/Enter not at Intersection,N/A,ON ROADWAY AT CROSSWALK,OBEYED PED. SIGNAL,UNKNOWN,No,SUSPECTED MINOR INJURY,NONE,39.17730019,-77.26318918,"(39.17730019, -77.26318918)"
MCP21340010,170508547,Montgomery County Police,Fatal Crash,05/18/2017 06:27:00 PM,Maryland (State),WOODFIELD RD,County,EMORY GROVE RD,,N/A,PEDESTRIAN,SINGLE VEHICLE,N/A,N/A,DAYLIGHT,TRAFFIC SIGNAL,NONE DETECTED,UNKNOWN,5F39F32D-3725-4A9F-971A-137D950FC4D6,PEDESTRIAN,Cross/Enter at Intersection,FAILURE TO OBEY TRAFFIC SIGNS SIGNALS OR OFFICER,ON ROADWAY AT CROSSWALK,DISOBEYED PED. SIGNAL,LIGHT CLOTHING,Unknown,FATAL INJURY,NONE,39.15204492,-77.17238903,"(39.15204492, -77.17238903)"
DD56240044,200022999,Rockville Police Departme,Injury Crash,06/11/2020 05:01:00 PM,Municipality,TALBOTT ST,Maryland (State),ROCKVILLE PIKE,,N/A,BICYCLIST,OTHER,CLEAR,DRY,DAYLIGHT,STOP SIGN,NONE DETECTED,NONE DETECTED,B81B52FE-4B61-438A-97B3-F70278747CFC,BICYCLIST,Walking/Cycling on Sidewalk,NO IMPROPER ACTIONS,ON ROADWAY AT CROSSWALK,NO PED. SIGNAL,MIXED CLOTHING,No,SUSPECTED MINOR INJURY,NONE,39.07097081,-77.1322223,"(39.07097081, -77.1322223)"
MCP2848003N,16063214,Montgomery County Police,Injury Crash,12/09/2016 01:16:00 PM,County,NORFOLK AVE,County,DEL RAY AVE,,N/A,PEDESTRIAN,OTHER,CLEAR,DRY,DAYLIGHT,NO CONTROLS,NONE DETECTED,NONE DETECTED,3777A764-0A0B-427C-80F3-7E4C43A409C1,PEDESTRIAN,Cross/Enter not at Intersection,NO IMPROPER ACTIONS,ON ROADWAY AT CROSSWALK,NO PED. SIGNAL,LIGHT CLOTHING,No,POSSIBLE INJURY,NONE,38.98961833,-77.09863833,"(38.98961833, -77.09863833)"
MCP10220054,16033362,Montgomery County Police,Injury Crash,07/01/2016 05:24:00 PM,County,LEAMAN FARM RD,Unknown,ENT TO SHOPPING CTR,,N/A,PEDESTRIAN,SINGLE VEHICLE,CLEAR,DRY,DAYLIGHT,NO CONTROLS,NONE DETECTED,NONE DETECTED,5EB759FB-DD38-486B-BC09-844912E1B459,PEDESTRIAN,Cross/Enter not at Intersection,DART DASH,ON ROADWAY NOT AT CROSSWALK,N/A,LIGHT CLOTHING,Yes,SUSPECTED MINOR INJURY,N/A,39.15874667,-77.27947333,"(39.15874667, -77.27947333)"
DD5520001K,220051215,Rockville Police Departme,Injury Crash,11/19/2022 03:14:00 PM,Municipality,EDMONSTON DR,Municipality,CRAWFORD DR,,ROCKVILLE,PEDESTRIAN,OTHER,N/A,DRY,DAYLIGHT,N/A,NONE DETECTED,NONE DETECTED,48984F52-4410-4E8A-8F36-9785A238ED65,PEDESTRIAN,Cross/Enter at Intersection,NO IMPROPER ACTIONS,ON ROADWAY AT CROSSWALK,NO PED. SIGNAL,MIXED CLOTHING,No,SUSPECTED MINOR INJURY,NONE,39.06947791,-77.13071684,"(39.06947791, -77.13071684)"
MCP1022009Y,180055395,Montgomery County Police,Injury Crash,11/05/2018 06:03:00 AM,Maryland (State),CLOPPER RD,Unknown,STRUC #15094 GUNNERS BRANCH,,N/A,PEDESTRIAN,SINGLE VEHICLE,RAINING,WET,DARK NO LIGHTS,NO CONTROLS,NONE DETECTED,UNKNOWN,87F63323-E686-4F98-8530-1947A113C8D9,PEDESTRIAN,Walking/Riding w/Traffic,IN ROADWAY IMPROPERLY,ON ROADWAY NOT AT CROSSWALK,NO PED. SIGNAL,DARK CLOTHING,Yes,SUSPECTED SERIOUS INJURY,N/A,39.15578167,-77.26199167,"(39.15578167, -77.26199167)"
MCP2637003S,200037858,Montgomery County Police,Injury Crash,09/26/2020 01:04:00 PM,County,DUFIEF MILL RD,County,AMBERLEA FARM DR,,N/A,BICYCLIST,OTHER,CLOUDY,DRY,DAYLIGHT,STOP SIGN,NONE DETECTED,N/A,EE011378-8F0F-46A0-8B13-4CDCFC6A568F,BICYCLIST,Cross/Enter at Intersection,FAILURE TO YIELD RIGHT OF WAY,AT INTERSECTION BUT NO CROSSWALK,NO PED. SIGNAL,MIXED CLOTHING,Yes,POSSIBLE INJURY,NONE,39.08889585,-77.23580151,"(39.08889585, -77.23580151)"
MCP1453006R,180062394,Montgomery County Police,Injury Crash,12/14/2018 07:19:00 AM,Maryland (State),FREDERICK RD,County,PLUMMER DR,,N/A,PEDESTRIAN,SINGLE VEHICLE,FOGGY,DRY,DAWN,TRAFFIC SIGNAL,NONE DETECTED,NONE DETECTED,D4D616B4-CB3C-48AB-9715-BD00A592214D,PEDESTRIAN,Cross/Enter at Intersection,NO IMPROPER ACTIONS,OTHER,OBEYED PED. SIGNAL,MIXED CLOTHING,No,SUSPECTED MINOR INJURY,N/A,39.18781821,-77.09425684,"(39.18781821, -77.09425684)"
DD5595004D,170151767,Rockville Police Departme,Injury Crash,07/06/2017 05:25:00 PM,Other Public Roadway,IVY LEAGUE LA,Maryland (State),HUNGERFORD DR,,N/A,BICYCLIST,OTHER,CLOUDY,DRY,DAYLIGHT,STOP SIGN,NONE DETECTED,NONE DETECTED,43C50EF8-D9D7-41DD-B213-A62527CC8150,BICYCLIST,Cross/Enter at Intersection,NO IMPROPER ACTIONS,ON ROADWAY AT CROSSWALK,OTHER,N/A,No,SUSPECTED MINOR INJURY,NONE,39.09494133,-77.15344183,"(39.09494133, -77.15344183)"
MCP1022007Y,170534854,Montgomery County Police,Injury Crash,10/05/2017 07:37:00 AM,County,WATERFORD HILLS BLVD,Unknown,GALWAY BAY CIRCLE,,N/A,PEDESTRIAN,SINGLE VEHICLE,CLEAR,DRY,DAYLIGHT,NO CONTROLS,NONE DETECTED,NONE DETECTED,E51A6D29-505E-42E2-ABE4-0EC9F39D9461,PEDESTRIAN,Cross/Enter at Intersection,NO IMPROPER ACTIONS,ON ROADWAY NOT AT CROSSWALK,NO PED. SIGNAL,LIGHT CLOTHING,No,SUSPECTED MINOR INJURY,NONE,39.17783,-77.2769,"(39.17783, -77.2769)"
MCP3115003L,200003980,Montgomery County Police,Property Damage Crash,01/24/2020 01:00:00 PM,Maryland (State),NEW HAMPSHIRE AVE,County,VALLEY BROOK DR,,N/A,OTHER,SINGLE VEHICLE,CLEAR,DRY,DAYLIGHT,N/A,N/A,N/A,5D2352BF-D4ED-4F69-95EC-4BA6F871C473,OTHER,N/A,N/A,N/A,N/A,N/A,No,NO APPARENT INJURY,N/A,39.05773667,-76.99753667,"(39.05773667, -76.99753667)"
MCP2917007R,210018952,Montgomery County Police,Injury Crash,05/19/2021 07:12:00 PM,County,GRENOBLE DR,County,PARKLAND DR,,N/A,PEDESTRIAN,OTHER,CLEAR,DRY,DAYLIGHT,NO CONTROLS,NONE DETECTED,NONE DETECTED,7F20F036-A0AF-4DFE-9D2C-699AE4E3156A,PEDESTRIAN,Playing,DART DASH,ON ROADWAY NOT AT CROSSWALK,NO PED. SIGNAL,UNKNOWN,Yes,SUSPECTED MINOR INJURY,N/A,39.0783657,-77.08604655,"(39.0783657, -77.08604655)"
MCP3161001S,190048151,Montgomery County Police,Injury Crash,10/07/2019 03:39:00 PM,Maryland (State),UNIVERSITY BLVD W,Municipality,PERRY AVE,,KENSINGTON,PEDESTRIAN,SAME DIR REAR END,CLEAR,DRY,DAYLIGHT,N/A,NONE DETECTED,NONE DETECTED,EBEEDCC1-4C2C-4A6A-B12E-126804D64FFC,PEDESTRIAN,Cross/Enter at Intersection,UNKNOWN,ON ROADWAY AT CROSSWALK,UNKNOWN,DARK CLOTHING,No,POSSIBLE INJURY,NONE,39.03274833,-77.07378833,"(39.03274833, -77.07378833)"
MCP2724002M,220013343,Montgomery County Police,Injury Crash,03/29/2022 08:00:00 AM,,,,,DRIVEWAY ENTRANCE TO FRANCIS SCOTT KEY MIDDLE SCHOOL,,PEDESTRIAN,OTHER,CLEAR,,DAYLIGHT,N/A,UNKNOWN,NONE DETECTED,0F46F120-F546-47B2-AE98-7DF425FCE2CD,PEDESTRIAN,Other,OTHER,SIDEWALK,NO PED. SIGNAL,MIXED CLOTHING,Unknown,POSSIBLE INJURY,N/A,39.02635536,-76.99109161,"(39.02635536, -76.99109161)"
MCP3097001G,190057391,Montgomery County Police,Injury Crash,11/28/2019 01:19:00 AM,County,CHERRY HILL RD,County,PLUM ORCHARD DR,,N/A,PEDESTRIAN,SINGLE VEHICLE,N/A,DRY,DARK LIGHTS ON,FLASHING TRAFFIC SIGNAL,NONE DETECTED,UNKNOWN,01C4D0C9-C80E-41E2-B882-9DCF0D190906,PEDESTRIAN,Cross/Enter not at Intersection,IN ROADWAY IMPROPERLY,ON ROADWAY NOT AT CROSSWALK,NO PED. SIGNAL,MIXED CLOTHING,Yes,SUSPECTED SERIOUS INJURY,N/A,39.05316833,-76.95329167,"(39.05316833, -76.95329167)"
MCP2466001R,16064424,Montgomery County Police,Injury Crash,12/14/2016 06:45:00 PM,Maryland (State),NEW HAMPSHIRE AVE,County,MCNEIL LA,,N/A,BICYCLIST,STRAIGHT MOVEMENT ANGLE,CLEAR,N/A,DARK LIGHTS ON,NO CONTROLS,UNKNOWN,UNKNOWN,C23A4E98-A76F-4FCE-A278-3895979F5A15,BICYCLIST,Walking/Riding against Traffic,WRONG WAY RIDING OR WALKING,SHOULDER,N/A,HEAD LIGHT,Yes,SUSPECTED MINOR INJURY,MC/BIKE HELMET,39.115075,-76.99268,"(39.115075, -76.99268)"
MCP2875001R,16013916,MONTGOMERY,Injury Crash,03/21/2016 08:25:00 PM,County,CRYSTAL ROCK DR,County,MIDDLEBROOK RD,,N/A,PEDESTRIAN,OTHER,CLEAR,DRY,DARK LIGHTS ON,TRAFFIC SIGNAL,UNKNOWN,NONE DETECTED,788573A4-D25A-47D5-A48F-314E111B9102,PEDESTRIAN,Cross/Enter at Intersection,NO IMPROPER ACTIONS,SIDEWALK,OBEYED PED. SIGNAL,REFLECTIVE MATERIAL,No,SUSPECTED MINOR INJURY,N/A,39.17714,-77.26406833,"(39.17714, -77.26406833)"
MCP27500058,200049520,Montgomery County Police,Injury Crash,12/16/2020 12:30:00 PM,Maryland (State),GEORGIA AVE,Maryland (State),DAMASCUS RD,,N/A,PEDESTRIAN,OTHER,SNOW,SNOW,DAYLIGHT,NO CONTROLS,NONE DETECTED,NONE DETECTED,7EF02BDC-47F8-4881-A75D-CA5AD056AFDA,PEDESTRIAN,Standing,NO IMPROPER ACTIONS,SHOULDER,NO PED. SIGNAL,MIXED CLOTHING,No,POSSIBLE INJURY,NONE,39.21163667,-77.06197,"(39.21163667, -77.06197)"
MCP30390024,180015700,Montgomery County Police,Injury Crash,03/31/2018 08:35:00 PM,Municipality,DUPONT AVE,Maryland (State),CONNECTICUT AVE,,N/A,PEDESTRIAN,OTHER,CLEAR,DRY,DARK LIGHTS ON,STOP SIGN,UNKNOWN,NONE DETECTED,93627E00-87A0-4A44-882C-0DD7709663FA,PEDESTRIAN,Cross/Enter at Intersection,NO IMPROPER ACTIONS,ON ROADWAY AT CROSSWALK,NO PED. SIGNAL,LIGHT CLOTHING,No,POSSIBLE INJURY,NONE,39.02793667,-77.07792,"(39.02793667, -77.07792)"
MCP2965003K,180060606,Montgomery County Police,Injury Crash,12/04/2018 12:36:00 PM,County,HEURICH RD,County,RANDOLPH RD,,N/A,BICYCLIST,OTHER,CLOUDY,DRY,DAYLIGHT,STOP SIGN,NONE DETECTED,NONE DETECTED,6B352B03-824C-4945-B667-51D181E602CB,BICYCLIST,Cross/Enter at Intersection,NO IMPROPER ACTIONS,ON ROADWAY AT CROSSWALK,NO PED. SIGNAL,LIGHT CLOTHING,No,POSSIBLE INJURY,MC/BIKE HELMET,39.062445,-77.04177667,"(39.062445, -77.04177667)"
MCP2766002V,16052362,Montgomery County Police,Injury Crash,10/11/2016 07:05:00 PM,Maryland (State),GEORGIA AVE,County,ASPEN HILL RD,,N/A,OTHER CONVEYANCE,STRAIGHT MOVEMENT ANGLE,N/A,DRY,DARK LIGHTS ON,NO CONTROLS,NONE DETECTED,NONE DETECTED,58104640-BD0F-447B-AF92-E03A3416AA4D,OTHER CONVEYANCE,Walking/Riding against Traffic,INATTENTIVE,SIDEWALK,NO PED. SIGNAL,DARK CLOTHING,Yes,POSSIBLE INJURY,NONE,39.08200333,-77.077005,"(39.08200333, -77.077005)"
MCP30440058,220019942,Montgomery County Police,Property Damage Crash,05/10/2022 08:47:00 PM,County,BRIGGS CHANEY RD,County,ROBEY RD,,N/A,BICYCLIST,OTHER,CLEAR,DRY,DARK NO LIGHTS,NO CONTROLS,NONE DETECTED,N/A,323A2E61-72AD-4D5A-80DB-965806551EC4,BICYCLIST,Cross/Enter at Intersection,N/A,ON ROADWAY AT CROSSWALK,N/A,LIGHT CLOTHING,No,NO APPARENT INJURY,NONE,39.07957667,-76.94478167,"(39.07957667, -76.94478167)"