Report Number,Local Case Number,Agency Name,ACRS Report Type,Crash Date/Time,Route Type,Road Name,Cross-Street Type,Cross-Street Name,Off-Road Description,Municipality,Related Non-Motorist,Collision Type,Weather,Surface Condition,Light,Traffic Control,Driver Substance Abuse,Non-Motorist Substance Abuse,Person ID,Pedestrian Type,Pedestrian Movement,Pedestrian Actions,Pedestrian Location,Pedestrian Obeyed Traffic Signal,Pedestrian Visibility,At Fault,Injury Severity,Safety Equipment,Latitude,Longitude,Location
MCP2195005S,230004805,Montgomery County Police,Injury Crash,01/30/2023 06:30:00 AM,,,,,PARKING LOT 16651 CRABBS BRANCH WAY,,PEDESTRIAN,OTHER,CLEAR,,DARK LIGHTS ON,NO CONTROLS,NONE DETECTED,NONE DETECTED,388A4E62-F4CC-4669-AAAF-1B5C475251DE,PEDESTRIAN,Other,FAILURE TO YIELD RIGHT OF WAY,OTHER,N/A,MIXED CLOTHING,Yes,POSSIBLE INJURY,N/A,39.12764833,-77.16462333,"(39.12764833, -77.16462333)"
MCP2710003B,200018771,Montgomery County Police,Injury Crash,05/08/2020 04:45:00 PM,Municipality,ONEILL DR,Maryland (State),FREDERICK RD,,N/A,PEDESTRIAN,SINGLE VEHICLE,RAINING,WET,DAYLIGHT,TRAFFIC SIGNAL,NONE DETECTED,NONE DETECTED,21C3B49E-CD70-40DC-9E40-D3E783A870EB,PEDESTRIAN,Cross/Enter at Intersection,DART DASH,ON ROADWAY AT CROSSWALK,DISOBEYED PED. SIGNAL,MIXED CLOTHING,Yes,SUSPECTED MINOR INJURY,NONE,39.12410167,-77.18020833,"(39.12410167, -77.18020833)"
MCP28460021,16032703,Montgomery County Police,Injury Crash,06/28/2016 01:15:00 PM,County,SHOREFIELD RD,Maryland (State),GEORGIA AVE,,N/A,PEDESTRIAN,OTHER,CLOUDY,DRY,DAYLIGHT,TRAFFIC SIGNAL,NONE DETECTED,NONE DETECTED,4D09E15D-701D-4E8D-BFBD-C14CB95B356D,PEDESTRIAN,Cross/Enter at Intersection,NO IMPROPER ACTIONS,ON ROADWAY AT CROSSWALK,OBEYED PED. SIGNAL,MIXED CLOTHING,No,NO APPARENT INJURY,NONE,39.05316667,-77.050735,"(39.05316667, -77.050735)"
MCP9113006B,200029550,Montgomery County Police,Injury Crash,07/30/2020 10:31:00 AM,County,WENDY LA,County,LOYOLA ST,,N/A,OTHER,OTHER,CLEAR,DRY,DAYLIGHT,NO CONTROLS,NONE DETECTED,NONE DETECTED,1F84FA47-FAA2-41D5-9D09-DF4ADA21D62F,OTHER,Getting off/on Vehicle,NO IMPROPER ACTIONS,CURB,N/A,N/A,No,SUSPECTED SERIOUS INJURY,N/A,39.079145,-77.074525,"(39.079145, -77.074525)"
MCP2162000V,15007508,Montgomery County Police,Injury Crash,02/14/2015 08:05:00 PM,Maryland (State),OLNEY SANDY SPRING RD,Unknown,ENT TO SHARP ST UNITED METHODIST CHURCH,,N/A,PEDESTRIAN,OTHER,SNOW,ICE,DARK NO LIGHTS,NO CONTROLS,N/A,N/A,C5512A0B-0CB4-4BE8-A431-070EFA60E90D,PEDESTRIAN,Standing,DISABLED VEHICLE RELATED,ON ROADWAY NOT AT CROSSWALK,N/A,MIXED CLOTHING,,SUSPECTED MINOR INJURY,NONE,39.14660833,-77.039365,"(39.14660833, -77.039365)"
MCP3005003R,180019538,Montgomery County Police,Injury Crash,04/21/2018 02:45:00 PM,Maryland (State),GEORGIA AVE,County,REEDIE DR,,N/A,PEDESTRIAN,SINGLE VEHICLE,CLEAR,DRY,DAYLIGHT,TRAFFIC SIGNAL,NONE DETECTED,NONE DETECTED,A5894409-B5BC-4E5B-A443-B89B37D787B3,PEDESTRIAN,Cross/Enter at Intersection,NO IMPROPER ACTIONS,AT INTERSECTION MARKED CROSSWALK,OBEYED PED. SIGNAL,MIXED CLOTHING,No,POSSIBLE INJURY,NONE,39.03816667,-77.050815,"(39.03816667, -77.050815)"
DD56170011,170519620,Rockville Police Departme,Injury Crash,07/17/2017 07:01:00 PM,,,,,PARKING LOT OF 225 N WASHINGTON AVE,,PEDESTRIAN,SINGLE VEHICLE,CLEAR,,DUSK,NO CONTROLS,N/A,N/A,33F0F599-631D-449D-B4C2-27BF7A1087C9,PEDESTRIAN,Other,NO IMPROPER ACTIONS,OTHER,N/A,LIGHT CLOTHING,No,SUSPECTED MINOR INJURY,NONE,39.08618,-77.152725,"(39.08618, -77.152725)"
MCP25860012,15014851,Montgomery County Police,Injury Crash,03/31/2015 09:13:00 PM,County,BRIGGS CHANEY RD,County,OLD COLUMBIA PIKE,,N/A,PEDESTRIAN,OTHER,RAINING,WET,DARK LIGHTS ON,TRAFFIC SIGNAL,NONE DETECTED,NONE DETECTED,8BCDBFEF-F875-4FBD-B9B4-AEF251561406,PEDESTRIAN,Cross/Enter not at Intersection,IN ROADWAY IMPROPERLY,ON ROADWAY NOT AT CROSSWALK,NO PED. SIGNAL,MIXED CLOTHING,,POSSIBLE INJURY,N/A,39.08486833,-76.95204167,"(39.08486833, -76.95204167)"
MCP3201000J,190051399,Montgomery County Police,Injury Crash,10/25/2019 09:21:00 PM,Maryland (State),FREDERICK RD,County,MIDDLEBROOK RD,,N/A,PEDESTRIAN,SINGLE VEHICLE,CLOUDY,DRY,DARK LIGHTS ON,NO CONTROLS,N/A,N/A,F8AD25D1-FE45-426D-B2E9-BD4605B89908,PEDESTRIAN,Other,OTHER,SIDEWALK,NO PED. SIGNAL,LIGHT CLOTHING,Yes,SUSPECTED SERIOUS INJURY,NONE,39.18224333,-77.23828667,"(39.18224333, -77.23828667)"
DD5603009R,230021013,Rockville Police Departme,Injury Crash,05/02/2023 05:40:00 PM,Municipality,FLEET ST,Municipality,JEFFERSON PLAZA,,ROCKVILLE,BICYCLIST,OTHER,RAINING,WET,DAYLIGHT,STOP SIGN,NONE DETECTED,NONE DETECTED,6D8336C7-A6F7-4FE2-878C-5E829DED63DB,BICYCLIST,Cross/Enter at Intersection,NO IMPROPER ACTIONS,AT INTERSECTION MARKED CROSSWALK,OBEYED PED. SIGNAL,DARK CLOTHING,No,SUSPECTED MINOR INJURY,MC/BIKE HELMET,39.080116,-77.14711414,"(39.080116, -77.14711414)"
MCP2789005L,190007068,Montgomery County Police,Property Damage Crash,02/13/2019 04:20:00 PM,,,,,PARKING LOT OF FLORA SINGER ELEMENTARY SCHOOL,,PEDESTRIAN,SINGLE VEHICLE,CLEAR,,DAYLIGHT,PERSON,UNKNOWN,N/A,B3F3ECAA-D4A2-48B0-9613-D424BFAD98BB,PEDESTRIAN,Other Working,NO IMPROPER ACTIONS,OTHER,OTHER,LIGHT CLOTHING,No,NO APPARENT INJURY,N/A,39.00571,-77.03852167,"(39.00571, -77.03852167)"
MCP2954001X,16032701,Montgomery County Police,Injury Crash,06/28/2016 12:57:00 PM,,,,,IN PARKING LOT IN FRONT OF 8709 FLOWER AVE.,,PEDESTRIAN,SAME DIRECTION SIDESWIPE,CLOUDY,,DAYLIGHT,NO CONTROLS,NONE DETECTED,NONE DETECTED,AA7AC73D-3374-45EE-80D7-F49BA747ED38,PEDESTRIAN,Other,NO IMPROPER ACTIONS,OTHER,N/A,MIXED CLOTHING,No,POSSIBLE INJURY,N/A,38.99868345,-77.0034796,"(38.99868345, -77.0034796)"
DM8476004Q,230010764,Takoma Park Police Depart,Property Damage Crash,03/04/2023 03:00:00 PM,Maryland (State),NEW HAMPSHIRE AVE,Maryland (State),EAST WEST HWY (PG CO),,N/A,PEDESTRIAN,OTHER,CLEAR,DRY,DAYLIGHT,TRAFFIC SIGNAL,N/A,N/A,2CD8B3CB-DFBD-47BB-9001-6C877EE33D49,PEDESTRIAN,Cross/Enter at Intersection,DART DASH,ON ROADWAY NOT AT CROSSWALK,DISOBEYED PED. SIGNAL,N/A,Yes,NO APPARENT INJURY,N/A,38.97536398,-76.99407758,"(38.97536398, -76.99407758)"
MCP23570035,180024363,Montgomery County Police,Injury Crash,05/18/2018 07:41:00 AM,,,,,8357 COLESVILLE ROAD,,PEDESTRIAN,UNKNOWN,RAINING,,DAYLIGHT,N/A,NONE DETECTED,NONE DETECTED,67A02A4A-5193-431B-BFDF-37D48B531E8C,PEDESTRIAN,Standing,OTHER,N/A,N/A,MIXED CLOTHING,Yes,NO APPARENT INJURY,N/A,38.99398,-77.03235167,"(38.99398, -77.03235167)"
MCP22310076,230017988,Montgomery County Police,Injury Crash,04/15/2023 01:58:00 PM,Maryland (State),DARNESTOWN RD,Maryland (State),QUINCE ORCHARD RD,,N/A,BICYCLIST,OTHER,CLOUDY,DRY,DAYLIGHT,NO CONTROLS,NONE DETECTED,NONE DETECTED,A370C0D9-D53B-40D4-9D27-A02D86DBB0A5,BICYCLIST,Cross/Enter not at Intersection,IN ROADWAY IMPROPERLY,ON ROADWAY NOT AT CROSSWALK,NO PED. SIGNAL,MIXED CLOTHING,Yes,SUSPECTED MINOR INJURY,NONE,39.11770833,-77.25185833,"(39.11770833, -77.25185833)"
DM8479001C,220021661,Takoma Park Police Depart,Injury Crash,05/21/2022 10:12:00 AM,,,,,PARKING LOT,,PEDESTRIAN,N/A,N/A,,DAYLIGHT,NO CONTROLS,NONE DETECTED,NONE DETECTED,4A07043C-64F7-4703-8B5B-E53C84C844B2,PEDESTRIAN,Other,OTHER,OTHER,NO PED. SIGNAL,MIXED CLOTHING,Unknown,POSSIBLE INJURY,NONE,38.98664837,-76.98786523,"(38.98664837, -76.98786523)"
MCP33280023,230029324,Montgomery County Police,Property Damage Crash,06/18/2023 06:50:00 PM,Maryland (State),GEORGIA AVE,County,PARKER AVE,,N/A,"OTHER CONVEYANCE, PEDESTRIAN",OTHER,CLEAR,N/A,DAYLIGHT,STOP SIGN,NONE DETECTED,NONE DETECTED,7C0F1110-EA04-492E-9200-4F8A6C64CFC5,OTHER CONVEYANCE,Cross/Enter at Intersection,N/A,ON ROADWAY AT CROSSWALK,N/A,N/A,No,NO APPARENT INJURY,NONE,39.04955333,-77.05202,"(39.04955333, -77.05202)"
MCP3060003Z,230003846,Montgomery County Police,Injury Crash,01/24/2023 08:04:00 AM,Maryland (State),WISCONSIN AVE,County,FAIRMONT AVE,,N/A,PEDESTRIAN,SINGLE VEHICLE,CLEAR,DRY,DAYLIGHT,NO CONTROLS,NONE DETECTED,UNKNOWN,26749C32-2CCC-4764-841F-E604FBDAED76,PEDESTRIAN,Cross/Enter not at Intersection,DART DASH,ON ROADWAY NOT AT CROSSWALK,NO PED. SIGNAL,MIXED CLOTHING,Yes,SUSPECTED MINOR INJURY,NONE,38.98892487,-77.09526238,"(38.98892487, -77.09526238)"
DD5539000Z,15026681,Rockville Police Departme,Injury Crash,06/02/2015 05:35:00 PM,Maryland (State),ROCKVILLE PIKE,Unknown,ENT TO CONGRESSIONAL PLAZA,,N/A,BICYCLIST,OTHER,CLOUDY,DRY,DAYLIGHT,STOP SIGN,NONE DETECTED,NONE DETECTED,9077868D-5211-4875-B3F6-2E8343F29508,BICYCLIST,Walking/Cycling on Sidewalk,NO IMPROPER ACTIONS,ON ROADWAY AT CROSSWALK,NO PED. SIGNAL,MIXED CLOTHING,,SUSPECTED SERIOUS INJURY,NONE,39.06286546,-77.12513924,"(39.06286546, -77.12513924)"
MCP26100029,210019959,Montgomery County Police,Injury Crash,05/26/2021 05:22:00 PM,,,,,PARKING LOT OF 229 MUDDY BRANCH RD GAITHERSBURG MARYLAND,,PEDESTRIAN,OTHER,CLEAR,,DAYLIGHT,N/A,"NONE DETECTED, UNKNOWN",NONE DETECTED,11CDB9B5-0FBF-4F8C-AC91-57589C0C3A36,PEDESTRIAN,Other,NO IMPROPER ACTIONS,OTHER,N/A,LIGHT CLOTHING,No,POSSIBLE INJURY,N/A,39.12816167,-77.20624167,"(39.12816167, -77.20624167)"
MCP1564002Z,180011748,Montgomery County Police,Injury Crash,03/21/2018 09:45:00 AM,,,,,"PKG LOT OF SHOPPERS FOOD WAREHOUSE LOCATED AT 18140 VILLAGE MART DRIVE, OLNEY, MD 20832",,PEDESTRIAN,OTHER,CLEAR,,DAYLIGHT,OTHER,UNKNOWN,NONE DETECTED,B22F3232-C44E-45EB-95B8-45DA029F4791,PEDESTRIAN,Cross/Enter at Intersection,NO IMPROPER ACTIONS,ON ROADWAY AT CROSSWALK,NO PED. SIGNAL,MIXED CLOTHING,No,POSSIBLE INJURY,NONE,39.15323882,-77.06484854,"(39.15323882, -77.06484854)"
DD5610007R,230015640,Rockville Police Departme,Injury Crash,04/01/2023 12:11:00 PM,Municipality,W GUDE DR,Municipality,WATKINS POND BLVD,,ROCKVILLE,BICYCLIST,SAME DIR REAR END,RAINING,WET,DAYLIGHT,NO CONTROLS,N/A,N/A,E030D25E-6900-4F58-A494-FF1C8D435CD8,BICYCLIST,Walking/Riding w/Traffic,NO IMPROPER ACTIONS,OTHER,NO PED. SIGNAL,DARK CLOTHING,No,POSSIBLE INJURY,MC/BIKE HELMET,39.10612783,-77.16937517,"(39.10612783, -77.16937517)"
MCP31580020,190062484,Montgomery County Police,Property Damage Crash,12/28/2019 03:13:00 PM,County,FOUNDERS MILL DR,County,HOBBLE BUSH CT,,N/A,PEDESTRIAN,OTHER,CLEAR,DRY,DAYLIGHT,N/A,"N/A, NONE DETECTED",NONE DETECTED,D69325E2-03CB-4B48-ADE7-663DAF78FE00,PEDESTRIAN,N/A,NOT VISIBLE,INSIDE BUILDING,N/A,N/A,No,NO APPARENT INJURY,N/A,39.13830167,-77.148365,"(39.13830167, -77.148365)"
MCP3031002D,180021142,Montgomery County Police,Property Damage Crash,04/30/2018 12:00:00 AM,County,TIVOLI LAKE BLVD,Unknown,TIVOLI LAKE CT,,N/A,OTHER,HEAD ON LEFT TURN,CLEAR,DRY,UNKNOWN,NO CONTROLS,UNKNOWN,N/A,68C64E06-4E80-4DCB-806F-B234C0E61B82,OTHER,N/A,NO IMPROPER ACTIONS,OTHER,N/A,N/A,No,NO APPARENT INJURY,N/A,39.06948833,-77.03499167,"(39.06948833, -77.03499167)"
MCP26760013,15013372,Montgomery County Police,Injury Crash,03/23/2015 03:15:00 PM,,,,,Parking Lot of 2201 Randolph Road (Shoppers),,PEDESTRIAN,OTHER,CLEAR,,DAYLIGHT,NO CONTROLS,UNKNOWN,N/A,28FF30DF-EE84-4DE7-8A39-E2448AAE4F49,PEDESTRIAN,Other,OTHER,OTHER,N/A,N/A,,SUSPECTED MINOR INJURY,NONE,39.05948167,-77.04765333,"(39.05948167, -77.04765333)"
MCP2879000W,15048521,MONTGOMERY,Injury Crash,09/24/2015 07:01:00 PM,County,DUFIEF MILL RD,County,AMBERLEA FARM DR,,N/A,PEDESTRIAN,OTHER,CLEAR,UNKNOWN,DAYLIGHT,NO CONTROLS,UNKNOWN,NONE DETECTED,F6059E58-0E62-4823-A1E4-05C09873F343,PEDESTRIAN,Walking to/from school,UNKNOWN,UNKNOWN,UNKNOWN,DARK CLOTHING,No,POSSIBLE INJURY,NONE,39.08924309,-77.23572135,"(39.08924309, -77.23572135)"
EJ7833001K,15065800,Gaithersburg Police Depar,Injury Crash,12/23/2015 05:20:00 PM,Municipality,CHESTERTOWN ST,Municipality,TSCHIFFELY SQUARE RD,,GAITHERSBURG,PEDESTRIAN,OTHER,CLOUDY,WET,DARK LIGHTS ON,NO CONTROLS,NONE DETECTED,NONE DETECTED,F814F2D7-40B0-4564-BF8F-82264EFC4CB6,PEDESTRIAN,Cross/Enter at Intersection,NOT VISIBLE,ON ROADWAY AT CROSSWALK,NO PED. SIGNAL,DARK CLOTHING,No,SUSPECTED MINOR INJURY,NONE,39.12399333,-77.24435667,"(39.12399333, -77.24435667)"
MCP22550002,170514349,Montgomery County Police,Injury Crash,06/18/2017 02:09:00 AM,Maryland (State),FREDERICK RD,Municipality,DALAMAR ST,,GAITHERSBURG,PEDESTRIAN,N/A,CLEAR,DRY,DARK LIGHTS ON,N/A,N/A,UNKNOWN,0D9771EA-7FD7-4587-8C57-15A886ADB8B9,PEDESTRIAN,Cross/Enter not at Intersection,IN ROADWAY IMPROPERLY,ON ROADWAY NOT AT CROSSWALK,OTHER,DARK CLOTHING,Yes,SUSPECTED SERIOUS INJURY,N/A,39.146945,-77.20524667,"(39.146945, -77.20524667)"
MCP26660052,210027462,Montgomery County Police,Injury Crash,07/16/2021 09:00:00 AM,Maryland (State),UNIVERSITY BLVD E,Maryland (State),PINEY BRANCH RD,,N/A,PEDESTRIAN,SINGLE VEHICLE,CLEAR,DRY,DAYLIGHT,TRAFFIC SIGNAL,NONE DETECTED,NONE DETECTED,F1CDBFDB-2E1D-41AD-B71D-F2F05A5BC240,PEDESTRIAN,Cross/Enter not at Intersection,IN ROADWAY IMPROPERLY,ON ROADWAY NOT AT CROSSWALK,NO PED. SIGNAL,MIXED CLOTHING,Yes,SUSPECTED MINOR INJURY,NONE,39.00025383,-76.995517,"(39.00025383, -76.995517)"
MCP285900BP,220003244,Montgomery County Police,Injury Crash,01/25/2022 01:50:00 PM,,,,,"PARKING LOT 46 BUREAU DR, GAITHERSBURG, MD 20878",,PEDESTRIAN,OTHER,CLEAR,,DAYLIGHT,NO CONTROLS,NONE DETECTED,NONE DETECTED,207DC9B8-DB3E-4B7A-92E1-8D0D9833AAB1,PEDESTRIAN,Other,NO IMPROPER ACTIONS,OTHER,N/A,MIXED CLOTHING,No,POSSIBLE INJURY,NONE,39.14391649,-77.21831038,"(39.14391649, -77.21831038)"
MCP13660095,190020833,Montgomery County Police,Injury Crash,05/03/2019 02:39:00 PM,Maryland (State),MUNCASTER MILL RD,County,NEEDWOOD RD,,N/A,PEDESTRIAN,STRAIGHT MOVEMENT ANGLE,CLEAR,DRY,DAYLIGHT,TRAFFIC SIGNAL,NONE DETECTED,NONE DETECTED,97D1C718-F331-4E65-AD90-9C352326F4E6,PEDESTRIAN,Cross/Enter not at Intersection,DART DASH,ON ROADWAY NOT AT CROSSWALK,DISOBEYED PED. SIGNAL,MIXED CLOTHING,Yes,SUSPECTED SERIOUS INJURY,NONE,39.13184,-77.12072833,"(39.13184, -77.12072833)"
MCP25630009,15064811,MONTGOMERY,Injury Crash,12/18/2015 07:09:00 PM,County,E RANDOLPH RD,County,SERPENTINE WAY,,N/A,PEDESTRIAN,SINGLE VEHICLE,CLEAR,DRY,DARK LIGHTS ON,TRAFFIC SIGNAL,NONE DETECTED,UNKNOWN,32215F20-D5E7-4FC6-A6F3-2A5F44713AD0,PEDESTRIAN,Unknown,UNKNOWN,ON ROADWAY NOT AT CROSSWALK,NO PED. SIGNAL,UNKNOWN,Unknown,SUSPECTED SERIOUS INJURY,NONE,39.06437221,-76.96906283,"(39.06437221, -76.96906283)"
MCP1393001B,170526301,Montgomery County Police,Injury Crash,08/22/2017 09:15:00 PM,County,NEWCUT RD,Other Public Roadway,ARORA HILLS DR,,N/A,PEDESTRIAN,SINGLE VEHICLE,CLEAR,DRY,DARK LIGHTS ON,OTHER,UNKNOWN,NONE DETECTED,12AF5987-8895-46EB-99E5-E46F52ACD236,PEDESTRIAN,Standing,NO IMPROPER ACTIONS,ON ROADWAY NOT AT CROSSWALK,N/A,MIXED CLOTHING,No,SUSPECTED MINOR INJURY,N/A,39.23057167,-77.24775333,"(39.23057167, -77.24775333)"
MCP91300020,16006234,Montgomery County Police,Injury Crash,02/06/2016 01:33:00 PM,County,FLOWER AVE,County,ARLISS ST,,N/A,PEDESTRIAN,SINGLE VEHICLE,CLEAR,DRY,DAYLIGHT,NO CONTROLS,NONE DETECTED,NONE DETECTED,0118D18F-AC1D-4CC9-B51E-BF367320ED58,PEDESTRIAN,Cross/Enter not at Intersection,NO IMPROPER ACTIONS,ON ROADWAY AT CROSSWALK,NO PED. SIGNAL,MIXED CLOTHING,No,SUSPECTED MINOR INJURY,NONE,38.999505,-77.00393333,"(38.999505, -77.00393333)"
MCP0036008Q,180056136,Montgomery County Police,Injury Crash,11/08/2018 05:02:00 PM,,,,,PARKING LOT IN FRONT OF 13007 WISTERIA DR,,PEDESTRIAN,SINGLE VEHICLE,CLEAR,,DARK LIGHTS ON,NO CONTROLS,NONE DETECTED,NONE DETECTED,0C07A55B-04CF-4C7F-BF1F-EBA4B3598BA3,PEDESTRIAN,Other,NO IMPROPER ACTIONS,OTHER,N/A,MIXED CLOTHING,No,SUSPECTED MINOR INJURY,NONE,39.17850333,-77.27039333,"(39.17850333, -77.27039333)"
MCP29730057,200040243,Montgomery County Police,Injury Crash,10/12/2020 11:20:00 PM,Maryland (State),GEORGIA AVE,Other Public Roadway,GEORGIAN WAY,,N/A,PEDESTRIAN,OTHER,RAINING,WET,DARK LIGHTS ON,NO CONTROLS,N/A,N/A,24A4B5BC-399D-4F28-B480-D6E1EB191959,PEDESTRIAN,Cross/Enter not at Intersection,FAILURE TO YIELD RIGHT OF WAY,ON ROADWAY NOT AT CROSSWALK,NO PED. SIGNAL,DARK CLOTHING,Yes,POSSIBLE INJURY,N/A,39.05417941,-77.05045591,"(39.05417941, -77.05045591)"
MCP2867003X,170503568,Montgomery County Police,Injury Crash,04/22/2017 02:13:00 PM,,,,,"PARKING LOT IN FRONT OF 10107 COLESVILLE ROAD, SILVER SPRING, MARYLAND 20901",,PEDESTRIAN,SINGLE VEHICLE,CLOUDY,,DAYLIGHT,N/A,NONE DETECTED,NONE DETECTED,AD697FF1-F461-4C79-9F95-5238047D3334,PEDESTRIAN,Other,INATTENTIVE,OTHER,N/A,LIGHT CLOTHING,Yes,POSSIBLE INJURY,NONE,39.02032045,-77.01206267,"(39.02032045, -77.01206267)"
DD5611005Q,190009051,Rockville Police Departme,Injury Crash,02/25/2019 08:09:00 PM,Municipality,ROLLINS AVE,Maryland (State),ROCKVILLE PIKE,,N/A,BICYCLIST,OTHER,CLEAR,DRY,DARK LIGHTS ON,N/A,NONE DETECTED,NONE DETECTED,7720A6BF-C4F0-40F8-B09C-8A716B1A8950,BICYCLIST,Walking/Riding w/Traffic,UNKNOWN,ON ROADWAY NOT AT CROSSWALK,N/A,DARK CLOTHING,Yes,POSSIBLE INJURY,MC/BIKE HELMET,39.05884833,-77.12208333,"(39.05884833, -77.12208333)"
MCP2683005V,220022703,Montgomery County Police,Property Damage Crash,05/27/2022 04:23:00 PM,County,LOST KNIFE RD,County,CONTOUR RD,,N/A,BICYCLIST,OTHER,CLOUDY,WET,DAYLIGHT,STOP SIGN,NONE DETECTED,N/A,D1311E5B-FCE1-40A8-AE36-73287AC992A1,BICYCLIST,Cross/Enter at Intersection,NO IMPROPER ACTIONS,AT INTERSECTION BUT NO CROSSWALK,NO PED. SIGNAL,DARK CLOTHING,No,NO APPARENT INJURY,NONE,39.1549356,-77.2010206,"(39.1549356, -77.2010206)"
MCP3052000D,170529640,Montgomery County Police,Injury Crash,09/09/2017 11:11:00 PM,County,CONTOUR RD,County,LOST KNIFE RD,,N/A,PEDESTRIAN,SINGLE VEHICLE,N/A,DRY,DARK NO LIGHTS,WARNING SIGN,NONE DETECTED,NONE DETECTED,CA1DCA77-1D4A-4D13-BA0E-DCAA232A1086,PEDESTRIAN,Cross/Enter at Intersection,INATTENTIVE,ON ROADWAY AT CROSSWALK,OBEYED PED. SIGNAL,DARK CLOTHING,No,POSSIBLE INJURY,NONE,39.15557976,-77.20001914,"(39.15557976, -77.20001914)"
MCP3130001R,190039432,Montgomery County Police,Property Damage Crash,08/18/2019 12:00:00 PM,County,CONNECTICUT AVE,County,GRAND PRE RD,,N/A,BICYCLIST,STRAIGHT MOVEMENT ANGLE,CLEAR,DRY,DAYLIGHT,NO CONTROLS,NONE DETECTED,NONE DETECTED,C32A4CA5-DFC3-47DB-8D3A-4D7A18C37465,BICYCLIST,Walking/Riding w/Traffic,NO IMPROPER ACTIONS,OTHER,OTHER,LIGHT CLOTHING,No,NO APPARENT INJURY,MC/BIKE HELMET,39.08485833,-77.07600833,"(39.08485833, -77.07600833)"
MCP3007001L,170503359,Montgomery County Police,Injury Crash,04/21/2017 02:20:00 PM,Maryland (State),NEW HAMPSHIRE AVE,County,BONIFANT RD,,N/A,PEDESTRIAN,SINGLE VEHICLE,N/A,WET,DAYLIGHT,TRAFFIC SIGNAL,N/A,NONE DETECTED,0288B69A-4BC5-4447-9F0C-5CE2F33D1ACD,PEDESTRIAN,Cross/Enter at Intersection,NO IMPROPER ACTIONS,AT INTERSECTION MARKED CROSSWALK,OBEYED PED. SIGNAL,LIGHT CLOTHING,No,POSSIBLE INJURY,NONE,39.09600561,-77.00209558,"(39.09600561, -77.00209558)"
MCP1086000C,220053805,Montgomery County Police,Injury Crash,12/06/2022 07:42:00 AM,,,,,NORTHWOOD HIGH SCHOOL 919 UNIVERSITY BLVD W. PARKING LOT,,PEDESTRIAN,OTHER,FOGGY,,OTHER,N/A,NONE DETECTED,NONE DETECTED,17AE2D3F-80C4-4677-B7B0-02B77012A9F5,PEDESTRIAN,Walking to/from school,NO IMPROPER ACTIONS,ON ROADWAY AT CROSSWALK,N/A,MIXED CLOTHING,No,SUSPECTED MINOR INJURY,N/A,39.03556167,-77.02450667,"(39.03556167, -77.02450667)"
MCP2680002K,180038168,Montgomery County Police,Injury Crash,08/01/2018 04:05:00 PM,County,SILVER SPRING AVE,County,GROVE ST,,N/A,BICYCLIST,STRAIGHT MOVEMENT ANGLE,CLEAR,DRY,DAYLIGHT,STOP SIGN,NONE DETECTED,NONE DETECTED,6887EC85-73E6-4E9F-BD5B-D4F272C21742,BICYCLIST,Walking/Riding w/Traffic,NO IMPROPER ACTIONS,OTHER,N/A,MIXED CLOTHING,No,SUSPECTED MINOR INJURY,MC/BIKE HELMET,38.9916875,-77.02190638,"(38.9916875, -77.02190638)"
MCP2636000T,180033019,Montgomery County Police,Injury Crash,07/04/2018 06:09:00 PM,,,,,PARKING LOT OF TARGET LOCATED AT 12000 CHERRY HILL ROAD,,PEDESTRIAN,OTHER,N/A,,DAYLIGHT,N/A,NONE DETECTED,NONE DETECTED,D8952A20-5498-4FF0-9E2D-694ECB57E401,PEDESTRIAN,Standing,NO IMPROPER ACTIONS,CURB,N/A,N/A,No,SUSPECTED SERIOUS INJURY,NONE,39.05196838,-76.95608497,"(39.05196838, -76.95608497)"
MCP1182000J,15028164,Montgomery County Police,Injury Crash,06/10/2015 12:53:00 PM,County,HUNTINGTON PKWY,Maryland (State),OLD GEORGETOWN RD,,N/A,BICYCLIST,OTHER,CLEAR,DRY,DAYLIGHT,TRAFFIC SIGNAL,NONE DETECTED,NONE DETECTED,D764AD8E-1B2D-426C-8FD4-2DBD5A87BEBC,BICYCLIST,Cross/Enter at Intersection,NO IMPROPER ACTIONS,AT INTERSECTION MARKED CROSSWALK,OBEYED PED. SIGNAL,N/A,,SUSPECTED SERIOUS INJURY,NONE,39.00436333,-77.11007667,"(39.00436333, -77.11007667)"
DD5610006L,210023496,Rockville Police Departme,Injury Crash,06/19/2021 01:56:00 PM,Municipality,E JEFFERSON ST,Municipality,CONGRESSIONAL LA,,ROCKVILLE,PEDESTRIAN,SINGLE VEHICLE,CLEAR,DRY,DAYLIGHT,NO CONTROLS,N/A,N/A,0A0A8174-EA8F-4D00-9960-67BDEE601D05,PEDESTRIAN,Cross/Enter not at Intersection,IN ROADWAY IMPROPERLY,ON ROADWAY NOT AT CROSSWALK,OTHER,DARK CLOTHING,Unknown,POSSIBLE INJURY,N/A,39.06197993,-77.12909521,"(39.06197993, -77.12909521)"
MCP2789000L,15006131,Montgomery County Police,Injury Crash,02/06/2015 08:37:00 PM,County,WAYNE AVE,US (State),GEORGIA AVE,,N/A,PEDESTRIAN,SINGLE VEHICLE,CLEAR,N/A,DARK LIGHTS ON,OTHER,N/A,N/A,0CE570E8-FBFC-43A3-A21C-20CAD49E612E,PEDESTRIAN,Cross/Enter at Intersection,NO IMPROPER ACTIONS,AT INTERSECTION MARKED CROSSWALK,NO PED. SIGNAL,MIXED CLOTHING,,POSSIBLE INJURY,N/A,38.99484667,-77.02573167,"(38.99484667, -77.02573167)"