Report Number,Local Case Number,Agency Name,ACRS Report Type,Crash Date/Time,Route Type,Road Name,Cross-Street Type,Cross-Street Name,Off-Road Description,Municipality,Related Non-Motorist,Collision Type,Weather,Surface Condition,Light,Traffic Control,Driver Substance Abuse,Non-Motorist Substance Abuse,Person ID,Pedestrian Type,Pedestrian Movement,Pedestrian Actions,Pedestrian Location,Pedestrian Obeyed Traffic Signal,Pedestrian Visibility,At Fault,Injury Severity,Safety Equipment,Latitude,Longitude,Location
MCP2892004R,180019384,Montgomery County Police,Injury Crash,04/20/2018 05:18:00 PM,County,FOREST GLEN RD,County,DAMERON DR,,N/A,PEDESTRIAN,SINGLE VEHICLE,CLEAR,DRY,DAYLIGHT,TRAFFIC SIGNAL,NONE DETECTED,NONE DETECTED,9F259BC0-A3BD-43BE-805C-D1A06C87DC5A,PEDESTRIAN,Cross/Enter at Intersection,UNKNOWN,AT INTERSECTION MARKED CROSSWALK,OBEYED PED. SIGNAL,DARK CLOTHING,No,POSSIBLE INJURY,NONE,39.01592333,-77.03641667,"(39.01592333, -77.03641667)"
MCP2849001Q,15053479,MONTGOMERY,Injury Crash,10/21/2015 06:46:00 PM,County,SHERWOOD FOREST DR,County,NOTLEY RD,,N/A,PEDESTRIAN,SINGLE VEHICLE,CLEAR,DRY,DARK NO LIGHTS,NO CONTROLS,NONE DETECTED,ALCOHOL PRESENT,FB407500-B4BE-459A-AC3F-B28D16814925,PEDESTRIAN,Cross/Enter not at Intersection,IN ROADWAY IMPROPERLY,ON ROADWAY NOT AT CROSSWALK,N/A,DARK CLOTHING,Yes,SUSPECTED MINOR INJURY,N/A,39.08128833,-77.00841333,"(39.08128833, -77.00841333)"
MCP1491001J,190057831,Montgomery County Police,Injury Crash,12/01/2019 01:35:00 PM,,,,,DRIVEWAY ACCESS AT 16101 FREDERICK RD,,OTHER,OTHER,RAINING,,DAYLIGHT,N/A,NONE DETECTED,NONE DETECTED,1451841B-20DF-48D5-AC41-6BE9D3FADC64,OTHER,Other,OTHER,OTHER,N/A,MIXED CLOTHING,Yes,SUSPECTED MINOR INJURY,N/A,39.12232706,-77.172312,"(39.12232706, -77.172312)"
MCP31120020,190015524,Montgomery County Police,Injury Crash,04/03/2019 08:00:00 PM,Maryland (State),WISCONSIN AVE,County,WOODMONT AVE,,N/A,PEDESTRIAN,OTHER,CLEAR,DRY,DARK LIGHTS ON,TRAFFIC SIGNAL,NONE DETECTED,NONE DETECTED,2D6FCF2F-385D-4ECC-89D3-5691D091407B,PEDESTRIAN,Cross/Enter at Intersection,NO IMPROPER ACTIONS,AT INTERSECTION MARKED CROSSWALK,OBEYED PED. SIGNAL,MIXED CLOTHING,No,SUSPECTED SERIOUS INJURY,N/A,38.98028117,-77.09220217,"(38.98028117, -77.09220217)"
MCP2348002M,170511431,Montgomery County Police,Injury Crash,06/02/2017 08:22:00 PM,County,AMHERST AVE,County,BLUERIDGE AVE,,N/A,PEDESTRIAN,SINGLE VEHICLE,CLEAR,DRY,DAYLIGHT,N/A,NONE DETECTED,NONE DETECTED,82F8860B-BBDF-4F28-8136-63B84C08B567,PEDESTRIAN,Cross/Enter at Intersection,NO IMPROPER ACTIONS,ON ROADWAY AT CROSSWALK,NO PED. SIGNAL,MIXED CLOTHING,No,SUSPECTED MINOR INJURY,N/A,39.04333616,-77.0478715,"(39.04333616, -77.0478715)"
MCP29870077,220035994,Montgomery County Police,Injury Crash,08/20/2022 04:30:00 PM,,,,,PARKING LOT OF 14000 CASTLE BLVD,,BICYCLIST,STRAIGHT MOVEMENT ANGLE,CLEAR,,DAYLIGHT,NO CONTROLS,UNKNOWN,NONE DETECTED,09B86FA9-EC3C-4C61-9DFB-2B38268F7B1D,BICYCLIST,Walking/Riding w/Traffic,NO IMPROPER ACTIONS,ON ROADWAY NOT AT CROSSWALK,NO PED. SIGNAL,MIXED CLOTHING,No,SUSPECTED MINOR INJURY,NONE,39.085457,-76.9404153,"(39.085457, -76.9404153)"
MCP2796002C,15056537,MONTGOMERY,Injury Crash,11/06/2015 11:15:00 AM,,,,,"Parking lot in front of entrance to Best Buy located at 10901 Georgia Avenue, Silver Spring",,PEDESTRIAN,SINGLE VEHICLE,CLEAR,,DAYLIGHT,N/A,UNKNOWN,NONE DETECTED,83ABAFF8-23B0-45CC-819C-6D05504C3CE6,PEDESTRIAN,Other,NO IMPROPER ACTIONS,OTHER,N/A,MIXED CLOTHING,No,SUSPECTED MINOR INJURY,N/A,39.03438333,-77.04835667,"(39.03438333, -77.04835667)"
MCP209400JH,220012302,Montgomery County Police,Injury Crash,03/22/2022 09:20:00 AM,County,FALLS RD,County,OAKLYN DR,,N/A,"OTHER, PEDESTRIAN",SAME DIR REAR END,CLEAR,DRY,DAYLIGHT,NO CONTROLS,NONE DETECTED,NONE DETECTED,F344969C-0DF3-419F-BB5C-BF88E82B5986,PEDESTRIAN,Other Working,OTHER,ON ROADWAY NOT AT CROSSWALK,N/A,REFLECTIVE MATERIAL,No,SUSPECTED SERIOUS INJURY,REFLECTIVE CLOTHING,39.010215,-77.219505,"(39.010215, -77.219505)"
MCP229800LQ,180058089,Montgomery County Police,Injury Crash,11/19/2018 06:44:00 PM,County,SHAKESPEARE BLVD,Maryland (State),FREDERICK RD,,N/A,BICYCLIST,HEAD ON LEFT TURN,CLEAR,DRY,DARK LIGHTS ON,TRAFFIC SIGNAL,NONE DETECTED,NONE DETECTED,A06F47B0-DCAF-4EDF-91B3-7DB285D1982F,BICYCLIST,Walking/Riding w/Traffic,FAILURE TO YIELD RIGHT OF WAY,OTHER,N/A,LIGHT CLOTHING,Yes,POSSIBLE INJURY,MC/BIKE HELMET,39.19835709,-77.24493044,"(39.19835709, -77.24493044)"
MCP137800FN,17000607,Montgomery County Police,Injury Crash,01/04/2017 03:25:00 PM,Maryland (State),S FREDERICK RD,Municipality,EDUCATION BLVD,,GAITHERSBURG,PEDESTRIAN,SINGLE VEHICLE,CLEAR,DRY,DAYLIGHT,TRAFFIC SIGNAL,NONE DETECTED,NONE DETECTED,2B8854C6-4316-4023-8643-987F31F37753,PEDESTRIAN,Cross/Enter at Intersection,NO IMPROPER ACTIONS,ON ROADWAY AT CROSSWALK,OBEYED PED. SIGNAL,LIGHT CLOTHING,No,SUSPECTED MINOR INJURY,N/A,39.135705,-77.19216167,"(39.135705, -77.19216167)"
MCP21980030,170529933,Montgomery County Police,Injury Crash,09/11/2017 04:38:00 PM,County,SUMMIT AVE,County,CABLE DR,,N/A,PEDESTRIAN,SINGLE VEHICLE,CLOUDY,DRY,DAYLIGHT,N/A,N/A,N/A,914CA00E-7D3D-440E-A31E-BD325DFDD385,PEDESTRIAN,Walking to/from school,DART DASH,ON ROADWAY NOT AT CROSSWALK,OTHER,DARK CLOTHING,Yes,SUSPECTED MINOR INJURY,N/A,39.12612667,-77.18322167,"(39.12612667, -77.18322167)"
MCP2395001R,200046482,Montgomery County Police,Injury Crash,11/24/2020 08:36:00 PM,County,WHITES FERRY RD,County,WASCHE RD,,N/A,OTHER,SINGLE VEHICLE,CLOUDY,DRY,DARK NO LIGHTS,NO CONTROLS,ALCOHOL CONTRIBUTED,N/A,9CEE7789-68B5-4B48-A256-4A94061C6703,OTHER,N/A,N/A,N/A,N/A,N/A,No,NO APPARENT INJURY,N/A,39.153692,-77.44087883,"(39.153692, -77.44087883)"
MCP30040014,17007352,Montgomery County Police,Injury Crash,02/10/2017 03:20:00 PM,,,,,"11325 SEVEN LOCKS RD POTOMAC, MD 20854, CABIN JOHN SHOPPING CENTER REAR PARKING LOT BEHIND GIANT",,PEDESTRIAN,OTHER,CLEAR,,DAYLIGHT,N/A,UNKNOWN,N/A,3168BDBD-0193-49E7-9FEC-70EEA6A905C5,PEDESTRIAN,Approach/Leaving Schoolbus,N/A,OTHER,N/A,MIXED CLOTHING,No,SUSPECTED MINOR INJURY,N/A,39.04146439,-77.15633333,"(39.04146439, -77.15633333)"
MCP29920030,200036769,Montgomery County Police,Injury Crash,09/19/2020 04:45:00 PM,County,BEL PRE RD,Unknown,ENT TO APARTMENTS,,N/A,BICYCLIST,OTHER,CLEAR,DRY,DAYLIGHT,NO CONTROLS,N/A,N/A,885F94EE-1F46-49A9-B52E-FFA9711F97D6,BICYCLIST,Walking/Cycling on Sidewalk,NO IMPROPER ACTIONS,ON ROADWAY AT CROSSWALK,N/A,MIXED CLOTHING,No,SUSPECTED MINOR INJURY,MC/BIKE HELMET,39.09117667,-77.066665,"(39.09117667, -77.066665)"
MCP23580025,16042259,Montgomery County Police,Injury Crash,08/20/2016 07:10:00 AM,County,DEMOCRACY BLVD,Ramp,RAMP 2 FR DEMOCRACY BLVD TO IS 270Y NB,,N/A,BICYCLIST,OTHER,CLEAR,DRY,DAYLIGHT,N/A,NONE DETECTED,NONE DETECTED,C25F76CE-397F-4B74-AE45-739FB95C24AB,BICYCLIST,Walking/Riding w/Traffic,NO IMPROPER ACTIONS,OTHER,N/A,UNKNOWN,No,SUSPECTED SERIOUS INJURY,UNKNOWN,38.99748,-77.10974,"(38.99748, -77.10974)"
MCP12210020,16007046,Montgomery County Police,Injury Crash,02/11/2016 07:52:00 AM,County,N SUMMIT AVE,Municipality,PARK AVE,,GAITHERSBURG,PEDESTRIAN,SINGLE VEHICLE,CLEAR,DRY,DAYLIGHT,STOP SIGN,NONE DETECTED,NONE DETECTED,362D9FC4-66E0-400D-B969-68BE861B6655,PEDESTRIAN,Cross/Enter at Intersection,NO IMPROPER ACTIONS,ON ROADWAY AT CROSSWALK,NO PED. SIGNAL,MIXED CLOTHING,No,SUSPECTED MINOR INJURY,NONE,39.14581167,-77.192245,"(39.14581167, -77.192245)"
MCP1378005P,15017307,Montgomery County Police,Injury Crash,04/14/2015 01:36:00 PM,County,SHADY GROVE RD,Ramp,RAMP 1 FR IS 270 NB TO SHADY GROVE RD WB,,N/A,OTHER,SAME DIR REAR END,RAINING,WET,DAYLIGHT,TRAFFIC SIGNAL,NONE DETECTED,NONE DETECTED,0B3B09AE-3B20-41A9-904A-ABDDEED84412,OTHER,Standing,DISABLED VEHICLE RELATED,ON ROADWAY NOT AT CROSSWALK,N/A,N/A,,SUSPECTED SERIOUS INJURY,N/A,39.11166,-77.18718,"(39.11166, -77.18718)"
MCP32870016,210022932,Montgomery County Police,Injury Crash,06/15/2021 08:58:00 PM,,,,,PARKING LOT OF 12029 GEORGIA AVE,,PEDESTRIAN,SINGLE VEHICLE,CLEAR,,DARK LIGHTS ON,N/A,N/A,N/A,D652DBDD-1B5E-4734-BFF4-8E9E84CD7B5D,PEDESTRIAN,Other,NOT VISIBLE,MEDIAN,N/A,MIXED CLOTHING,Yes,SUSPECTED MINOR INJURY,N/A,39.05546558,-77.04942146,"(39.05546558, -77.04942146)"
MCP2785001C,16018657,Montgomery County Police,Injury Crash,04/16/2016 12:18:00 PM,,,,,"PARKING LOT OF MCDONALD'S LOCATED AT 13800 OUTLET DR, SILVER SPRING MD 20904",,PEDESTRIAN,OTHER,CLEAR,,DAYLIGHT,N/A,N/A,N/A,4C672B2E-8711-4A9B-A93D-36889B6DB91D,PEDESTRIAN,Other,INATTENTIVE,OTHER,N/A,MIXED CLOTHING,Unknown,POSSIBLE INJURY,NONE,39.045425,-76.99073667,"(39.045425, -76.99073667)"
DD5595005D,170549956,Rockville Police Departme,Injury Crash,12/21/2017 03:00:00 PM,Municipality,N WASHINGTON ST,Municipality,DAWSON AVE,,ROCKVILLE,"OTHER, PEDESTRIAN",SINGLE VEHICLE,CLEAR,DRY,DAYLIGHT,TRAFFIC SIGNAL,NONE DETECTED,N/A,20EA0515-1E47-4934-884F-AA636B10283B,OTHER,Cross/Enter at Intersection,OTHER,AT INTERSECTION MARKED CROSSWALK,OBEYED PED. SIGNAL,N/A,No,NO APPARENT INJURY,N/A,39.08864917,-77.15325567,"(39.08864917, -77.15325567)"
MCP94040034,210016740,Montgomery County Police,Injury Crash,05/04/2021 02:41:00 PM,Maryland (State),FREDERICK RD,County,S WESTLAND DR,,N/A,PEDESTRIAN,OTHER,CLEAR,DRY,DAYLIGHT,TRAFFIC SIGNAL,NONE DETECTED,NONE DETECTED,CB0EAAF2-0D45-4F64-895A-A46FB46776AF,PEDESTRIAN,Cross/Enter at Intersection,UNKNOWN,AT INTERSECTION MARKED CROSSWALK,UNKNOWN,LIGHT CLOTHING,Unknown,SUSPECTED MINOR INJURY,NONE,39.12590716,-77.18300281,"(39.12590716, -77.18300281)"
MCP2094004W,15021686,Montgomery County Police,Injury Crash,05/07/2015 10:20:00 AM,,,,,"PARKING LOT OF
 11820 PARKLAWN DR",,OTHER,SINGLE VEHICLE,CLEAR,,DAYLIGHT,N/A,NONE DETECTED,NONE DETECTED,FC0D5857-6BE3-4D08-9B8E-7D839395D0FB,OTHER,N/A,OTHER,INSIDE BUILDING,N/A,N/A,,POSSIBLE INJURY,N/A,39.27647167,-77.21262167,"(39.27647167, -77.21262167)"
MCP29860030,190021210,Montgomery County Police,Injury Crash,05/05/2019 10:34:00 PM,US (State),COLESVILLE RD,Maryland (State),UNIVERSITY BLVD E,,N/A,PEDESTRIAN,SINGLE VEHICLE,CLEAR,DRY,DARK LIGHTS ON,TRAFFIC SIGNAL,NONE DETECTED,NONE DETECTED,A8C85898-390F-435B-A15F-B8E9A6CF0995,PEDESTRIAN,Cross/Enter at Intersection,DART DASH,AT INTERSECTION MARKED CROSSWALK,DISOBEYED PED. SIGNAL,DARK CLOTHING,Yes,SUSPECTED MINOR INJURY,N/A,39.020502,-77.01264583,"(39.020502, -77.01264583)"
MCP2358007K,200026724,Montgomery County Police,Property Damage Crash,07/09/2020 08:30:00 PM,Maryland (State),MASSACHUSETTS AVE,County,CROMWELL DR,,N/A,BICYCLIST,STRAIGHT MOVEMENT ANGLE,CLEAR,DRY,DARK NO LIGHTS,TRAFFIC SIGNAL,UNKNOWN,NONE DETECTED,AE2D784A-6BB5-46B9-B39B-94DC527C13CB,BICYCLIST,Cross/Enter at Intersection,FAILURE TO OBEY TRAFFIC SIGNS SIGNALS OR OFFICER,OTHER,DISOBEYED PED. SIGNAL,UNKNOWN,Unknown,NO APPARENT INJURY,UNKNOWN,38.96098,-77.1162,"(38.96098, -77.1162)"
MCP2082000K,15050540,MONTGOMERY,Injury Crash,10/24/2015 05:31:00 AM,Maryland (State),GEORGIA AVE,County,DENNIS AVE,,N/A,PEDESTRIAN,SINGLE VEHICLE,CLEAR,DRY,DARK -- UNKNOWN LIGHTING,FLASHING TRAFFIC SIGNAL,NONE DETECTED,NONE DETECTED,1A570F3F-0029-4907-A5BA-FD1AD4758B92,PEDESTRIAN,Cross/Enter at Intersection,UNKNOWN,N/A,UNKNOWN,MIXED CLOTHING,Unknown,POSSIBLE INJURY,N/A,39.02520174,-77.04608917,"(39.02520174, -77.04608917)"
MCP20430017,180005960,Montgomery County Police,Injury Crash,02/03/2018 11:34:00 PM,County,SHADY GROVE RD,Maryland (State),FREDERICK RD,,N/A,PEDESTRIAN,OTHER,CLOUDY,DRY,DARK LIGHTS ON,TRAFFIC SIGNAL,UNKNOWN,ALCOHOL CONTRIBUTED,FD84F367-82AD-4B10-9448-F20CE56572FA,PEDESTRIAN,Cross/Enter at Intersection,FAILURE TO OBEY TRAFFIC SIGNS SIGNALS OR OFFICER,ON ROADWAY AT CROSSWALK,DISOBEYED PED. SIGNAL,DARK CLOTHING,Yes,SUSPECTED MINOR INJURY,NONE,39.12214167,-77.17762833,"(39.12214167, -77.17762833)"
MCP29860029,180005611,Montgomery County Police,Injury Crash,02/01/2018 09:41:00 PM,Maryland (State),NEW HAMPSHIRE AVE,County,ADELPHI RD,,N/A,BICYCLIST,SINGLE VEHICLE,RAINING,WET,DARK LIGHTS ON,TRAFFIC SIGNAL,UNKNOWN,NONE DETECTED,C2497D17-7716-4475-A38E-22A9ACE67013,BICYCLIST,Cross/Enter at Intersection,NO IMPROPER ACTIONS,ON ROADWAY AT CROSSWALK,OBEYED PED. SIGNAL,MIXED CLOTHING,No,SUSPECTED MINOR INJURY,NONE,39.01122333,-76.978115,"(39.01122333, -76.978115)"
MCP23720007,180007020,Montgomery County Police,Injury Crash,02/10/2018 07:59:00 AM,County,MACARTHUR BLVD,County,79TH ST,,N/A,BICYCLIST,SAME DIRECTION SIDESWIPE,CLOUDY,DRY,DAYLIGHT,N/A,UNKNOWN,NONE DETECTED,9164AABF-FF04-4F27-BB16-1ED47FE64EE2,BICYCLIST,Walking/Riding w/Traffic,NO IMPROPER ACTIONS,ON ROADWAY NOT AT CROSSWALK,NO PED. SIGNAL,DARK CLOTHING,No,SUSPECTED MINOR INJURY,MC/BIKE HELMET,38.97479,-77.16275,"(38.97479, -77.16275)"
MCP3005000F,16005979,Montgomery County Police,Injury Crash,02/05/2016 09:07:00 AM,County,VANDALIA DR,County,JOPLIN DR,,N/A,PEDESTRIAN,SINGLE VEHICLE,N/A,N/A,DAYLIGHT,NO CONTROLS,NONE DETECTED,NONE DETECTED,517141D6-01F1-488B-A4E2-62DEC2DD6E28,PEDESTRIAN,Approach/Leaving Schoolbus,DART DASH,ON ROADWAY NOT AT CROSSWALK,NO PED. SIGNAL,LIGHT CLOTHING,Yes,POSSIBLE INJURY,N/A,39.07634702,-77.08463386,"(39.07634702, -77.08463386)"
EJ7869000M,170537256,Gaithersburg Police Depar,Injury Crash,10/17/2017 08:50:00 PM,Maryland (State),MONTGOMERY VILLAGE AVE,Municipality,RUSSELL AVE,,GAITHERSBURG,PEDESTRIAN,OTHER,N/A,DRY,DARK LIGHTS ON,NO CONTROLS,UNKNOWN,ILLEGAL DRUG PRESENT,185022BE-6CCE-4D1B-B0E1-911B24B69540,PEDESTRIAN,Walking/Riding w/Traffic,IN ROADWAY IMPROPERLY,ON ROADWAY NOT AT CROSSWALK,NO PED. SIGNAL,UNKNOWN,Yes,SUSPECTED SERIOUS INJURY,NONE,39.15514766,-77.20848151,"(39.15514766, -77.20848151)"
MCP26830053,210000271,Montgomery County Police,Injury Crash,01/03/2021 03:08:00 PM,County,ODENDHAL AVE,County,LOST KNIFE RD,,N/A,PEDESTRIAN,OTHER,RAINING,WET,DAYLIGHT,TRAFFIC SIGNAL,NONE DETECTED,NONE DETECTED,53B8B3A0-6BF9-4E86-BD75-EBFB60BC0207,PEDESTRIAN,Cross/Enter at Intersection,NO IMPROPER ACTIONS,AT INTERSECTION MARKED CROSSWALK,OBEYED PED. SIGNAL,MIXED CLOTHING,No,POSSIBLE INJURY,NONE,39.15242833,-77.19883,"(39.15242833, -77.19883)"
MCP32790011,220004942,Montgomery County Police,Injury Crash,02/04/2022 10:43:00 PM,County,RANDOLPH RD,County,BENNION RD,,N/A,PEDESTRIAN,HEAD ON,CLEAR,DRY,DARK NO LIGHTS,N/A,NONE DETECTED,NONE DETECTED,4924D8BA-ACDF-4FCB-81B7-0D43672955CE,PEDESTRIAN,Getting off/on Vehicle,IN ROADWAY IMPROPERLY,ON ROADWAY NOT AT CROSSWALK,N/A,LIGHT CLOTHING,Yes,SUSPECTED SERIOUS INJURY,N/A,39.05491713,-77.08482227,"(39.05491713, -77.08482227)"
MCP3254002P,230004207,Montgomery County Police,Injury Crash,01/26/2023 07:18:00 AM,County,WISTERIA DR,Unknown,PARTRIDGE WOOD DR,,N/A,PEDESTRIAN,SINGLE VEHICLE,CLEAR,WET,DAYLIGHT,SCHOOL ZONE SIGN DEVICE,NONE DETECTED,NONE DETECTED,62482EE4-54A1-4185-BD89-04F8D6F1AB1D,PEDESTRIAN,Cross/Enter at Intersection,NO IMPROPER ACTIONS,ON ROADWAY AT CROSSWALK,OTHER,MIXED CLOTHING,No,SUSPECTED MINOR INJURY,NONE,39.16670087,-77.25934287,"(39.16670087, -77.25934287)"
MCP2917009M,220023874,Montgomery County Police,Fatal Crash,06/03/2022 10:00:00 PM,County,GRIDLEY RD,County,SELFRIDGE RD,,N/A,PEDESTRIAN,OTHER,CLEAR,DRY,DARK NO LIGHTS,STOP SIGN,NONE DETECTED,NONE DETECTED,42E9B725-3301-48D4-95F0-6B68D744E3B6,PEDESTRIAN,Cross/Enter at Intersection,NO IMPROPER ACTIONS,ON ROADWAY AT CROSSWALK,NO PED. SIGNAL,DARK CLOTHING,No,FATAL INJURY,NONE,39.05656167,-77.08530333,"(39.05656167, -77.08530333)"
MCP2789001J,15049793,MONTGOMERY,Injury Crash,10/01/2015 04:12:00 PM,County,PATTON DR,County,MILES ST,,N/A,PEDESTRIAN,SINGLE VEHICLE,RAINING,WET,DAYLIGHT,NO CONTROLS,N/A,N/A,0971972B-D3AA-4FD3-B5E9-66EC27A8FA6C,PEDESTRIAN,Walking/Riding w/Traffic,NO IMPROPER ACTIONS,OTHER,N/A,LIGHT CLOTHING,No,SUSPECTED MINOR INJURY,N/A,39.00267333,-76.995375,"(39.00267333, -76.995375)"
MCP2799001V,15062918,Montgomery County Police,Property Damage Crash,12/09/2016 04:56:00 PM,County,SPARTAN RD,Maryland (State),OLNEY SANDY SPRING RD,,N/A,PEDESTRIAN,STRAIGHT MOVEMENT ANGLE,CLEAR,DRY,DAWN,TRAFFIC SIGNAL,NONE DETECTED,NONE DETECTED,F3AAD46E-60E8-43D8-99FC-5F944AB7C484,PEDESTRIAN,Playing,IN ROADWAY IMPROPERLY,ON ROADWAY NOT AT CROSSWALK,DISOBEYED PED. SIGNAL,MIXED CLOTHING,Yes,NO APPARENT INJURY,NONE,39.15065028,-77.06218779,"(39.15065028, -77.06218779)"
MCP2864001H,15065163,MONTGOMERY,Injury Crash,12/20/2015 07:34:00 PM,Maryland (State),ROCKVILLE PIKE,Municipality,HALPINE RD,,ROCKVILLE,PEDESTRIAN,OTHER,CLEAR,DRY,DARK LIGHTS ON,TRAFFIC SIGNAL,NONE DETECTED,NONE DETECTED,BF054CA2-1D26-4BCB-9979-5E6267597CA0,PEDESTRIAN,Cross/Enter at Intersection,NO IMPROPER ACTIONS,ON ROADWAY AT CROSSWALK,OBEYED PED. SIGNAL,MIXED CLOTHING,No,SUSPECTED MINOR INJURY,NONE,39.06229667,-77.1241,"(39.06229667, -77.1241)"
MCP2039004Q,180060959,Montgomery County Police,Injury Crash,12/06/2018 09:10:00 AM,County,MAGELLAN AVE,County,IRIS ST,,N/A,PEDESTRIAN,STRAIGHT MOVEMENT ANGLE,CLOUDY,DRY,DAYLIGHT,NO CONTROLS,N/A,N/A,B21C6AC3-9595-46CC-B83F-30757FA93CD4,PEDESTRIAN,Cross/Enter not at Intersection,DART DASH,ON ROADWAY NOT AT CROSSWALK,NO PED. SIGNAL,LIGHT CLOTHING,Yes,POSSIBLE INJURY,N/A,39.074915,-77.092645,"(39.074915, -77.092645)"
DD5653000T,220002694,Rockville Police Departme,Injury Crash,01/21/2022 03:31:00 PM,Municipality,WOOTTON PKWY,Municipality,GREENPLACE TERR,,ROCKVILLE,PEDESTRIAN,SINGLE VEHICLE,CLOUDY,DRY,DAYLIGHT,TRAFFIC SIGNAL,N/A,NONE DETECTED,62EB08C2-AF52-4A35-BDA7-424B5A6A73AD,PEDESTRIAN,Walking/Cycling on Sidewalk,NO IMPROPER ACTIONS,SIDEWALK,OBEYED PED. SIGNAL,N/A,Unknown,SUSPECTED MINOR INJURY,N/A,39.07451865,-77.18219412,"(39.07451865, -77.18219412)"
MCP3121004P,220007039,Montgomery County Police,Injury Crash,02/17/2022 06:50:00 PM,County,SNOUFFERS SCHOOL RD,Maryland (State),WOODFIELD RD,,N/A,PEDESTRIAN,SINGLE VEHICLE,CLEAR,DRY,DARK LIGHTS ON,N/A,NONE DETECTED,NONE DETECTED,E066EFA5-B1EC-4E19-B11A-1260319C4434,PEDESTRIAN,Other,NO IMPROPER ACTIONS,ON ROADWAY AT CROSSWALK,NO PED. SIGNAL,MIXED CLOTHING,No,SUSPECTED MINOR INJURY,NONE,39.16073083,-77.1630515,"(39.16073083, -77.1630515)"
MCP2708003N,180041484,Montgomery County Police,Injury Crash,08/20/2018 08:41:00 PM,Maryland (State),NEW HAMPSHIRE AVE,County,POWDER MILL RD,,N/A,PEDESTRIAN,STRAIGHT MOVEMENT ANGLE,CLEAR,DRY,DARK LIGHTS ON,TRAFFIC SIGNAL,NONE DETECTED,UNKNOWN,9446DC28-CC34-4E46-A636-D2A1970F61DE,PEDESTRIAN,Cross/Enter at Intersection,IN ROADWAY IMPROPERLY,ON ROADWAY AT CROSSWALK,DISOBEYED PED. SIGNAL,MIXED CLOTHING,Yes,POSSIBLE INJURY,NONE,39.02223164,-76.97753594,"(39.02223164, -76.97753594)"
MCP2637002W,180059668,Montgomery County Police,Injury Crash,11/29/2018 10:46:00 AM,County,GLEN RD,County,THREE SISTERS RD,,N/A,BICYCLIST,OTHER,CLEAR,DRY,DAYLIGHT,NO CONTROLS,N/A,NONE DETECTED,61360C87-1F16-4459-9CB9-74D57F9203A2,BICYCLIST,Walking/Riding w/Traffic,OTHER,OTHER,N/A,LIGHT CLOTHING,No,POSSIBLE INJURY,MC/BIKE HELMET,39.06331013,-77.25126765,"(39.06331013, -77.25126765)"
MCP1309001K,180022062,Montgomery County Police,Injury Crash,05/05/2018 09:18:00 AM,County,STRINGTOWN RD,County,KINGSLEY RD,,N/A,PEDESTRIAN,OTHER,CLOUDY,DRY,DAYLIGHT,NO CONTROLS,UNKNOWN,NONE DETECTED,5F53FA2F-36B1-480B-9E74-51E40AEF773E,PEDESTRIAN,Walking/Riding w/Traffic,NO IMPROPER ACTIONS,SHOULDER,NO PED. SIGNAL,LIGHT CLOTHING,No,SUSPECTED SERIOUS INJURY,NONE,39.25179656,-77.25371361,"(39.25179656, -77.25371361)"
MCP2799003L,180003872,Montgomery County Police,Injury Crash,01/23/2018 04:00:00 PM,Maryland (State),NEW HAMPSHIRE AVE,County,NORWOOD RD,,N/A,BICYCLIST,SAME DIRECTION RIGHT TURN,CLEAR,DRY,DAYLIGHT,NO CONTROLS,UNKNOWN,NONE DETECTED,64C25598-4B73-4B4D-8224-1AC390D7DDC9,BICYCLIST,Walking/Riding w/Traffic,N/A,IN BIKEWAY,N/A,MIXED CLOTHING,No,SUSPECTED MINOR INJURY,MC/BIKE HELMET,39.10604167,-77.001445,"(39.10604167, -77.001445)"
MCP2425004W,15017200,Montgomery County Police,Injury Crash,04/14/2015 06:40:00 AM,Maryland (State),GEORGIA AVE,Maryland (State),FOREST GLEN RD,,N/A,PEDESTRIAN,OTHER,RAINING,WET,DARK LIGHTS ON,TRAFFIC SIGNAL,NONE DETECTED,NONE DETECTED,2AC6DAB7-BB51-4779-8960-809AACB56A80,PEDESTRIAN,Cross/Enter at Intersection,DART DASH,ON ROADWAY AT CROSSWALK,UNKNOWN,MIXED CLOTHING,,SUSPECTED MINOR INJURY,NONE,39.01564833,-77.04175,"(39.01564833, -77.04175)"
MCP31210051,220050528,Montgomery County Police,Injury Crash,11/15/2022 05:44:00 PM,County,ARROWHEAD RD,County,ROTHBURY DR,,N/A,PEDESTRIAN,SINGLE VEHICLE,RAINING,WET,DARK NO LIGHTS,STOP SIGN,NONE DETECTED,NONE DETECTED,B4CFEFFF-B542-43AB-A085-48B53F67ED06,PEDESTRIAN,Cross/Enter at Intersection,NO IMPROPER ACTIONS,AT INTERSECTION MARKED CROSSWALK,NO PED. SIGNAL,DARK CLOTHING,No,POSSIBLE INJURY,NONE,39.18521736,-77.19379783,"(39.18521736, -77.19379783)"