Report Number,Local Case Number,Agency Name,ACRS Report Type,Crash Date/Time,Route Type,Road Name,Cross-Street Type,Cross-Street Name,Off-Road Description,Municipality,Related Non-Motorist,Collision Type,Weather,Surface Condition,Light,Traffic Control,Driver Substance Abuse,Non-Motorist Substance Abuse,Person ID,Pedestrian Type,Pedestrian Movement,Pedestrian Actions,Pedestrian Location,Pedestrian Obeyed Traffic Signal,Pedestrian Visibility,At Fault,Injury Severity,Safety Equipment,Latitude,Longitude,Location
MCP1389002J,190049063,Montgomery County Police,Injury Crash,10/12/2019 04:30:00 PM,County,LOST KNIFE RD,Other Public Roadway,ODENDHAL AVE,,N/A,OTHER CONVEYANCE,STRAIGHT MOVEMENT ANGLE,CLEAR,DRY,DAYLIGHT,OTHER,NONE DETECTED,NONE DETECTED,14B5B731-26B4-4E57-800C-50E3D84E4131,OTHER CONVEYANCE,Other,NO IMPROPER ACTIONS,MIDBLOCK MARKED CROSSWALK,N/A,DARK CLOTHING,No,SUSPECTED SERIOUS INJURY,N/A,39.15281153,-77.1985404,"(39.15281153, -77.1985404)"
MCP2904006N,190001980,Montgomery County Police,Injury Crash,01/12/2019 08:45:00 PM,Maryland (State),PINEY BRANCH RD,Maryland (State),FLOWER AVE,,N/A,PEDESTRIAN,OTHER,SNOW,SNOW,DARK LIGHTS ON,TRAFFIC SIGNAL,NONE DETECTED,NONE DETECTED,5BE81C4F-6A19-4D80-978B-59FFA0B8A55A,PEDESTRIAN,Cross/Enter at Intersection,UNKNOWN,ON ROADWAY AT CROSSWALK,UNKNOWN,DARK CLOTHING,Unknown,POSSIBLE INJURY,NONE,38.99881333,-77.00368,"(38.99881333, -77.00368)"
MCP31240059,220011029,Montgomery County Police,Injury Crash,03/14/2022 06:50:00 AM,Maryland (State),CONNECTICUT AVE,County,DENFELD AVE,,N/A,PEDESTRIAN,OTHER,UNKNOWN,UNKNOWN,UNKNOWN,TRAFFIC SIGNAL,UNKNOWN,UNKNOWN,67FA9191-6885-4E7F-AEEC-FA2F850AE28B,PEDESTRIAN,Cross/Enter at Intersection,NO IMPROPER ACTIONS,ON ROADWAY AT CROSSWALK,OBEYED PED. SIGNAL,REFLECTIVE MATERIAL,No,POSSIBLE INJURY,N/A,39.03879422,-77.0755839,"(39.03879422, -77.0755839)"
MCP29950055,190047077,Montgomery County Police,Injury Crash,10/02/2019 04:35:00 PM,,,,,"PARKING LOT OF 4101 RANDOLPH RD. SILVER SPRING, MD 20906. (SHELL GAS STATION)",,PEDESTRIAN,N/A,CLEAR,,DAYLIGHT,NO CONTROLS,NONE DETECTED,NONE DETECTED,3ACB19FD-9E19-4DE0-9820-391345037DA0,PEDESTRIAN,Standing,OTHER,OTHER,N/A,DARK CLOTHING,No,POSSIBLE INJURY,N/A,39.09205,-77.06954167,"(39.09205, -77.06954167)"
MCP3038005R,220014558,Montgomery County Police,Property Damage Crash,04/05/2022 08:18:00 PM,US (State),GEORGIA AVE,County,THAYER AVE,,N/A,BICYCLIST,OTHER,RAINING,WET,DARK LIGHTS ON,TRAFFIC SIGNAL,NONE DETECTED,NONE DETECTED,65168208-9834-4331-A4F6-BC73683D2D1A,BICYCLIST,Cross/Enter at Intersection,FAILURE TO YIELD RIGHT OF WAY,AT INTERSECTION BUT NO CROSSWALK,OTHER,MIXED CLOTHING,Yes,NO APPARENT INJURY,NONE,38.99290105,-77.02658158,"(38.99290105, -77.02658158)"
MCP2492000M,16027601,Montgomery County Police,Fatal Crash,06/02/2016 02:34:00 PM,Maryland (State),S FREDERICK RD,Municipality,CEDAR AVE,,GAITHERSBURG,BICYCLIST,OTHER,CLEAR,DRY,DAYLIGHT,N/A,NONE DETECTED,NONE DETECTED,3F1F9428-760A-415F-8919-D5DCFF5B63A2,BICYCLIST,Other,OTHER,ON ROADWAY NOT AT CROSSWALK,NO PED. SIGNAL,LIGHT CLOTHING,Unknown,FATAL INJURY,NONE,39.13928333,-77.196055,"(39.13928333, -77.196055)"
EJ78550009,15021600,Gaithersburg Police Depar,Injury Crash,05/06/2015 06:40:00 PM,Municipality,N SUMMIT AVE,Municipality,BROOKS AVE,,GAITHERSBURG,PEDESTRIAN,SINGLE VEHICLE,CLEAR,DRY,DAYLIGHT,NO CONTROLS,NONE DETECTED,NONE DETECTED,628190DF-823F-48F7-AE5B-EE1E1D6B4124,PEDESTRIAN,Walking/Riding against Traffic,DART DASH,ON ROADWAY NOT AT CROSSWALK,NO PED. SIGNAL,DARK CLOTHING,,SUSPECTED MINOR INJURY,NONE,39.14326269,-77.19311178,"(39.14326269, -77.19311178)"
MCP30550038,210046054,Montgomery County Police,Injury Crash,11/13/2021 01:59:00 PM,Maryland (State),GEORGIA AVE,County,BEL PRE RD,,N/A,BICYCLIST,OTHER,CLEAR,DRY,DAYLIGHT,TRAFFIC SIGNAL,N/A,N/A,A87EE2EE-D1F7-488B-8B6C-88F69953C719,BICYCLIST,Cross/Enter at Intersection,DART DASH,ON ROADWAY NOT AT CROSSWALK,DISOBEYED PED. SIGNAL,LIGHT CLOTHING,Yes,SUSPECTED MINOR INJURY,NONE,39.092965,-77.07975833,"(39.092965, -77.07975833)"
MCP1015001L,180035148,Montgomery County Police,Injury Crash,07/16/2018 12:50:00 PM,,,,,DRIVEWAY 6516 DAMASCUS ROAD,,PEDESTRIAN,OTHER,CLEAR,,DAYLIGHT,N/A,NONE DETECTED,NONE DETECTED,B12389A5-29DB-4DE7-88F6-A880D27B8066,PEDESTRIAN,Other,DART DASH,OTHER,N/A,LIGHT CLOTHING,Yes,SUSPECTED SERIOUS INJURY,N/A,39.250115,-77.13311667,"(39.250115, -77.13311667)"
MCP2498000P,16022376,Montgomery County Police,Injury Crash,05/06/2016 05:15:00 AM,Maryland (State),GERMANTOWN RD,Ramp,RAMP 6 FR MD 118 EB TO IS 270 SB,,N/A,BICYCLIST,OTHER,RAINING,WET,DARK LIGHTS ON,NO CONTROLS,UNKNOWN,NONE DETECTED,B3C5F9E9-880C-4A45-8C12-21B0E39388B0,BICYCLIST,Walking/Riding w/Traffic,NO IMPROPER ACTIONS,AT INTERSECTION BUT NO CROSSWALK,N/A,REFLECTIVE MATERIAL,No,SUSPECTED MINOR INJURY,MC/BIKE HELMET,39.18266182,-77.25869447,"(39.18266182, -77.25869447)"
MCP27660060,200046057,Montgomery County Police,Injury Crash,11/21/2020 06:24:00 PM,County,CONNECTICUT AVE,Maryland (State),GEORGIA AVE,,N/A,PEDESTRIAN,OTHER,CLEAR,DRY,DARK LIGHTS ON,TRAFFIC SIGNAL,NONE DETECTED,ALCOHOL PRESENT,DDA4CA59-C08F-4BA8-BDED-06C3C6F69602,PEDESTRIAN,Cross/Enter at Intersection,NO IMPROPER ACTIONS,ON ROADWAY AT CROSSWALK,OBEYED PED. SIGNAL,MIXED CLOTHING,No,POSSIBLE INJURY,NONE,39.08377,-77.07776333,"(39.08377, -77.07776333)"
MCP3035000B,17006938,Montgomery County Police,Injury Crash,02/08/2017 05:03:00 PM,County,MARSTON LA,County,THOMAS FARM RD,,N/A,PEDESTRIAN,SINGLE VEHICLE,CLEAR,DRY,DAYLIGHT,N/A,NONE DETECTED,NONE DETECTED,18C3CE11-B7BB-40C7-9142-FFEBE00CA9B0,PEDESTRIAN,Standing,NO IMPROPER ACTIONS,SIDEWALK,N/A,MIXED CLOTHING,No,SUSPECTED SERIOUS INJURY,N/A,39.17397283,-77.197193,"(39.17397283, -77.197193)"
MCP24690018,16047065,Montgomery County Police,Injury Crash,09/14/2016 07:30:00 AM,County,JACKSON RD,County,KERWOOD RD,,N/A,PEDESTRIAN,OTHER,N/A,DRY,DAYLIGHT,STOP SIGN,NONE DETECTED,NONE DETECTED,21789987-E63A-47D1-AA25-16E559A2809B,PEDESTRIAN,Cross/Enter at Intersection,NO IMPROPER ACTIONS,ON ROADWAY AT CROSSWALK,OBEYED PED. SIGNAL,LIGHT CLOTHING,No,NO APPARENT INJURY,NONE,39.05556,-76.99408833,"(39.05556, -76.99408833)"
MCP3122001Q,180063065,Montgomery County Police,Injury Crash,12/17/2018 09:08:00 AM,County,RANDOLPH RD,Maryland (State),GEORGIA AVE,,N/A,PEDESTRIAN,SINGLE VEHICLE,CLEAR,DRY,DARK LIGHTS ON,TRAFFIC SIGNAL,NONE DETECTED,NONE DETECTED,A62C3D06-157D-47A7-B3C4-75ED4A4CBD1B,PEDESTRIAN,Cross/Enter at Intersection,NO IMPROPER ACTIONS,ON ROADWAY AT CROSSWALK,OBEYED PED. SIGNAL,DARK CLOTHING,No,POSSIBLE INJURY,N/A,39.05863167,-77.04986333,"(39.05863167, -77.04986333)"
MCP3064000V,180006809,Montgomery County Police,Injury Crash,02/09/2018 06:25:00 AM,County,NEWPORT MILL RD,Maryland (State),VEIRS MILL RD,,N/A,PEDESTRIAN,OTHER,CLEAR,DRY,DUSK,TRAFFIC SIGNAL,NONE DETECTED,NONE DETECTED,9FC2BAFB-9C18-43FD-B9E5-806F4A753DBB,PEDESTRIAN,Cross/Enter at Intersection,UNKNOWN,AT INTERSECTION MARKED CROSSWALK,OBEYED PED. SIGNAL,MIXED CLOTHING,No,SUSPECTED SERIOUS INJURY,NONE,39.04501728,-77.06502289,"(39.04501728, -77.06502289)"
MCP27500021,16022884,Montgomery County Police,Injury Crash,05/08/2016 07:40:00 PM,County,CLARIDGE RD,County,MEDWAY ST,,N/A,PEDESTRIAN,STRAIGHT MOVEMENT ANGLE,CLEAR,DRY,DAYLIGHT,NO CONTROLS,UNKNOWN,NONE DETECTED,EDA18A4D-721D-43A2-B6DF-A6E6887AB542,PEDESTRIAN,Cross/Enter not at Intersection,DART DASH,ON ROADWAY NOT AT CROSSWALK,NO PED. SIGNAL,MIXED CLOTHING,Yes,SUSPECTED MINOR INJURY,NONE,39.05222666,-77.0651865,"(39.05222666, -77.0651865)"
DD55380027,17004124,Rockville Police Departme,Injury Crash,01/24/2017 12:32:00 PM,,,,,"891-G ROCKVILLE PIKE ""PAISANO'S""  PARKING LOT",,PEDESTRIAN,SINGLE VEHICLE,CLEAR,,DAYLIGHT,NO CONTROLS,NONE DETECTED,NONE DETECTED,57DC6529-CFCE-45C2-9975-EEB0D2072432,PEDESTRIAN,Other,N/A,INSIDE BUILDING,N/A,N/A,No,POSSIBLE INJURY,N/A,39.07437,-77.13731167,"(39.07437, -77.13731167)"
MCP1227001Q,220046432,Montgomery County Police,Fatal Crash,10/22/2022 08:42:00 PM,County,MIDCOUNTY HWY,County,MILLER FALL RD,,N/A,PEDESTRIAN,SINGLE VEHICLE,CLEAR,DRY,DARK LIGHTS ON,NO CONTROLS,NONE DETECTED,ALCOHOL CONTRIBUTED,2E57EF8B-0C02-429D-AF23-902D2A093BE5,PEDESTRIAN,Other,UNKNOWN,ON ROADWAY NOT AT CROSSWALK,NO PED. SIGNAL,DARK CLOTHING,Yes,FATAL INJURY,N/A,39.14332532,-77.15997388,"(39.14332532, -77.15997388)"
EJ78890032,220045248,Gaithersburg Police Depar,Injury Crash,10/15/2022 04:20:00 PM,,,,,THE PARKING LOT OF 12130 DARNESTOWN RD GAITHERSBURG MD 20878,,PEDESTRIAN,OTHER,CLEAR,,DAYLIGHT,NO CONTROLS,NONE DETECTED,NONE DETECTED,43C39D7C-9D9E-424C-8EDF-FEFAEFB18923,PEDESTRIAN,Other,NO IMPROPER ACTIONS,OTHER,NO PED. SIGNAL,DARK CLOTHING,No,POSSIBLE INJURY,NONE,39.11713547,-77.25148558,"(39.11713547, -77.25148558)"
MCP3270000T,200045439,Montgomery County Police,Property Damage Crash,11/17/2020 06:36:00 PM,Maryland (State),NEW HAMPSHIRE AVE,Unknown,IN CORP LMTS TAKOMA PARK,,N/A,BICYCLIST,STRAIGHT MOVEMENT ANGLE,CLEAR,DRY,DARK LIGHTS ON,N/A,UNKNOWN,NONE DETECTED,3A6BF28C-53BF-44BE-B913-210842B262B2,BICYCLIST,Cross/Enter at Intersection,NO IMPROPER ACTIONS,AT INTERSECTION MARKED CROSSWALK,NO PED. SIGNAL,DARK CLOTHING,No,NO APPARENT INJURY,NONE,39.04090188,-76.99101255,"(39.04090188, -76.99101255)"
DM8439000Y,16002555,Takoma Park Police Depart,Injury Crash,01/14/2016 12:13:00 PM,,,,,7551 NEW HAMPSHIRE AVE CAR WASH PARKING LOT,,PEDESTRIAN,SAME DIR REAR END,CLEAR,,DAYLIGHT,N/A,N/A,N/A,02CA4CED-3EF0-44B8-B49F-B1E5E51D9F4D,PEDESTRIAN,Standing,OTHER,OTHER,N/A,MIXED CLOTHING,No,SUSPECTED MINOR INJURY,N/A,38.98579833,-76.987405,"(38.98579833, -76.987405)"
MCP2799002N,170501295,Montgomery County Police,Injury Crash,04/09/2017 08:44:00 PM,County,MORNINGWOOD DR,County,MORNINGWOOD CT,,N/A,BICYCLIST,HEAD ON,CLEAR,DRY,DARK NO LIGHTS,N/A,,ALCOHOL PRESENT,AAF5730E-F6CE-4E77-9BB7-6769523E5005,BICYCLIST,Walking/Riding w/Traffic,INATTENTIVE,ON ROADWAY NOT AT CROSSWALK,NO PED. SIGNAL,MIXED CLOTHING,Yes,SUSPECTED MINOR INJURY,NONE,39.15077333,-77.08787167,"(39.15077333, -77.08787167)"
MCP2667005L,190003151,Montgomery County Police,Injury Crash,01/20/2019 01:00:00 PM,County,GOSHEN RD,County,WIGHTMAN RD,,N/A,PEDESTRIAN,SINGLE VEHICLE,CLEAR,DRY,DAYLIGHT,TRAFFIC SIGNAL,NONE DETECTED,NONE DETECTED,E55166EB-213F-4588-9169-3FB9A26F38CD,PEDESTRIAN,Cross/Enter at Intersection,NO IMPROPER ACTIONS,ON ROADWAY AT CROSSWALK,OBEYED PED. SIGNAL,MIXED CLOTHING,No,POSSIBLE INJURY,NONE,39.18813983,-77.1883335,"(39.18813983, -77.1883335)"
EJ7875000L,190029922,Gaithersburg Police Depar,Injury Crash,06/22/2019 10:26:00 PM,Municipality,ODENDHAL AVE,Municipality,RUSSELL AVE,,GAITHERSBURG,BICYCLIST,ANGLE MEETS LEFT TURN,CLEAR,DRY,DARK LIGHTS ON,TRAFFIC SIGNAL,N/A,N/A,99F3559B-3E9F-4818-B92C-078B08B43EC9,BICYCLIST,Cross/Enter at Intersection,INATTENTIVE,ON ROADWAY NOT AT CROSSWALK,OTHER,N/A,Yes,POSSIBLE INJURY,NONE,39.15061333,-77.2037,"(39.15061333, -77.2037)"
MCP2370002X,17012425,Montgomery County Police,Injury Crash,03/09/2017 01:23:00 PM,,,,,"2121 INDUSTRIAL PARKWAY
SILVER SPRING,MD",,PEDESTRIAN,SAME DIR REAR END,CLEAR,,DAYLIGHT,NO CONTROLS,NONE DETECTED,NONE DETECTED,BEFCDDB8-E28B-437F-9839-64C95A77BE64,PEDESTRIAN,Other,N/A,OTHER,NO PED. SIGNAL,DARK CLOTHING,No,POSSIBLE INJURY,NONE,39.05101855,-76.9972086,"(39.05101855, -76.9972086)"
DD5628002R,190055308,Rockville Police Departme,Injury Crash,11/16/2019 12:25:00 PM,Municipality,BEALL AVE #2,Municipality,N WASHINGTON ST,,ROCKVILLE,PEDESTRIAN,OTHER,CLEAR,DRY,DAYLIGHT,TRAFFIC SIGNAL,NONE DETECTED,NONE DETECTED,EA70521F-2038-4C9E-B027-8F1CF6664520,PEDESTRIAN,Cross/Enter at Intersection,IN ROADWAY IMPROPERLY,OUTSIDE RIGHT OF WAY,DISOBEYED PED. SIGNAL,DARK CLOTHING,Yes,SUSPECTED MINOR INJURY,N/A,39.08684397,-77.1530733,"(39.08684397, -77.1530733)"
MCP2656001Y,170517828,Montgomery County Police,Injury Crash,07/07/2017 01:00:00 PM,County,BRIGGS CHANEY RD,Unknown,ENT TO BRIGGS CHANEY OUTLETS,,N/A,BICYCLIST,STRAIGHT MOVEMENT ANGLE,N/A,DRY,DAYLIGHT,UNKNOWN,UNKNOWN,N/A,06ADDC19-CDD5-4437-9803-D2928712FE5D,BICYCLIST,Cross/Enter at Intersection,FAILURE TO YIELD RIGHT OF WAY,ON ROADWAY AT CROSSWALK,UNKNOWN,LIGHT CLOTHING,Unknown,POSSIBLE INJURY,MC/BIKE HELMET,39.08292167,-76.94823833,"(39.08292167, -76.94823833)"
MCP26830063,220043111,Montgomery County Police,Injury Crash,10/03/2022 03:45:00 PM,County,LOST KNIFE RD,Other Public Roadway,ODENDHAL AVE,,N/A,PEDESTRIAN,OTHER,RAINING,WET,DAYLIGHT,NO CONTROLS,NONE DETECTED,NONE DETECTED,E2C00137-F8BE-42F8-A761-54FE850BFF2B,PEDESTRIAN,Other,DART DASH,ON ROADWAY NOT AT CROSSWALK,NO PED. SIGNAL,MIXED CLOTHING,Yes,SUSPECTED MINOR INJURY,NONE,39.15314,-77.19932667,"(39.15314, -77.19932667)"
MCP32420010,210010456,Montgomery County Police,Injury Crash,09/09/2021 07:58:00 AM,Maryland (State),EAST WEST HWY,Maryland (State),COLESVILLE RD,,N/A,PEDESTRIAN,N/A,CLEAR,WET,DAYLIGHT,TRAFFIC SIGNAL,NONE DETECTED,NONE DETECTED,35B337A1-8927-42C6-9DFF-01A2ADA14C43,PEDESTRIAN,Cross/Enter at Intersection,DART DASH,AT INTERSECTION MARKED CROSSWALK,DISOBEYED PED. SIGNAL,LIGHT CLOTHING,Unknown,POSSIBLE INJURY,NONE,38.9935064,-77.0330646,"(38.9935064, -77.0330646)"
EJ78950029,220030840,Gaithersburg Police Depar,Injury Crash,07/18/2022 12:35:00 PM,,,,,DRIVEWAY OF 340 N SUMMIT AVENUE,,BICYCLIST,STRAIGHT MOVEMENT ANGLE,CLEAR,,DAYLIGHT,NO CONTROLS,NONE DETECTED,NONE DETECTED,030337C2-DE0A-4FE1-B4DA-A48891536DF9,BICYCLIST,Walking/Cycling on Sidewalk,INATTENTIVE,SIDEWALK,NO PED. SIGNAL,N/A,Yes,SUSPECTED MINOR INJURY,NONE,39.14100877,-77.20797875,"(39.14100877, -77.20797875)"
MCP29420021,16058920,Montgomery County Police,Injury Crash,11/15/2016 05:00:00 PM,,,,,PARKING LOT OF 5601 RIVER RD,,PEDESTRIAN,SINGLE VEHICLE,CLEAR,,DARK LIGHTS ON,N/A,NONE DETECTED,NONE DETECTED,4244226D-5659-434E-94DF-9434FED3330C,PEDESTRIAN,Other Working,NO IMPROPER ACTIONS,OTHER,N/A,DARK CLOTHING,No,POSSIBLE INJURY,N/A,38.97077833,-77.11158,"(38.97077833, -77.11158)"
MCP3170001H,200031418,Montgomery County Police,Property Damage Crash,08/12/2020 06:04:00 PM,,,,,PARKING LOT IN FRONT OF 12807 SAGE TER,,BICYCLIST,OTHER,CLOUDY,,DAYLIGHT,NO CONTROLS,NONE DETECTED,NONE DETECTED,3133DE36-2CAB-415B-A376-C2F9A3FDCE79,BICYCLIST,Cross/Enter not at Intersection,DART DASH,OTHER,NO PED. SIGNAL,LIGHT CLOTHING,Yes,NO APPARENT INJURY,NONE,39.16072223,-77.26600841,"(39.16072223, -77.26600841)"
MCP3196000X,190052654,Montgomery County Police,Injury Crash,11/01/2019 04:00:00 PM,County,DAIRYMAID DR,Maryland (State),GREAT SENECA HWY,,N/A,PEDESTRIAN,SINGLE VEHICLE,CLEAR,DRY,DAYLIGHT,UNKNOWN,NONE DETECTED,NONE DETECTED,AE09B95F-3A2B-40D2-AA46-182B9EFF3CB1,PEDESTRIAN,Cross/Enter at Intersection,NO IMPROPER ACTIONS,ON ROADWAY AT CROSSWALK,N/A,N/A,No,SUSPECTED MINOR INJURY,N/A,39.183935,-77.26359,"(39.183935, -77.26359)"
MCP3090000F,180013744,Montgomery County Police,Injury Crash,03/19/2018 06:40:00 PM,Maryland (State),S FREDERICK RD,Municipality,EDUCATION BLVD,,GAITHERSBURG,BICYCLIST,STRAIGHT MOVEMENT ANGLE,CLEAR,DRY,DAYLIGHT,TRAFFIC SIGNAL,N/A,NONE DETECTED,6A39D90A-D362-4E2D-A986-13467BF5A52D,BICYCLIST,Walking/Cycling on Sidewalk,NO IMPROPER ACTIONS,SIDEWALK,NO PED. SIGNAL,LIGHT CLOTHING,No,POSSIBLE INJURY,UNKNOWN,39.13530167,-77.19155167,"(39.13530167, -77.19155167)"
MCP2693001B,16004084,Montgomery County Police,Injury Crash,01/24/2016 04:04:00 PM,County,BAUER DR,Other Public Roadway,BURNSIDE DR,,N/A,PEDESTRIAN,SINGLE VEHICLE,CLEAR,SNOW,DAYLIGHT,NO CONTROLS,NONE DETECTED,NONE DETECTED,58E7003A-C511-4120-B577-8D09C9E5CA69,PEDESTRIAN,Walking/Riding w/Traffic,NO IMPROPER ACTIONS,SHOULDER,NO PED. SIGNAL,MIXED CLOTHING,No,POSSIBLE INJURY,N/A,39.094385,-77.10942667,"(39.094385, -77.10942667)"
MCP2845006R,200016657,Montgomery County Police,Injury Crash,04/21/2020 12:28:00 PM,,,,,PARKING LOT TO THE REAR OF 10141 COLESVILLE RD,,PEDESTRIAN,SINGLE VEHICLE,CLOUDY,,DAYLIGHT,NO CONTROLS,NONE DETECTED,NONE DETECTED,7ADF61B9-FB10-4FCF-B352-CE8CE38A732A,PEDESTRIAN,Other,NO IMPROPER ACTIONS,OTHER,N/A,MIXED CLOTHING,No,SUSPECTED MINOR INJURY,N/A,39.021207,-77.01157417,"(39.021207, -77.01157417)"
MCP32500009,200033537,Montgomery County Police,Injury Crash,08/27/2020 03:12:00 PM,Maryland (State),GEORGIA AVE,County,HEWITT AVE,,N/A,BICYCLIST,STRAIGHT MOVEMENT ANGLE,CLOUDY,DRY,DAYLIGHT,TRAFFIC SIGNAL,NONE DETECTED,NONE DETECTED,7497ABFD-51CD-4A10-94C4-483799889A70,BICYCLIST,Cross/Enter at Intersection,NO IMPROPER ACTIONS,AT INTERSECTION MARKED CROSSWALK,OBEYED PED. SIGNAL,MIXED CLOTHING,No,POSSIBLE INJURY,NONE,39.077662,-77.070716,"(39.077662, -77.070716)"
MCP27830043,210020523,Montgomery County Police,Injury Crash,05/30/2021 08:00:00 PM,County,LIVINGSTON ST,County,LINDELL ST,,N/A,PEDESTRIAN,SAME DIRECTION SIDESWIPE,CLEAR,DRY,DAYLIGHT,NO CONTROLS,N/A,N/A,39A2FC92-DA57-4654-9BD1-0D514DACC520,PEDESTRIAN,Standing,N/A,N/A,N/A,MIXED CLOTHING,No,POSSIBLE INJURY,NONE,39.05622096,-77.05809768,"(39.05622096, -77.05809768)"
MCP20010015,190053398,Montgomery County Police,Fatal Crash,11/06/2019 07:27:00 AM,Municipality,MCAULIFFE DR,Municipality,LINTHICUM ST,,ROCKVILLE,PEDESTRIAN,SINGLE VEHICLE,CLEAR,DRY,DAYLIGHT,NO CONTROLS,NONE DETECTED,NONE DETECTED,3BDF0544-8063-4831-8DAC-6E1807B94326,PEDESTRIAN,Cross/Enter not at Intersection,UNKNOWN,OUTSIDE RIGHT OF WAY,NO PED. SIGNAL,MIXED CLOTHING,Yes,FATAL INJURY,NONE,39.07656774,-77.11651066,"(39.07656774, -77.11651066)"
MCP271700SP,200040528,Montgomery County Police,Injury Crash,10/14/2020 05:00:00 PM,Government,BEACH DR,County,OLD SPRING RD,,N/A,BICYCLIST,OTHER,CLEAR,DRY,DAYLIGHT,NO CONTROLS,NONE DETECTED,NONE DETECTED,FBFB5E6B-D564-4550-9A52-7A6674B9DF1F,BICYCLIST,Walking/Riding w/Traffic,NO IMPROPER ACTIONS,ON ROADWAY NOT AT CROSSWALK,NO PED. SIGNAL,MIXED CLOTHING,No,SUSPECTED MINOR INJURY,MC/BIKE HELMET,39.01167833,-77.06801983,"(39.01167833, -77.06801983)"
DD56190005,16019567,Rockville Police Departme,Injury Crash,04/21/2016 07:51:00 AM,Municipality,MARTINS LA,Municipality,N WASHINGTON ST,,ROCKVILLE,BICYCLIST,SINGLE VEHICLE,CLEAR,DRY,DAYLIGHT,TRAFFIC SIGNAL,NONE DETECTED,NONE DETECTED,ADAE4B91-826C-49E4-B037-81E3C6BC6F88,BICYCLIST,Cross/Enter at Intersection,NO IMPROPER ACTIONS,AT INTERSECTION MARKED CROSSWALK,OBEYED PED. SIGNAL,LIGHT CLOTHING,No,POSSIBLE INJURY,NONE,39.09064,-77.15372833,"(39.09064, -77.15372833)"
MCP29230045,180024852,Montgomery County Police,Injury Crash,05/21/2018 08:27:00 AM,County,HILLSDALE DR,County,MIDVAIL AVE,,N/A,PEDESTRIAN,OTHER,CLEAR,DRY,DAYLIGHT,NO CONTROLS,NONE DETECTED,NONE DETECTED,185217E2-51CC-4C41-B246-F56DD520695F,PEDESTRIAN,Standing,NO IMPROPER ACTIONS,CURB,N/A,UNKNOWN,No,SUSPECTED SERIOUS INJURY,N/A,39.03928333,-77.06077,"(39.03928333, -77.06077)"
MCP2016005L,210004492,Montgomery County Police,Injury Crash,02/04/2021 02:32:00 PM,Maryland (State),ROCKVILLE PIKE,County,BOU AVE,,N/A,BICYCLIST,OTHER,CLEAR,DRY,DAYLIGHT,TRAFFIC SIGNAL,NONE DETECTED,NONE DETECTED,24AF8946-9ABB-4AD7-8417-B06E7F4B83DB,BICYCLIST,Walking/Riding against Traffic,WRONG WAY RIDING OR WALKING,ON ROADWAY AT CROSSWALK,OBEYED PED. SIGNAL,LIGHT CLOTHING,Yes,SUSPECTED MINOR INJURY,NONE,39.05617167,-77.11937167,"(39.05617167, -77.11937167)"
MCP1002000Y,200011326,Montgomery County Police,Injury Crash,03/07/2020 05:00:00 PM,,,,,PARKING LOT IN FRONT OF 516 N FREDERICK RD,,PEDESTRIAN,SINGLE VEHICLE,CLEAR,,DAYLIGHT,NO CONTROLS,NONE DETECTED,NONE DETECTED,F0DEDF6A-418A-4A51-86B5-F9463E3722E9,PEDESTRIAN,Cross/Enter at Intersection,N/A,AT INTERSECTION MARKED CROSSWALK,NO PED. SIGNAL,N/A,No,NO APPARENT INJURY,NONE,39.14788,-77.2091,"(39.14788, -77.2091)"
MCP158000DZ,210024895,Montgomery County Police,Injury Crash,06/29/2021 09:30:00 AM,Municipality,CHRISTOPHER AVE,Municipality,RUSSELL AVE,,GAITHERSBURG,MACHINE OPERATOR/RIDER,SINGLE VEHICLE,CLEAR,DRY,DAYLIGHT,NO CONTROLS,NONE DETECTED,NONE DETECTED,39C04AD9-623B-4162-89D5-CA1DE4CF2240,MACHINE OPERATOR/RIDER,Walking/Riding against Traffic,OTHER,ON ROADWAY NOT AT CROSSWALK,N/A,MIXED CLOTHING,Yes,SUSPECTED MINOR INJURY,NONE,39.15837833,-77.21249,"(39.15837833, -77.21249)"
MCP2682001Z,190057928,Montgomery County Police,Injury Crash,12/02/2019 07:31:00 AM,County,CLUB HOUSE RD,County,MONTGOMERY VILLAGE AVE,,N/A,PEDESTRIAN,OTHER,CLEAR,DRY,DAYLIGHT,OTHER,UNKNOWN,NONE DETECTED,16362AD6-427C-45DB-AEC7-A92C06D730F2,PEDESTRIAN,Cross/Enter at Intersection,NO IMPROPER ACTIONS,AT INTERSECTION MARKED CROSSWALK,OBEYED PED. SIGNAL,MIXED CLOTHING,No,POSSIBLE INJURY,NONE,39.17452285,-77.20372112,"(39.17452285, -77.20372112)"