Report Number,Local Case Number,Agency Name,ACRS Report Type,Crash Date/Time,Route Type,Road Name,Cross-Street Type,Cross-Street Name,Off-Road Description,Municipality,Related Non-Motorist,Collision Type,Weather,Surface Condition,Light,Traffic Control,Driver Substance Abuse,Non-Motorist Substance Abuse,Person ID,Pedestrian Type,Pedestrian Movement,Pedestrian Actions,Pedestrian Location,Pedestrian Obeyed Traffic Signal,Pedestrian Visibility,At Fault,Injury Severity,Safety Equipment,Latitude,Longitude,Location
MCP0899003H,180056281,Montgomery County Police,Injury Crash,11/12/2018 06:48:00 PM,County,ARLINGTON RD,County,ELM ST,,N/A,PEDESTRIAN,OTHER,RAINING,WET,DARK LIGHTS ON,TRAFFIC SIGNAL,NONE DETECTED,NONE DETECTED,7CDFCAA8-BF6E-4D9A-B8FB-CB7253863692,PEDESTRIAN,Cross/Enter at Intersection,NO IMPROPER ACTIONS,AT INTERSECTION MARKED CROSSWALK,OBEYED PED. SIGNAL,LIGHT CLOTHING,No,SUSPECTED MINOR INJURY,N/A,38.98382833,-77.11531,"(38.98382833, -77.11531)"
MCP2974001L,180002145,Montgomery County Police,Injury Crash,01/14/2018 02:05:00 AM,Maryland (State),PINEY BRANCH RD,County,ARLISS ST,,N/A,PEDESTRIAN,OTHER,CLEAR,N/A,DARK LIGHTS ON,FLASHING TRAFFIC SIGNAL,ILLEGAL DRUG PRESENT,ALCOHOL PRESENT,ABC4C28D-5D11-4895-9DAE-050142ACFE7D,PEDESTRIAN,Cross/Enter not at Intersection,IN ROADWAY IMPROPERLY,ON ROADWAY NOT AT CROSSWALK,NO PED. SIGNAL,DARK CLOTHING,Yes,SUSPECTED MINOR INJURY,N/A,38.99842602,-77.0010978,"(38.99842602, -77.0010978)"
MCP1389002M,190058902,Montgomery County Police,Injury Crash,12/06/2019 07:05:00 PM,,,,,PARKING LOT / SIDEWALK IN FRONT OF 451 NORTH FREDERICK AVENUE,,PEDESTRIAN,STRAIGHT MOVEMENT ANGLE,CLEAR,,DARK LIGHTS ON,N/A,NONE DETECTED,NONE DETECTED,59B1BC18-409E-467B-962F-8B7F6122A4E2,PEDESTRIAN,Walking/Cycling on Sidewalk,NO IMPROPER ACTIONS,SIDEWALK,NO PED. SIGNAL,MIXED CLOTHING,No,SUSPECTED SERIOUS INJURY,N/A,39.14816833,-77.20596,"(39.14816833, -77.20596)"
MCP3034003M,190035794,Montgomery County Police,Injury Crash,07/27/2019 02:10:00 PM,County,MACARTHUR BLVD,County,FALLS RD,,N/A,BICYCLIST,STRAIGHT MOVEMENT ANGLE,CLEAR,DRY,DAYLIGHT,NO CONTROLS,NONE DETECTED,NONE DETECTED,304D99B2-69BB-4FB6-BA00-AF9642B4EEC5,BICYCLIST,Cross/Enter at Intersection,FAILURE TO YIELD RIGHT OF WAY,ON ROADWAY NOT AT CROSSWALK,NO PED. SIGNAL,DARK CLOTHING,Yes,SUSPECTED MINOR INJURY,MC/BIKE HELMET,38.99624167,-77.23095833,"(38.99624167, -77.23095833)"
MCP30690006,170530869,Montgomery County Police,Injury Crash,09/15/2017 10:37:00 PM,Maryland (State),RIVER RD,County,LANDY LA,,N/A,PEDESTRIAN,SINGLE VEHICLE,CLEAR,DRY,DARK LIGHTS ON,NO CONTROLS,NONE DETECTED,NONE DETECTED,053CD3E4-4C86-47E8-82C5-F79D9284F15A,PEDESTRIAN,Cross/Enter not at Intersection,NO IMPROPER ACTIONS,ON ROADWAY AT CROSSWALK,N/A,DARK CLOTHING,No,SUSPECTED SERIOUS INJURY,NONE,38.96464778,-77.10348845,"(38.96464778, -77.10348845)"
MCP2953000L,15052867,MONTGOMERY,Injury Crash,10/18/2015 01:02:00 PM,,,,,Northgate Shopping Center,,PEDESTRIAN,OTHER,CLEAR,,DAYLIGHT,NO CONTROLS,NONE DETECTED,NONE DETECTED,52E6B298-8A74-462A-BA2F-255D7AC6DF2A,PEDESTRIAN,Cross/Enter not at Intersection,FAILURE TO YIELD RIGHT OF WAY,OUTSIDE RIGHT OF WAY,N/A,LIGHT CLOTHING,Yes,SUSPECTED SERIOUS INJURY,N/A,39.08131,-77.07788833,"(39.08131, -77.07788833)"
MCP2686004S,210014141,Montgomery County Police,Injury Crash,04/15/2021 07:00:00 PM,Maryland (State),CLOPPER RD,Unknown,LITTLE STAR DR (PROP),,N/A,BICYCLIST,STRAIGHT MOVEMENT ANGLE,CLEAR,DRY,DAYLIGHT,NO CONTROLS,NONE DETECTED,NONE DETECTED,6ED38EC8-E81A-4D20-B92B-FD000001D0F8,BICYCLIST,Walking/Cycling on Sidewalk,UNKNOWN,SIDEWALK,NO PED. SIGNAL,MIXED CLOTHING,Unknown,SUSPECTED MINOR INJURY,MC/BIKE HELMET,39.15998316,-77.27747689,"(39.15998316, -77.27747689)"
MCP94190029,190061790,Montgomery County Police,Injury Crash,12/23/2019 01:54:00 PM,County,E JEFFERSON ST,Unknown,CALIFORNIA CIR,,N/A,PEDESTRIAN,OTHER,CLEAR,DRY,DAYLIGHT,NO CONTROLS,NONE DETECTED,UNKNOWN,556C4827-9041-4469-A8DC-BE25DE72CC8B,PEDESTRIAN,Cross/Enter not at Intersection,IN ROADWAY IMPROPERLY,ON ROADWAY NOT AT CROSSWALK,NO PED. SIGNAL,DARK CLOTHING,Yes,SUSPECTED SERIOUS INJURY,NONE,39.05679833,-77.12618667,"(39.05679833, -77.12618667)"
DD5604002L,190005952,Rockville Police Departme,Injury Crash,02/06/2019 06:04:00 PM,Municipality,NELSON ST,Municipality,AZALEA DR,,ROCKVILLE,PEDESTRIAN,OTHER,RAINING,WET,DARK LIGHTS ON,N/A,NONE DETECTED,NONE DETECTED,438C3BD0-BFB4-4EBE-B66B-C061872ED31A,PEDESTRIAN,N/A,DART DASH,ON ROADWAY AT CROSSWALK,OBEYED PED. SIGNAL,DARK CLOTHING,No,SUSPECTED MINOR INJURY,N/A,39.09211,-77.17369,"(39.09211, -77.17369)"
MCP3205001R,200029969,Montgomery County Police,Injury Crash,08/02/2020 12:58:00 PM,County,FERRARA DR,County,SELFRIDGE RD,,N/A,PEDESTRIAN,OTHER,N/A,DRY,DAYLIGHT,NO CONTROLS,UNKNOWN,NONE DETECTED,4D433D04-EE57-4AA8-98EE-1F294CC74312,PEDESTRIAN,Standing,N/A,SHOULDER,N/A,MIXED CLOTHING,No,SUSPECTED MINOR INJURY,N/A,39.05245217,-77.08170517,"(39.05245217, -77.08170517)"
MCP2969007R,190056238,Montgomery County Police,Injury Crash,11/21/2019 12:05:00 PM,Maryland (State),LAYHILL RD,County,SULLIVAN LA,,N/A,PEDESTRIAN,OTHER,CLEAR,DRY,DAYLIGHT,STOP SIGN,NONE DETECTED,NONE DETECTED,50CB6663-A5F1-4FB1-AF2F-FAA92CE88D60,PEDESTRIAN,Cross/Enter at Intersection,NO IMPROPER ACTIONS,ON ROADWAY AT CROSSWALK,NO PED. SIGNAL,DARK CLOTHING,No,POSSIBLE INJURY,NONE,39.08509833,-77.04577833,"(39.08509833, -77.04577833)"
MCP91300078,190023094,Montgomery County Police,Injury Crash,05/16/2019 11:33:00 AM,,,,,PARKING LOT OF 75 E WAYNE AVE,,OTHER,SINGLE VEHICLE,CLEAR,,DAYLIGHT,NO CONTROLS,,NONE DETECTED,615FB898-1F5F-4698-A94B-6D86A768BFC2,OTHER,Standing,INATTENTIVE,OTHER,OTHER,DARK CLOTHING,Yes,SUSPECTED MINOR INJURY,NONE,39.00083094,-77.00825285,"(39.00083094, -77.00825285)"
MCP2372002C,190049760,Montgomery County Police,Injury Crash,10/17/2019 09:31:00 AM,,,,,PARKING LOT OF 5214 RIVER ROAD,,PEDESTRIAN,SINGLE VEHICLE,CLEAR,,DAYLIGHT,N/A,NONE DETECTED,NONE DETECTED,B97021D4-97A1-4429-A5F1-A276D73D6D58,PEDESTRIAN,Other,NO IMPROPER ACTIONS,OTHER,N/A,MIXED CLOTHING,No,POSSIBLE INJURY,NONE,38.964625,-77.10461667,"(38.964625, -77.10461667)"
MCP3233001F,210013548,Montgomery County Police,Injury Crash,04/11/2021 08:00:00 PM,Maryland (State),UNIVERSITY BLVD E,Maryland (State),PINEY BRANCH RD,,N/A,PEDESTRIAN,OTHER,CLOUDY,DRY,DARK LIGHTS ON,NO CONTROLS,NONE DETECTED,NONE DETECTED,FFFBF1DC-3703-4683-A90F-F960AE40A59D,PEDESTRIAN,Walking/Riding against Traffic,INATTENTIVE,ON ROADWAY NOT AT CROSSWALK,NO PED. SIGNAL,MIXED CLOTHING,Yes,POSSIBLE INJURY,NONE,39.01156883,-77.0012435,"(39.01156883, -77.0012435)"
MCP2059004P,170549514,Montgomery County Police,Injury Crash,12/19/2017 02:01:00 PM,Maryland (State),CONNECTICUT AVE,County,MANOR RD,,N/A,PEDESTRIAN,HEAD ON LEFT TURN,CLEAR,DRY,DAYLIGHT,TRAFFIC SIGNAL,NONE DETECTED,NONE DETECTED,4D240233-CF7D-4807-BCFA-DE0894F8CB66,PEDESTRIAN,Cross/Enter at Intersection,NO IMPROPER ACTIONS,ON ROADWAY AT CROSSWALK,OBEYED PED. SIGNAL,MIXED CLOTHING,No,POSSIBLE INJURY,N/A,38.99609445,-77.07726851,"(38.99609445, -77.07726851)"
MCP3068003J,210043378,Montgomery County Police,Injury Crash,10/27/2021 04:10:00 PM,County,MACARTHUR BLVD,Government,CONNECTOR RD,,N/A,BICYCLIST,ANGLE MEETS RIGHT TURN,CLEAR,DRY,DAYLIGHT,TRAFFIC SIGNAL,N/A,N/A,DDA39D39-AAB0-4303-A7B4-736CC0C32131,BICYCLIST,Cross/Enter at Intersection,FAILURE TO OBEY TRAFFIC SIGNS SIGNALS OR OFFICER,AT INTERSECTION MARKED CROSSWALK,DISOBEYED PED. SIGNAL,LIGHT CLOTHING,Yes,SUSPECTED SERIOUS INJURY,MC/BIKE HELMET,38.96442,-77.136085,"(38.96442, -77.136085)"
DD5635001S,190051184,Rockville Police Departme,Injury Crash,10/24/2019 06:22:00 PM,Municipality,HURLEY AVE,Maryland (State),W MONTGOMERY AVE,,N/A,PEDESTRIAN,OTHER,N/A,DRY,DARK LIGHTS ON,TRAFFIC SIGNAL,NONE DETECTED,NONE DETECTED,5A66F3D6-6BD6-4688-A4AD-5A26CA66C96C,PEDESTRIAN,Cross/Enter at Intersection,DART DASH,ON ROADWAY AT CROSSWALK,DISOBEYED PED. SIGNAL,DARK CLOTHING,Yes,POSSIBLE INJURY,NONE,39.089181,-77.17805533,"(39.089181, -77.17805533)"
DD5508000L,15000253,Rockville Police Departme,Injury Crash,01/02/2015 11:51:00 AM,,,,,Parking Lot of 14939 Shady Grove Rd,,PEDESTRIAN,SINGLE VEHICLE,CLEAR,,DAYLIGHT,NO CONTROLS,NONE DETECTED,UNKNOWN,23EB05DF-B752-4D50-95A1-3E5A0371D899,PEDESTRIAN,Cross/Enter not at Intersection,IN ROADWAY IMPROPERLY,ON ROADWAY NOT AT CROSSWALK,NO PED. SIGNAL,MIXED CLOTHING,,POSSIBLE INJURY,NONE,39.09749501,-77.19245195,"(39.09749501, -77.19245195)"
MCP2082000Z,170513136,Montgomery County Police,Injury Crash,06/11/2017 11:59:00 PM,Maryland (State),GEORGIA AVE,County,ENNALLS AVE,,N/A,PEDESTRIAN,SINGLE VEHICLE,CLEAR,DRY,DARK LIGHTS ON,NO CONTROLS,NONE DETECTED,ALCOHOL CONTRIBUTED,2139C4CD-C7A0-46EE-AF1B-8CEDC1432845,PEDESTRIAN,Cross/Enter not at Intersection,UNKNOWN,ON ROADWAY NOT AT CROSSWALK,OTHER,LIGHT CLOTHING,Yes,SUSPECTED SERIOUS INJURY,NONE,39.07991333,-77.080315,"(39.07991333, -77.080315)"
MCP1048001X,16042020,Montgomery County Police,Property Damage Crash,08/18/2016 10:41:00 PM,,,,,PARKING LOT OF MONTGOMERY COUNTY FAIR GROUNDS.,,PEDESTRIAN,SINGLE VEHICLE,CLEAR,,DARK NO LIGHTS,N/A,N/A,N/A,01921220-096F-4B01-993D-D2FD6CE7611B,PEDESTRIAN,Other,INATTENTIVE,ON ROADWAY NOT AT CROSSWALK,N/A,LIGHT CLOTHING,No,NO APPARENT INJURY,N/A,39.14752861,-77.2139103,"(39.14752861, -77.2139103)"
MCP229800B9,16057493,Montgomery County Police,Injury Crash,11/07/2016 08:01:00 PM,Maryland (State),CLOPPER RD,County,LIBERTY MILL RD,,N/A,BICYCLIST,OTHER,CLEAR,N/A,DARK LIGHTS ON,NO CONTROLS,NONE DETECTED,ILLEGAL DRUG PRESENT,73047F75-5907-4BF0-9951-374611F33CF0,BICYCLIST,Cross/Enter at Intersection,NO IMPROPER ACTIONS,AT INTERSECTION BUT NO CROSSWALK,N/A,MIXED CLOTHING,No,POSSIBLE INJURY,NONE,39.16217474,-77.28160657,"(39.16217474, -77.28160657)"
MCP23580091,210044083,Montgomery County Police,Injury Crash,11/01/2021 12:58:00 PM,County,CARDIGAN RD,County,HOWELL RD,,N/A,PEDESTRIAN,OTHER,CLEAR,DRY,DAYLIGHT,NO CONTROLS,UNKNOWN,NONE DETECTED,01343941-E94C-4BB2-8FD6-71781D7729C2,PEDESTRIAN,Walking/Riding against Traffic,NO IMPROPER ACTIONS,CURB,N/A,MIXED CLOTHING,No,POSSIBLE INJURY,NONE,38.9965955,-77.1335605,"(38.9965955, -77.1335605)"
MCP91060017,17011090,Montgomery County Police,Injury Crash,03/02/2017 12:53:00 PM,County,WATERS RD,County,WISTERIA DR,,N/A,PEDESTRIAN,SINGLE VEHICLE,N/A,DRY,DAYLIGHT,YIELD SIGN,UNKNOWN,NONE DETECTED,708AB888-21A4-438D-9347-EBD93806BB62,PEDESTRIAN,Cross/Enter at Intersection,NO IMPROPER ACTIONS,ON ROADWAY AT CROSSWALK,NO PED. SIGNAL,MIXED CLOTHING,No,POSSIBLE INJURY,NONE,39.17818,-77.27308167,"(39.17818, -77.27308167)"
MCP2335000Y,17510298,Montgomery County Police,Injury Crash,05/27/2017 09:45:00 PM,Maryland (State),GREAT SENECA HWY,County,DAIRYMAID DR,,N/A,PEDESTRIAN,SINGLE VEHICLE,CLEAR,DRY,DARK LIGHTS ON,NO CONTROLS,NONE DETECTED,NONE DETECTED,DE7151F9-7CAD-4519-9DE0-FE8885C93A65,PEDESTRIAN,Cross/Enter at Intersection,FAILURE TO YIELD RIGHT OF WAY,ON ROADWAY AT CROSSWALK,NO PED. SIGNAL,DARK CLOTHING,No,SUSPECTED MINOR INJURY,N/A,39.157865,-77.27576167,"(39.157865, -77.27576167)"
MCP2766000W,15000959,Montgomery County Police,Injury Crash,01/06/2015 06:35:00 PM,Maryland (State),GEORGIA AVE,County,RALPH RD,,N/A,PEDESTRIAN,SINGLE VEHICLE,SNOW,SLUSH,DARK LIGHTS ON,NO CONTROLS,NONE DETECTED,NONE DETECTED,AFF3220E-A364-4CA0-9AF8-3D8532DC71F1,PEDESTRIAN,Cross/Enter not at Intersection,N/A,MEDIAN,N/A,DARK CLOTHING,,POSSIBLE INJURY,N/A,39.07908,-77.07245167,"(39.07908, -77.07245167)"
MCP3173000K,190025858,Montgomery County Police,Injury Crash,06/12/2019 07:14:00 AM,County,BRUNETT AVE,Maryland (State),UNIVERSITY BLVD W,,N/A,PEDESTRIAN,OTHER,CLEAR,DRY,DAWN,STOP SIGN,NONE DETECTED,NONE DETECTED,44066F0D-5FAB-4952-83E0-5E469BEFE405,PEDESTRIAN,Cross/Enter at Intersection,NO IMPROPER ACTIONS,ON ROADWAY AT CROSSWALK,NO PED. SIGNAL,N/A,No,NO APPARENT INJURY,N/A,39.0229374,-77.01688638,"(39.0229374, -77.01688638)"
MCP2813000V,15000853,Montgomery County Police,Injury Crash,01/06/2015 08:04:00 AM,County,CENTERHILL ST,County,BLUHILL RD,,N/A,PEDESTRIAN,SINGLE VEHICLE,SNOW,ICE,DAYLIGHT,STOP SIGN,NONE DETECTED,NONE DETECTED,CE10B1E5-9766-48E1-8B9E-8E1ACDF21810,PEDESTRIAN,Getting off/on Vehicle,NO IMPROPER ACTIONS,OTHER,NO PED. SIGNAL,DARK CLOTHING,,SUSPECTED SERIOUS INJURY,N/A,39.05038833,-77.07255167,"(39.05038833, -77.07255167)"
MCP3232001X,210018058,Montgomery County Police,Injury Crash,05/13/2021 06:56:00 PM,County,BRIGGS CHANEY RD,County,GOOD HOPE RD,,N/A,BICYCLIST,STRAIGHT MOVEMENT ANGLE,CLEAR,DRY,DAYLIGHT,TRAFFIC SIGNAL,NONE DETECTED,NONE DETECTED,6AB3F25B-FACC-4515-AD4D-6897D55A204F,BICYCLIST,Cross/Enter at Intersection,NO IMPROPER ACTIONS,AT INTERSECTION MARKED CROSSWALK,OBEYED PED. SIGNAL,MIXED CLOTHING,No,SUSPECTED MINOR INJURY,MC/BIKE HELMET,39.10190367,-76.98206517,"(39.10190367, -76.98206517)"
MCP2756002S,190016394,Montgomery County Police,Injury Crash,04/08/2019 09:05:00 PM,,,,,PARKING LOT OF 11301 GEORGIA AVE.,,PEDESTRIAN,OTHER,CLOUDY,,DARK LIGHTS ON,NO CONTROLS,NONE DETECTED,ALCOHOL PRESENT,41B7608E-E79B-4C90-87FD-F5245806088D,PEDESTRIAN,Other,NOT VISIBLE,OTHER,NO PED. SIGNAL,DARK CLOTHING,Yes,SUSPECTED MINOR INJURY,N/A,39.04024333,-77.05111333,"(39.04024333, -77.05111333)"
MCP2339008G,230031927,Montgomery County Police,Injury Crash,07/04/2023 04:00:00 PM,Municipality,TWINBROOK PKWY,Municipality,CHAPMAN AVE,,ROCKVILLE,BICYCLIST,ANGLE MEETS RIGHT TURN,CLEAR,DRY,DAYLIGHT,TRAFFIC SIGNAL,NONE DETECTED,NONE DETECTED,BA461D28-C0DA-4E7A-9D89-737DBD7E39B0,BICYCLIST,Cross/Enter at Intersection,UNKNOWN,ON ROADWAY AT CROSSWALK,UNKNOWN,UNKNOWN,Unknown,POSSIBLE INJURY,UNKNOWN,39.05881239,-77.11896131,"(39.05881239, -77.11896131)"
MCP1573000Z,16054603,Montgomery County Police,Injury Crash,10/23/2016 06:39:00 PM,County,CONNECTICUT AVE,Maryland (State),GEORGIA AVE,,N/A,BICYCLIST,SINGLE VEHICLE,CLEAR,DRY,DUSK,PERSON,NONE DETECTED,NONE DETECTED,57CDE8DC-2768-41BA-B8B7-5D276D5F52BE,BICYCLIST,Cross/Enter at Intersection,NO IMPROPER ACTIONS,ON ROADWAY AT CROSSWALK,OBEYED PED. SIGNAL,MIXED CLOTHING,No,POSSIBLE INJURY,NONE,39.083855,-77.07752667,"(39.083855, -77.07752667)"
MCP30700015,190055317,Montgomery County Police,Injury Crash,11/16/2019 01:10:00 PM,County,BATTERY LA,Maryland (State),OLD GEORGETOWN RD,,N/A,PEDESTRIAN,SINGLE VEHICLE,CLEAR,DRY,DAYLIGHT,TRAFFIC SIGNAL,N/A,N/A,6BFDD7FE-00F3-4D3D-BE61-3EF6ADAA4395,PEDESTRIAN,Cross/Enter at Intersection,NO IMPROPER ACTIONS,AT INTERSECTION MARKED CROSSWALK,OBEYED PED. SIGNAL,DARK CLOTHING,No,SUSPECTED MINOR INJURY,N/A,38.99080167,-77.10278167,"(38.99080167, -77.10278167)"
DD5612000Y,170518304,Rockville Police Departme,Injury Crash,07/10/2017 03:10:00 PM,,,,,DRIVEWAY/EXIT OF 1560 ROCKVILLE PIKE,,PEDESTRIAN,SINGLE VEHICLE,CLEAR,,DAYLIGHT,N/A,UNKNOWN,NONE DETECTED,3DB1B9E6-F023-4D6F-9F07-23C3FFFCC350,PEDESTRIAN,Walking/Riding w/Traffic,NO IMPROPER ACTIONS,ON ROADWAY AT CROSSWALK,NO PED. SIGNAL,MIXED CLOTHING,No,POSSIBLE INJURY,N/A,39.06480667,-77.12615333,"(39.06480667, -77.12615333)"
MCP2940004W,200028003,Montgomery County Police,Injury Crash,07/19/2020 10:50:00 AM,County,MACARTHUR BLVD,County,STABLE LA,,N/A,BICYCLIST,OTHER,CLEAR,DRY,DAYLIGHT,NO CONTROLS,NONE DETECTED,NONE DETECTED,B53B9F21-B4F7-447B-9945-04AB34CDF468,BICYCLIST,Walking/Riding w/Traffic,NO IMPROPER ACTIONS,ON ROADWAY NOT AT CROSSWALK,N/A,DARK CLOTHING,No,POSSIBLE INJURY,MC/BIKE HELMET,38.9821385,-77.22582,"(38.9821385, -77.22582)"
EJ7887000Z,210033443,Gaithersburg Police Depar,Injury Crash,08/29/2021 09:20:00 AM,Maryland (State),QUINCE ORCHARD RD,Maryland (State),GREAT SENECA HWY,,N/A,BICYCLIST,OTHER,CLEAR,DRY,DAYLIGHT,TRAFFIC SIGNAL,UNKNOWN,NONE DETECTED,E36ECE0F-3705-418C-B738-03E1AD4FDBD9,BICYCLIST,Cross/Enter at Intersection,UNKNOWN,MEDIAN,OBEYED PED. SIGNAL,DARK CLOTHING,No,SUSPECTED SERIOUS INJURY,NONE,39.12859599,-77.23752132,"(39.12859599, -77.23752132)"
MCP27200013,15020637,Montgomery County Police,Injury Crash,05/01/2015 07:05:00 PM,Maryland (State),GEORGIA AVE,County,REEDIE DR,,N/A,PEDESTRIAN,STRAIGHT MOVEMENT ANGLE,CLEAR,DRY,DAYLIGHT,TRAFFIC SIGNAL,N/A,N/A,B0105DE1-B57D-42BD-B0ED-798DE63DB44E,PEDESTRIAN,Unknown,UNKNOWN,UNKNOWN,UNKNOWN,MIXED CLOTHING,,POSSIBLE INJURY,N/A,39.03855333,-77.051755,"(39.03855333, -77.051755)"
DD5603009K,220047251,Rockville Police Departme,Property Damage Crash,10/27/2022 05:15:00 PM,Municipality,REDLAND BLVD,Municipality,THOMPSON DAIRY WAY,,ROCKVILLE,BICYCLIST,STRAIGHT MOVEMENT ANGLE,CLEAR,DRY,DAYLIGHT,TRAFFIC SIGNAL,NONE DETECTED,NONE DETECTED,ED076366-CB68-4CC7-B2CB-C1596C7868A6,BICYCLIST,Cross/Enter at Intersection,INATTENTIVE,ON ROADWAY NOT AT CROSSWALK,UNKNOWN,N/A,Yes,NO APPARENT INJURY,NONE,39.11266429,-77.17128621,"(39.11266429, -77.17128621)"
MCP28050038,190005766,Montgomery County Police,Property Damage Crash,02/05/2019 07:05:00 PM,Maryland (State),MIDCOUNTY HWY,County,PIER POINT PL,,N/A,PEDESTRIAN,SINGLE VEHICLE,CLEAR,DRY,DARK LIGHTS ON,NO CONTROLS,NONE DETECTED,ALCOHOL PRESENT,22F78DEC-44EA-43E1-B015-8C9439CA6704,PEDESTRIAN,Cross/Enter at Intersection,IN ROADWAY IMPROPERLY,ON ROADWAY NOT AT CROSSWALK,NO PED. SIGNAL,DARK CLOTHING,Yes,NO APPARENT INJURY,N/A,39.15932833,-77.19835333,"(39.15932833, -77.19835333)"
DD56140020,17005546,Rockville Police Departme,Injury Crash,02/01/2017 07:44:00 AM,Municipality,HURLEY AVE,Municipality,WATTS BRANCH PKWY,,ROCKVILLE,PEDESTRIAN,STRAIGHT MOVEMENT ANGLE,CLEAR,DRY,DAWN,NO CONTROLS,NONE DETECTED,NONE DETECTED,25F72564-CBDC-4369-9C7E-593B8A351E10,PEDESTRIAN,Cross/Enter at Intersection,NO IMPROPER ACTIONS,MIDBLOCK MARKED CROSSWALK,NO PED. SIGNAL,MIXED CLOTHING,No,POSSIBLE INJURY,NONE,39.08888814,-77.17847899,"(39.08888814, -77.17847899)"
DD56150065,180045944,Rockville Police Departme,Injury Crash,09/14/2018 01:45:00 PM,Maryland (State),HUNGERFORD DR,Municipality,N WASHINGTON ST,,ROCKVILLE,PEDESTRIAN,OTHER,CLOUDY,DRY,DAYLIGHT,NO CONTROLS,NONE DETECTED,NONE DETECTED,23B9D278-E50B-4FAC-B1B0-EAC47034D0B7,PEDESTRIAN,Walking/Cycling on Sidewalk,NO IMPROPER ACTIONS,SIDEWALK,NO PED. SIGNAL,MIXED CLOTHING,No,POSSIBLE INJURY,NONE,39.09085167,-77.15302333,"(39.09085167, -77.15302333)"
MCP3302000G,210038876,Montgomery County Police,Injury Crash,09/30/2021 07:36:00 PM,County,STEWART LA,County,APRIL LA,,N/A,PEDESTRIAN,SINGLE VEHICLE,CLEAR,DRY,DARK LIGHTS ON,NO CONTROLS,N/A,NONE DETECTED,AD197581-BDCA-41F3-8771-E764E0C131F6,PEDESTRIAN,Cross/Enter not at Intersection,IN ROADWAY IMPROPERLY,ON ROADWAY NOT AT CROSSWALK,NO PED. SIGNAL,MIXED CLOTHING,Yes,SUSPECTED MINOR INJURY,NONE,39.0441139,-76.9803241,"(39.0441139, -76.9803241)"
MCP9419001S,180043414,Montgomery County Police,Injury Crash,08/31/2018 09:55:00 AM,County,SEVEN LOCKS RD,County,MONTROSE RD,,N/A,PEDESTRIAN,OTHER,CLEAR,DRY,DAYLIGHT,TRAFFIC SIGNAL,NONE DETECTED,NONE DETECTED,09EB4AAA-A314-4699-BFBD-FDD705EA7696,PEDESTRIAN,Other Working,N/A,ON ROADWAY NOT AT CROSSWALK,N/A,REFLECTIVE MATERIAL,Yes,SUSPECTED MINOR INJURY,REFLECTIVE CLOTHING,39.05682167,-77.16154333,"(39.05682167, -77.16154333)"
MCP229800B9,16057493,Montgomery County Police,Injury Crash,11/07/2016 08:01:00 PM,Maryland (State),CLOPPER RD,County,LIBERTY MILL RD,,N/A,BICYCLIST,OTHER,CLEAR,N/A,DARK LIGHTS ON,NO CONTROLS,NONE DETECTED,ILLEGAL DRUG PRESENT,1BE559DC-EAE2-4CD8-AF04-54880E437CB8,BICYCLIST,Cross/Enter at Intersection,NO IMPROPER ACTIONS,AT INTERSECTION BUT NO CROSSWALK,NO PED. SIGNAL,MIXED CLOTHING,No,NO APPARENT INJURY,NONE,39.16217474,-77.28160657,"(39.16217474, -77.28160657)"
DD5625004K,200045132,Rockville Police Departme,Injury Crash,11/15/2020 06:20:00 PM,Municipality,WOOTTON PKWY,Municipality,FALLSMEAD WAY,,ROCKVILLE,PEDESTRIAN,OTHER,CLEAR,DRY,DARK NO LIGHTS,NO CONTROLS,NONE DETECTED,NONE DETECTED,51926177-1832-4008-8476-6EE1D9CF8E08,PEDESTRIAN,Cross/Enter at Intersection,NO IMPROPER ACTIONS,AT INTERSECTION MARKED CROSSWALK,NO PED. SIGNAL,DARK CLOTHING,No,POSSIBLE INJURY,NONE,39.0718583,-77.17858714,"(39.0718583, -77.17858714)"
MCP285900CH,220026307,Montgomery County Police,Injury Crash,06/18/2022 03:36:00 PM,Maryland (State),FREDERICK RD,Ramp,RAMP 2 FR RP 7 (FR IS370 WB) TO MD355 NB,,N/A,BICYCLIST,OTHER,CLEAR,DRY,DAYLIGHT,NO CONTROLS,NONE DETECTED,NONE DETECTED,CA6999A8-7C82-4FD6-9BF3-6A27BB91A703,BICYCLIST,Cross/Enter not at Intersection,NO IMPROPER ACTIONS,ON ROADWAY AT CROSSWALK,NO PED. SIGNAL,MIXED CLOTHING,No,SUSPECTED MINOR INJURY,NONE,39.12460926,-77.18016095,"(39.12460926, -77.18016095)"
MCP2736002C,15022048,Montgomery County Police,Property Damage Crash,05/08/2015 11:17:00 PM,,,,,Cheltnham Parking Garage,,BICYCLIST,SAME DIRECTION SIDESWIPE,N/A,,DARK LIGHTS ON,N/A,N/A,N/A,E15DDF14-0510-4040-933D-FA86B875E9E5,BICYCLIST,Walking/Riding w/Traffic,OTHER,OTHER,N/A,UNKNOWN,,NO APPARENT INJURY,NONE,38.98834354,-77.09422946,"(38.98834354, -77.09422946)"
MCP2603003M,210025244,Montgomery County Police,Injury Crash,07/01/2021 12:29:00 PM,,,,,PARKING LOT 803 RUSSELL AVENUE,,PEDESTRIAN,OTHER,CLEAR,,DAYLIGHT,N/A,N/A,N/A,38841B20-30C5-4B39-9CF7-C09E99C11D8D,PEDESTRIAN,Other,UNKNOWN,OTHER,N/A,MIXED CLOTHING,No,POSSIBLE INJURY,N/A,39.15552667,-77.20957667,"(39.15552667, -77.20957667)"