Report Number,Local Case Number,Agency Name,ACRS Report Type,Crash Date/Time,Route Type,Road Name,Cross-Street Type,Cross-Street Name,Off-Road Description,Municipality,Related Non-Motorist,Collision Type,Weather,Surface Condition,Light,Traffic Control,Driver Substance Abuse,Non-Motorist Substance Abuse,Person ID,Pedestrian Type,Pedestrian Movement,Pedestrian Actions,Pedestrian Location,Pedestrian Obeyed Traffic Signal,Pedestrian Visibility,At Fault,Injury Severity,Safety Equipment,Latitude,Longitude,Location
MCP21340016,170537943,Montgomery County Police,Fatal Crash,10/21/2017 02:33:00 AM,County,SHADY GROVE RD,County,CRABBS BRANCH WAY,,N/A,PEDESTRIAN,OTHER,CLEAR,DRY,DARK LIGHTS ON,N/A,N/A,UNKNOWN,EFE3A092-9D59-455F-9CCC-A38E2C7E8207,PEDESTRIAN,Other,UNKNOWN,ON ROADWAY NOT AT CROSSWALK,N/A,DARK CLOTHING,No,FATAL INJURY,NONE,39.129115,-77.16602167,"(39.129115, -77.16602167)"
MCP27100045,220024661,Montgomery County Police,Injury Crash,06/08/2022 07:50:00 PM,County,LONGDRAFT RD,Municipality,PHEASANT RUN DR,,GAITHERSBURG,MACHINE OPERATOR/RIDER,STRAIGHT MOVEMENT ANGLE,RAINING,WET,DAYLIGHT,N/A,NONE DETECTED,NONE DETECTED,370591B1-A208-4699-B1B7-2A54755452D5,MACHINE OPERATOR/RIDER,Cross/Enter at Intersection,INATTENTIVE,ON ROADWAY NOT AT CROSSWALK,NO PED. SIGNAL,N/A,Yes,POSSIBLE INJURY,NONE,39.14463696,-77.23817045,"(39.14463696, -77.23817045)"
MCP27080012,16016278,Montgomery County Police,Injury Crash,04/03/2016 03:58:00 PM,Maryland (State),PINEY BRANCH RD,Unknown,ENT TO APTS,,N/A,BICYCLIST,STRAIGHT MOVEMENT ANGLE,CLEAR,DRY,DAYLIGHT,NO CONTROLS,NONE DETECTED,NONE DETECTED,1FA2E4C8-2AB7-4D6E-8C76-C13BC2CC7EF3,BICYCLIST,Walking/Riding against Traffic,WRONG WAY RIDING OR WALKING,ON ROADWAY NOT AT CROSSWALK,N/A,MIXED CLOTHING,Yes,POSSIBLE INJURY,NONE,38.99974863,-76.99305989,"(38.99974863, -76.99305989)"
MCP1251000W,16037313,Montgomery County Police,Injury Crash,07/23/2016 02:01:00 PM,County,FALLS RD,Maryland (State),RIVER RD,,N/A,PEDESTRIAN,OTHER,CLEAR,DRY,DAYLIGHT,TRAFFIC SIGNAL,NONE DETECTED,NONE DETECTED,A1E873E0-59B9-4653-9A30-9A913AE5767E,PEDESTRIAN,Cross/Enter at Intersection,N/A,ON ROADWAY AT CROSSWALK,OBEYED PED. SIGNAL,LIGHT CLOTHING,No,SUSPECTED MINOR INJURY,NONE,39.01707667,-77.21024,"(39.01707667, -77.21024)"
MCP9379002X,200006303,Montgomery County Police,Injury Crash,02/07/2020 11:30:00 AM,,,,,PARKING LOT OF 903 W EDMONSTON DR,,PEDESTRIAN,STRAIGHT MOVEMENT ANGLE,CLEAR,,DAYLIGHT,NO CONTROLS,NONE DETECTED,NONE DETECTED,58808274-094F-434D-A0D2-679192DBA9AE,PEDESTRIAN,Walking/Riding against Traffic,NO IMPROPER ACTIONS,SIDEWALK,NO PED. SIGNAL,LIGHT CLOTHING,No,SUSPECTED MINOR INJURY,N/A,39.07406667,-77.13548167,"(39.07406667, -77.13548167)"
MCP2335001Q,220031928,Montgomery County Police,Injury Crash,07/24/2022 11:00:00 PM,County,NEEDLE DR,County,STRINGTOWN RD,,N/A,PEDESTRIAN,SINGLE VEHICLE,CLEAR,DRY,DARK NO LIGHTS,NO CONTROLS,N/A,NONE DETECTED,35423570-E129-434F-8BDB-442BFEDA3082,PEDESTRIAN,Standing,UNKNOWN,OTHER,OTHER,LIGHT CLOTHING,No,SUSPECTED SERIOUS INJURY,N/A,39.22153777,-77.24664433,"(39.22153777, -77.24664433)"
MCP9424000H,15050537,MONTGOMERY,Injury Crash,10/06/2015 04:45:00 AM,Maryland (State),WOODFIELD RD,County,CHURCHILL DOWNS RD,,N/A,PEDESTRIAN,SAME DIR REAR END,CLEAR,DRY,DARK LIGHTS ON,N/A,NONE DETECTED,NONE DETECTED,AC96F3E9-E134-42EE-BBA8-2CF7B0725088,PEDESTRIAN,Walking/Riding w/Traffic,NOT VISIBLE,ON ROADWAY NOT AT CROSSWALK,N/A,MIXED CLOTHING,No,POSSIBLE INJURY,N/A,39.21696333,-77.17322,"(39.21696333, -77.17322)"
HA24510007,19002496,Maryland-National Capital,Injury Crash,09/15/2019 03:35:00 PM,Government,BEACH DR,County,WEXFORD DR,,N/A,BICYCLIST,OTHER,CLEAR,DRY,DAYLIGHT,N/A,NONE DETECTED,N/A,2307DF7E-2A41-45D4-B9EE-6C32D0AA1804,BICYCLIST,Walking/Riding w/Traffic,NO IMPROPER ACTIONS,SHOULDER,N/A,LIGHT CLOTHING,No,SUSPECTED MINOR INJURY,MC/BIKE HELMET,39.03754636,-77.08591912,"(39.03754636, -77.08591912)"
DD56130001,15024434,Rockville Police Departme,Injury Crash,05/21/2015 03:07:00 PM,Municipality,ROLLINS AVE,Municipality,E JEFFERSON ST,,ROCKVILLE,PEDESTRIAN,STRAIGHT MOVEMENT ANGLE,CLOUDY,WET,DAYLIGHT,TRAFFIC SIGNAL,NONE DETECTED,NONE DETECTED,56B49EAB-114D-4594-96E9-32A468511BA4,PEDESTRIAN,Cross/Enter not at Intersection,IN ROADWAY IMPROPERLY,OUTSIDE RIGHT OF WAY,DISOBEYED PED. SIGNAL,N/A,,SUSPECTED MINOR INJURY,N/A,39.08372833,-77.153265,"(39.08372833, -77.153265)"
MCP2651003J,190050853,Montgomery County Police,Injury Crash,10/23/2019 06:49:00 AM,County,NORTHAMPTON DR,County,BEACON RD,,N/A,PEDESTRIAN,OTHER,CLEAR,DRY,DARK LIGHTS ON,STOP SIGN,N/A,N/A,54D336CB-DB44-4EB8-857D-18B8A33E8476,PEDESTRIAN,Cross/Enter at Intersection,FAILURE TO YIELD RIGHT OF WAY,ON ROADWAY NOT AT CROSSWALK,NO PED. SIGNAL,DARK CLOTHING,Yes,POSSIBLE INJURY,NONE,39.00762,-76.98374,"(39.00762, -76.98374)"
MCP2330001L,180017910,Montgomery County Police,Injury Crash,04/12/2018 06:16:00 PM,,,,,PARKING LOT OF 11931 VEIRS MILL RD,,BICYCLIST,OTHER,CLEAR,,DAYLIGHT,NO CONTROLS,N/A,NONE DETECTED,54E87288-AD24-4864-861C-665BEF144C24,BICYCLIST,Playing,OTHER,ON ROADWAY NOT AT CROSSWALK,NO PED. SIGNAL,LIGHT CLOTHING,No,POSSIBLE INJURY,NONE,39.05358472,-77.07627475,"(39.05358472, -77.07627475)"
MCP2531000D,15065828,MONTGOMERY,Injury Crash,12/23/2015 07:01:00 PM,County,CROWN FARM DR,Municipality,STORY DR,,GAITHERSBURG,PEDESTRIAN,SINGLE VEHICLE,RAINING,WET,DARK -- UNKNOWN LIGHTING,STOP SIGN,N/A,N/A,0589AEB2-5354-48E0-9AD7-825EB693BD1E,PEDESTRIAN,Cross/Enter at Intersection,NO IMPROPER ACTIONS,ON ROADWAY AT CROSSWALK,NO PED. SIGNAL,MIXED CLOTHING,No,SUSPECTED SERIOUS INJURY,NONE,39.11576833,-77.21183,"(39.11576833, -77.21183)"
MCP2997000L,16063152,Montgomery County Police,Injury Crash,12/09/2016 01:10:00 AM,County,BEL PRE RD,Other Public Roadway,PARKER FARM WAY,,N/A,PEDESTRIAN,STRAIGHT MOVEMENT ANGLE,N/A,DRY,DARK LIGHTS ON,NO CONTROLS,UNKNOWN,ALCOHOL PRESENT,768A26A0-BD2A-4662-A52B-475050B38519,PEDESTRIAN,Hitchhiking,IN ROADWAY IMPROPERLY,ON ROADWAY NOT AT CROSSWALK,NO PED. SIGNAL,HEAD LIGHT,Yes,SUSPECTED MINOR INJURY,NONE,39.0904672,-77.04884648,"(39.0904672, -77.04884648)"
MCP2722002F,170504449,Montgomery County Police,Injury Crash,04/27/2017 05:47:00 AM,County,ASPEN HILL RD,County,PARKLAND DR,,N/A,PEDESTRIAN,STRAIGHT MOVEMENT ANGLE,FOGGY,DRY,DARK LIGHTS ON,TRAFFIC SIGNAL,N/A,N/A,39BB0265-5932-4DCB-B7A8-A2628564940A,PEDESTRIAN,Cross/Enter at Intersection,NO IMPROPER ACTIONS,ON ROADWAY AT CROSSWALK,OBEYED PED. SIGNAL,DARK CLOTHING,No,SUSPECTED MINOR INJURY,NONE,39.079225,-77.0874,"(39.079225, -77.0874)"
MCP2015000D,15004236,Montgomery County Police,Injury Crash,01/26/2015 07:02:00 PM,Maryland (State),CLOPPER RD,County,MATENY RD,,N/A,PEDESTRIAN,SINGLE VEHICLE,SNOW,SNOW,DARK LIGHTS ON,TRAFFIC SIGNAL,NONE DETECTED,NONE DETECTED,060BB66D-82BB-4107-B4C8-5CBCAD6CB033,PEDESTRIAN,Cross/Enter at Intersection,DART DASH,ON ROADWAY AT CROSSWALK,OBEYED PED. SIGNAL,DARK CLOTHING,,POSSIBLE INJURY,NONE,39.15640667,-77.26634833,"(39.15640667, -77.26634833)"
MCP2973001C,16017657,Montgomery County Police,Injury Crash,04/11/2016 10:41:00 AM,Maryland (State),VEIRS MILL RD,County,GRIDLEY RD,,N/A,PEDESTRIAN,SAME DIR REND RIGHT TURN,CLOUDY,DRY,DAYLIGHT,PERSON,NONE DETECTED,NONE DETECTED,1CFE73BD-E13E-45CF-9590-9EA9E9AAD0FC,PEDESTRIAN,Cross/Enter at Intersection,NO IMPROPER ACTIONS,ON ROADWAY AT CROSSWALK,OBEYED PED. SIGNAL,MIXED CLOTHING,No,POSSIBLE INJURY,NONE,39.05712241,-77.08442867,"(39.05712241, -77.08442867)"
MCP2780005H,210035455,Montgomery County Police,Injury Crash,09/09/2021 02:25:00 PM,County,SHAKESPEARE BLVD,County,OBSERVATION DR,,N/A,PEDESTRIAN,SINGLE VEHICLE,CLOUDY,DRY,DAYLIGHT,N/A,N/A,N/A,8E300ADF-0610-4D1A-8582-183B317AB2B8,PEDESTRIAN,Cross/Enter at Intersection,NO IMPROPER ACTIONS,ON ROADWAY AT CROSSWALK,NO PED. SIGNAL,DARK CLOTHING,No,POSSIBLE INJURY,N/A,39.19734167,-77.25220833,"(39.19734167, -77.25220833)"
MCP2617006T,190002554,Montgomery County Police,Injury Crash,01/16/2019 05:50:00 PM,Maryland (State),GEORGIA AVE,County,HEWITT AVE,,N/A,PEDESTRIAN,SINGLE VEHICLE,CLOUDY,WET,DARK LIGHTS ON,TRAFFIC SIGNAL,NONE DETECTED,NONE DETECTED,B78E6381-02E4-4D3D-A786-D12ECB76C428,PEDESTRIAN,Cross/Enter at Intersection,DART DASH,ON ROADWAY AT CROSSWALK,DISOBEYED PED. SIGNAL,MIXED CLOTHING,Yes,SUSPECTED SERIOUS INJURY,NONE,39.05769833,-77.05041667,"(39.05769833, -77.05041667)"
MCP2813007X,190061992,Montgomery County Police,Injury Crash,12/24/2019 05:58:00 PM,,,,,PAKRING LOT OF 11160 VEIRS MILL RD,,PEDESTRIAN,SINGLE VEHICLE,CLEAR,,DARK LIGHTS ON,NO CONTROLS,N/A,N/A,7D7BB816-E8DF-499B-82AF-221E5F792858,PEDESTRIAN,Cross/Enter at Intersection,NO IMPROPER ACTIONS,SHOULDER,N/A,LIGHT CLOTHING,No,POSSIBLE INJURY,REFLECTIVE CLOTHING,39.03741667,-77.05503833,"(39.03741667, -77.05503833)"
MCP3007000N,16014539,Montgomery County Police,Injury Crash,03/24/2016 06:17:00 PM,County,ASPEN HILL RD,Maryland (State),VEIRS MILL RD,,N/A,PEDESTRIAN,SINGLE VEHICLE,CLEAR,N/A,DAYLIGHT,TRAFFIC SIGNAL,NONE DETECTED,NONE DETECTED,58B8AA1E-E34F-49FA-ADC5-097C8F1337E5,PEDESTRIAN,Cross/Enter at Intersection,NO IMPROPER ACTIONS,N/A,OBEYED PED. SIGNAL,LIGHT CLOTHING,No,POSSIBLE INJURY,NONE,39.06919632,-77.1048148,"(39.06919632, -77.1048148)"
MCP3277002D,230004189,Montgomery County Police,Injury Crash,01/25/2023 09:00:00 PM,Maryland (State),MONTGOMERY VILLAGE AVE,County,LOST KNIFE RD,,N/A,PEDESTRIAN,N/A,RAINING,WET,DARK -- UNKNOWN LIGHTING,TRAFFIC SIGNAL,UNKNOWN,NONE DETECTED,46E96783-9163-4681-A9E5-057A159C0DD8,PEDESTRIAN,Cross/Enter at Intersection,UNKNOWN,ON ROADWAY AT CROSSWALK,UNKNOWN,DARK CLOTHING,No,SUSPECTED MINOR INJURY,NONE,39.15806039,-77.20414207,"(39.15806039, -77.20414207)"
MCP3208000W,190060635,Montgomery County Police,Injury Crash,12/16/2019 05:42:00 PM,Maryland (State),PINEY BRANCH RD,County,FLOWER AVE,,N/A,PEDESTRIAN,HEAD ON LEFT TURN,RAINING,WET,DARK LIGHTS ON,TRAFFIC SIGNAL,N/A,N/A,826A0BE2-8A5B-45BB-9CB0-A9EC5CA09646,PEDESTRIAN,Cross/Enter at Intersection,UNKNOWN,ON ROADWAY AT CROSSWALK,UNKNOWN,MIXED CLOTHING,Unknown,POSSIBLE INJURY,N/A,38.9982278,-77.00355235,"(38.9982278, -77.00355235)"
MCP32330038,220039399,Montgomery County Police,Injury Crash,09/10/2022 06:56:00 PM,Maryland (State),PINEY BRANCH RD,County,CARROLL AVE,,N/A,PEDESTRIAN,SINGLE VEHICLE,CLEAR,DRY,DAWN,WARNING SIGN,NONE DETECTED,NONE DETECTED,4ADAE45E-0669-49B5-B1B7-18B59C51C050,PEDESTRIAN,Cross/Enter not at Intersection,NO IMPROPER ACTIONS,ON ROADWAY AT CROSSWALK,N/A,LIGHT CLOTHING,No,SUSPECTED MINOR INJURY,NONE,39.03362783,-77.00331017,"(39.03362783, -77.00331017)"
MCP22980129,220054325,Montgomery County Police,Injury Crash,12/08/2022 06:01:00 PM,Maryland (State),MASSACHUSETTS AVE,County,SANGAMORE RD,,N/A,PEDESTRIAN,SINGLE VEHICLE,CLEAR,N/A,DARK LIGHTS ON,TRAFFIC SIGNAL,NONE DETECTED,NONE DETECTED,BD697C75-CC4D-4FE5-BB94-C8306B28B223,PEDESTRIAN,Cross/Enter at Intersection,INATTENTIVE,AT INTERSECTION MARKED CROSSWALK,UNKNOWN,MIXED CLOTHING,No,SUSPECTED MINOR INJURY,REFLECTIVE CLOTHING,38.96319,-77.1212,"(38.96319, -77.1212)"
MCP3201000F,190047924,Montgomery County Police,Injury Crash,10/06/2019 09:17:00 AM,,,,,PARKING LOT OF 13114 BRIARCLIFF TERRACE.,,PEDESTRIAN,OTHER,CLOUDY,,DAYLIGHT,NO CONTROLS,N/A,N/A,6DE63A68-117D-49A8-9BEC-1DE40C9DDC69,PEDESTRIAN,Playing,IN ROADWAY IMPROPERLY,OTHER,N/A,LIGHT CLOTHING,Yes,SUSPECTED SERIOUS INJURY,NONE,39.18211656,-77.27417256,"(39.18211656, -77.27417256)"
EJ7847002D,200013331,Gaithersburg Police Depar,Injury Crash,03/19/2020 08:00:00 PM,Maryland (State),QUINCE ORCHARD RD,Maryland (State),GREAT SENECA HWY,,N/A,BICYCLIST,STRAIGHT MOVEMENT ANGLE,RAINING,WET,DARK LIGHTS ON,TRAFFIC SIGNAL,N/A,NONE DETECTED,4005E3FD-517A-4963-B086-0737BC0BE74C,BICYCLIST,Cross/Enter at Intersection,UNKNOWN,AT INTERSECTION MARKED CROSSWALK,UNKNOWN,MIXED CLOTHING,Unknown,SUSPECTED MINOR INJURY,NONE,39.12853456,-77.2376771,"(39.12853456, -77.2376771)"
MCP24360087,190040357,Montgomery County Police,Injury Crash,08/23/2019 12:50:00 PM,Maryland (State),PINEY BRANCH RD,County,ARLISS ST,,N/A,PEDESTRIAN,OTHER,RAINING,WET,DAYLIGHT,TRAFFIC SIGNAL,NONE DETECTED,NONE DETECTED,D9B00D3F-CC88-4344-B85C-D319920CDF00,PEDESTRIAN,Cross/Enter at Intersection,NO IMPROPER ACTIONS,ON ROADWAY AT CROSSWALK,OBEYED PED. SIGNAL,LIGHT CLOTHING,No,SUSPECTED MINOR INJURY,N/A,38.99846833,-77.00145667,"(38.99846833, -77.00145667)"
MCP3268000K,200040192,Montgomery County Police,Injury Crash,10/12/2020 05:00:00 PM,Maryland (State),COLESVILLE RD,Maryland (State),EAST WEST HWY,,N/A,OTHER,STRAIGHT MOVEMENT ANGLE,CLEAR,DRY,DAYLIGHT,STOP SIGN,N/A,N/A,70839808-DDEC-4427-924C-E3D42ED6B47B,OTHER,Cross/Enter at Intersection,NO IMPROPER ACTIONS,ON ROADWAY AT CROSSWALK,OBEYED PED. SIGNAL,N/A,No,SUSPECTED MINOR INJURY,N/A,38.9935873,-77.03225235,"(38.9935873, -77.03225235)"
DD56620009,230022284,Rockville Police Departme,Injury Crash,05/09/2023 05:12:00 PM,,,,,785 ROCKVILLE PIKE (7/11 PARKING LOT),,PEDESTRIAN,OTHER,CLEAR,,DAYLIGHT,N/A,UNKNOWN,NONE DETECTED,425FFBAE-A1C7-4BF4-A08C-ADE8603E2528,PEDESTRIAN,Other,NO IMPROPER ACTIONS,OTHER,N/A,MIXED CLOTHING,No,POSSIBLE INJURY,NONE,39.08122983,-77.14816817,"(39.08122983, -77.14816817)"
MCP209400FV,200002289,Montgomery County Police,Injury Crash,01/14/2020 09:41:00 AM,Maryland (State),MASSACHUSETTS AVE,County,BENT BRANCH RD,,N/A,PEDESTRIAN,OTHER,RAINING,WET,DAYLIGHT,NO CONTROLS,NONE DETECTED,NONE DETECTED,8B7FCDAD-6870-4572-96DC-2DB32362E39D,PEDESTRIAN,Cross/Enter at Intersection,FAILURE TO YIELD RIGHT OF WAY,ON ROADWAY AT CROSSWALK,NO PED. SIGNAL,DARK CLOTHING,Yes,SUSPECTED MINOR INJURY,NONE,38.968465,-77.12932833,"(38.968465, -77.12932833)"
MCP2438002J,200019314,Montgomery County Police,Injury Crash,05/13/2020 02:42:00 PM,,,,,PARKING LOT OF 12056 CHERRY HILL ROAD,,PEDESTRIAN,OTHER,N/A,,N/A,N/A,UNKNOWN,N/A,7E667A92-44B9-4441-85A2-0B3A97794304,PEDESTRIAN,Other,DART DASH,OTHER,UNKNOWN,DARK CLOTHING,No,POSSIBLE INJURY,N/A,39.05542924,-76.95435716,"(39.05542924, -76.95435716)"
MCP28510019,15048076,MONTGOMERY,Injury Crash,09/22/2015 06:44:00 PM,Maryland (State),GERMANTOWN RD,County,AIRCRAFT DR,,N/A,PEDESTRIAN,SINGLE VEHICLE,CLEAR,DRY,DAYLIGHT,TRAFFIC SIGNAL,NONE DETECTED,NONE DETECTED,8CD3880B-7884-49A3-A47D-665B594167C2,PEDESTRIAN,Cross/Enter at Intersection,FAILURE TO YIELD RIGHT OF WAY,ON ROADWAY AT CROSSWALK,DISOBEYED PED. SIGNAL,MIXED CLOTHING,Yes,SUSPECTED MINOR INJURY,N/A,39.18203333,-77.26057833,"(39.18203333, -77.26057833)"
MCP29910045,200024885,Montgomery County Police,Injury Crash,06/26/2020 09:30:00 AM,County,HORNELL DR,County,GADSDEN AVE,,N/A,PEDESTRIAN,SINGLE VEHICLE,CLEAR,DRY,DAYLIGHT,NO CONTROLS,NONE DETECTED,NONE DETECTED,B2CFDB33-47F1-4C57-A2C4-53674583D56C,PEDESTRIAN,Other,IN ROADWAY IMPROPERLY,ON ROADWAY NOT AT CROSSWALK,N/A,DARK CLOTHING,Yes,POSSIBLE INJURY,N/A,39.14222913,-76.99009657,"(39.14222913, -76.99009657)"
MCP2831002D,170546018,Montgomery County Police,Injury Crash,12/01/2017 02:31:00 PM,County,CRYSTAL ROCK DR,County,FATHER HURLEY BLVD,,N/A,BICYCLIST,SINGLE VEHICLE,CLEAR,DRY,DAYLIGHT,TRAFFIC SIGNAL,N/A,N/A,449C0A49-AC16-4A8C-B2B3-3418C446FA0C,BICYCLIST,Cross/Enter at Intersection,FAILURE TO OBEY TRAFFIC SIGNS SIGNALS OR OFFICER,ON ROADWAY AT CROSSWALK,DISOBEYED PED. SIGNAL,DARK CLOTHING,Yes,SUSPECTED MINOR INJURY,MC/BIKE HELMET,39.19357,-77.26988333,"(39.19357, -77.26988333)"
MCP2723003R,180048829,Montgomery County Police,Injury Crash,09/30/2018 10:20:00 AM,County,BOWIE MILL RD,County,WICKHAM DR,,N/A,BICYCLIST,OTHER,CLEAR,DRY,DAYLIGHT,TRAFFIC SIGNAL,N/A,N/A,AA52ED37-ED07-4F88-9232-086E398FC9BF,BICYCLIST,Cross/Enter at Intersection,NO IMPROPER ACTIONS,ON ROADWAY AT CROSSWALK,OBEYED PED. SIGNAL,MIXED CLOTHING,No,SUSPECTED MINOR INJURY,MC/BIKE HELMET,39.15492167,-77.09483333,"(39.15492167, -77.09483333)"
MCP137800QY,190028479,Montgomery County Police,Injury Crash,06/14/2019 05:33:00 PM,County,EAST VILLAGE AVE,County,ASQUITH WAY,,N/A,BICYCLIST,STRAIGHT MOVEMENT ANGLE,CLEAR,DRY,DAYLIGHT,STOP SIGN,NONE DETECTED,NONE DETECTED,BED695AC-9FE4-404F-9D57-FC87A6228335,BICYCLIST,Cross/Enter at Intersection,NO IMPROPER ACTIONS,ON ROADWAY NOT AT CROSSWALK,N/A,DARK CLOTHING,No,SUSPECTED MINOR INJURY,MC/BIKE HELMET,39.19168333,-77.15479,"(39.19168333, -77.15479)"
MCP3068003R,220002996,Montgomery County Police,Injury Crash,01/23/2022 07:40:00 PM,,,,,PARKING LOT,,PEDESTRIAN,SINGLE VEHICLE,CLEAR,,DARK LIGHTS ON,N/A,N/A,N/A,9CF99A51-0B31-402C-9103-DF1D722146E7,PEDESTRIAN,Other,NO IMPROPER ACTIONS,OUTSIDE RIGHT OF WAY,NO PED. SIGNAL,MIXED CLOTHING,No,POSSIBLE INJURY,NONE,39.014625,-77.10509,"(39.014625, -77.10509)"
MCP3052000F,170529958,Montgomery County Police,Injury Crash,09/11/2017 06:33:00 PM,,,,,PARKING LOT OF LOWES,,BICYCLIST,SINGLE VEHICLE,CLEAR,,DAYLIGHT,N/A,NONE DETECTED,NONE DETECTED,A51FB3FE-AC27-4503-A57D-B32394F39AF8,BICYCLIST,Walking/Riding w/Traffic,NO IMPROPER ACTIONS,ON ROADWAY NOT AT CROSSWALK,N/A,MIXED CLOTHING,No,SUSPECTED MINOR INJURY,MC/BIKE HELMET,39.12475027,-77.23576427,"(39.12475027, -77.23576427)"
MCP3299002B,230001456,Montgomery County Police,Injury Crash,01/10/2023 07:35:00 AM,Maryland (State),OLNEY SANDY SPRING RD,Unknown,SHERWOOD HIGH SCHOOL,,N/A,PEDESTRIAN,OTHER,CLEAR,DRY,DAYLIGHT,NO CONTROLS,UNKNOWN,NONE DETECTED,867EFD6F-C7F5-4D07-8F40-9D8EC55C4471,PEDESTRIAN,Walking to/from school,IN ROADWAY IMPROPERLY,ON ROADWAY NOT AT CROSSWALK,NO PED. SIGNAL,MIXED CLOTHING,Yes,SUSPECTED MINOR INJURY,NONE,39.14911853,-77.01700222,"(39.14911853, -77.01700222)"
MCP30300012,170541923,Montgomery County Police,Injury Crash,11/09/2017 06:27:00 PM,County,BEECH AVE,Maryland (State),OLD GEORGETOWN RD,,N/A,PEDESTRIAN,STRAIGHT MOVEMENT ANGLE,RAINING,WET,DARK LIGHTS ON,TRAFFIC SIGNAL,NONE DETECTED,NONE DETECTED,D763C3ED-3A2B-422D-B9BA-1E81A865BB04,PEDESTRIAN,Cross/Enter at Intersection,NO IMPROPER ACTIONS,ON ROADWAY AT CROSSWALK,OBEYED PED. SIGNAL,MIXED CLOTHING,No,SUSPECTED MINOR INJURY,NONE,39.01027333,-77.11488667,"(39.01027333, -77.11488667)"
MCP3033001M,170544787,Montgomery County Police,Injury Crash,11/25/2017 10:10:00 AM,County,OLD COLUMBIA PIKE,Unknown,AVONSHIRE DR,,N/A,PEDESTRIAN,OTHER,CLEAR,DRY,DAYLIGHT,NO CONTROLS,NONE DETECTED,NONE DETECTED,DDF6721F-7D40-44A7-B6DD-4E215005E337,PEDESTRIAN,Cross/Enter at Intersection,NO IMPROPER ACTIONS,AT INTERSECTION BUT NO CROSSWALK,NO PED. SIGNAL,MIXED CLOTHING,No,POSSIBLE INJURY,NONE,39.083835,-76.95193667,"(39.083835, -76.95193667)"
DD5637001T,200036919,Rockville Police Departme,Injury Crash,09/20/2020 06:10:00 PM,Municipality,REDLAND BLVD,Municipality,THOMPSON DAIRY WAY,,ROCKVILLE,OTHER,OTHER,CLEAR,DRY,DAYLIGHT,TRAFFIC SIGNAL,,NONE DETECTED,793705A1-ABC4-4E23-8564-D7ACC3E3A122,OTHER,Cross/Enter at Intersection,UNKNOWN,ON ROADWAY AT CROSSWALK,DISOBEYED PED. SIGNAL,MIXED CLOTHING,Yes,SUSPECTED MINOR INJURY,MC/BIKE HELMET,39.1129475,-77.17159717,"(39.1129475, -77.17159717)"
MCP2942000P,15031239,Montgomery County Police,Injury Crash,06/26/2015 01:21:00 PM,Maryland (State),BRADLEY BLVD,County,OAK FOREST LA,,N/A,BICYCLIST,SAME DIR REAR END,CLOUDY,DRY,DAYLIGHT,N/A,NONE DETECTED,NONE DETECTED,A57194B0-EF9C-4EA5-95B7-AB2CF4886EC2,BICYCLIST,Walking/Riding w/Traffic,INATTENTIVE,SHOULDER,N/A,LIGHT CLOTHING,,SUSPECTED MINOR INJURY,MC/BIKE HELMET,39.00080667,-77.07756833,"(39.00080667, -77.07756833)"
EJ7884001J,210001898,Gaithersburg Police Depar,Injury Crash,01/15/2021 06:26:00 PM,Municipality,E DIAMOND AVE,Municipality,GIRARD ST,,GAITHERSBURG,PEDESTRIAN,OTHER,RAINING,WET,DARK NO LIGHTS,NO CONTROLS,N/A,N/A,16DEB8F7-303B-4AD5-A1F0-60ACDE8FD3D6,PEDESTRIAN,Unknown,NO IMPROPER ACTIONS,ON ROADWAY NOT AT CROSSWALK,N/A,MIXED CLOTHING,Yes,SUSPECTED SERIOUS INJURY,N/A,39.1420083,-77.18803328,"(39.1420083, -77.18803328)"
MCP3006007D,220021952,Montgomery County Police,Property Damage Crash,05/23/2022 01:30:00 PM,Other Public Roadway,GEORGIAN WAY,Maryland (State),GEORGIA AVE,,N/A,BICYCLIST,STRAIGHT MOVEMENT ANGLE,CLEAR,DRY,DAYLIGHT,NO CONTROLS,NONE DETECTED,NONE DETECTED,678D9779-002C-4487-A0A3-AD02DE668CDF,BICYCLIST,Walking/Riding against Traffic,NO IMPROPER ACTIONS,SIDEWALK,N/A,MIXED CLOTHING,No,NO APPARENT INJURY,NONE,39.054195,-77.05031,"(39.054195, -77.05031)"
MCP2756004K,220040821,Montgomery County Police,Injury Crash,09/19/2022 06:49:00 PM,County,REEDIE DR,County,TRIANGLE LA,,N/A,OTHER,SINGLE VEHICLE,CLEAR,DRY,DAYLIGHT,NO CONTROLS,UNKNOWN,NONE DETECTED,103A86F3-C08D-4BF4-9D76-77CEB8311B3C,OTHER,Other,UNKNOWN,ON ROADWAY AT CROSSWALK,NO PED. SIGNAL,DARK CLOTHING,No,POSSIBLE INJURY,NONE,39.0385,-77.051776,"(39.0385, -77.051776)"
MCP3077001L,200024313,Montgomery County Police,Injury Crash,06/21/2020 07:02:00 PM,,,,,PARKING LOT OF KITCHEN HOUSE WAY,,PEDESTRIAN,SINGLE VEHICLE,CLEAR,,DAYLIGHT,NO CONTROLS,N/A,N/A,5E0F3BBF-7B9F-436E-B1C0-047E8B6BA8D3,PEDESTRIAN,Playing,NO IMPROPER ACTIONS,CURB,N/A,N/A,Yes,SUSPECTED MINOR INJURY,N/A,39.15206333,-77.26689667,"(39.15206333, -77.26689667)"