Report Number,Local Case Number,Agency Name,ACRS Report Type,Crash Date/Time,Route Type,Road Name,Cross-Street Type,Cross-Street Name,Off-Road Description,Municipality,Related Non-Motorist,Collision Type,Weather,Surface Condition,Light,Traffic Control,Driver Substance Abuse,Non-Motorist Substance Abuse,Person ID,Pedestrian Type,Pedestrian Movement,Pedestrian Actions,Pedestrian Location,Pedestrian Obeyed Traffic Signal,Pedestrian Visibility,At Fault,Injury Severity,Safety Equipment,Latitude,Longitude,Location
EJ7829001R,15063391,GAITHERSBURG,Injury Crash,12/11/2015 06:50:00 PM,Municipality,W DEER PARK RD,Municipality,DUVALL LA,,GAITHERSBURG,PEDESTRIAN,SINGLE VEHICLE,CLEAR,DRY,DARK LIGHTS ON,STOP SIGN,NONE DETECTED,NONE DETECTED,F7888C59-A21D-404F-9A30-868A47C1F47B,PEDESTRIAN,Cross/Enter at Intersection,IN ROADWAY IMPROPERLY,AT INTERSECTION BUT NO CROSSWALK,N/A,DARK CLOTHING,Yes,SUSPECTED MINOR INJURY,N/A,39.12748,-77.19744,"(39.12748, -77.19744)"
MCP2927000L,15054457,MONTGOMERY,Injury Crash,10/27/2015 07:04:00 AM,US (State),GEORGIA AVE,County,BONIFANT ST,,N/A,PEDESTRIAN,OTHER,CLEAR,DRY,DARK LIGHTS ON,TRAFFIC SIGNAL,NONE DETECTED,NONE DETECTED,401D48C1-CFB0-4D78-A0D7-4C7FF4A1B049,PEDESTRIAN,Cross/Enter at Intersection,NO IMPROPER ACTIONS,AT INTERSECTION MARKED CROSSWALK,OBEYED PED. SIGNAL,DARK CLOTHING,No,POSSIBLE INJURY,NONE,38.99350333,-77.026545,"(38.99350333, -77.026545)"
MCP3289000D,210003353,Montgomery County Police,Injury Crash,01/27/2021 09:20:00 AM,County,CANNON RD,County,KARA LA,,N/A,PEDESTRIAN,SINGLE VEHICLE,CLOUDY,DRY,DAYLIGHT,NO CONTROLS,NONE DETECTED,NONE DETECTED,B009D9AE-F0C0-402A-97F0-D00212835755,PEDESTRIAN,Cross/Enter at Intersection,NO IMPROPER ACTIONS,ON ROADWAY AT CROSSWALK,N/A,DARK CLOTHING,No,SUSPECTED MINOR INJURY,N/A,39.0702475,-77.0019805,"(39.0702475, -77.0019805)"
MCP2799001F,16013039,MONTGOMERY,Injury Crash,03/16/2016 08:16:00 PM,County,MORNINGWOOD DR,County,HEADWATERS DR,,N/A,PEDESTRIAN,STRAIGHT MOVEMENT ANGLE,CLEAR,DRY,DARK LIGHTS ON,STOP SIGN,NONE DETECTED,NONE DETECTED,977F67BF-B296-4EA5-9885-BF651580E436,PEDESTRIAN,Cross/Enter at Intersection,NOT VISIBLE,AT INTERSECTION MARKED CROSSWALK,NO PED. SIGNAL,MIXED CLOTHING,No,SUSPECTED MINOR INJURY,NONE,39.1530017,-77.07724571,"(39.1530017, -77.07724571)"
MCP2720002P,17011450,Montgomery County Police,Injury Crash,03/05/2017 02:48:00 AM,County,WINDMILL LA,County,ROSSITER CT,,N/A,PEDESTRIAN,SINGLE VEHICLE,CLEAR,DRY,DARK -- UNKNOWN LIGHTING,NO CONTROLS,UNKNOWN,NONE DETECTED,1EB10340-F9FC-42DA-B2A2-F4AC99F81092,PEDESTRIAN,Other,NO IMPROPER ACTIONS,CURB,N/A,N/A,No,SUSPECTED MINOR INJURY,NONE,39.09209167,-77.06885333,"(39.09209167, -77.06885333)"
MCP2617009W,210048446,Montgomery County Police,Injury Crash,11/29/2021 03:45:00 PM,County,OLD COLUMBIA PIKE,County,OAKHURST DR,,N/A,PEDESTRIAN,OTHER,CLEAR,DRY,DAYLIGHT,NO CONTROLS,UNKNOWN,NONE DETECTED,173B1597-A1F5-40AA-A5A1-C8A9C1EE9BE0,PEDESTRIAN,Cross/Enter not at Intersection,UNKNOWN,ON ROADWAY NOT AT CROSSWALK,UNKNOWN,DARK CLOTHING,Unknown,SUSPECTED MINOR INJURY,NONE,39.10077696,-76.94146436,"(39.10077696, -76.94146436)"
MCP2353003K,17005729,Montgomery County Police,Injury Crash,02/02/2017 09:01:00 AM,Maryland (State),ROCKVILLE PIKE,Unknown,CEDAR CROFT DR,,N/A,BICYCLIST,STRAIGHT MOVEMENT ANGLE,CLOUDY,DRY,DAYLIGHT,NO CONTROLS,NONE DETECTED,NONE DETECTED,39A5D048-7C40-4343-BA4A-68BF23FD524F,BICYCLIST,Cross/Enter at Intersection,FAILURE TO YIELD RIGHT OF WAY,AT INTERSECTION BUT NO CROSSWALK,NO PED. SIGNAL,MIXED CLOTHING,Yes,POSSIBLE INJURY,MC/BIKE HELMET,39.00850167,-77.09802833,"(39.00850167, -77.09802833)"
MCP2765002J,16029071,Montgomery County Police,Injury Crash,06/09/2016 07:30:00 PM,Municipality,WATTS BRANCH PKWY,Municipality,HURLEY AVE,,ROCKVILLE,BICYCLIST,OPPOSITE DIRECTION SIDESWIPE,CLEAR,DRY,DAYLIGHT,NO CONTROLS,NONE DETECTED,NONE DETECTED,CD9A1CDA-D731-4115-AF21-B304B3733F76,BICYCLIST,Walking/Riding against Traffic,DART DASH,ON ROADWAY NOT AT CROSSWALK,NO PED. SIGNAL,MIXED CLOTHING,Yes,SUSPECTED MINOR INJURY,MC/BIKE HELMET,39.088305,-77.17797167,"(39.088305, -77.17797167)"
DD5603004V,170541834,Rockville Police Departme,Injury Crash,11/09/2017 11:35:00 AM,Municipality,MT VERNON PL,Municipality,BLANDFORD ST,,ROCKVILLE,PEDESTRIAN,OTHER,RAINING,WET,DAYLIGHT,NO CONTROLS,NONE DETECTED,NONE DETECTED,73ABBABA-085C-45DA-8C38-0E3515533E46,PEDESTRIAN,Standing,NO IMPROPER ACTIONS,SIDEWALK,OBEYED PED. SIGNAL,MIXED CLOTHING,No,SUSPECTED MINOR INJURY,NONE,38.99753833,-77.10968667,"(38.99753833, -77.10968667)"
MCP29390022,170538862,Montgomery County Police,Injury Crash,10/25/2017 09:10:00 PM,County,BURNT WOODS DR,County,WATERS LANDING DR,,N/A,PEDESTRIAN,SAME DIR REAR END,CLEAR,DRY,DARK LIGHTS ON,STOP SIGN,,N/A,D174BC8C-E29E-4376-AFC2-453AEF390373,PEDESTRIAN,Getting off/on Vehicle,OTHER,ON ROADWAY AT CROSSWALK,NO PED. SIGNAL,N/A,Yes,SUSPECTED MINOR INJURY,NONE,39.19633249,-77.27894649,"(39.19633249, -77.27894649)"
DD5634000Z,180064599,Rockville Police Departme,Injury Crash,12/26/2018 06:00:00 PM,Maryland (State),HUNGERFORD DR,Municipality,N WASHINGTON ST,,ROCKVILLE,PEDESTRIAN,OTHER,CLOUDY,DRY,DARK LIGHTS ON,TRAFFIC SIGNAL,NONE DETECTED,NONE DETECTED,FF9E8929-DF92-4282-8917-E26E3B421787,PEDESTRIAN,Cross/Enter at Intersection,NO IMPROPER ACTIONS,ON ROADWAY AT CROSSWALK,OBEYED PED. SIGNAL,DARK CLOTHING,No,POSSIBLE INJURY,NONE,39.0920635,-77.15303667,"(39.0920635, -77.15303667)"
EJ7826002G,17052,Gaithersburg Police Depar,Injury Crash,08/29/2017 05:30:00 AM,Maryland (State),QUINCE ORCHARD RD,Maryland (State),W DIAMOND AVE,,N/A,BICYCLIST,STRAIGHT MOVEMENT ANGLE,RAINING,WET,DARK LIGHTS ON,TRAFFIC SIGNAL,N/A,N/A,3A1D28AE-D653-452C-88BA-38CB89E9C50A,BICYCLIST,Other,FAILURE TO OBEY TRAFFIC SIGNS SIGNALS OR OFFICER,ON ROADWAY AT CROSSWALK,DISOBEYED PED. SIGNAL,MIXED CLOTHING,Yes,POSSIBLE INJURY,NONE,39.14306167,-77.22071333,"(39.14306167, -77.22071333)"
MCP31980038,210039908,Montgomery County Police,Injury Crash,10/06/2021 08:21:00 PM,County,HUGGINS DR,County,COLLEGE VIEW DR,,N/A,PEDESTRIAN,OTHER,CLEAR,DRY,DARK NO LIGHTS,N/A,UNKNOWN,N/A,46F1EE01-58A3-48E1-8446-3E5B4D31177F,PEDESTRIAN,Unknown,UNKNOWN,ON ROADWAY NOT AT CROSSWALK,N/A,DARK CLOTHING,No,SUSPECTED MINOR INJURY,N/A,39.05003458,-77.07280643,"(39.05003458, -77.07280643)"
DD56250014,180050617,Rockville Police Departme,Injury Crash,10/10/2018 06:40:00 AM,,,,,PARKING LOT,,PEDESTRIAN,OTHER,CLEAR,,DAWN,N/A,N/A,NONE DETECTED,76387981-D25B-4637-85C8-310AA930DD8B,PEDESTRIAN,Standing,INATTENTIVE,OTHER,N/A,DARK CLOTHING,Unknown,POSSIBLE INJURY,NONE,39.09424,-77.13044833,"(39.09424, -77.13044833)"
MCP23480047,180049336,Montgomery County Police,Injury Crash,10/02/2018 10:11:00 PM,,,,,PARKING LOT OF KNIGHTS OF PYTHIAS LODGE AT 11011 GAME PRESERVE RD,,PEDESTRIAN,SINGLE VEHICLE,CLEAR,,DARK LIGHTS ON,NO CONTROLS,NONE DETECTED,NONE DETECTED,DDE9CE68-F148-4F5B-8D70-78D88BFA60EB,PEDESTRIAN,Other,NO IMPROPER ACTIONS,OTHER,N/A,UNKNOWN,No,SUSPECTED SERIOUS INJURY,N/A,39.16405734,-77.2294604,"(39.16405734, -77.2294604)"
MCP3012006V,200020047,Montgomery County Police,Injury Crash,05/19/2020 01:03:00 PM,County,ASPEN HILL RD,Maryland (State),CONNECTICUT AVE,,N/A,PEDESTRIAN,OTHER,CLEAR,DRY,DAYLIGHT,N/A,N/A,N/A,4C450126-89C1-4F20-977C-4FF365C36115,PEDESTRIAN,Other,NO IMPROPER ACTIONS,MIDBLOCK MARKED CROSSWALK,UNKNOWN,MIXED CLOTHING,No,POSSIBLE INJURY,NONE,39.08034,-77.078635,"(39.08034, -77.078635)"
MCP93010047,23007433,Montgomery County Police,Injury Crash,02/14/2023 08:40:00 AM,Municipality,SCHOOL DR,County,MUDDY BRANCH RD,,N/A,PEDESTRIAN,SINGLE VEHICLE,N/A,DRY,DAYLIGHT,NO CONTROLS,N/A,N/A,8E8CF360-4D95-4DE2-9D9E-2CD7657DD578,PEDESTRIAN,Cross/Enter at Intersection,INATTENTIVE,ON ROADWAY AT CROSSWALK,NO PED. SIGNAL,N/A,Unknown,SUSPECTED MINOR INJURY,NONE,39.1177869,-77.21681391,"(39.1177869, -77.21681391)"
MCP1334008M,190049413,Montgomery County Police,Injury Crash,10/15/2019 10:05:00 AM,County,STEDWICK RD,County,WATKINS MILL RD,,N/A,BICYCLIST,SINGLE VEHICLE,CLEAR,DRY,DAYLIGHT,TRAFFIC SIGNAL,NONE DETECTED,NONE DETECTED,1B58421D-F511-457B-A8AF-FE04EDF0561C,BICYCLIST,Cross/Enter at Intersection,FAILURE TO OBEY TRAFFIC SIGNS SIGNALS OR OFFICER,ON ROADWAY AT CROSSWALK,DISOBEYED PED. SIGNAL,MIXED CLOTHING,Yes,SUSPECTED MINOR INJURY,NONE,39.17055666,-77.20888418,"(39.17055666, -77.20888418)"
MCP20080017,15050637,MONTGOMERY,Injury Crash,10/06/2015 03:04:00 PM,,,,,Parking lot of 12310 Academy Way,,PEDESTRIAN,OTHER,CLEAR,,DAYLIGHT,N/A,NONE DETECTED,NONE DETECTED,DD958D9F-8868-44C7-AADA-99F78AAD07D9,PEDESTRIAN,Other,DART DASH,OTHER,N/A,LIGHT CLOTHING,Yes,POSSIBLE INJURY,N/A,39.05797167,-77.107875,"(39.05797167, -77.107875)"
MCP28680011,15010611,Montgomery County Police,Injury Crash,03/07/2015 05:07:00 PM,,,,,Parking Garage near Macy's side of Montgomery Mall,,PEDESTRIAN,SINGLE VEHICLE,CLEAR,,DAYLIGHT,NO CONTROLS,NONE DETECTED,NONE DETECTED,81CBD828-528B-45E8-9FFA-7920257EB3F2,PEDESTRIAN,Other,NO IMPROPER ACTIONS,OTHER,NO PED. SIGNAL,LIGHT CLOTHING,,SUSPECTED MINOR INJURY,N/A,39.02440159,-77.14738011,"(39.02440159, -77.14738011)"
MCP3331000B,220037205,Montgomery County Police,Injury Crash,08/28/2022 01:21:00 PM,Maryland (State),UNIVERSITY BLVD W,County,AMHERST AVE,,N/A,PEDESTRIAN,SINGLE VEHICLE,CLEAR,DRY,DAYLIGHT,TRAFFIC SIGNAL,NONE DETECTED,NONE DETECTED,5426268A-D217-4066-999F-28B83ACBB732,PEDESTRIAN,Walking/Riding against Traffic,NO IMPROPER ACTIONS,SIDEWALK,NO PED. SIGNAL,MIXED CLOTHING,No,SUSPECTED MINOR INJURY,NONE,39.041291,-77.048823,"(39.041291, -77.048823)"
MCP3153003N,220004279,Montgomery County Police,Injury Crash,02/01/2022 08:45:00 AM,Maryland (State),CONNECTICUT AVE,County,CONNECTICUT AVE (AHEAD),,N/A,PEDESTRIAN,STRAIGHT MOVEMENT ANGLE,CLEAR,DRY,DAYLIGHT,OTHER,NONE DETECTED,NONE DETECTED,1DAFBABA-3747-4D57-BF9A-42AF0383923A,PEDESTRIAN,Cross/Enter at Intersection,NO IMPROPER ACTIONS,AT INTERSECTION MARKED CROSSWALK,NO PED. SIGNAL,MIXED CLOTHING,No,SUSPECTED SERIOUS INJURY,NONE,39.094905,-77.06913833,"(39.094905, -77.06913833)"
MCP3130002F,200017902,Montgomery County Police,Injury Crash,05/02/2020 09:00:00 AM,,,,,"GIANT FOOD PARKING LOT 13781 CONNECTICUT AVE.
SILVER SPRING MD 20906",,OTHER,SINGLE VEHICLE,CLEAR,,DAYLIGHT,NO CONTROLS,NONE DETECTED,NONE DETECTED,5E4820A0-5DA2-4939-BFF9-40AFB1202A8F,OTHER,Other Working,IMPROPER PASSING,OTHER,N/A,OTHER,No,POSSIBLE INJURY,N/A,39.07968167,-77.079065,"(39.07968167, -77.079065)"
MCP12130043,180050967,Montgomery County Police,Injury Crash,10/11/2018 07:00:00 PM,County,RANDOLPH RD,County,HAWKESBURY LA,,N/A,PEDESTRIAN,STRAIGHT MOVEMENT ANGLE,RAINING,WET,DARK LIGHTS ON,NO CONTROLS,NONE DETECTED,ALCOHOL PRESENT,32D0CD83-9BF5-41D8-9438-D779B5A10086,PEDESTRIAN,Cross/Enter not at Intersection,DART DASH,ON ROADWAY NOT AT CROSSWALK,NO PED. SIGNAL,DARK CLOTHING,Yes,SUSPECTED SERIOUS INJURY,NONE,39.06613333,-77.02119,"(39.06613333, -77.02119)"
MCP13660064,170502538,Montgomery County Police,Injury Crash,04/17/2017 07:25:00 AM,County,CRABBS BRANCH WAY,County,REDLAND RD,,N/A,PEDESTRIAN,SINGLE VEHICLE,CLOUDY,DRY,DAYLIGHT,TRAFFIC SIGNAL,NONE DETECTED,NONE DETECTED,4D153426-C241-422C-93D9-121652736A22,PEDESTRIAN,Cross/Enter at Intersection,NO IMPROPER ACTIONS,ON ROADWAY AT CROSSWALK,OBEYED PED. SIGNAL,MIXED CLOTHING,No,SUSPECTED MINOR INJURY,N/A,39.12081,-77.158815,"(39.12081, -77.158815)"
MCP32330040,23001411,Montgomery County Police,Injury Crash,03/23/2023 05:35:00 PM,,,,,PARKING LOT OF PARK MONTGOMERY APARTMENTS 8860 PINEY BRANCH ROAD,,PEDESTRIAN,SINGLE VEHICLE,CLEAR,,DAYLIGHT,NO CONTROLS,NONE DETECTED,NONE DETECTED,FF1586FB-3280-4D3B-8CC5-230DCE754414,PEDESTRIAN,Walking/Riding against Traffic,NO IMPROPER ACTIONS,MEDIAN,NO PED. SIGNAL,LIGHT CLOTHING,No,POSSIBLE INJURY,NONE,39.00006806,-76.9922138,"(39.00006806, -76.9922138)"
MCP20460039,15004131,Montgomery County Police,Injury Crash,01/26/2015 06:53:00 AM,Maryland (State),EAST WEST HWY,Maryland (State),COLESVILLE RD,,N/A,PEDESTRIAN,ANGLE MEETS LEFT TURN,SNOW,WET,DARK LIGHTS ON,TRAFFIC SIGNAL,NONE DETECTED,NONE DETECTED,05805778-D6B9-47CC-9870-6F4D3F9174CD,PEDESTRIAN,Cross/Enter at Intersection,NO IMPROPER ACTIONS,ON ROADWAY AT CROSSWALK,OBEYED PED. SIGNAL,DARK CLOTHING,,SUSPECTED MINOR INJURY,N/A,38.993415,-77.03198667,"(38.993415, -77.03198667)"
MCP291400D4,220055602,Montgomery County Police,Injury Crash,12/15/2022 09:30:00 PM,US (State),COLESVILLE RD,County,FENTON ST,,N/A,PEDESTRIAN,OTHER,RAINING,WET,DARK LIGHTS ON,TRAFFIC SIGNAL,N/A,N/A,9F3F18FB-2AC5-40B5-B823-B0892E141FE5,PEDESTRIAN,Cross/Enter at Intersection,N/A,ON ROADWAY AT CROSSWALK,OBEYED PED. SIGNAL,DARK CLOTHING,No,POSSIBLE INJURY,NONE,38.99772469,-77.02717788,"(38.99772469, -77.02717788)"
MCP2001001X,220050349,Montgomery County Police,Injury Crash,11/14/2022 05:38:00 PM,Municipality,E GUDE DR,Municipality,TAFT ST,,ROCKVILLE,PEDESTRIAN,SINGLE VEHICLE,CLEAR,DRY,DARK LIGHTS ON,N/A,NONE DETECTED,ALCOHOL PRESENT,3C908496-7760-483E-9940-BF5919D3824D,PEDESTRIAN,Cross/Enter not at Intersection,IN ROADWAY IMPROPERLY,ON ROADWAY NOT AT CROSSWALK,N/A,DARK CLOTHING,Yes,SUSPECTED SERIOUS INJURY,N/A,39.0936572,-77.13222204,"(39.0936572, -77.13222204)"
MCP32330044,230022865,Montgomery County Police,Injury Crash,05/12/2023 06:13:00 PM,County,FLOWER AVE,Maryland (State),PINEY BRANCH RD,,N/A,PEDESTRIAN,SINGLE VEHICLE,CLEAR,DRY,DAYLIGHT,N/A,UNKNOWN,NONE DETECTED,2384C41E-1643-4BE3-93C6-F063CBB2DED8,PEDESTRIAN,Cross/Enter at Intersection,NO IMPROPER ACTIONS,ON ROADWAY AT CROSSWALK,N/A,MIXED CLOTHING,No,POSSIBLE INJURY,NONE,39.027421,-77.00449083,"(39.027421, -77.00449083)"
MCP3053000P,170541330,Montgomery County Police,Injury Crash,11/06/2017 06:05:00 PM,Maryland (State),LAYHILL RD,County,GLENALLAN AVE,,N/A,PEDESTRIAN,OTHER,CLOUDY,WET,DARK LIGHTS ON,TRAFFIC SIGNAL,NONE DETECTED,N/A,30754038-FC46-4E7B-93E0-DDBBF938B5F2,PEDESTRIAN,Cross/Enter at Intersection,UNKNOWN,AT INTERSECTION MARKED CROSSWALK,UNKNOWN,MIXED CLOTHING,No,SUSPECTED MINOR INJURY,NONE,39.06366,-77.04954833,"(39.06366, -77.04954833)"
MCP3019001G,170548188,Montgomery County Police,Injury Crash,12/12/2017 05:18:00 PM,Maryland (State),BROOKVILLE RD,Municipality,E BRADLEY LA,,MATINS ADDITION,PEDESTRIAN,N/A,N/A,N/A,DARK -- UNKNOWN LIGHTING,NO CONTROLS,NONE DETECTED,NONE DETECTED,F4C6C84C-C181-46A8-8163-A5ADECE9C667,PEDESTRIAN,Cross/Enter at Intersection,N/A,AT INTERSECTION BUT NO CROSSWALK,NO PED. SIGNAL,DARK CLOTHING,No,POSSIBLE INJURY,NONE,38.97672333,-77.071595,"(38.97672333, -77.071595)"
MCP3078002K,180061458,Montgomery County Police,Injury Crash,12/08/2018 09:35:00 PM,Maryland (State),GEORGIA AVE,Maryland (State),CONNECTICUT AVE,,N/A,PEDESTRIAN,SINGLE VEHICLE,CLEAR,DRY,DARK LIGHTS ON,TRAFFIC SIGNAL,NONE DETECTED,NONE DETECTED,D6B33432-EC18-4174-B174-97DAD4F10B26,PEDESTRIAN,Cross/Enter at Intersection,NO IMPROPER ACTIONS,ON ROADWAY AT CROSSWALK,OBEYED PED. SIGNAL,MIXED CLOTHING,No,SUSPECTED MINOR INJURY,N/A,39.08388,-77.077535,"(39.08388, -77.077535)"
MCP30480011,170510990,Montgomery County Police,Injury Crash,05/18/2017 01:28:00 PM,County,E STANHOPE RD,Government,BEACH DR,,N/A,PEDESTRIAN,OTHER,CLEAR,DRY,DAYLIGHT,STOP SIGN,NONE DETECTED,NONE DETECTED,C1489B7B-1035-4421-9374-D48644197A2C,PEDESTRIAN,Cross/Enter at Intersection,NO IMPROPER ACTIONS,AT INTERSECTION MARKED CROSSWALK,NO PED. SIGNAL,MIXED CLOTHING,No,SUSPECTED MINOR INJURY,N/A,39.00940534,-77.07781434,"(39.00940534, -77.07781434)"
MCP271700DG,170535666,Montgomery County Police,Injury Crash,10/09/2017 04:20:00 PM,County,DECATUR AVE,Maryland (State),UNIVERSITY BLVD W,,N/A,PEDESTRIAN,SINGLE VEHICLE,CLEAR,DRY,DAYLIGHT,NO CONTROLS,NONE DETECTED,NONE DETECTED,6AF615B2-2EE8-405C-92D3-02F4004D3EFB,PEDESTRIAN,Cross/Enter not at Intersection,DART DASH,ON ROADWAY NOT AT CROSSWALK,NO PED. SIGNAL,MIXED CLOTHING,Yes,SUSPECTED MINOR INJURY,NONE,39.0338525,-77.07308983,"(39.0338525, -77.07308983)"
MCP27490019,16036191,Montgomery County Police,Injury Crash,07/17/2016 12:15:00 PM,,,,,IFO 13428 NEW HAMPSHIRE AVE,,OTHER,SAME DIR REAR END,CLEAR,,DAYLIGHT,NO CONTROLS,NONE DETECTED,N/A,A71D1F0C-8CA1-40CB-9417-85D39D3E8799,OTHER,Other,NO IMPROPER ACTIONS,INSIDE BUILDING,OTHER,N/A,No,POSSIBLE INJURY,N/A,39.111685,-76.99486167,"(39.111685, -76.99486167)"
MCP26080010,15039489,MONTGOMERY,Injury Crash,08/08/2015 05:38:00 PM,County,WAYNE AVE,Government,SLIGO CREEK PKWY,,N/A,BICYCLIST,OTHER,CLEAR,DRY,DAYLIGHT,OTHER,NONE DETECTED,NONE DETECTED,A124F21E-99B7-4DC7-8C5D-0C23A2D52653,BICYCLIST,Cross/Enter at Intersection,NO IMPROPER ACTIONS,IN BIKEWAY,OBEYED PED. SIGNAL,LIGHT CLOTHING,No,SUSPECTED MINOR INJURY,MC/BIKE HELMET,38.99973,-77.01094,"(38.99973, -77.01094)"
MCP13660042,16002287,Montgomery County Police,Injury Crash,01/13/2016 06:55:00 AM,Maryland (State),ROCKVILLE PIKE,Municipality,HALPINE RD,,ROCKVILLE,PEDESTRIAN,SINGLE VEHICLE,CLEAR,DRY,DARK LIGHTS ON,TRAFFIC SIGNAL,NONE DETECTED,NONE DETECTED,ED457798-7874-4AF6-8C2F-75EC13A2855E,PEDESTRIAN,Cross/Enter at Intersection,NO IMPROPER ACTIONS,AT INTERSECTION MARKED CROSSWALK,OBEYED PED. SIGNAL,MIXED CLOTHING,No,SUSPECTED SERIOUS INJURY,N/A,39.06215333,-77.12398333,"(39.06215333, -77.12398333)"
MCP94280045,220007951,Montgomery County Police,Injury Crash,02/23/2022 02:14:00 PM,Maryland (State),RIDGE RD,County,DAMASCUS MANOR RD,,N/A,PEDESTRIAN,STRAIGHT MOVEMENT ANGLE,CLEAR,DRY,DAYLIGHT,NO CONTROLS,NONE DETECTED,NONE DETECTED,94AD48CB-BEDB-4584-8A10-F3983C352176,PEDESTRIAN,Cross/Enter not at Intersection,DART DASH,ON ROADWAY NOT AT CROSSWALK,NO PED. SIGNAL,DARK CLOTHING,Yes,SUSPECTED MINOR INJURY,NONE,39.28011119,-77.21175433,"(39.28011119, -77.21175433)"
MCP3119003N,220036233,Montgomery County Police,Injury Crash,08/22/2022 01:40:00 PM,Other Public Roadway,APPLE RIDGE RD,Unknown,BUHRSTONE DR,,N/A,PEDESTRIAN,SINGLE VEHICLE,CLEAR,DRY,DAYLIGHT,NO CONTROLS,NONE DETECTED,NONE DETECTED,887E4E56-3389-4CD3-9383-27E0EFED5DBB,PEDESTRIAN,Cross/Enter at Intersection,NO IMPROPER ACTIONS,ON ROADWAY AT CROSSWALK,NO PED. SIGNAL,LIGHT CLOTHING,No,SUSPECTED MINOR INJURY,NONE,39.18265076,-77.21346754,"(39.18265076, -77.21346754)"
MCP2552001F,16064584,Montgomery County Police,Injury Crash,12/16/2016 06:17:00 PM,County,ARDENNES AVE,County,TWINBROOK PKWY,,N/A,PEDESTRIAN,OTHER,N/A,DRY,DARK LIGHTS ON,TRAFFIC SIGNAL,UNKNOWN,N/A,927B9850-1E15-472E-A060-E47B9D21DB65,PEDESTRIAN,Cross/Enter at Intersection,NO IMPROPER ACTIONS,ON ROADWAY AT CROSSWALK,OBEYED PED. SIGNAL,DARK CLOTHING,No,SUSPECTED MINOR INJURY,NONE,39.06375577,-77.1162504,"(39.06375577, -77.1162504)"
DM83380008,15055214,TAKOMA,Injury Crash,10/30/2015 04:15:00 PM,Maryland (State),UNIVERSITY BLVD,Unknown,SPUR TO MD 650,,N/A,PEDESTRIAN,OTHER,N/A,DRY,DAYLIGHT,OTHER,UNKNOWN,N/A,4A057AC3-06E7-4952-83C9-A137950B0CAF,PEDESTRIAN,Cross/Enter at Intersection,NO IMPROPER ACTIONS,ON ROADWAY AT CROSSWALK,N/A,N/A,No,SUSPECTED MINOR INJURY,N/A,38.98902,-76.98776,"(38.98902, -76.98776)"
MCP2456003Y,190038618,Montgomery County Police,Injury Crash,08/13/2019 01:15:00 PM,County,HAMMONTON PL,County,RANDOLPH RD,,N/A,BICYCLIST,STRAIGHT MOVEMENT ANGLE,RAINING,WET,DAYLIGHT,NO CONTROLS,NONE DETECTED,NONE DETECTED,FFBD8D7D-24C5-440B-B72F-FFB08044E9F4,BICYCLIST,Cross/Enter at Intersection,FAILURE TO YIELD RIGHT OF WAY,AT INTERSECTION BUT NO CROSSWALK,NO PED. SIGNAL,LIGHT CLOTHING,Yes,POSSIBLE INJURY,MC/BIKE HELMET,39.06871,-77.014785,"(39.06871, -77.014785)"
MCP2962002Y,180050267,Montgomery County Police,Injury Crash,10/08/2018 10:17:00 AM,,,,,INTERSECTION OF CHATTERLY WAY AND CHATTERLY CT.,,PEDESTRIAN,OTHER,CLOUDY,,DAYLIGHT,N/A,UNKNOWN,NONE DETECTED,9F70A6C6-FBE8-4545-9005-60CA87542C6C,PEDESTRIAN,Getting off/on Vehicle,NO IMPROPER ACTIONS,OTHER,N/A,LIGHT CLOTHING,No,POSSIBLE INJURY,N/A,39.15249377,-77.28965524,"(39.15249377, -77.28965524)"
MCP31130033,210010543,Montgomery County Police,Injury Crash,03/20/2021 06:57:00 PM,Maryland (State),SPENCERVILLE RD,County,LIONS DEN RD,,N/A,PEDESTRIAN,OTHER,CLEAR,DRY,DUSK,NO CONTROLS,N/A,N/A,1344D1D3-3DBF-436A-8E9F-BA111068B321,PEDESTRIAN,Cross/Enter not at Intersection,DART DASH,ON ROADWAY NOT AT CROSSWALK,NO PED. SIGNAL,MIXED CLOTHING,Yes,SUSPECTED SERIOUS INJURY,NONE,39.06699135,-76.96432988,"(39.06699135, -76.96432988)"
MCP20940053,15027227,MONTGOMERY,Injury Crash,06/05/2015 12:15:00 PM,County,FRIENDSHIP BLVD,County,WILLARD AVE,,N/A,PEDESTRIAN,OTHER,CLOUDY,DRY,DAYLIGHT,TRAFFIC SIGNAL,NONE DETECTED,NONE DETECTED,A155F515-E3D1-40FE-BB01-E97C96E0B90B,PEDESTRIAN,Cross/Enter at Intersection,NO IMPROPER ACTIONS,ON ROADWAY AT CROSSWALK,OBEYED PED. SIGNAL,MIXED CLOTHING,No,SUSPECTED SERIOUS INJURY,N/A,38.96178167,-77.08873833,"(38.96178167, -77.08873833)"