Report Number,Local Case Number,Agency Name,ACRS Report Type,Crash Date/Time,Route Type,Road Name,Cross-Street Type,Cross-Street Name,Off-Road Description,Municipality,Related Non-Motorist,Collision Type,Weather,Surface Condition,Light,Traffic Control,Driver Substance Abuse,Non-Motorist Substance Abuse,Person ID,Pedestrian Type,Pedestrian Movement,Pedestrian Actions,Pedestrian Location,Pedestrian Obeyed Traffic Signal,Pedestrian Visibility,At Fault,Injury Severity,Safety Equipment,Latitude,Longitude,Location
MCP30480056,190023306,Montgomery County Police,Injury Crash,05/17/2019 11:14:00 AM,County,MADISON ST,County,ANDERSON RD,,N/A,"OTHER, PEDESTRIAN",OTHER,CLOUDY,DRY,DAYLIGHT,NO CONTROLS,N/A,N/A,9A9611F8-832B-419B-87D7-6AD02C5195C7,PEDESTRIAN,Other,NO IMPROPER ACTIONS,ON ROADWAY AT CROSSWALK,NO PED. SIGNAL,MIXED CLOTHING,No,POSSIBLE INJURY,N/A,39.03666667,-77.07016333,"(39.03666667, -77.07016333)"
MCP2717004R,16005393,Montgomery County Police,Injury Crash,02/02/2016 08:10:00 AM,County,MACARTHUR BLVD,County,SANGAMORE RD,,N/A,BICYCLIST,HEAD ON LEFT TURN,CLEAR,ICE,DAYLIGHT,TRAFFIC SIGNAL,NONE DETECTED,NONE DETECTED,11359E5A-E70B-405C-BD3D-0BA7A7F87F16,BICYCLIST,Cross/Enter at Intersection,NO IMPROPER ACTIONS,ON ROADWAY AT CROSSWALK,OBEYED PED. SIGNAL,MIXED CLOTHING,No,SUSPECTED MINOR INJURY,MC/BIKE HELMET,38.94427833,-77.11713,"(38.94427833, -77.11713)"
MCP3039000N,170515413,Montgomery County Police,Injury Crash,06/23/2017 07:50:00 PM,Maryland (State),OLD GEORGETOWN RD,Ramp,RAMP 4 FR MD 187 NB TO IS 495 EB,,N/A,BICYCLIST,SAME DIR REAR END,CLEAR,DRY,DAYLIGHT,TRAFFIC SIGNAL,NONE DETECTED,NONE DETECTED,1D97FA12-9737-4990-823B-AC984C47B1BB,BICYCLIST,Walking/Riding w/Traffic,NO IMPROPER ACTIONS,ON ROADWAY NOT AT CROSSWALK,NO PED. SIGNAL,REFLECTIVE MATERIAL,No,SUSPECTED MINOR INJURY,MC/BIKE HELMET,39.01477089,-77.11841695,"(39.01477089, -77.11841695)"
MCP2693003F,200046853,Montgomery County Police,Injury Crash,11/27/2020 05:20:00 PM,County,BAUER DR,County,GREENSPAN LA,,N/A,PEDESTRIAN,SINGLE VEHICLE,CLEAR,DRY,DARK LIGHTS ON,NO CONTROLS,UNKNOWN,NONE DETECTED,B01D8D6E-50AF-407A-B46D-C316754E35D7,PEDESTRIAN,Getting off/on Vehicle,NO IMPROPER ACTIONS,SHOULDER,NO PED. SIGNAL,MIXED CLOTHING,No,POSSIBLE INJURY,N/A,39.09043193,-77.10772271,"(39.09043193, -77.10772271)"
MCP2874001B,16019861,Montgomery County Police,Injury Crash,04/22/2016 04:47:00 PM,Maryland (State),GEORGIA AVE,County,RANDOLPH RD,,N/A,PEDESTRIAN,OTHER,N/A,DRY,DAYLIGHT,TRAFFIC SIGNAL,NONE DETECTED,NONE DETECTED,36396FBE-A778-4904-8D7A-D5728E5CC236,PEDESTRIAN,Cross/Enter at Intersection,DART DASH,ON ROADWAY NOT AT CROSSWALK,DISOBEYED PED. SIGNAL,LIGHT CLOTHING,Yes,SUSPECTED MINOR INJURY,N/A,39.05656333,-77.05006667,"(39.05656333, -77.05006667)"
MCP229800S2,200037373,Montgomery County Police,Property Damage Crash,09/23/2020 01:18:00 PM,County,SKYLARK RD,County,YELLOWWOOD DR,,N/A,BICYCLIST,SINGLE VEHICLE,CLEAR,DRY,DAYLIGHT,NO CONTROLS,NONE DETECTED,NONE DETECTED,D68E79AA-4FB4-453C-A2CA-C593E040D9C9,BICYCLIST,Cross/Enter not at Intersection,DART DASH,OTHER,N/A,DARK CLOTHING,Yes,NO APPARENT INJURY,NONE,39.23359833,-77.239755,"(39.23359833, -77.239755)"
MCP1519003B,210016388,Montgomery County Police,Injury Crash,05/02/2021 01:20:00 PM,Maryland (State),GERMANTOWN RD,Unknown,BEGIN BRIDGE,,N/A,BICYCLIST,HEAD ON,CLEAR,DRY,DAYLIGHT,NO CONTROLS,ALCOHOL PRESENT,NONE DETECTED,DDE8A20A-A765-4201-9B68-A2D0ED4E4D7B,BICYCLIST,Walking/Riding w/Traffic,NO IMPROPER ACTIONS,SHOULDER,N/A,MIXED CLOTHING,No,SUSPECTED MINOR INJURY,MC/BIKE HELMET,39.126543,-77.296455,"(39.126543, -77.296455)"
MCP913000D7,220044371,Montgomery County Police,Injury Crash,10/11/2022 05:44:00 AM,Maryland (State),UNIVERSITY BLVD E,County,CARROLL AVE,,N/A,PEDESTRIAN,SINGLE VEHICLE,CLEAR,DRY,DARK LIGHTS ON,TRAFFIC SIGNAL,NONE DETECTED,NONE DETECTED,B3689CE8-09E5-4133-A5D0-A558CA4EB273,PEDESTRIAN,Cross/Enter at Intersection,DART DASH,ON ROADWAY AT CROSSWALK,DISOBEYED PED. SIGNAL,DARK CLOTHING,Yes,SUSPECTED SERIOUS INJURY,NONE,38.99385077,-76.99254645,"(38.99385077, -76.99254645)"
MCP3126004N,230032900,Montgomery County Police,Injury Crash,07/10/2023 07:15:00 PM,County,WEST OLD BALTIMORE RD,Maryland (State),FREDERICK RD,,N/A,PEDESTRIAN,OTHER,CLEAR,DRY,DAYLIGHT,TRAFFIC SIGNAL,NONE DETECTED,NONE DETECTED,DD985A25-D9D9-41D9-AF24-C54A20369898,PEDESTRIAN,Cross/Enter at Intersection,IN ROADWAY IMPROPERLY,MEDIAN,NO PED. SIGNAL,UNKNOWN,Yes,SUSPECTED MINOR INJURY,NONE,39.21552826,-77.2530279,"(39.21552826, -77.2530279)"
EJ78520051,210032320,Gaithersburg Police Depar,Injury Crash,08/19/2021 03:50:00 PM,County,S WESTLAND DR,Municipality,SKIDMORE BLVD,,GAITHERSBURG,PEDESTRIAN,OTHER,N/A,DRY,DAYLIGHT,OTHER,NONE DETECTED,NONE DETECTED,F741B0CD-D49C-457F-8E49-37AE35B7072D,PEDESTRIAN,Other,NO IMPROPER ACTIONS,N/A,N/A,REFLECTIVE MATERIAL,No,SUSPECTED SERIOUS INJURY,N/A,39.12688523,-77.18185524,"(39.12688523, -77.18185524)"
MCP30400029,180025149,Montgomery County Police,Injury Crash,05/22/2018 06:00:00 PM,Maryland (State),NEW HAMPSHIRE AVE,County,SAPLING RIDGE LA,,N/A,PEDESTRIAN,SINGLE VEHICLE,RAINING,WET,DAYLIGHT,N/A,N/A,N/A,F915ADB7-8748-4201-8C8E-EB93DB4F1DB1,PEDESTRIAN,Cross/Enter at Intersection,DART DASH,AT INTERSECTION BUT NO CROSSWALK,NO PED. SIGNAL,MIXED CLOTHING,Yes,SUSPECTED MINOR INJURY,NONE,39.217985,-77.054195,"(39.217985, -77.054195)"
MCP29540032,17010663,Montgomery County Police,Injury Crash,02/28/2017 09:31:00 AM,US (State),COLESVILLE RD,Maryland (State),UNIVERSITY BLVD E,,N/A,PEDESTRIAN,SINGLE VEHICLE,CLEAR,DRY,DAYLIGHT,TRAFFIC SIGNAL,UNKNOWN,NONE DETECTED,F8689B85-1B5E-49F6-B20C-1A45D7D0BED1,PEDESTRIAN,Cross/Enter at Intersection,NO IMPROPER ACTIONS,ON ROADWAY AT CROSSWALK,OBEYED PED. SIGNAL,MIXED CLOTHING,No,POSSIBLE INJURY,N/A,39.01980052,-77.01337695,"(39.01980052, -77.01337695)"
MCP3139000X,180062701,Montgomery County Police,Injury Crash,12/15/2018 05:25:00 PM,County,LOCKWOOD DR,County,OAK LEAF DR,,N/A,PEDESTRIAN,OTHER,RAINING,WET,DARK NO LIGHTS,N/A,N/A,N/A,30DAEC1F-6F35-4074-93BE-D7AB459DC2D3,PEDESTRIAN,Other,NOT VISIBLE,ON ROADWAY AT CROSSWALK,NO PED. SIGNAL,DARK CLOTHING,No,SUSPECTED MINOR INJURY,N/A,39.03799833,-76.99427167,"(39.03799833, -76.99427167)"
MCP2348002R,170516329,Montgomery County Police,Injury Crash,06/28/2017 09:59:00 PM,Maryland (State),VEIRS MILL RD,Unknown,CROSSOVER,,N/A,PEDESTRIAN,SINGLE VEHICLE,CLEAR,DRY,DARK LIGHTS ON,N/A,NONE DETECTED,NONE DETECTED,5510AFA1-27F9-4FA7-956F-28B73085F8A5,PEDESTRIAN,Walking/Cycling on Sidewalk,NO IMPROPER ACTIONS,SIDEWALK,NO PED. SIGNAL,MIXED CLOTHING,No,POSSIBLE INJURY,N/A,39.041405,-77.058375,"(39.041405, -77.058375)"
MCP3311001R,230022252,Montgomery County Police,Injury Crash,05/09/2023 04:41:00 PM,Maryland (State),16TH ST,County,LYTTONSVILLE RD,,N/A,PEDESTRIAN,OTHER,CLEAR,DRY,DAYLIGHT,OTHER,N/A,N/A,C5A1959A-733F-4F6D-B867-215856B171E0,PEDESTRIAN,Cross/Enter not at Intersection,NO IMPROPER ACTIONS,ON ROADWAY AT CROSSWALK,NO PED. SIGNAL,MIXED CLOTHING,No,SUSPECTED MINOR INJURY,N/A,38.99910196,-77.03988722,"(38.99910196, -77.03988722)"
MCP2909000V,15057599,MONTGOMERY,Property Damage Crash,11/11/2015 06:09:00 PM,Maryland (State),OLD GEORGETOWN RD,County,DEL RAY AVE,,N/A,BICYCLIST,OTHER,CLEAR,N/A,DARK LIGHTS ON,N/A,NONE DETECTED,NONE DETECTED,5A5B0280-A135-45FD-984B-5298C02580D7,BICYCLIST,Other,NO IMPROPER ACTIONS,ON ROADWAY NOT AT CROSSWALK,N/A,DARK CLOTHING,No,NO APPARENT INJURY,NONE,38.990655,-77.09964167,"(38.990655, -77.09964167)"
MCP2931003V,190044970,Montgomery County Police,Injury Crash,09/19/2019 07:39:00 PM,County,E JEFFERSON ST,Unknown,ENT TO FEDERAL PLAZA SC,,N/A,BICYCLIST,OTHER,CLEAR,N/A,DARK NO LIGHTS,N/A,N/A,N/A,2E3A7F28-83C1-43BF-9CA8-482444F60184,BICYCLIST,Cross/Enter at Intersection,NO IMPROPER ACTIONS,AT INTERSECTION MARKED CROSSWALK,N/A,MIXED CLOTHING,No,POSSIBLE INJURY,MC/BIKE HELMET,39.05649333,-77.12632,"(39.05649333, -77.12632)"
EJ7777002B,200011450,Gaithersburg Police Depar,Injury Crash,03/08/2020 03:22:00 PM,,,,,PARKING LOT OF 880 RUSSELL AVE,,PEDESTRIAN,OTHER,CLEAR,,DAYLIGHT,N/A,NONE DETECTED,NONE DETECTED,A50A9363-1E07-4812-8028-257B345CE32B,PEDESTRIAN,Other Working,N/A,OTHER,N/A,DARK CLOTHING,No,POSSIBLE INJURY,N/A,39.15644596,-77.21360108,"(39.15644596, -77.21360108)"
MCP32000021,200034798,Montgomery County Police,Injury Crash,09/05/2020 02:12:00 PM,Maryland (State),METROPOLITAN AVE,Municipality,N KENSINGTON PKWY,,KENSINGTON,BICYCLIST,OTHER,CLEAR,DRY,DAYLIGHT,NO CONTROLS,UNKNOWN,NONE DETECTED,A49D4EE7-06EF-43E6-9D7D-7031B00AAEA3,BICYCLIST,Cross/Enter at Intersection,NO IMPROPER ACTIONS,ON ROADWAY AT CROSSWALK,NO PED. SIGNAL,MIXED CLOTHING,No,SUSPECTED MINOR INJURY,MC/BIKE HELMET,39.02620496,-77.06980941,"(39.02620496, -77.06980941)"
MCP21990005,15056281,MONTGOMERY,Injury Crash,11/04/2015 05:35:00 PM,County,MIDDLEBROOK RD,County,FATHER HURLEY BLVD,,N/A,PEDESTRIAN,SINGLE VEHICLE,CLEAR,DRY,DUSK,TRAFFIC SIGNAL,N/A,N/A,47C564AA-8210-4FB4-BCFF-9A7429D53AAD,PEDESTRIAN,Walking to/from school,FAILURE TO OBEY TRAFFIC SIGNS SIGNALS OR OFFICER,AT INTERSECTION MARKED CROSSWALK,DISOBEYED PED. SIGNAL,MIXED CLOTHING,Yes,SUSPECTED MINOR INJURY,N/A,39.18380322,-77.27381945,"(39.18380322, -77.27381945)"
MCP2039004K,180049991,Montgomery County Police,Injury Crash,10/06/2018 11:55:00 AM,County,MAY ST,Maryland (State),GEORGIA AVE,,N/A,PEDESTRIAN,STRAIGHT MOVEMENT ANGLE,CLOUDY,DRY,DAYLIGHT,STOP SIGN,N/A,N/A,54AB4F04-2C4B-407A-9FC3-6844E80AA6DF,PEDESTRIAN,Other,NO IMPROPER ACTIONS,AT INTERSECTION BUT NO CROSSWALK,NO PED. SIGNAL,MIXED CLOTHING,Unknown,POSSIBLE INJURY,N/A,39.072175,-77.06617167,"(39.072175, -77.06617167)"
MCP1151002J,15010827,Montgomery County Police,Injury Crash,03/09/2015 08:19:00 AM,County,CRYSTAL ROCK DR,Maryland (State),GERMANTOWN RD,,N/A,PEDESTRIAN,OTHER,CLEAR,DRY,DAYLIGHT,NO CONTROLS,NONE DETECTED,NONE DETECTED,FC9652DB-1ADF-4323-B433-5BBF053DC602,PEDESTRIAN,Cross/Enter not at Intersection,IN ROADWAY IMPROPERLY,ON ROADWAY NOT AT CROSSWALK,NO PED. SIGNAL,MIXED CLOTHING,,POSSIBLE INJURY,N/A,39.181835,-77.26275,"(39.181835, -77.26275)"
MCP263900B0,200042762,Montgomery County Police,Injury Crash,10/30/2020 06:53:00 AM,Maryland (State),GEORGIA AVE,County,HEATHFIELD RD,,N/A,PEDESTRIAN,STRAIGHT MOVEMENT ANGLE,RAINING,WET,DARK LIGHTS ON,TRAFFIC SIGNAL,NONE DETECTED,NONE DETECTED,EDCAE54E-EDED-4728-A622-6A20E44E3FC5,PEDESTRIAN,Cross/Enter at Intersection,DART DASH,ON ROADWAY AT CROSSWALK,DISOBEYED PED. SIGNAL,DARK CLOTHING,Yes,POSSIBLE INJURY,NONE,39.08771167,-77.07952667,"(39.08771167, -77.07952667)"
MCP2752002H,180033568,Montgomery County Police,Injury Crash,07/07/2018 03:39:00 PM,County,BROOKSIDE DR,County,LAWN WAY,,N/A,BICYCLIST,ANGLE MEETS LEFT HEAD ON,CLEAR,DRY,DAYLIGHT,NO CONTROLS,N/A,N/A,5E1AA23F-F850-4BED-B2FB-4162EB0BE5EF,BICYCLIST,Cross/Enter at Intersection,FAILURE TO OBEY TRAFFIC SIGNS SIGNALS OR OFFICER,OTHER,DISOBEYED PED. SIGNAL,LIGHT CLOTHING,Yes,SUSPECTED MINOR INJURY,MC/BIKE HELMET,38.967515,-77.10454,"(38.967515, -77.10454)"
MCP25590019,16042271,Montgomery County Police,Injury Crash,07/24/2016 07:00:00 PM,Maryland (State),QUINCE ORCHARD RD,Maryland (State),GREAT SENECA HWY,,N/A,BICYCLIST,STRAIGHT MOVEMENT ANGLE,CLEAR,DRY,DARK LIGHTS ON,TRAFFIC SIGNAL,UNKNOWN,N/A,60A3565A-F5A1-4B1F-A274-C14BCFABB6BF,BICYCLIST,Walking/Cycling on Sidewalk,NO IMPROPER ACTIONS,AT INTERSECTION MARKED CROSSWALK,OBEYED PED. SIGNAL,OTHER,No,SUSPECTED MINOR INJURY,OTHER,39.1287099,-77.23744467,"(39.1287099, -77.23744467)"
MCP2861001K,15063868,MONTGOMERY,Injury Crash,12/14/2015 03:30:00 PM,County,BULLS RUN PKWY,County,ADELAIDE DR,,N/A,"BICYCLIST, OTHER",STRAIGHT MOVEMENT ANGLE,CLEAR,DRY,DAYLIGHT,NO CONTROLS,NONE DETECTED,NONE DETECTED,4328BEC6-CF99-43B2-9470-0B2E77B6BEBC,OTHER,Other,OTHER,OTHER,OTHER,OTHER,No,NO APPARENT INJURY,OTHER,39.00966378,-77.12620139,"(39.00966378, -77.12620139)"
MCP0961000N,15007939,Montgomery County Police,Injury Crash,02/18/2015 07:21:00 AM,County,LOST KNIFE RD,County,CONTOUR RD,,N/A,PEDESTRIAN,SINGLE VEHICLE,CLEAR,SLUSH,DAYLIGHT,OTHER,NONE DETECTED,NONE DETECTED,8C5D11E2-FB88-4676-83FC-32BEA8408637,PEDESTRIAN,Cross/Enter at Intersection,NO IMPROPER ACTIONS,ON ROADWAY AT CROSSWALK,NO PED. SIGNAL,DARK CLOTHING,,SUSPECTED MINOR INJURY,NONE,39.15461,-77.20116833,"(39.15461, -77.20116833)"
MCP31640044,210007828,Montgomery County Police,Injury Crash,03/02/2021 07:50:00 AM,Maryland (State),GEORGIA AVE,County,RANDOLPH RD,,N/A,PEDESTRIAN,SINGLE VEHICLE,CLEAR,DRY,DAYLIGHT,TRAFFIC SIGNAL,NONE DETECTED,NONE DETECTED,C720A46A-A27B-4944-ABE1-C264238746EC,PEDESTRIAN,Cross/Enter at Intersection,UNKNOWN,ON ROADWAY AT CROSSWALK,UNKNOWN,DARK CLOTHING,Unknown,POSSIBLE INJURY,NONE,39.05779333,-77.04981667,"(39.05779333, -77.04981667)"
MCP3069002M,200042986,Montgomery County Police,Property Damage Crash,10/31/2020 05:10:00 PM,Municipality,PERRY AVE,Maryland (State),CONNECTICUT AVE,,N/A,PEDESTRIAN,OTHER,CLEAR,DRY,DAYLIGHT,NO CONTROLS,UNKNOWN,NONE DETECTED,F1575C29-187A-4645-A740-0ADA5B4596A3,PEDESTRIAN,Cross/Enter not at Intersection,IN ROADWAY IMPROPERLY,ON ROADWAY NOT AT CROSSWALK,NO PED. SIGNAL,DARK CLOTHING,Yes,NO APPARENT INJURY,NONE,39.03287421,-77.07435807,"(39.03287421, -77.07435807)"
MCP3016002P,200028248,Montgomery County Police,Injury Crash,07/21/2020 09:26:00 AM,,,,,"CROSSWALK IN FRONT OF SHOPPING CENTER LOCATED AT 12825 WISTERIA DR., GERMANTOWN, MD.",,BICYCLIST,OTHER,CLEAR,,DAYLIGHT,STOP SIGN,N/A,N/A,70DBE2E1-B62D-498D-8884-C0A62BEE72E2,BICYCLIST,Walking/Cycling on Sidewalk,NO IMPROPER ACTIONS,MIDBLOCK MARKED CROSSWALK,N/A,MIXED CLOTHING,No,POSSIBLE INJURY,NONE,39.17667966,-77.26957737,"(39.17667966, -77.26957737)"
DD5586000H,15005024,Rockville Police Departme,Injury Crash,01/31/2015 01:40:00 PM,,,,,865 Rockville Pike,,PEDESTRIAN,SINGLE VEHICLE,CLEAR,,DAYLIGHT,NO CONTROLS,NONE DETECTED,NONE DETECTED,C5D2F2C6-F00A-4078-8D98-9EF0FF1DAF92,PEDESTRIAN,Cross/Enter at Intersection,INATTENTIVE,AT INTERSECTION MARKED CROSSWALK,OTHER,LIGHT CLOTHING,,SUSPECTED MINOR INJURY,N/A,39.07357761,-77.14599609,"(39.07357761, -77.14599609)"
MCP3012000S,16016902,Montgomery County Police,Injury Crash,04/07/2016 07:42:00 AM,,,,,ASPEN HILL SHOPPING CENTER PARKING LOT,,PEDESTRIAN,N/A,RAINING,,DAYLIGHT,NO CONTROLS,NONE DETECTED,NONE DETECTED,EB0FE60D-7D1D-481E-B9D6-F74CC581B516,PEDESTRIAN,Walking/Cycling on Sidewalk,NO IMPROPER ACTIONS,ON ROADWAY AT CROSSWALK,NO PED. SIGNAL,OTHER,No,SUSPECTED MINOR INJURY,NONE,39.07721738,-77.0799011,"(39.07721738, -77.0799011)"
MCP1512001J,180031316,Montgomery County Police,Injury Crash,06/25/2018 05:25:00 PM,Municipality,SIOUX LA,Maryland (State),GREAT SENECA HWY,,N/A,BICYCLIST,OTHER,N/A,DRY,DAYLIGHT,NO CONTROLS,NONE DETECTED,NONE DETECTED,0355CB62-C9F6-449A-A3F4-BB8E2E56943F,BICYCLIST,Cross/Enter at Intersection,FAILURE TO YIELD RIGHT OF WAY,SIDEWALK,N/A,MIXED CLOTHING,Yes,SUSPECTED MINOR INJURY,MC/BIKE HELMET,39.13089667,-77.23984833,"(39.13089667, -77.23984833)"
MCP3233003Q,220056862,Montgomery County Police,Injury Crash,12/22/2022 05:54:00 PM,,,,,PARKING LOT OF 1408 HAMPSHIRE WEST COURT,,PEDESTRIAN,SINGLE VEHICLE,RAINING,,DARK LIGHTS ON,NO CONTROLS,NONE DETECTED,NONE DETECTED,695278A4-5252-4111-86F0-4E30EC866F7B,PEDESTRIAN,Standing,NO IMPROPER ACTIONS,OTHER,N/A,DARK CLOTHING,No,POSSIBLE INJURY,NONE,39.03112033,-77.0041575,"(39.03112033, -77.0041575)"
MCP2693001J,16035531,Montgomery County Police,Injury Crash,07/13/2016 07:24:00 PM,Maryland (State),VEIRS MILL RD,County,TURKEY BRANCH PKWY,,N/A,BICYCLIST,SINGLE VEHICLE,CLEAR,DRY,DAYLIGHT,FLASHING TRAFFIC SIGNAL,NONE DETECTED,NONE DETECTED,DEE2087C-DE6F-4929-9659-1807B648A159,BICYCLIST,Cross/Enter at Intersection,N/A,ON ROADWAY AT CROSSWALK,NO PED. SIGNAL,MIXED CLOTHING,No,POSSIBLE INJURY,NONE,39.06003,-77.08921167,"(39.06003, -77.08921167)"
MCP22030029,170549506,Montgomery County Police,Injury Crash,12/19/2017 01:35:00 PM,County,AMHERST AVE,Maryland (State),UNIVERSITY BLVD W,,N/A,PEDESTRIAN,ANGLE MEETS RIGHT TURN,CLEAR,DRY,DAYLIGHT,TRAFFIC SIGNAL,NONE DETECTED,NONE DETECTED,8121C4DF-8D1F-4E59-B879-5A66EE8A587D,PEDESTRIAN,Cross/Enter at Intersection,NO IMPROPER ACTIONS,ON ROADWAY AT CROSSWALK,OBEYED PED. SIGNAL,DARK CLOTHING,No,SUSPECTED MINOR INJURY,NONE,39.04075833,-77.04814833,"(39.04075833, -77.04814833)"
MCP2116001B,15001974,Montgomery County Police,Injury Crash,01/13/2015 09:17:00 AM,Municipality,BALTIMORE RD,County,BALTIMORE RD (AHEAD),,N/A,PEDESTRIAN,SINGLE VEHICLE,CLEAR,DRY,DAYLIGHT,N/A,NONE DETECTED,NONE DETECTED,2B715340-4EB8-43CE-8250-72BB978C78D2,PEDESTRIAN,Walking/Riding w/Traffic,NO IMPROPER ACTIONS,SHOULDER,N/A,REFLECTIVE MATERIAL,,SUSPECTED MINOR INJURY,REFLECTIVE CLOTHING,39.09107,-77.114849,"(39.09107, -77.114849)"
MCP2975001H,17009667,Montgomery County Police,Injury Crash,02/22/2017 11:12:00 PM,Maryland (State),GEORGIA AVE,County,VERONA DR,,N/A,BICYCLIST,SAME DIR REAR END,N/A,DRY,DARK LIGHTS ON,NO CONTROLS,ALCOHOL PRESENT,NONE DETECTED,B445C9D4-AF8A-487F-A58B-FA7E2A6A3F6C,BICYCLIST,Walking/Riding w/Traffic,NO IMPROPER ACTIONS,OTHER,N/A,REFLECTIVE MATERIAL,No,SUSPECTED MINOR INJURY,MC/BIKE HELMET,39.07427333,-77.067235,"(39.07427333, -77.067235)"
MCP28910061,180027143,Montgomery County Police,Injury Crash,06/02/2018 12:35:00 PM,Maryland (State),FOREST GLEN RD,County,CANEY PL,,N/A,BICYCLIST,SINGLE VEHICLE,CLEAR,DRY,DAYLIGHT,N/A,NONE DETECTED,NONE DETECTED,AE9B82C6-1B29-43DA-8616-EDD526EF0BF0,BICYCLIST,Walking/Riding w/Traffic,NO IMPROPER ACTIONS,OTHER,N/A,MIXED CLOTHING,No,SUSPECTED MINOR INJURY,MC/BIKE HELMET,39.01533117,-77.04850317,"(39.01533117, -77.04850317)"
MCP106400B0,200011578,Montgomery County Police,Injury Crash,03/09/2020 11:23:00 AM,Maryland (State),UNIVERSITY BLVD E,Maryland (State),PINEY BRANCH RD,,N/A,PEDESTRIAN,OTHER,CLEAR,DRY,DAYLIGHT,N/A,N/A,N/A,FB0A720F-B2C5-4550-A79C-16EA748AA212,PEDESTRIAN,Standing,NO IMPROPER ACTIONS,SIDEWALK,N/A,DARK CLOTHING,No,SUSPECTED SERIOUS INJURY,N/A,39.00060833,-76.99547833,"(39.00060833, -76.99547833)"
MCP219800CT,230009185,Montgomery County Police,Injury Crash,02/23/2023 08:03:00 PM,Interstate (State),EISENHOWER MEMORIAL HWY,Unknown,OUT CORP LMTS GAITHERSBURG,,N/A,PEDESTRIAN,SINGLE VEHICLE,CLEAR,DRY,DARK LIGHTS ON,TRAFFIC SIGNAL,N/A,ALCOHOL CONTRIBUTED,CD4E49DB-F674-49F3-8A6E-12C118DC4D7E,PEDESTRIAN,Cross/Enter at Intersection,DART DASH,AT INTERSECTION MARKED CROSSWALK,DISOBEYED PED. SIGNAL,UNKNOWN,Yes,POSSIBLE INJURY,NONE,39.15665167,-77.22439167,"(39.15665167, -77.22439167)"
MCP3048009M,230016525,Montgomery County Police,Injury Crash,04/06/2023 08:50:00 PM,Maryland (State),MASSACHUSETTS AVE,County,DUVALL DR,,N/A,PEDESTRIAN,OTHER,RAINING,WET,DARK LIGHTS ON,NO CONTROLS,N/A,N/A,99D0CEAC-020F-4295-B8C6-11CFA91C0D38,PEDESTRIAN,Cross/Enter not at Intersection,FAILURE TO YIELD RIGHT OF WAY,ON ROADWAY NOT AT CROSSWALK,NO PED. SIGNAL,MIXED CLOTHING,Yes,SUSPECTED MINOR INJURY,N/A,38.950496,-77.101668,"(38.950496, -77.101668)"
MCP2291006V,230023734,Montgomery County Police,Injury Crash,05/17/2023 06:04:00 PM,County,HAMILTON SPRING RD,County,HAMILTON SPRING CT,,N/A,BICYCLIST,SAME DIRECTION SIDESWIPE,CLEAR,DRY,DAYLIGHT,NO CONTROLS,NONE DETECTED,NONE DETECTED,A8B3B853-B457-4DF5-ACB6-717A2A1B8DA6,BICYCLIST,Walking/Riding w/Traffic,NO IMPROPER ACTIONS,N/A,N/A,HEAD LIGHT AND REFLECTORS,No,SUSPECTED SERIOUS INJURY,MC/BIKE HELMET,38.98897767,-77.168729,"(38.98897767, -77.168729)"
MCP10220085,170539119,Montgomery County Police,Injury Crash,10/27/2017 08:52:00 AM,Other Public Roadway,APPLEDOWRE WAY,Unknown,FRUITWOOD WAY,,N/A,PEDESTRIAN,SINGLE VEHICLE,CLEAR,DRY,DAYLIGHT,NO CONTROLS,NONE DETECTED,NONE DETECTED,99275B1A-B9C2-41FB-A193-A7572BC5B2AB,PEDESTRIAN,Other,IN ROADWAY IMPROPERLY,ON ROADWAY NOT AT CROSSWALK,NO PED. SIGNAL,DARK CLOTHING,Yes,SUSPECTED MINOR INJURY,N/A,39.1851,-77.23542333,"(39.1851, -77.23542333)"
MCP25660011,190007371,Montgomery County Police,Injury Crash,02/06/2019 09:30:00 AM,,,,,"PARKING LOT OF 
8615 EAST VILLAGE AVENUE
MONTGOMERY VILLAGE MD 20886",,PEDESTRIAN,SINGLE VEHICLE,N/A,,DAYLIGHT,NO CONTROLS,UNKNOWN,N/A,DC631581-C891-4804-A81A-968BB473CE99,PEDESTRIAN,Other,NO IMPROPER ACTIONS,OTHER,N/A,UNKNOWN,No,SUSPECTED MINOR INJURY,N/A,39.18508109,-77.17499303,"(39.18508109, -77.17499303)"
MCP3109003N,190056268,Montgomery County Police,Injury Crash,11/21/2019 02:40:00 PM,County,BONIFANT ST,County,FENTON ST,,N/A,PEDESTRIAN,SINGLE VEHICLE,CLEAR,DRY,DAYLIGHT,NO CONTROLS,NONE DETECTED,NONE DETECTED,BB729713-C17A-4D74-83C7-18A654627A75,PEDESTRIAN,Walking/Cycling on Sidewalk,NO IMPROPER ACTIONS,SIDEWALK,N/A,DARK CLOTHING,No,POSSIBLE INJURY,N/A,38.9944485,-77.02392217,"(38.9944485, -77.02392217)"
DD5508003C,17010759,Rockville Police Departme,Property Damage Crash,02/28/2017 06:09:00 PM,Municipality,S STONESTREET AVE,Municipality,READING TERR,,ROCKVILLE,PEDESTRIAN,OTHER,RAINING,WET,DARK LIGHTS ON,NO CONTROLS,NONE DETECTED,NONE DETECTED,21642818-EC97-40B2-978D-A3005646DBD8,PEDESTRIAN,Cross/Enter at Intersection,IN ROADWAY IMPROPERLY,ON ROADWAY NOT AT CROSSWALK,NO PED. SIGNAL,MIXED CLOTHING,Yes,NO APPARENT INJURY,N/A,39.08540333,-77.14475333,"(39.08540333, -77.14475333)"