Report Number,Local Case Number,Agency Name,ACRS Report Type,Crash Date/Time,Route Type,Road Name,Cross-Street Type,Cross-Street Name,Off-Road Description,Municipality,Related Non-Motorist,Collision Type,Weather,Surface Condition,Light,Traffic Control,Driver Substance Abuse,Non-Motorist Substance Abuse,Person ID,Pedestrian Type,Pedestrian Movement,Pedestrian Actions,Pedestrian Location,Pedestrian Obeyed Traffic Signal,Pedestrian Visibility,At Fault,Injury Severity,Safety Equipment,Latitude,Longitude,Location
MCP2016002G,170547724,Montgomery County Police,Injury Crash,12/10/2017 01:22:00 PM,,,,,KIELBASA FACTORY BUILDING AND PARKING LOT LOCATED AT 1065 ROCKVILLE PIKE,,PEDESTRIAN,OTHER,CLEAR,,DAYLIGHT,N/A,NONE DETECTED,N/A,3211E150-9986-4E0A-AFD2-E1D20D4ECDF7,PEDESTRIAN,Other,NO IMPROPER ACTIONS,INSIDE BUILDING,N/A,N/A,No,SUSPECTED MINOR INJURY,N/A,39.07099833,-77.13331833,"(39.07099833, -77.13331833)"
MCP26170087,190053280,Montgomery County Police,Injury Crash,11/05/2019 02:05:00 PM,County,ARCOLA AVE,County,KERSEY RD,,N/A,PEDESTRIAN,OTHER,CLEAR,DRY,DAYLIGHT,NO CONTROLS,NONE DETECTED,NONE DETECTED,50CA2A68-AEBD-4B66-9B5A-9FFAE047FCD2,PEDESTRIAN,Cross/Enter at Intersection,N/A,AT INTERSECTION MARKED CROSSWALK,NO PED. SIGNAL,LIGHT CLOTHING,No,POSSIBLE INJURY,NONE,39.043475,-77.03062167,"(39.043475, -77.03062167)"
MCP32640037,220043194,Montgomery County Police,Injury Crash,10/04/2022 06:30:00 AM,Maryland (State),COLESVILLE RD,Maryland (State),GEORGIA AVE,,N/A,BICYCLIST,STRAIGHT MOVEMENT ANGLE,RAINING,WET,DAWN,TRAFFIC SIGNAL,NONE DETECTED,NONE DETECTED,8C71F1C3-F549-49BC-9F44-85AABE49F73F,BICYCLIST,Cross/Enter at Intersection,IN ROADWAY IMPROPERLY,AT INTERSECTION MARKED CROSSWALK,DISOBEYED PED. SIGNAL,DARK CLOTHING,Yes,POSSIBLE INJURY,NONE,38.99462333,-77.0359,"(38.99462333, -77.0359)"
MCP2192003Y,210025523,Montgomery County Police,Injury Crash,07/03/2021 08:44:00 AM,County,LONGMEAD CROSSING DR,Maryland (State),LAYHILL RD,,N/A,PEDESTRIAN,OTHER,CLOUDY,DRY,DAYLIGHT,TRAFFIC SIGNAL,NONE DETECTED,NONE DETECTED,B646C7C6-CEF9-4C3C-967B-59A1255CD4CC,PEDESTRIAN,Cross/Enter at Intersection,NO IMPROPER ACTIONS,ON ROADWAY AT CROSSWALK,OBEYED PED. SIGNAL,DARK CLOTHING,No,SUSPECTED MINOR INJURY,N/A,39.09567667,-77.044915,"(39.09567667, -77.044915)"
MCP3228003G,220016026,Montgomery County Police,Property Damage Crash,04/15/2022 05:16:00 PM,US (State),COLESVILLE RD,Government,SLIGO CREEK PKWY,,N/A,BICYCLIST,STRAIGHT MOVEMENT ANGLE,CLEAR,DRY,DAYLIGHT,TRAFFIC SIGNAL,NONE DETECTED,NONE DETECTED,9EDAE691-2B65-4C5F-B18D-7ABA325E4C83,BICYCLIST,Walking/Cycling on Sidewalk,NO IMPROPER ACTIONS,ON ROADWAY AT CROSSWALK,OBEYED PED. SIGNAL,LIGHT CLOTHING,No,NO APPARENT INJURY,MC/BIKE HELMET,39.0076268,-77.02030146,"(39.0076268, -77.02030146)"
MCP26760011,15004572,Montgomery County Police,Injury Crash,01/28/2015 09:04:00 PM,Maryland (State),GEORGIA AVE,County,ARCOLA AVE,,N/A,PEDESTRIAN,OTHER,CLEAR,DRY,DARK LIGHTS ON,TRAFFIC SIGNAL,N/A,N/A,82D08DDB-C780-4858-90CA-01734CA9BA43,PEDESTRIAN,Cross/Enter at Intersection,NO IMPROPER ACTIONS,ON ROADWAY AT CROSSWALK,OBEYED PED. SIGNAL,MIXED CLOTHING,,POSSIBLE INJURY,NONE,39.04961333,-77.05171667,"(39.04961333, -77.05171667)"
EJ78840042,220008914,Gaithersburg Police Depar,Property Damage Crash,03/01/2022 07:19:00 PM,Municipality,WASHINGTONIAN BLVD,Unknown,ROUNDABOUT,,N/A,PEDESTRIAN,SAME DIRECTION SIDESWIPE,CLEAR,DRY,DARK LIGHTS ON,N/A,N/A,N/A,13D09074-8A79-421F-90D3-4A0562CE8A1C,PEDESTRIAN,Walking/Riding w/Traffic,NO IMPROPER ACTIONS,ON ROADWAY NOT AT CROSSWALK,N/A,DARK CLOTHING,Unknown,NO APPARENT INJURY,LIGHTING,39.1178945,-77.20217447,"(39.1178945, -77.20217447)"
MCP24250058,15034899,MONTGOMERY,Injury Crash,07/16/2015 06:37:00 AM,County,FENWICK LA,Maryland (State),GEORGIA AVE,,N/A,PEDESTRIAN,OTHER,CLEAR,DRY,DAYLIGHT,STOP SIGN,NONE DETECTED,NONE DETECTED,27E4E26A-1CAF-452F-99DF-AF7425F0398B,PEDESTRIAN,Cross/Enter at Intersection,DART DASH,ON ROADWAY AT CROSSWALK,NO PED. SIGNAL,DARK CLOTHING,No,SUSPECTED MINOR INJURY,NONE,38.99809833,-77.03058333,"(38.99809833, -77.03058333)"
MCP1575003M,16009252,Montgomery County Police,Injury Crash,02/24/2016 02:59:00 PM,,,,,PARKING LOT 1580 ROCKVILLE PIKE,,PEDESTRIAN,SINGLE VEHICLE,RAINING,,DAYLIGHT,NO CONTROLS,NONE DETECTED,NONE DETECTED,18974F40-4452-4387-BAB3-1B93ADA01229,PEDESTRIAN,Other,OTHER,OTHER,NO PED. SIGNAL,DARK CLOTHING,No,POSSIBLE INJURY,NONE,39.06457167,-77.12540667,"(39.06457167, -77.12540667)"
MCP2395000P,170522165,Montgomery County Police,Injury Crash,07/31/2017 06:35:00 PM,County,CLUB HOLLOW RD,County,TRUNDLE RD,,N/A,OTHER,SINGLE VEHICLE,CLEAR,DRY,DAYLIGHT,NO CONTROLS,NONE DETECTED,N/A,3A52C989-AF48-43FB-8246-25AD4F6CB889,OTHER,N/A,N/A,N/A,N/A,N/A,No,NO APPARENT INJURY,N/A,39.13548333,-77.46941167,"(39.13548333, -77.46941167)"
MCP32800029,220028685,Montgomery County Police,Injury Crash,07/04/2022 02:12:00 PM,Maryland (State),SANDY SPRING RD,County,DINO DR,,N/A,"BICYCLIST, OTHER",ANGLE MEETS RIGHT TURN,CLEAR,DRY,DAYLIGHT,TRAFFIC SIGNAL,NONE DETECTED,NONE DETECTED,FA1E617F-5474-42B6-8EB7-961D6F8C58EF,BICYCLIST,Cross/Enter at Intersection,FAILURE TO YIELD RIGHT OF WAY,OUTSIDE RIGHT OF WAY,OTHER,MIXED CLOTHING,Yes,SUSPECTED SERIOUS INJURY,NONE,39.10874,-76.92343667,"(39.10874, -76.92343667)"
DD5502002C,16021808,Rockville Police Departme,Injury Crash,05/03/2016 12:15:00 PM,Maryland (State),HUNGERFORD DR,Municipality,A ST,,ROCKVILLE,PEDESTRIAN,OTHER,CLOUDY,DRY,DAYLIGHT,TRAFFIC SIGNAL,UNKNOWN,NONE DETECTED,305316F3-D050-4DC5-920B-76A02F99EE4F,PEDESTRIAN,Cross/Enter at Intersection,NO IMPROPER ACTIONS,ON ROADWAY AT CROSSWALK,OBEYED PED. SIGNAL,MIXED CLOTHING,No,SUSPECTED MINOR INJURY,NONE,39.09198065,-77.15315089,"(39.09198065, -77.15315089)"
MCP2830001X,16008844,Montgomery County Police,Injury Crash,02/22/2016 11:18:00 AM,,,,,18101 PRINCE PHILLIP DR OLNEY MD 20832                  ( MONTGOMERY GENERAL HOSPITAL PARKING LOT),,PEDESTRIAN,OTHER,CLEAR,,DAYLIGHT,NO CONTROLS,NONE DETECTED,NONE DETECTED,761E1C01-377B-441E-BA7C-AA5BA141A795,PEDESTRIAN,Other,OTHER,OTHER,N/A,OTHER,No,POSSIBLE INJURY,NONE,39.14722833,-77.05212,"(39.14722833, -77.05212)"
MCP13780040,15003250,Montgomery County Police,Injury Crash,01/20/2015 06:53:00 PM,,,,,PARKING LOT OF 9235 HUMMINGBIRD TERR,,PEDESTRIAN,SINGLE VEHICLE,CLOUDY,,DARK LIGHTS ON,N/A,NONE DETECTED,NONE DETECTED,9D01B1C8-C8CC-4243-AD66-28049C4CC06E,PEDESTRIAN,Other,NO IMPROPER ACTIONS,OTHER,N/A,MIXED CLOTHING,,SUSPECTED MINOR INJURY,N/A,39.16101167,-77.190915,"(39.16101167, -77.190915)"
MCP2987001K,17009316,Montgomery County Police,Injury Crash,02/21/2017 10:40:00 AM,Maryland (State),PINEY BRANCH RD,County,ARLISS ST,,N/A,PEDESTRIAN,STRAIGHT MOVEMENT ANGLE,CLEAR,DRY,DAYLIGHT,TRAFFIC SIGNAL,NONE DETECTED,NONE DETECTED,FFBFAEFF-90EC-44BD-9556-3EDA9AA47C56,PEDESTRIAN,Cross/Enter at Intersection,NO IMPROPER ACTIONS,ON ROADWAY AT CROSSWALK,OBEYED PED. SIGNAL,MIXED CLOTHING,No,SUSPECTED MINOR INJURY,NONE,38.99820667,-77.00123167,"(38.99820667, -77.00123167)"
MCP30570010,180013496,Montgomery County Police,Injury Crash,03/18/2018 11:39:00 AM,County,BARNESVILLE RD,County,PEACH TREE RD,,N/A,BICYCLIST,STRAIGHT MOVEMENT ANGLE,CLEAR,DRY,DAYLIGHT,STOP SIGN,NONE DETECTED,NONE DETECTED,7DC7116E-A28E-4B80-A22C-67CD06D82378,BICYCLIST,Cross/Enter at Intersection,FAILURE TO OBEY TRAFFIC SIGNS SIGNALS OR OFFICER,AT INTERSECTION BUT NO CROSSWALK,OTHER,MIXED CLOTHING,Yes,POSSIBLE INJURY,MC/BIKE HELMET,39.21530833,-77.35591833,"(39.21530833, -77.35591833)"
MCP32740019,220018295,Montgomery County Police,Injury Crash,04/29/2022 09:45:00 PM,Maryland (State),RIVER RD,County,LANDY LA,,N/A,PEDESTRIAN,STRAIGHT MOVEMENT ANGLE,CLEAR,DRY,DARK LIGHTS ON,NO CONTROLS,NONE DETECTED,ALCOHOL CONTRIBUTED,21A4737C-7222-447F-83D2-946A3DB54578,PEDESTRIAN,Other,IN ROADWAY IMPROPERLY,OUTSIDE RIGHT OF WAY,NO PED. SIGNAL,MIXED CLOTHING,Yes,SUSPECTED SERIOUS INJURY,N/A,38.96501333,-77.10390833,"(38.96501333, -77.10390833)"
EJ78530026,17010779,Gaithersburg Police Depar,Injury Crash,02/28/2017 07:19:00 PM,Maryland (State),W DIAMOND AVE,Municipality,PERRY PKWY,,GAITHERSBURG,PEDESTRIAN,STRAIGHT MOVEMENT ANGLE,RAINING,WET,DARK LIGHTS ON,TRAFFIC SIGNAL,NONE DETECTED,NONE DETECTED,BDFA4C49-E52D-468A-A492-6C3E0C72C4A0,PEDESTRIAN,Cross/Enter at Intersection,FAILURE TO OBEY TRAFFIC SIGNS SIGNALS OR OFFICER,ON ROADWAY AT CROSSWALK,DISOBEYED PED. SIGNAL,OTHER,Yes,SUSPECTED MINOR INJURY,NONE,39.14040854,-77.20941827,"(39.14040854, -77.20941827)"
MCP2864004F,220034204,Montgomery County Police,Injury Crash,08/09/2022 01:45:00 PM,Maryland (State),WISCONSIN AVE,County,CHASE AVE,,N/A,PEDESTRIAN,STRAIGHT MOVEMENT ANGLE,CLEAR,DRY,DAYLIGHT,NO CONTROLS,NONE DETECTED,NONE DETECTED,ABCFF756-CED0-4232-A464-5D0DEA2B0D85,PEDESTRIAN,Cross/Enter at Intersection,NO IMPROPER ACTIONS,ON ROADWAY AT CROSSWALK,NO PED. SIGNAL,LIGHT CLOTHING,No,SUSPECTED MINOR INJURY,NONE,38.9895265,-77.09557717,"(38.9895265, -77.09557717)"
MCP3329000S,220046987,Montgomery County Police,Property Damage Crash,10/26/2022 12:41:00 PM,US (State),GEORGIA AVE,County,WAYNE AVE,,N/A,PEDESTRIAN,STRAIGHT MOVEMENT ANGLE,CLEAR,N/A,DAYLIGHT,TRAFFIC SIGNAL,UNKNOWN,NONE DETECTED,CDCD7B23-E6D4-4E6E-97F8-8FAED540768F,PEDESTRIAN,Cross/Enter at Intersection,NO IMPROPER ACTIONS,AT INTERSECTION MARKED CROSSWALK,OBEYED PED. SIGNAL,MIXED CLOTHING,No,NO APPARENT INJURY,N/A,38.99473494,-77.02665961,"(38.99473494, -77.02665961)"
MCP2809001J,15004314,Montgomery County Police,Injury Crash,01/26/2015 07:00:00 AM,Maryland (State),UNIVERSITY BLVD W,County,CADDINGTON AVE,,N/A,PEDESTRIAN,OTHER,RAINING,WET,DAWN,TRAFFIC SIGNAL,UNKNOWN,N/A,4A719E47-0EEC-4243-80A5-0CE8D8AF52E1,PEDESTRIAN,Walking to/from school,UNKNOWN,UNKNOWN,UNKNOWN,MIXED CLOTHING,,POSSIBLE INJURY,NONE,39.03357,-77.0238,"(39.03357, -77.0238)"
DD55080046,180001084,Rockville Police Departme,Injury Crash,01/08/2018 08:56:00 AM,,,,,PARKING LOT OF 1514 DUNSTER RD,,PEDESTRIAN,OTHER,CLOUDY,,DAYLIGHT,N/A,NONE DETECTED,NONE DETECTED,7FEEB997-092F-413E-8FDD-6DD20501B724,PEDESTRIAN,Standing,NO IMPROPER ACTIONS,OTHER,N/A,MIXED CLOTHING,No,SUSPECTED MINOR INJURY,NONE,39.06250667,-77.17491,"(39.06250667, -77.17491)"
MCP28790010,16019873,Montgomery County Police,Injury Crash,04/22/2016 07:05:00 PM,County,REDLAND RD,County,CRABBS BRANCH WAY,,N/A,PEDESTRIAN,N/A,CLEAR,DRY,DAYLIGHT,TRAFFIC SIGNAL,NONE DETECTED,NONE DETECTED,F44FA641-0B63-4F9D-A433-E6BFAC290A08,PEDESTRIAN,Cross/Enter at Intersection,NO IMPROPER ACTIONS,AT INTERSECTION MARKED CROSSWALK,OBEYED PED. SIGNAL,MIXED CLOTHING,No,SUSPECTED MINOR INJURY,NONE,39.12080667,-77.15868,"(39.12080667, -77.15868)"
MCP271700QC,190043472,Montgomery County Police,Injury Crash,09/11/2019 09:30:00 AM,County,NEBEL ST,County,MARINELLI RD,,N/A,PEDESTRIAN,SINGLE VEHICLE,CLEAR,DRY,DAYLIGHT,STOP SIGN,NONE DETECTED,NONE DETECTED,00F98930-4730-40C9-AFBE-FF87469D822F,PEDESTRIAN,Cross/Enter at Intersection,NO IMPROPER ACTIONS,ON ROADWAY AT CROSSWALK,NO PED. SIGNAL,MIXED CLOTHING,No,SUSPECTED MINOR INJURY,N/A,39.04783133,-77.1055885,"(39.04783133, -77.1055885)"
MCP3220001H,210041390,Montgomery County Police,Property Damage Crash,10/15/2021 04:11:00 PM,County,HOLLINGSWORTH DR,County,HOLLINGSWORTH TERR,,N/A,MACHINE OPERATOR/RIDER,STRAIGHT MOVEMENT ANGLE,N/A,DRY,DAYLIGHT,NO CONTROLS,NONE DETECTED,NONE DETECTED,11E5FF05-4D5E-4E3C-BE53-B83033773569,MACHINE OPERATOR/RIDER,Push/Work on Vehicle,INATTENTIVE,OTHER,NO PED. SIGNAL,N/A,Yes,NO APPARENT INJURY,N/A,39.15200617,-77.13448917,"(39.15200617, -77.13448917)"
MCP2274001J,170519122,Montgomery County Police,Injury Crash,07/14/2017 04:57:00 PM,,,,,"PARKING LOT OF 455 N. FREDERICK AVE, GAITHERSBURG, MONTGOMERY COUTNY, MARYLAND",,BICYCLIST,STRAIGHT MOVEMENT ANGLE,CLOUDY,,DAYLIGHT,NO CONTROLS,NONE DETECTED,NONE DETECTED,79FA7296-98DD-4755-85CF-461003B40A90,BICYCLIST,Walking/Cycling on Sidewalk,NO IMPROPER ACTIONS,SIDEWALK,NO PED. SIGNAL,MIXED CLOTHING,No,SUSPECTED MINOR INJURY,NONE,39.14836833,-77.206515,"(39.14836833, -77.206515)"
MCP3257000S,200035612,Montgomery County Police,Injury Crash,09/11/2020 08:50:00 AM,County,ROCK SPRING DR,Maryland (State),OLD GEORGETOWN RD,,N/A,BICYCLIST,OTHER,CLEAR,DRY,DAYLIGHT,STOP SIGN,N/A,N/A,9CABB090-DFB4-4244-93A9-0A9B8EAE326D,BICYCLIST,Walking/Riding against Traffic,IN ROADWAY IMPROPERLY,ON ROADWAY NOT AT CROSSWALK,N/A,DARK CLOTHING,Yes,SUSPECTED MINOR INJURY,NONE,39.02669833,-77.12793,"(39.02669833, -77.12793)"
MCP2559001R,170501242,Montgomery County Police,Injury Crash,04/09/2017 12:19:00 PM,Maryland (State),WOODFIELD RD,Unknown,SPUR TO AIRPARK RD,,N/A,BICYCLIST,SAME DIRECTION RIGHT TURN,CLEAR,DRY,DAYLIGHT,TRAFFIC SIGNAL,NONE DETECTED,NONE DETECTED,347F04C6-86DB-48BC-9928-D8264CCD0479,BICYCLIST,Cross/Enter at Intersection,NO IMPROPER ACTIONS,ON ROADWAY AT CROSSWALK,OBEYED PED. SIGNAL,MIXED CLOTHING,No,SUSPECTED MINOR INJURY,MC/BIKE HELMET,39.16897185,-77.15427339,"(39.16897185, -77.15427339)"
MCP2881001G,16034746,Montgomery County Police,Injury Crash,07/09/2016 07:39:00 AM,County,FATHER HURLEY BLVD,County,WYNNFIELD DR,,N/A,PEDESTRIAN,OTHER,N/A,N/A,DAYLIGHT,TRAFFIC SIGNAL,NONE DETECTED,NONE DETECTED,454D8605-BCE1-4C74-81E7-BCC0DA875C93,PEDESTRIAN,Cross/Enter at Intersection,NO IMPROPER ACTIONS,AT INTERSECTION MARKED CROSSWALK,OBEYED PED. SIGNAL,N/A,No,POSSIBLE INJURY,NONE,39.18527,-77.24493667,"(39.18527, -77.24493667)"
MCP3014002L,200017515,Montgomery County Police,Injury Crash,04/28/2020 10:56:00 PM,Maryland (State),VEIRS MILL RD,County,RANDOLPH RD,,N/A,PEDESTRIAN,OTHER,CLOUDY,WET,DARK LIGHTS ON,TRAFFIC SIGNAL,NONE DETECTED,ALCOHOL CONTRIBUTED,405F4FDB-A1B6-48F2-ADA7-92D7DB12A440,PEDESTRIAN,Cross/Enter at Intersection,IN ROADWAY IMPROPERLY,ON ROADWAY NOT AT CROSSWALK,UNKNOWN,DARK CLOTHING,Yes,SUSPECTED SERIOUS INJURY,NONE,39.05617808,-77.08262992,"(39.05617808, -77.08262992)"
EJ7829004T,180040228,Gaithersburg Police Depar,Injury Crash,08/13/2018 02:00:00 PM,,,,,PARKING LOT OF 15750 SHADY GROVE ROAD,,PEDESTRIAN,OTHER,CLEAR,,DAYLIGHT,NO CONTROLS,N/A,N/A,095774F6-C282-4372-9EFF-B483ABE1F734,PEDESTRIAN,Standing,OTHER,OTHER,N/A,LIGHT CLOTHING,Yes,POSSIBLE INJURY,N/A,39.11958973,-77.24573135,"(39.11958973, -77.24573135)"
EJ7889000N,210015206,Gaithersburg Police Depar,Injury Crash,04/23/2021 09:50:00 PM,County,SHADY GROVE RD,Ramp,RAMP 2 FR SHADY GROVE RD WB TO IS 270 NB,,N/A,PEDESTRIAN,OTHER,CLEAR,N/A,OTHER,NO CONTROLS,NONE DETECTED,ALCOHOL PRESENT,010F580A-5947-4BEC-9D0A-D51115B0E05C,PEDESTRIAN,Cross/Enter not at Intersection,IN ROADWAY IMPROPERLY,ON ROADWAY NOT AT CROSSWALK,NO PED. SIGNAL,DARK CLOTHING,Yes,SUSPECTED SERIOUS INJURY,NONE,39.11422997,-77.18608143,"(39.11422997, -77.18608143)"
MCP2898001Z,17000640,Montgomery County Police,Injury Crash,01/04/2017 05:26:00 PM,Maryland (State),GERMANTOWN RD,County,BOWMAN MILL RD,,N/A,PEDESTRIAN,SAME DIRECTION LEFT TURN,CLEAR,DRY,DARK LIGHTS ON,NO CONTROLS,N/A,N/A,1C5325F2-A4A7-4240-990E-9D011078EC2D,PEDESTRIAN,Cross/Enter at Intersection,NO IMPROPER ACTIONS,AT INTERSECTION BUT NO CROSSWALK,NO PED. SIGNAL,MIXED CLOTHING,Yes,POSSIBLE INJURY,NONE,39.17548167,-77.27230167,"(39.17548167, -77.27230167)"
MCP1152000M,190015381,Montgomery County Police,Injury Crash,04/03/2019 07:00:00 AM,Maryland (State),WISCONSIN AVE,County,LELAND ST,,N/A,PEDESTRIAN,OTHER,CLEAR,DRY,DAYLIGHT,TRAFFIC SIGNAL,NONE DETECTED,NONE DETECTED,16802A3C-A4E5-4BEE-834D-A0BDE2D9497F,PEDESTRIAN,Cross/Enter at Intersection,NO IMPROPER ACTIONS,ON ROADWAY AT CROSSWALK,OBEYED PED. SIGNAL,MIXED CLOTHING,No,POSSIBLE INJURY,NONE,38.98007167,-77.09168167,"(38.98007167, -77.09168167)"
MCP3039004M,200004175,Montgomery County Police,Injury Crash,01/25/2020 03:30:00 PM,Maryland (State),PINEY BRANCH RD,County,RITCHIE AVE,,N/A,PEDESTRIAN,OTHER,CLEAR,DRY,DAYLIGHT,NO CONTROLS,NONE DETECTED,NONE DETECTED,2A3BDBED-3A59-49CD-9B8C-EC62BB3EA770,PEDESTRIAN,Cross/Enter at Intersection,NO IMPROPER ACTIONS,ON ROADWAY AT CROSSWALK,NO PED. SIGNAL,MIXED CLOTHING,No,SUSPECTED MINOR INJURY,NONE,38.98837167,-77.01235,"(38.98837167, -77.01235)"
DD5611000W,16000618,Rockville Police Departme,Injury Crash,01/04/2016 05:36:00 PM,Municipality,N WASHINGTON ST,Municipality,MARTINS LA,,ROCKVILLE,PEDESTRIAN,SINGLE VEHICLE,CLEAR,DRY,DARK LIGHTS ON,TRAFFIC SIGNAL,NONE DETECTED,UNKNOWN,A99096BC-2EC4-42DE-BC5C-84F3F75C07E4,PEDESTRIAN,Cross/Enter at Intersection,DART DASH,ON ROADWAY NOT AT CROSSWALK,NO PED. SIGNAL,DARK CLOTHING,Yes,POSSIBLE INJURY,NONE,39.09080965,-77.15365648,"(39.09080965, -77.15365648)"
MCP2753002S,170525843,Montgomery County Police,Injury Crash,08/20/2017 12:06:00 PM,County,GRIDLEY RD,County,CHARLES RD,,N/A,PEDESTRIAN,OTHER,CLEAR,DRY,DAYLIGHT,NO CONTROLS,NONE DETECTED,NONE DETECTED,FB5C8840-7988-4DBC-B754-1507528E1EC7,PEDESTRIAN,Playing,IN ROADWAY IMPROPERLY,ON ROADWAY NOT AT CROSSWALK,N/A,MIXED CLOTHING,Yes,SUSPECTED MINOR INJURY,NONE,39.05568333,-77.087665,"(39.05568333, -77.087665)"
HA23050005,18001634,Maryland-National Capital,Injury Crash,11/26/2018 05:13:00 PM,Government,BEACH DR,Government,NO NAME,,N/A,PEDESTRIAN,HEAD ON LEFT TURN,CLEAR,DRY,DARK NO LIGHTS,STOP SIGN,UNKNOWN,NONE DETECTED,1D76FD69-5316-4A8A-9E07-D39E45AF31B5,PEDESTRIAN,Cross/Enter at Intersection,NO IMPROPER ACTIONS,ON ROADWAY AT CROSSWALK,NO PED. SIGNAL,MIXED CLOTHING,No,POSSIBLE INJURY,N/A,39.05922167,-77.06507833,"(39.05922167, -77.06507833)"
MCP23300018,170539513,Montgomery County Police,Injury Crash,10/28/2017 05:12:00 PM,,,,,11171 GEORGIA AVE - BUS TURN AROUND,,PEDESTRIAN,OTHER,CLEAR,,DAYLIGHT,NO CONTROLS,NONE DETECTED,NONE DETECTED,2CCF9EAD-D71A-43E6-A5F4-10F248E1CCD9,PEDESTRIAN,Other,OTHER,OTHER,N/A,MIXED CLOTHING,Yes,SUSPECTED SERIOUS INJURY,NONE,39.03757,-77.051335,"(39.03757, -77.051335)"
MCP2437001F,16004168,Montgomery County Police,Injury Crash,01/25/2016 07:29:00 PM,Maryland (State),GEORGIA AVE,County,HATHAWAY DR,,N/A,PEDESTRIAN,SINGLE VEHICLE,CLEAR,WET,DARK NO LIGHTS,NO CONTROLS,NONE DETECTED,ALCOHOL PRESENT,D011E0E3-C041-43AA-ACA8-DB199F6E0345,PEDESTRIAN,Walking/Riding w/Traffic,NOT VISIBLE,ON ROADWAY NOT AT CROSSWALK,NO PED. SIGNAL,DARK CLOTHING,Yes,SUSPECTED SERIOUS INJURY,NONE,39.06922667,-77.06196333,"(39.06922667, -77.06196333)"
MCP1205008K,220055351,Montgomery County Police,Injury Crash,12/14/2022 01:53:00 PM,Maryland (State),CONNECTICUT AVE,Unknown,CHEVY CHASE COMMUNITY LIBRARY,,N/A,BICYCLIST,STRAIGHT MOVEMENT ANGLE,CLOUDY,DRY,DAYLIGHT,NO CONTROLS,NONE DETECTED,NONE DETECTED,3D06FF20-5022-4EFF-A2AE-88D2C4BE1576,BICYCLIST,Other,NO IMPROPER ACTIONS,DRIVEWAY ACCESS MARKED CROSSWALK,N/A,DARK CLOTHING,No,SUSPECTED MINOR INJURY,NONE,38.991215,-77.07686333,"(38.991215, -77.07686333)"
MCP2627000M,15045966,MONTGOMERY,Injury Crash,09/11/2015 03:31:00 PM,Maryland (State),WISCONSIN AVE,Unknown,ENT TO SHOPPING CENTER,,N/A,PEDESTRIAN,SINGLE VEHICLE,CLEAR,DRY,DAYLIGHT,NO CONTROLS,NONE DETECTED,NONE DETECTED,0AF6DE51-2D17-4209-B2E3-B12C13EEA976,PEDESTRIAN,Cross/Enter at Intersection,NO IMPROPER ACTIONS,DRIVEWAY ACCESS MARKED CROSSWALK,NO PED. SIGNAL,MIXED CLOTHING,No,POSSIBLE INJURY,NONE,38.96293667,-77.08654,"(38.96293667, -77.08654)"
MCP9386008X,210041163,Montgomery County Police,Injury Crash,10/14/2021 12:30:00 PM,Maryland (State),DARNESTOWN RD,County,JONES LA,,N/A,BICYCLIST,STRAIGHT MOVEMENT ANGLE,CLEAR,DRY,DAYLIGHT,N/A,NONE DETECTED,NONE DETECTED,60656045-3C1D-49AC-BEE2-B5ED25AF372E,BICYCLIST,Walking/Riding w/Traffic,NO IMPROPER ACTIONS,SHOULDER,NO PED. SIGNAL,MIXED CLOTHING,No,SUSPECTED MINOR INJURY,MC/BIKE HELMET,39.11380983,-77.26768533,"(39.11380983, -77.26768533)"
MCP26870032,180027292,Montgomery County Police,Injury Crash,06/03/2018 02:36:00 PM,Government,SOUTH DR,Maryland (State),ROCKVILLE PIKE,,N/A,PEDESTRIAN,SINGLE VEHICLE,RAINING,WET,DAYLIGHT,NO CONTROLS,NONE DETECTED,NONE DETECTED,C72D8A9C-F81E-4F45-B2B5-B26BF9C1BF14,PEDESTRIAN,Cross/Enter at Intersection,NO IMPROPER ACTIONS,ON ROADWAY AT CROSSWALK,NO PED. SIGNAL,LIGHT CLOTHING,No,POSSIBLE INJURY,N/A,38.99958604,-77.09809452,"(38.99958604, -77.09809452)"
MCP3008001Y,190027155,Montgomery County Police,Injury Crash,06/06/2019 11:13:00 PM,County,OAKVIEW DR,County,BRADDOCK RD,,N/A,BICYCLIST,OTHER,CLEAR,DRY,DARK LIGHTS ON,NO CONTROLS,UNKNOWN,NONE DETECTED,569E88E7-AFF4-4F95-A5FA-3038A0B185CE,BICYCLIST,Unknown,NO IMPROPER ACTIONS,UNKNOWN,NO PED. SIGNAL,MIXED CLOTHING,No,SUSPECTED SERIOUS INJURY,NONE,39.0152112,-76.9768841,"(39.0152112, -76.9768841)"
MCP1563003R,170512738,Montgomery County Police,Injury Crash,06/09/2017 04:30:00 PM,Maryland (State),CONNECTICUT AVE,Maryland (State),EAST WEST HWY,,N/A,BICYCLIST,STRAIGHT MOVEMENT ANGLE,CLEAR,DRY,DAYLIGHT,NO CONTROLS,UNKNOWN,NONE DETECTED,5393D388-92B9-440D-ADAC-B837D22F3980,BICYCLIST,Walking/Riding w/Traffic,NO IMPROPER ACTIONS,ON ROADWAY NOT AT CROSSWALK,N/A,MIXED CLOTHING,No,SUSPECTED MINOR INJURY,MC/BIKE HELMET,38.98762115,-77.07727253,"(38.98762115, -77.07727253)"