Report Number,Local Case Number,Agency Name,ACRS Report Type,Crash Date/Time,Route Type,Road Name,Cross-Street Type,Cross-Street Name,Off-Road Description,Municipality,Related Non-Motorist,Collision Type,Weather,Surface Condition,Light,Traffic Control,Driver Substance Abuse,Non-Motorist Substance Abuse,Person ID,Pedestrian Type,Pedestrian Movement,Pedestrian Actions,Pedestrian Location,Pedestrian Obeyed Traffic Signal,Pedestrian Visibility,At Fault,Injury Severity,Safety Equipment,Latitude,Longitude,Location
MCP3050004Q,200028775,Montgomery County Police,Injury Crash,07/24/2020 05:56:00 PM,,,,,"PARKING LOT IN FRONT OF CHINA KING 3827 ASPEN HILL RD SILVER SPRING, MD 20906",,PEDESTRIAN,OTHER,CLEAR,,DAYLIGHT,STOP SIGN,NONE DETECTED,NONE DETECTED,54835D56-34A0-4B14-AE00-9C63A98FC826,PEDESTRIAN,Cross/Enter not at Intersection,INATTENTIVE,ON ROADWAY NOT AT CROSSWALK,N/A,MIXED CLOTHING,No,SUSPECTED MINOR INJURY,N/A,39.08129,-77.07759333,"(39.08129, -77.07759333)"
MCP25940053,190008179,Montgomery County Police,Injury Crash,02/20/2019 08:57:00 AM,,,,,ALLEY BEHIND NEW HAMPSHIRE AVE,,PEDESTRIAN,OTHER,SNOW,,DAYLIGHT,NO CONTROLS,NONE DETECTED,NONE DETECTED,1EBE7F3A-A5C2-432C-B140-7586A4E1D8A5,PEDESTRIAN,Other,OTHER,OTHER,NO PED. SIGNAL,MIXED CLOTHING,No,SUSPECTED MINOR INJURY,NONE,39.12263533,-77.0006365,"(39.12263533, -77.0006365)"
MCP3091002Q,210028782,Montgomery County Police,Injury Crash,07/25/2021 10:38:00 AM,County,SHADY GROVE RD,Unknown,ENT TO MONT CO TRANSFER STATION,,N/A,PEDESTRIAN,OTHER,CLEAR,DRY,DAYLIGHT,PERSON,UNKNOWN,N/A,092D9189-23C4-40C5-BA1B-DD446EDC670A,PEDESTRIAN,Standing,NO IMPROPER ACTIONS,OTHER,OBEYED PED. SIGNAL,REFLECTIVE MATERIAL,No,POSSIBLE INJURY,NONE,39.05411483,-77.1133085,"(39.05411483, -77.1133085)"
MCP2853006P,190046041,Montgomery County Police,Injury Crash,09/25/2019 06:15:00 PM,Maryland (State),UNIVERSITY BLVD E,US (State),COLESVILLE RD,,N/A,BICYCLIST,OTHER,N/A,DRY,DAYLIGHT,TRAFFIC SIGNAL,N/A,N/A,051670A4-779E-4DAB-852B-653FD54BF76A,BICYCLIST,Cross/Enter at Intersection,NO IMPROPER ACTIONS,AT INTERSECTION MARKED CROSSWALK,OBEYED PED. SIGNAL,LIGHT CLOTHING,No,SUSPECTED MINOR INJURY,MC/BIKE HELMET,39.01966077,-77.01314944,"(39.01966077, -77.01314944)"
MCP30050058,200039793,Montgomery County Police,Injury Crash,10/09/2020 02:40:00 PM,,,,,REAR PARKING LOT OF 3000 MCCOMAS AVE,,OTHER CONVEYANCE,SINGLE VEHICLE,CLEAR,,DAYLIGHT,NO CONTROLS,NONE DETECTED,NONE DETECTED,14A27C0D-694A-4E9D-A892-F60CE293844C,OTHER CONVEYANCE,Other,NO IMPROPER ACTIONS,OTHER,N/A,DARK CLOTHING,No,POSSIBLE INJURY,N/A,39.03172167,-77.06211167,"(39.03172167, -77.06211167)"
MCP32200035,220044009,Montgomery County Police,Injury Crash,10/08/2022 02:10:00 PM,,,,,INSIDE EXTRA SPACE STORAGE FACILITY LOCATED AT 18920 EARHART CT.,,PEDESTRIAN,SINGLE VEHICLE,CLEAR,,DAYLIGHT,NO CONTROLS,,NONE DETECTED,5C66CFE9-BE92-4DE3-99EC-19AD694B9D1A,PEDESTRIAN,Standing,INATTENTIVE,OTHER,NO PED. SIGNAL,MIXED CLOTHING,Unknown,POSSIBLE INJURY,NONE,39.16866679,-77.17357839,"(39.16866679, -77.17357839)"
MCP3136002G,190041527,Montgomery County Police,Injury Crash,08/30/2019 12:11:00 PM,,,,,8523 PINEY BRANCH RD (REAR PARKING LOT),,PEDESTRIAN,OTHER,CLEAR,,DAYLIGHT,N/A,NONE DETECTED,ALCOHOL PRESENT,111FAD56-CBF4-451C-B56E-94FDC05D29F4,PEDESTRIAN,Standing,NOT VISIBLE,OTHER,N/A,N/A,No,SUSPECTED MINOR INJURY,N/A,38.99774447,-77.00260826,"(38.99774447, -77.00260826)"
MCP3330000P,220051790,Montgomery County Police,Injury Crash,11/23/2022 10:30:00 AM,,DARNESTOWN RD,,SIDE STREET COMING OUT OF 10500 DARNESTOWN RD,,N/A,OTHER CONVEYANCE,STRAIGHT MOVEMENT ANGLE,CLEAR,DRY,DAYLIGHT,NO CONTROLS,UNKNOWN,N/A,4D9B4224-1D0C-4299-A86C-FCC4C025D7E3,OTHER CONVEYANCE,Cross/Enter at Intersection,NO IMPROPER ACTIONS,AT INTERSECTION BUT NO CROSSWALK,N/A,MIXED CLOTHING,No,SUSPECTED SERIOUS INJURY,NONE,39.10139533,-77.217295,"(39.10139533, -77.217295)"
MCP2069000S,230012265,Montgomery County Police,Injury Crash,03/13/2023 02:50:00 PM,Maryland (State),WOODFIELD RD,Maryland (State),MAIN ST,,N/A,PEDESTRIAN,SINGLE VEHICLE,CLOUDY,DRY,DAYLIGHT,TRAFFIC SIGNAL,NONE DETECTED,NONE DETECTED,80AE7489-BB7C-4BC4-B5A8-87F324AA3D3E,PEDESTRIAN,Other Working,NO IMPROPER ACTIONS,ON ROADWAY AT CROSSWALK,OBEYED PED. SIGNAL,MIXED CLOTHING,No,SUSPECTED MINOR INJURY,N/A,39.28815667,-77.20185167,"(39.28815667, -77.20185167)"
MCP11740024,170505199,Montgomery County Police,Injury Crash,05/01/2017 05:58:00 AM,County,LAUDERDALE DR,County,RANDOLPH RD,,N/A,PEDESTRIAN,SINGLE VEHICLE,CLEAR,DRY,DAWN,TRAFFIC SIGNAL,UNKNOWN,NONE DETECTED,A19FE517-58A6-42C7-B3E3-493888B2B743,PEDESTRIAN,Walking/Riding against Traffic,NO IMPROPER ACTIONS,ON ROADWAY AT CROSSWALK,OBEYED PED. SIGNAL,DARK CLOTHING,No,SUSPECTED MINOR INJURY,NONE,39.05363471,-77.10421801,"(39.05363471, -77.10421801)"
MCP291400B3,200030582,Montgomery County Police,Injury Crash,07/12/2020 03:40:00 AM,US (State),GEORGIA AVE,Unknown,CROSSOVER,,N/A,PEDESTRIAN,OTHER,CLEAR,N/A,DARK LIGHTS ON,NO CONTROLS,N/A,N/A,0CB16293-85C5-4909-A8B1-6341DA452CC1,PEDESTRIAN,Standing,IN ROADWAY IMPROPERLY,N/A,N/A,DARK CLOTHING,Yes,POSSIBLE INJURY,NONE,38.99105471,-77.02640648,"(38.99105471, -77.02640648)"
MCP29840011,180056926,Montgomery County Police,Injury Crash,11/12/2018 07:30:00 AM,Maryland (State),GREAT SENECA HWY,Maryland (State),CLOPPER RD,,N/A,PEDESTRIAN,OTHER,N/A,DRY,DAYLIGHT,TRAFFIC SIGNAL,UNKNOWN,N/A,3BE65B21-A7EB-4769-B664-1F4A1CEDC094,PEDESTRIAN,Cross/Enter at Intersection,INATTENTIVE,AT INTERSECTION MARKED CROSSWALK,OBEYED PED. SIGNAL,UNKNOWN,No,SUSPECTED MINOR INJURY,N/A,39.15906485,-77.27519333,"(39.15906485, -77.27519333)"
EJ7851001F,16014440,Gaithersburg Police Depar,Injury Crash,03/24/2016 08:00:00 AM,Maryland (State),FREDERICK RD,Municipality,DALAMAR ST,,GAITHERSBURG,PEDESTRIAN,OTHER,CLEAR,DRY,DAYLIGHT,N/A,NONE DETECTED,NONE DETECTED,A284AA65-5A49-41A6-A106-ACDCC31B9813,PEDESTRIAN,Cross/Enter at Intersection,NO IMPROPER ACTIONS,SIDEWALK,N/A,N/A,No,POSSIBLE INJURY,NONE,39.14614584,-77.20441461,"(39.14614584, -77.20441461)"
MCP15650043,210021667,Montgomery County Police,Injury Crash,06/07/2021 04:46:00 PM,,,,,"PARKING LOT OF 13490 NEW HAMPSHIRE AVE, GIANT FOODS",,PEDESTRIAN,OTHER,CLEAR,,DAYLIGHT,NO CONTROLS,NONE DETECTED,NONE DETECTED,09EB89CE-53A7-4927-971B-ECB35D0A5620,PEDESTRIAN,Other,NO IMPROPER ACTIONS,ON ROADWAY AT CROSSWALK,NO PED. SIGNAL,MIXED CLOTHING,No,SUSPECTED MINOR INJURY,N/A,39.07677167,-77.00365167,"(39.07677167, -77.00365167)"
MCP209400H3,210007963,Montgomery County Police,Injury Crash,03/03/2021 06:59:00 AM,County,MACARTHUR BLVD,Government,CLARA BARTON PKWY,,N/A,BICYCLIST,OTHER,CLEAR,DRY,DAYLIGHT,NO CONTROLS,NONE DETECTED,NONE DETECTED,DFAA19E2-B9FC-4E77-AF11-DFE05C15F137,BICYCLIST,Walking/Riding w/Traffic,NO IMPROPER ACTIONS,ON ROADWAY NOT AT CROSSWALK,N/A,MIXED CLOTHING,No,SUSPECTED SERIOUS INJURY,MC/BIKE HELMET,38.97863667,-77.20802833,"(38.97863667, -77.20802833)"
MCP30700014,190054389,Montgomery County Police,Injury Crash,11/11/2019 05:10:00 PM,,,,,"CVS - 7809 WISCONSIN AVE BETHESDA, MD 20814",,PEDESTRIAN,SINGLE VEHICLE,CLEAR,,DARK LIGHTS ON,NO CONTROLS,N/A,N/A,3B4F5A81-5D3B-479A-BA9F-7051D1A06A93,PEDESTRIAN,Walking/Cycling on Sidewalk,NO IMPROPER ACTIONS,SIDEWALK,N/A,MIXED CLOTHING,No,SUSPECTED MINOR INJURY,NONE,38.98884167,-77.09509333,"(38.98884167, -77.09509333)"
MCP1417005K,16034135,Montgomery County Police,Injury Crash,07/06/2016 06:39:00 AM,,,,,"DRIVEWAY OF
20211 GOSHEN ROAD",,PEDESTRIAN,SINGLE VEHICLE,CLEAR,,DAYLIGHT,NO CONTROLS,NONE DETECTED,NONE DETECTED,399630BF-45EE-4B79-8F2F-C4327491C8AF,PEDESTRIAN,Other,DART DASH,OTHER,NO PED. SIGNAL,LIGHT CLOTHING,Yes,SUSPECTED MINOR INJURY,NONE,39.18907963,-77.18577325,"(39.18907963, -77.18577325)"
MCP29710020,16061109,Montgomery County Police,Injury Crash,11/28/2016 06:24:00 PM,,,,,"PARKING LOT OF 15618 OLD COLUMBIA PIKE, GIANT",,PEDESTRIAN,OTHER,N/A,,DARK LIGHTS ON,STOP SIGN,NONE DETECTED,NONE DETECTED,366DFBE2-23E7-44F3-89FC-D4906260D3BA,PEDESTRIAN,Cross/Enter not at Intersection,INATTENTIVE,ON ROADWAY NOT AT CROSSWALK,NO PED. SIGNAL,DARK CLOTHING,Unknown,POSSIBLE INJURY,NONE,39.11252666,-76.93456292,"(39.11252666, -76.93456292)"
MCP2723005F,210013011,Montgomery County Police,Injury Crash,04/07/2021 03:35:00 PM,,N LEISURE WORLD BLVD,,NORBECK BLVD,,N/A,BICYCLIST,STRAIGHT MOVEMENT ANGLE,CLEAR,DRY,DAYLIGHT,STOP SIGN,NONE DETECTED,NONE DETECTED,7F1DF040-A7D8-402B-831A-B30AAE9C3890,BICYCLIST,Walking/Riding w/Traffic,NO IMPROPER ACTIONS,ON ROADWAY NOT AT CROSSWALK,N/A,MIXED CLOTHING,No,SUSPECTED SERIOUS INJURY,UNKNOWN,39.10908667,-77.06872333,"(39.10908667, -77.06872333)"
MCP3082000N,170537210,Montgomery County Police,Injury Crash,10/17/2017 04:32:00 PM,County,WOODLAND DR,County,COLUMBIA BLVD,,N/A,BICYCLIST,OTHER,CLEAR,DRY,DAYLIGHT,STOP SIGN,N/A,N/A,F242BCEF-3F66-496F-93D2-6CAECEC63736,BICYCLIST,Cross/Enter not at Intersection,IN ROADWAY IMPROPERLY,ON ROADWAY NOT AT CROSSWALK,N/A,LIGHT CLOTHING,Yes,POSSIBLE INJURY,N/A,39.00923652,-77.03830004,"(39.00923652, -77.03830004)"
EJ7846001W,16064241,Gaithersburg Police Depar,Injury Crash,12/14/2016 07:18:00 PM,Municipality,RIO BLVD,Unknown,ROUNDABOUT,,N/A,PEDESTRIAN,STRAIGHT MOVEMENT ANGLE,CLEAR,DRY,DARK LIGHTS ON,STOP SIGN,NONE DETECTED,NONE DETECTED,BC9E73D2-550A-4800-9A21-C264ACEDF32D,PEDESTRIAN,Cross/Enter at Intersection,NO IMPROPER ACTIONS,AT INTERSECTION MARKED CROSSWALK,NO PED. SIGNAL,MIXED CLOTHING,No,POSSIBLE INJURY,NONE,39.18248667,-77.24255167,"(39.18248667, -77.24255167)"
MCP30780040,210030682,Montgomery County Police,Injury Crash,08/07/2021 01:32:00 PM,County,TUCKER LA,County,ASTORIA LA,,N/A,BICYCLIST,STRAIGHT MOVEMENT ANGLE,CLEAR,DRY,DAYLIGHT,STOP SIGN,NONE DETECTED,NONE DETECTED,8B9F4941-67E6-43ED-89F3-23A75E3D0E65,BICYCLIST,Cross/Enter at Intersection,FAILURE TO YIELD RIGHT OF WAY,ON ROADWAY NOT AT CROSSWALK,NO PED. SIGNAL,MIXED CLOTHING,Yes,SUSPECTED SERIOUS INJURY,NONE,39.14694,-76.98879833,"(39.14694, -76.98879833)"
HA22880002,16001012,Maryland-National Capital,Injury Crash,08/10/2016 10:30:00 AM,,,,,CAPITAL CRESENT TRAIL@LITTLE FALLS PKWY,,BICYCLIST,STRAIGHT MOVEMENT ANGLE,CLEAR,,DAYLIGHT,STOP SIGN,N/A,NONE DETECTED,178C3CAC-140D-4BD1-BC89-12699E1E0904,BICYCLIST,Cross/Enter at Intersection,NO IMPROPER ACTIONS,AT INTERSECTION MARKED CROSSWALK,NO PED. SIGNAL,N/A,No,SUSPECTED MINOR INJURY,N/A,38.97379945,-77.10178927,"(38.97379945, -77.10178927)"
MCP3030005C,230025334,Montgomery County Police,Injury Crash,05/26/2023 04:25:00 PM,Maryland (State),WISCONSIN AVE,County,LELAND ST,,N/A,PEDESTRIAN,OTHER,CLEAR,DRY,DAYLIGHT,TRAFFIC SIGNAL,N/A,N/A,38470A6C-7E25-4810-AAA1-A3A7DA1F26D7,PEDESTRIAN,Cross/Enter not at Intersection,INATTENTIVE,ON ROADWAY NOT AT CROSSWALK,OBEYED PED. SIGNAL,LIGHT CLOTHING,Yes,POSSIBLE INJURY,NONE,38.98013167,-77.09211,"(38.98013167, -77.09211)"
MCP3076001G,180014777,Montgomery County Police,Injury Crash,03/26/2018 06:35:00 AM,Maryland (State),COLESVILLE RD,Maryland (State),EAST WEST HWY,,N/A,PEDESTRIAN,HEAD ON LEFT TURN,CLEAR,DRY,DUSK,TRAFFIC SIGNAL,NONE DETECTED,NONE DETECTED,8D345FFD-05AD-499E-9DF3-F708E04D424C,PEDESTRIAN,Cross/Enter at Intersection,IN ROADWAY IMPROPERLY,ON ROADWAY AT CROSSWALK,DISOBEYED PED. SIGNAL,DARK CLOTHING,Yes,POSSIBLE INJURY,NONE,38.9932395,-77.03198333,"(38.9932395, -77.03198333)"
MCP2239000M,17011246,Montgomery County Police,Injury Crash,03/03/2017 07:47:00 AM,,,,,PARKING LOT OF DUFIEF ELEMENTARY SCHOOL LOCATED AT 15001 DUFIEF DR,,PEDESTRIAN,OTHER,CLEAR,,DAYLIGHT,N/A,N/A,NONE DETECTED,FCBB1F14-429A-4C00-BE0F-3E430D32D1D3,PEDESTRIAN,Cross/Enter not at Intersection,IN ROADWAY IMPROPERLY,ON ROADWAY NOT AT CROSSWALK,N/A,MIXED CLOTHING,Yes,SUSPECTED MINOR INJURY,NONE,39.10109983,-77.23770967,"(39.10109983, -77.23770967)"
MCP93120017,200007232,Montgomery County Police,Injury Crash,02/12/2020 08:30:00 PM,Maryland (State),HUNGERFORD DR,Unknown,ENT TO PARK & RIDE,,N/A,PEDESTRIAN,SINGLE VEHICLE,CLEAR,WET,DARK LIGHTS ON,TRAFFIC SIGNAL,NONE DETECTED,NONE DETECTED,77A3BD25-413E-4485-A831-43CB0D800F7D,PEDESTRIAN,Cross/Enter at Intersection,NO IMPROPER ACTIONS,AT INTERSECTION MARKED CROSSWALK,OBEYED PED. SIGNAL,UNKNOWN,No,POSSIBLE INJURY,N/A,39.083535,-77.14691141,"(39.083535, -77.14691141)"
DM8465001F,190052769,Takoma Park Police Depart,Injury Crash,11/02/2019 09:45:00 AM,Maryland (State),ETHAN ALLEN AVE,Municipality,JACKSON AVE,,TAKOMA PARK,PEDESTRIAN,OTHER,CLEAR,DRY,DAYLIGHT,STOP SIGN,UNKNOWN,NONE DETECTED,7024367A-426C-4217-99FD-B73B4A7B83F7,PEDESTRIAN,Cross/Enter at Intersection,NO IMPROPER ACTIONS,ON ROADWAY AT CROSSWALK,N/A,REFLECTIVE MATERIAL,No,SUSPECTED MINOR INJURY,REFLECTIVE CLOTHING,38.97803183,-77.00134217,"(38.97803183, -77.00134217)"
MCP29690067,190012173,Montgomery County Police,Injury Crash,03/16/2019 12:25:00 PM,Maryland (State),OLNEY SANDY SPRING RD,County,BROOKE RD,,N/A,OTHER,OTHER,CLEAR,OTHER,DAYLIGHT,PERSON,NONE DETECTED,NONE DETECTED,8B0BAB87-1000-46A3-888C-800A5C783BEB,OTHER,Other Working,OTHER,ON ROADWAY NOT AT CROSSWALK,OTHER,REFLECTIVE MATERIAL,No,POSSIBLE INJURY,REFLECTIVE CLOTHING,39.14970333,-77.02642167,"(39.14970333, -77.02642167)"
MCP32680017,210041737,Montgomery County Police,Injury Crash,10/18/2021 06:32:00 AM,County,BROADBIRCH DR,County,TECH RD,,N/A,PEDESTRIAN,N/A,N/A,DRY,DARK LIGHTS ON,STOP SIGN,N/A,N/A,0E2C2542-D181-4A58-8E53-451452AC9238,PEDESTRIAN,Cross/Enter at Intersection,NO IMPROPER ACTIONS,SIDEWALK,OBEYED PED. SIGNAL,DARK CLOTHING,No,POSSIBLE INJURY,N/A,39.05594117,-76.96627683,"(39.05594117, -76.96627683)"
MCP158000BV,190037842,Montgomery County Police,Injury Crash,08/08/2019 02:14:00 PM,,,,,"PARKING LOT AREA OF 19110 MONTGOMERY VILLAGE AVE.  (BEHIND CVS STORE)   MOTGOMERY VILLAGE, MD 20886",,PEDESTRIAN,OTHER,CLEAR,,DAYLIGHT,N/A,NONE DETECTED,NONE DETECTED,EF3903AC-B579-42A9-937A-6C2128FDED45,PEDESTRIAN,Other,OTHER,OTHER,N/A,MIXED CLOTHING,No,SUSPECTED MINOR INJURY,N/A,39.17058,-77.205095,"(39.17058, -77.205095)"
MCP9130006K,180060238,Montgomery County Police,Injury Crash,12/02/2018 02:28:00 PM,,,,,"PARKING LOT OF 807 DALEVIEW DRIVE
MONTGOMERY KNOLLS ELEMENTARY SCHOOL",,PEDESTRIAN,OTHER,CLOUDY,,DAYLIGHT,N/A,NONE DETECTED,NONE DETECTED,F1E3C5A3-21D1-4AED-AABD-4FDFAC07B2DF,PEDESTRIAN,Other,OTHER,OTHER,NO PED. SIGNAL,MIXED CLOTHING,No,POSSIBLE INJURY,NONE,39.0056,-76.99393333,"(39.0056, -76.99393333)"
MCP29140099,190040272,Montgomery County Police,Injury Crash,08/22/2019 09:35:00 PM,Maryland (State),GEORGIA AVE,County,FENWICK LA,,N/A,PEDESTRIAN,OTHER,CLEAR,N/A,DARK LIGHTS ON,OTHER,N/A,N/A,8B80A15D-907A-4FBC-BA29-330B502C97DA,PEDESTRIAN,Cross/Enter at Intersection,N/A,ON ROADWAY AT CROSSWALK,NO PED. SIGNAL,MIXED CLOTHING,No,POSSIBLE INJURY,NONE,38.99820543,-77.0305782,"(38.99820543, -77.0305782)"
MCP3206000T,190049500,Montgomery County Police,Injury Crash,10/16/2019 05:30:00 PM,Maryland (State),PINEY BRANCH RD,County,GARLAND AVE,,N/A,PEDESTRIAN,OTHER,CLEAR,DRY,DAYLIGHT,WARNING SIGN,NONE DETECTED,N/A,FB9AE5C9-C304-4AFF-86C2-75B956174417,PEDESTRIAN,Cross/Enter not at Intersection,NO IMPROPER ACTIONS,ON ROADWAY AT CROSSWALK,OBEYED PED. SIGNAL,MIXED CLOTHING,No,SUSPECTED MINOR INJURY,N/A,38.99871335,-76.99901076,"(38.99871335, -76.99901076)"
MCP2625000D,190042692,Montgomery County Police,Injury Crash,09/06/2019 09:21:00 AM,Maryland (State),GEORGIA AVE,County,CAMERON ST,,N/A,PEDESTRIAN,OTHER,CLOUDY,DRY,DAYLIGHT,NO CONTROLS,N/A,NONE DETECTED,6CD03309-48FC-461F-80DE-83C16C2D7E9D,PEDESTRIAN,Cross/Enter not at Intersection,IN ROADWAY IMPROPERLY,ON ROADWAY NOT AT CROSSWALK,N/A,MIXED CLOTHING,Yes,SUSPECTED SERIOUS INJURY,N/A,39.00551333,-77.03712167,"(39.00551333, -77.03712167)"
DM83740015,17006921,Takoma Park Police Depart,Property Damage Crash,02/08/2017 04:16:00 PM,Maryland (State),NEW HAMPSHIRE AVE,Municipality,HOLTON LA,,TAKOMA PARK,PEDESTRIAN,OTHER,CLEAR,DRY,DAYLIGHT,TRAFFIC SIGNAL,UNKNOWN,N/A,04AC473C-BE38-4D96-9B38-3C1B2942A8CB,PEDESTRIAN,Cross/Enter at Intersection,N/A,ON ROADWAY AT CROSSWALK,OBEYED PED. SIGNAL,LIGHT CLOTHING,No,NO APPARENT INJURY,N/A,38.98581167,-76.98761333,"(38.98581167, -76.98761333)"
MCP1378012F,220045928,Montgomery County Police,Injury Crash,10/19/2022 04:52:00 PM,County,SANGAMORE RD,County,WALHONDING RD,,N/A,PEDESTRIAN,STRAIGHT MOVEMENT ANGLE,CLEAR,DRY,DAYLIGHT,STOP SIGN,NONE DETECTED,NONE DETECTED,961F1D28-92D8-4D20-81E8-C9312DB122A4,PEDESTRIAN,Walking/Cycling on Sidewalk,NO IMPROPER ACTIONS,SIDEWALK,NO PED. SIGNAL,DARK CLOTHING,No,SUSPECTED MINOR INJURY,NONE,38.962698,-77.12132582,"(38.962698, -77.12132582)"
MCP287700B9,220051637,Montgomery County Police,Injury Crash,11/22/2022 11:30:00 AM,Municipality,TRENT ST,Municipality,UPPINGHAM ST,,SOMERSET,OTHER,OTHER,CLEAR,DRY,DAYLIGHT,NO CONTROLS,NONE DETECTED,NONE DETECTED,4FBFD76B-78E3-414B-B508-421873FFC35A,OTHER,Other,OTHER,ON ROADWAY NOT AT CROSSWALK,N/A,REFLECTIVE MATERIAL,Unknown,POSSIBLE INJURY,REFLECTIVE CLOTHING,38.9646977,-77.09668001,"(38.9646977, -77.09668001)"
MCP2831001K,16053095,Montgomery County Police,Injury Crash,10/15/2016 08:26:00 PM,,WHITE SADDLE DRIVE,,MIDDLEBROOK ROAD,,N/A,PEDESTRIAN,SINGLE VEHICLE,CLEAR,DRY,DARK LIGHTS ON,NO CONTROLS,N/A,NONE DETECTED,83336781-F456-4499-8ABB-AA6DA81DAA92,PEDESTRIAN,Playing,DART DASH,ON ROADWAY NOT AT CROSSWALK,NO PED. SIGNAL,DARK CLOTHING,Yes,POSSIBLE INJURY,NONE,39.17671833,-77.25850667,"(39.17671833, -77.25850667)"
MCP0942001D,170530718,Montgomery County Police,Injury Crash,09/15/2017 09:31:00 AM,County,WOODMONT AVE,County,EDGEMOOR LA,,N/A,BICYCLIST,OTHER,CLEAR,DRY,DAYLIGHT,TRAFFIC SIGNAL,NONE DETECTED,NONE DETECTED,F3F6AA34-D9BB-4141-8300-E2D11A0CC1FD,BICYCLIST,Cross/Enter at Intersection,NO IMPROPER ACTIONS,ON ROADWAY NOT AT CROSSWALK,OBEYED PED. SIGNAL,DARK CLOTHING,No,SUSPECTED MINOR INJURY,NONE,38.984935,-77.0967,"(38.984935, -77.0967)"
MCP23990052,210044183,Montgomery County Police,Injury Crash,11/01/2021 07:37:00 PM,County,ROTHBURY DR,County,ARROWHEAD RD,,N/A,PEDESTRIAN,OTHER,CLEAR,DRY,DARK NO LIGHTS,STOP SIGN,NONE DETECTED,NONE DETECTED,BCF15EBB-B84D-42BC-8FFE-452829B9B7E2,PEDESTRIAN,Cross/Enter at Intersection,NO IMPROPER ACTIONS,ON ROADWAY AT CROSSWALK,NO PED. SIGNAL,DARK CLOTHING,No,SUSPECTED MINOR INJURY,NONE,39.185115,-77.19390333,"(39.185115, -77.19390333)"
MCP26270012,17001038,Montgomery County Police,Injury Crash,01/06/2017 06:15:00 PM,Maryland (State),OLD GEORGETOWN RD,County,GREENTREE RD,,N/A,PEDESTRIAN,SINGLE VEHICLE,CLEAR,OTHER,DARK LIGHTS ON,TRAFFIC SIGNAL,NONE DETECTED,NONE DETECTED,E74C52AD-7C61-44AB-BBFC-100AAAEDB222,PEDESTRIAN,Cross/Enter at Intersection,NO IMPROPER ACTIONS,ON ROADWAY AT CROSSWALK,UNKNOWN,MIXED CLOTHING,Unknown,SUSPECTED MINOR INJURY,NONE,39.00039483,-77.10948717,"(39.00039483, -77.10948717)"
MCP137800C0,16045501,Montgomery County Police,Injury Crash,09/06/2016 09:27:00 AM,Municipality,TRAVIS AVE,Municipality,TRAVIS LA,,GAITHERSBURG,PEDESTRIAN,SINGLE VEHICLE,CLEAR,DRY,DAYLIGHT,STOP SIGN,NONE DETECTED,NONE DETECTED,3715B06D-5AF2-4BA1-8FB5-32DE2504DB1B,PEDESTRIAN,Cross/Enter at Intersection,NO IMPROPER ACTIONS,AT INTERSECTION BUT NO CROSSWALK,NO PED. SIGNAL,MIXED CLOTHING,No,SUSPECTED SERIOUS INJURY,N/A,39.16234833,-77.21704667,"(39.16234833, -77.21704667)"
MCP2792000C,15013088,Montgomery County Police,Injury Crash,03/21/2015 08:30:00 PM,Municipality,QUINCE ORCHARD BLVD,Municipality,FIRSTFIELD RD,,GAITHERSBURG,PEDESTRIAN,STRAIGHT MOVEMENT ANGLE,CLEAR,DRY,DARK LIGHTS ON,STOP SIGN,UNKNOWN,NONE DETECTED,3D7BAEF1-F1F1-4B6D-93D7-F586EB61E566,PEDESTRIAN,Cross/Enter at Intersection,INATTENTIVE,N/A,NO PED. SIGNAL,MIXED CLOTHING,,SUSPECTED MINOR INJURY,N/A,39.141885,-77.224545,"(39.141885, -77.224545)"
MCP3129004T,220032808,Montgomery County Police,Injury Crash,07/31/2022 12:02:00 AM,Maryland (State),GEORGIA AVE,Unknown,ENT TO BUSINESS,,N/A,OTHER CONVEYANCE,OTHER,CLEAR,DRY,DARK LIGHTS ON,NO CONTROLS,UNKNOWN,NONE DETECTED,0019A7E9-D967-40AE-950C-00CE3D320DB5,OTHER CONVEYANCE,Walking/Riding w/Traffic,NO IMPROPER ACTIONS,ON ROADWAY NOT AT CROSSWALK,N/A,DARK CLOTHING,No,SUSPECTED SERIOUS INJURY,LIGHTING,39.05801333,-77.04850333,"(39.05801333, -77.04850333)"
MCP24450009,190009816,Montgomery County Police,Injury Crash,03/02/2019 12:19:00 PM,County,LEAMAN FARM RD,Unknown,DAVENTRY WAY,,N/A,PEDESTRIAN,SINGLE VEHICLE,CLEAR,DRY,DAYLIGHT,NO CONTROLS,NONE DETECTED,NONE DETECTED,F0D8A486-1269-4FAB-9265-4CF263B385DC,PEDESTRIAN,Cross/Enter not at Intersection,DART DASH,ON ROADWAY NOT AT CROSSWALK,NO PED. SIGNAL,N/A,Yes,SUSPECTED MINOR INJURY,NONE,39.1580955,-77.2788765,"(39.1580955, -77.2788765)"
MCP2719000J,15019317,Montgomery County Police,Injury Crash,04/24/2015 02:35:00 PM,County,RANDOLPH RD,County,MIDDLEVALE LA,,N/A,PEDESTRIAN,N/A,N/A,N/A,DAYLIGHT,N/A,,N/A,B9ED6297-BCF8-473B-83DC-522F0DB31300,PEDESTRIAN,Walking to/from school,N/A,SIDEWALK,N/A,DARK CLOTHING,,SUSPECTED MINOR INJURY,NONE,39.06457333,-77.03838333,"(39.06457333, -77.03838333)"