Report Number,Local Case Number,Agency Name,ACRS Report Type,Crash Date/Time,Route Type,Road Name,Cross-Street Type,Cross-Street Name,Off-Road Description,Municipality,Related Non-Motorist,Collision Type,Weather,Surface Condition,Light,Traffic Control,Driver Substance Abuse,Non-Motorist Substance Abuse,Person ID,Pedestrian Type,Pedestrian Movement,Pedestrian Actions,Pedestrian Location,Pedestrian Obeyed Traffic Signal,Pedestrian Visibility,At Fault,Injury Severity,Safety Equipment,Latitude,Longitude,Location
MCP26200020,210047518,Montgomery County Police,Property Damage Crash,11/22/2021 07:55:00 PM,County,BOWIE MILL RD,Maryland (State),OLNEY LAYTONSVILLE RD,,N/A,OTHER CONVEYANCE,STRAIGHT MOVEMENT ANGLE,CLEAR,DRY,DARK LIGHTS ON,N/A,ALCOHOL PRESENT,NONE DETECTED,0E821833-693B-445F-8421-8B0F169D82C0,OTHER CONVEYANCE,Other,NO IMPROPER ACTIONS,SHOULDER,N/A,MIXED CLOTHING,No,NO APPARENT INJURY,NONE,39.16098741,-77.07971736,"(39.16098741, -77.07971736)"
MCP9301000S,15066413,Montgomery County Police,Injury Crash,12/27/2015 01:11:00 PM,Municipality,BOOTH ST,Municipality,MIDTOWN RD,,GAITHERSBURG,PEDESTRIAN,SINGLE VEHICLE,N/A,N/A,DAYLIGHT,STOP SIGN,NONE DETECTED,NONE DETECTED,014563E6-4450-4FF0-A855-1B157E536DFB,PEDESTRIAN,Cross/Enter at Intersection,UNKNOWN,AT INTERSECTION MARKED CROSSWALK,NO PED. SIGNAL,LIGHT CLOTHING,Unknown,SUSPECTED MINOR INJURY,NONE,39.15428833,-77.21278,"(39.15428833, -77.21278)"
MCP1366003F,15042547,MONTGOMERY,Injury Crash,08/25/2015 07:57:00 AM,County,REDLAND RD,Other Public Roadway,SOMERVILLE DR,,N/A,PEDESTRIAN,HEAD ON LEFT TURN,CLEAR,DRY,DAYLIGHT,TRAFFIC SIGNAL,NONE DETECTED,NONE DETECTED,C9ABB82C-FC9C-4E34-9116-CDB6E7240414,PEDESTRIAN,Cross/Enter at Intersection,NO IMPROPER ACTIONS,AT INTERSECTION MARKED CROSSWALK,OBEYED PED. SIGNAL,LIGHT CLOTHING,No,SUSPECTED SERIOUS INJURY,NONE,39.08043167,-77.07862833,"(39.08043167, -77.07862833)"
MCP2191003S,210044956,Montgomery County Police,Injury Crash,11/06/2021 12:38:00 PM,County,WOODGLEN DR,County,EXECUTIVE BLVD,,N/A,PEDESTRIAN,STRAIGHT MOVEMENT ANGLE,CLEAR,DRY,DAYLIGHT,STOP SIGN,NONE DETECTED,NONE DETECTED,AF199CD7-1E30-4D6B-93E6-BD3397127FBD,PEDESTRIAN,Cross/Enter at Intersection,NO IMPROPER ACTIONS,ON ROADWAY AT CROSSWALK,NO PED. SIGNAL,DARK CLOTHING,No,SUSPECTED MINOR INJURY,N/A,39.04352105,-77.11339455,"(39.04352105, -77.11339455)"
MCP2688001B,15003830,Montgomery County Police,Injury Crash,01/23/2015 09:45:00 PM,Maryland (State),NEW HAMPSHIRE AVE,County,ELTON RD,,N/A,PEDESTRIAN,OTHER,RAINING,WET,DARK LIGHTS ON,TRAFFIC SIGNAL,NONE DETECTED,NONE DETECTED,3B5EDDAD-6364-4A80-9439-FC1B9584C2F0,PEDESTRIAN,Cross/Enter at Intersection,UNKNOWN,ON ROADWAY AT CROSSWALK,UNKNOWN,MIXED CLOTHING,,SUSPECTED MINOR INJURY,N/A,39.02051333,-76.97672333,"(39.02051333, -76.97672333)"
MCP2851002H,170515879,Montgomery County Police,Injury Crash,06/26/2017 06:25:00 PM,County,WATERS LANDING DR,County,FATHER HURLEY BLVD,,N/A,PEDESTRIAN,OTHER,CLEAR,DRY,DAYLIGHT,TRAFFIC SIGNAL,NONE DETECTED,NONE DETECTED,FA13BC79-F698-400D-A44A-3FBFB79CEB41,PEDESTRIAN,Cross/Enter at Intersection,NO IMPROPER ACTIONS,ON ROADWAY AT CROSSWALK,OBEYED PED. SIGNAL,MIXED CLOTHING,No,POSSIBLE INJURY,NONE,39.19160167,-77.27207167,"(39.19160167, -77.27207167)"
DM8499000R,210051181,Takoma Park Police Depart,Injury Crash,12/16/2021 01:32:00 PM,Maryland (State),CARROLL AVE,Municipality,LINCOLN AVE,,TAKOMA PARK,BICYCLIST,STRAIGHT MOVEMENT ANGLE,CLEAR,DRY,DAYLIGHT,STOP SIGN,NONE DETECTED,NONE DETECTED,DD86E285-E3A1-4E41-BDF0-6ACDBDDB3A09,BICYCLIST,Walking/Riding w/Traffic,NO IMPROPER ACTIONS,N/A,N/A,REFLECTIVE MATERIAL,No,SUSPECTED SERIOUS INJURY,MC/BIKE HELMET,38.98162947,-77.00315028,"(38.98162947, -77.00315028)"
MCP9386008C,210014691,Montgomery County Police,Property Damage Crash,04/20/2021 10:15:00 AM,County,BOILING BROOK PKWY,County,HUNTERS LA,,N/A,BICYCLIST,SAME DIRECTION SIDESWIPE,CLEAR,DRY,DAYLIGHT,NO CONTROLS,NONE DETECTED,NONE DETECTED,77E13935-1334-4793-ADB8-11D0DD6D63EC,BICYCLIST,Walking/Riding w/Traffic,NO IMPROPER ACTIONS,N/A,OBEYED PED. SIGNAL,MIXED CLOTHING,No,NO APPARENT INJURY,MC/BIKE HELMET,39.04812417,-77.09875133,"(39.04812417, -77.09875133)"
MCP2330002W,210025335,Montgomery County Police,Injury Crash,07/01/2021 09:06:00 PM,Maryland (State),GEORGIA AVE,County,REEDIE DR,,N/A,PEDESTRIAN,OTHER,RAINING,WET,DARK LIGHTS ON,TRAFFIC SIGNAL,NONE DETECTED,UNKNOWN,4E1DA0C0-6453-4E6F-B7AF-BB10D8CC4F5F,PEDESTRIAN,Cross/Enter not at Intersection,DART DASH,OUTSIDE RIGHT OF WAY,DISOBEYED PED. SIGNAL,DARK CLOTHING,Yes,POSSIBLE INJURY,NONE,39.03794833,-77.05084,"(39.03794833, -77.05084)"
MCP28120044,180053321,Montgomery County Police,Injury Crash,10/24/2018 03:45:00 PM,Maryland (State),GEORGIA AVE,County,DENNIS AVE,,N/A,PEDESTRIAN,SINGLE VEHICLE,CLEAR,N/A,DAYLIGHT,TRAFFIC SIGNAL,N/A,N/A,F1C43B96-6527-4296-8ECB-8871B8544F43,PEDESTRIAN,Cross/Enter at Intersection,DART DASH,N/A,UNKNOWN,DARK CLOTHING,Unknown,POSSIBLE INJURY,N/A,39.02542497,-77.04619521,"(39.02542497, -77.04619521)"
MCP3256001D,220030286,Montgomery County Police,Injury Crash,07/15/2022 05:12:00 PM,County,LOCKWOOD DR,Maryland (State),NEW HAMPSHIRE AVE,,N/A,PEDESTRIAN,OTHER,CLEAR,DRY,DAYLIGHT,NO CONTROLS,NONE DETECTED,NONE DETECTED,FE2861D5-34A2-4FC1-80C4-3E8258A73E6C,PEDESTRIAN,Cross/Enter not at Intersection,NO IMPROPER ACTIONS,MIDBLOCK MARKED CROSSWALK,UNKNOWN,LIGHT CLOTHING,No,SUSPECTED SERIOUS INJURY,NONE,39.05324833,-76.96290833,"(39.05324833, -76.96290833)"
MCP2846001M,16010641,MONTGOMERY,Injury Crash,03/03/2016 02:49:00 PM,,,,,LOWER LEVEL PARKING LOT MACYS,,PEDESTRIAN,HEAD ON LEFT TURN,CLEAR,,DAYLIGHT,OTHER,NONE DETECTED,NONE DETECTED,2DD75FE3-4C78-4E71-8320-11B5BEDD234C,PEDESTRIAN,Cross/Enter at Intersection,NO IMPROPER ACTIONS,ON ROADWAY AT CROSSWALK,NO PED. SIGNAL,LIGHT CLOTHING,No,POSSIBLE INJURY,N/A,39.03802,-77.05494667,"(39.03802, -77.05494667)"
MCP2818003G,180008483,Montgomery County Police,Injury Crash,02/18/2018 11:03:00 AM,Maryland (State),GEORGIA AVE,County,FENWICK LA,,N/A,PEDESTRIAN,OTHER,CLEAR,WET,DAYLIGHT,N/A,NONE DETECTED,NONE DETECTED,203F7458-08C9-4988-BF6C-0D88CB22C7E5,PEDESTRIAN,Cross/Enter at Intersection,NO IMPROPER ACTIONS,ON ROADWAY AT CROSSWALK,OBEYED PED. SIGNAL,LIGHT CLOTHING,No,POSSIBLE INJURY,N/A,38.99825821,-77.03059673,"(38.99825821, -77.03059673)"
MCP3126002C,200040224,Montgomery County Police,Property Damage Crash,10/12/2020 07:15:00 PM,Interstate (State),EISENHOWER MEMORIAL HWY,Unknown,EXIT #16,,N/A,PEDESTRIAN,SAME DIR REAR END,RAINING,WET,DARK LIGHTS ON,NO CONTROLS,NONE DETECTED,NONE DETECTED,4285FC3D-C52F-47C9-839A-489C6290C417,PEDESTRIAN,Cross/Enter not at Intersection,FAILURE TO YIELD RIGHT OF WAY,OTHER,NO PED. SIGNAL,OTHER,Yes,NO APPARENT INJURY,NONE,39.18905667,-77.25816833,"(39.18905667, -77.25816833)"
MCP1575009K,190048063,Montgomery County Police,Injury Crash,10/07/2019 07:41:00 AM,County,CRABBS BRANCH WAY,County,REDLAND RD,,N/A,BICYCLIST,OTHER,CLOUDY,DRY,DAYLIGHT,TRAFFIC SIGNAL,NONE DETECTED,NONE DETECTED,43E22780-ED05-47D4-8D23-1702A0B9AD8C,BICYCLIST,Cross/Enter at Intersection,IN ROADWAY IMPROPERLY,ON ROADWAY NOT AT CROSSWALK,OBEYED PED. SIGNAL,DARK CLOTHING,No,POSSIBLE INJURY,MC/BIKE HELMET,39.12108167,-77.15834833,"(39.12108167, -77.15834833)"
MCP3198002T,210013549,Montgomery County Police,Injury Crash,04/11/2021 08:05:00 PM,Maryland (State),GEORGIA AVE,Unknown,JONES LA,,N/A,PEDESTRIAN,OTHER,CLEAR,DRY,DARK LIGHTS ON,N/A,NONE DETECTED,ALCOHOL PRESENT,0DA3D146-A511-4D14-BFD5-172A52CA3214,PEDESTRIAN,Cross/Enter not at Intersection,DART DASH,ON ROADWAY NOT AT CROSSWALK,N/A,MIXED CLOTHING,Yes,SUSPECTED MINOR INJURY,N/A,39.05393575,-77.05056254,"(39.05393575, -77.05056254)"
MCP2612004Q,220056659,Montgomery County Police,Injury Crash,12/21/2022 03:54:00 PM,,N LEISURE WORLD BLVD,,ROSSMOOR BLVD,,N/A,PEDESTRIAN,SINGLE VEHICLE,CLEAR,DRY,DAYLIGHT,NO CONTROLS,NONE DETECTED,NONE DETECTED,000C0302-47EE-4FA0-BB39-92BEDC8B69D9,PEDESTRIAN,Cross/Enter at Intersection,NO IMPROPER ACTIONS,ON ROADWAY AT CROSSWALK,NO PED. SIGNAL,UNKNOWN,No,SUSPECTED MINOR INJURY,NONE,39.10267833,-77.0732725,"(39.10267833, -77.0732725)"
MCP29170069,190062628,Montgomery County Police,Injury Crash,12/29/2019 07:06:00 PM,County,RANDOLPH RD,County,SELFRIDGE RD,,N/A,PEDESTRIAN,OTHER,RAINING,WET,DARK NO LIGHTS,TRAFFIC SIGNAL,NONE DETECTED,NONE DETECTED,5C7AF34E-B273-4954-85C9-A38F6F73737C,PEDESTRIAN,Cross/Enter at Intersection,NO IMPROPER ACTIONS,ON ROADWAY AT CROSSWALK,OBEYED PED. SIGNAL,DARK CLOTHING,No,POSSIBLE INJURY,NONE,39.05552833,-77.08361833,"(39.05552833, -77.08361833)"
MCP3034003J,190028043,Montgomery County Police,Property Damage Crash,06/12/2019 02:12:00 PM,County,CEDAR LA,Maryland (State),ROCKVILLE PIKE,,N/A,OTHER CONVEYANCE,OTHER,CLEAR,DRY,DAYLIGHT,TRAFFIC SIGNAL,NONE DETECTED,NONE DETECTED,FCA26E5D-C408-46A3-87F2-A2A91E047EA5,OTHER CONVEYANCE,Other,NO IMPROPER ACTIONS,AT INTERSECTION MARKED CROSSWALK,OBEYED PED. SIGNAL,LIGHT CLOTHING,No,NO APPARENT INJURY,NONE,39.00631,-77.09784833,"(39.00631, -77.09784833)"
MCP28120032,180008824,Montgomery County Police,Injury Crash,02/20/2018 03:30:00 PM,,,,,GARAGE OF 1200 EAST WEST HWY,,PEDESTRIAN,OTHER,CLEAR,,DAYLIGHT,NO CONTROLS,N/A,N/A,625518B4-396E-4D33-BEDA-30FDE0F5E34A,PEDESTRIAN,Standing,NO IMPROPER ACTIONS,OTHER,N/A,UNKNOWN,No,POSSIBLE INJURY,NONE,38.99043833,-77.02949,"(38.99043833, -77.02949)"
EJ7876004K,220017728,Gaithersburg Police Depar,Injury Crash,04/26/2022 03:30:00 PM,Municipality,E DIAMOND AVE,Municipality,ALLEY #3,,GAITHERSBURG,PEDESTRIAN,OTHER,CLOUDY,WET,DAYLIGHT,NO CONTROLS,NONE DETECTED,NONE DETECTED,0E786EB2-2A5C-4E4E-BDCE-7574AD59B36F,PEDESTRIAN,Cross/Enter not at Intersection,DART DASH,ON ROADWAY NOT AT CROSSWALK,NO PED. SIGNAL,MIXED CLOTHING,Yes,SUSPECTED MINOR INJURY,NONE,39.14206915,-77.19098168,"(39.14206915, -77.19098168)"
MCP3160000V,180056359,Montgomery County Police,Injury Crash,11/09/2018 06:30:00 PM,County,WESTLAKE DR,County,DEMOCRACY BLVD,,N/A,PEDESTRIAN,SINGLE VEHICLE,RAINING,WET,DARK LIGHTS ON,OTHER,NONE DETECTED,NONE DETECTED,FCC25F64-A363-4069-8D6F-F3F7497E899C,PEDESTRIAN,Cross/Enter at Intersection,NO IMPROPER ACTIONS,ON ROADWAY AT CROSSWALK,OBEYED PED. SIGNAL,LIGHT CLOTHING,No,POSSIBLE INJURY,NONE,39.02276779,-77.15064496,"(39.02276779, -77.15064496)"
MCP30860062,210046772,Montgomery County Police,Injury Crash,11/18/2021 08:30:00 AM,County,WATKINS MILL RD,County,CLUB HOUSE RD,,N/A,PEDESTRIAN,OTHER,CLEAR,DRY,DAYLIGHT,TRAFFIC SIGNAL,NONE DETECTED,NONE DETECTED,02B96D01-1174-4371-8712-620254F0FDAE,PEDESTRIAN,Cross/Enter at Intersection,IN ROADWAY IMPROPERLY,ON ROADWAY AT CROSSWALK,DISOBEYED PED. SIGNAL,DARK CLOTHING,Yes,SUSPECTED MINOR INJURY,NONE,39.17437333,-77.20837167,"(39.17437333, -77.20837167)"
MCP2853002X,17004972,Montgomery County Police,Injury Crash,01/28/2017 07:09:00 PM,,,,,10113 NEW HAMPSHIRE AVE. PARKING LOT,,PEDESTRIAN,N/A,CLEAR,,DARK LIGHTS ON,NO CONTROLS,N/A,N/A,B5AB336A-4500-4E9F-8E76-7344656947FD,PEDESTRIAN,Other,IN ROADWAY IMPROPERLY,ON ROADWAY NOT AT CROSSWALK,NO PED. SIGNAL,DARK CLOTHING,Yes,SUSPECTED MINOR INJURY,N/A,39.02111232,-76.97536066,"(39.02111232, -76.97536066)"
MCP3153001X,190062963,Montgomery County Police,Injury Crash,12/31/2019 05:51:00 PM,,,,,PARKING LOT OF 1131 UNIVERSITY BLVD W.,,PEDESTRIAN,SAME DIRECTION SIDESWIPE,CLEAR,,DARK LIGHTS ON,NO CONTROLS,NONE DETECTED,NONE DETECTED,DE0A6603-BA76-4346-A445-04F755FD4F9A,PEDESTRIAN,Hitchhiking,ENTERING EXITING PARKED STANDING VEHICLE,OTHER,NO PED. SIGNAL,DARK CLOTHING,No,POSSIBLE INJURY,N/A,39.03769333,-77.02894667,"(39.03769333, -77.02894667)"
MCP30950048,230020386,Montgomery County Police,Injury Crash,04/28/2023 08:29:00 PM,County,LOCKWOOD DR,Maryland (State),NEW HAMPSHIRE AVE,,N/A,PEDESTRIAN,OTHER,RAINING,WET,DARK LIGHTS ON,TRAFFIC SIGNAL,N/A,N/A,9FDE923A-7ADC-4B6A-AE24-22411AFBF5B1,PEDESTRIAN,Cross/Enter at Intersection,N/A,ON ROADWAY AT CROSSWALK,UNKNOWN,DARK CLOTHING,No,POSSIBLE INJURY,N/A,39.0396955,-76.99084211,"(39.0396955, -76.99084211)"
MCP2931006H,230007561,Montgomery County Police,Injury Crash,02/14/2023 05:33:00 PM,Maryland (State),ROCKVILLE PIKE,Unknown,ENT TO BEST BUY,,N/A,OTHER CONVEYANCE,STRAIGHT MOVEMENT ANGLE,CLEAR,DRY,DAYLIGHT,TRAFFIC SIGNAL,NONE DETECTED,NONE DETECTED,40337CC4-9C8C-428D-A96E-315E3D407378,OTHER CONVEYANCE,Cross/Enter at Intersection,NO IMPROPER ACTIONS,AT INTERSECTION MARKED CROSSWALK,OBEYED PED. SIGNAL,LIGHT CLOTHING,No,SUSPECTED MINOR INJURY,NONE,39.06965167,-77.13047,"(39.06965167, -77.13047)"
MCP3161001S,190048151,Montgomery County Police,Injury Crash,10/07/2019 03:39:00 PM,Maryland (State),UNIVERSITY BLVD W,Municipality,PERRY AVE,,KENSINGTON,PEDESTRIAN,SAME DIR REAR END,CLEAR,DRY,DAYLIGHT,N/A,NONE DETECTED,NONE DETECTED,10E8645F-28F0-47A3-9F86-1967E2B03C01,PEDESTRIAN,Cross/Enter at Intersection,UNKNOWN,ON ROADWAY AT CROSSWALK,UNKNOWN,DARK CLOTHING,No,POSSIBLE INJURY,NONE,39.03274833,-77.07378833,"(39.03274833, -77.07378833)"
MCP2712000M,15046182,MONTGOMERY,Injury Crash,09/12/2015 02:22:00 PM,US (State),COLUMBIA PIKE,Unknown,EXIT #16 (MD 200),,N/A,PEDESTRIAN,SAME DIR REAR END,RAINING,WET,DAYLIGHT,N/A,NONE DETECTED,NONE DETECTED,E1D726D1-B558-4DC6-BF57-454F9A8EDE17,PEDESTRIAN,Standing,DISABLED VEHICLE RELATED,OTHER,NO PED. SIGNAL,MIXED CLOTHING,No,POSSIBLE INJURY,N/A,39.07899167,-76.95193667,"(39.07899167, -76.95193667)"
MCP2425004K,15009088,Montgomery County Police,Property Damage Crash,02/25/2015 11:35:00 AM,County,FLOWER AVE,Maryland (State),PINEY BRANCH RD,,N/A,PEDESTRIAN,SINGLE VEHICLE,CLEAR,DRY,DAYLIGHT,TRAFFIC SIGNAL,NONE DETECTED,NONE DETECTED,89DEF851-70A1-48C1-9BE8-A973C7788F44,PEDESTRIAN,Walking/Riding against Traffic,DART DASH,ON ROADWAY NOT AT CROSSWALK,DISOBEYED PED. SIGNAL,DARK CLOTHING,,NO APPARENT INJURY,NONE,38.997945,-77.00392333,"(38.997945, -77.00392333)"
MCP3218003V,230012144,Montgomery County Police,Injury Crash,03/12/2023 08:00:00 PM,Maryland (State),VEIRS MILL RD,Maryland (State),UNIVERSITY BLVD W,,N/A,PEDESTRIAN,OTHER,RAINING,WET,DARK LIGHTS ON,NO CONTROLS,NONE DETECTED,NONE DETECTED,0A1F157C-00B4-4E03-B052-400ACE642BAB,PEDESTRIAN,Cross/Enter not at Intersection,IN ROADWAY IMPROPERLY,ON ROADWAY NOT AT CROSSWALK,NO PED. SIGNAL,MIXED CLOTHING,Yes,SUSPECTED MINOR INJURY,NONE,39.03957783,-77.05484,"(39.03957783, -77.05484)"
DD5652001Q,220050140,Rockville Police Departme,Property Damage Crash,11/13/2022 03:48:00 PM,Municipality,TEMPLETON PL,Maryland (State),ROCKVILLE PIKE,,N/A,PEDESTRIAN,STRAIGHT MOVEMENT ANGLE,CLEAR,DRY,DAYLIGHT,TRAFFIC SIGNAL,UNKNOWN,NONE DETECTED,73431F0A-C874-42F5-9D44-8E08FC445106,PEDESTRIAN,Cross/Enter at Intersection,NO IMPROPER ACTIONS,AT INTERSECTION MARKED CROSSWALK,OBEYED PED. SIGNAL,LIGHT CLOTHING,No,NO APPARENT INJURY,N/A,39.06687019,-77.12834047,"(39.06687019, -77.12834047)"
MCP29540053,180014875,Montgomery County Police,Property Damage Crash,03/26/2018 06:05:00 PM,County,WABASH AVE,County,GARLAND AVE,,N/A,BICYCLIST,SAME DIRECTION SIDESWIPE,CLEAR,DRY,DAYLIGHT,NO CONTROLS,NONE DETECTED,UNKNOWN,24CC242C-D3FE-40EA-90B7-CD6D185EF9EC,BICYCLIST,Other,WRONG WAY RIDING OR WALKING,ON ROADWAY NOT AT CROSSWALK,N/A,UNKNOWN,Yes,NO APPARENT INJURY,UNKNOWN,38.99400833,-77.00075667,"(38.99400833, -77.00075667)"
MCP23530053,180011153,Montgomery County Police,Injury Crash,03/05/2018 08:12:00 AM,County,NEWPORT MILL RD,Maryland (State),UNIVERSITY BLVD W,,N/A,PEDESTRIAN,SINGLE VEHICLE,CLEAR,DRY,DAYLIGHT,PERSON,NONE DETECTED,NONE DETECTED,A1321944-CFBF-4285-8BEC-63AC04DD3CCB,PEDESTRIAN,Cross/Enter at Intersection,NO IMPROPER ACTIONS,ON ROADWAY AT CROSSWALK,OBEYED PED. SIGNAL,DARK CLOTHING,No,POSSIBLE INJURY,NONE,39.03391951,-77.07243919,"(39.03391951, -77.07243919)"
MCP9321001J,170522720,Montgomery County Police,Injury Crash,08/03/2017 11:09:00 AM,County,RANDOLPH RD,Other Public Roadway,GLENMONT CIR #1,,N/A,PEDESTRIAN,SINGLE VEHICLE,CLEAR,DRY,DAYLIGHT,TRAFFIC SIGNAL,NONE DETECTED,NONE DETECTED,74A8726B-ABD9-4831-8419-6C363D99780F,PEDESTRIAN,Cross/Enter at Intersection,NO IMPROPER ACTIONS,ON ROADWAY AT CROSSWALK,OBEYED PED. SIGNAL,LIGHT CLOTHING,No,SUSPECTED SERIOUS INJURY,N/A,39.05913833,-77.047445,"(39.05913833, -77.047445)"
MCP27660043,180050320,Montgomery County Police,Injury Crash,10/08/2018 03:51:00 PM,Maryland (State),GEORGIA AVE,County,HATHAWAY DR,,N/A,PEDESTRIAN,OTHER,CLEAR,DRY,DAYLIGHT,TRAFFIC SIGNAL,NONE DETECTED,NONE DETECTED,012706DC-9C8E-438D-A50E-6FF2ACFCB8E7,PEDESTRIAN,Cross/Enter at Intersection,NO IMPROPER ACTIONS,ON ROADWAY AT CROSSWALK,OBEYED PED. SIGNAL,MIXED CLOTHING,No,POSSIBLE INJURY,NONE,39.06807833,-77.06098667,"(39.06807833, -77.06098667)"
EJ7876003Y,210045443,Gaithersburg Police Depar,Injury Crash,11/09/2021 06:00:00 PM,Municipality,STORY DR,County,CROWN FARM DR,,N/A,BICYCLIST,OTHER,CLEAR,DRY,DARK -- UNKNOWN LIGHTING,NO CONTROLS,NONE DETECTED,NONE DETECTED,9036A371-124E-44E4-8342-B1E225F44399,BICYCLIST,Cross/Enter at Intersection,NO IMPROPER ACTIONS,ON ROADWAY AT CROSSWALK,NO PED. SIGNAL,HEAD LIGHT AND REFLECTORS,No,POSSIBLE INJURY,MC/BIKE HELMET,39.11586362,-77.21188477,"(39.11586362, -77.21188477)"
EJ7818000B,16027164,Gaithersburg Police Depar,Injury Crash,05/31/2016 04:05:00 PM,County,MUDDY BRANCH RD,County,DIAMONDBACK DR,,N/A,PEDESTRIAN,N/A,N/A,DRY,DAYLIGHT,TRAFFIC SIGNAL,NONE DETECTED,NONE DETECTED,C24AFF9B-3EE9-4305-9449-79A413BD9ED6,PEDESTRIAN,Cross/Enter at Intersection,NO IMPROPER ACTIONS,ON ROADWAY AT CROSSWALK,NO PED. SIGNAL,N/A,No,SUSPECTED SERIOUS INJURY,N/A,39.11528667,-77.21586333,"(39.11528667, -77.21586333)"
MCP30800030,210009350,Montgomery County Police,Injury Crash,03/12/2021 05:22:00 PM,Maryland (State),GREAT SENECA HWY,County,CLOPPERS MILL DR,,N/A,BICYCLIST,N/A,CLEAR,DRY,DAYLIGHT,TRAFFIC SIGNAL,NONE DETECTED,NONE DETECTED,837760C3-1FB2-4BDA-96E3-5842F5FD8385,BICYCLIST,Cross/Enter at Intersection,NO IMPROPER ACTIONS,ON ROADWAY AT CROSSWALK,OBEYED PED. SIGNAL,LIGHT CLOTHING,No,SUSPECTED MINOR INJURY,MC/BIKE HELMET,39.1486525,-77.27636176,"(39.1486525, -77.27636176)"
DM8338000T,17011376,Takoma Park Police Depart,Injury Crash,03/03/2017 07:58:00 PM,Maryland (State),PINEY BRANCH RD,Municipality,TAKOMA AVE,,TAKOMA PARK,PEDESTRIAN,OTHER,N/A,DRY,DARK LIGHTS ON,NO CONTROLS,N/A,UNKNOWN,690A19BD-6171-4AD8-9200-C4272D6C45A2,PEDESTRIAN,Other,OTHER,ON ROADWAY NOT AT CROSSWALK,N/A,UNKNOWN,Yes,SUSPECTED SERIOUS INJURY,N/A,38.98000694,-77.01715887,"(38.98000694, -77.01715887)"
MCP2330003M,220023658,Montgomery County Police,Injury Crash,06/03/2022 04:38:00 PM,,,,,COSTCO TIRE CENTER @ 11160 VEIRS MILL RD,,PEDESTRIAN,OTHER,RAINING,,DAYLIGHT,NO CONTROLS,NONE DETECTED,NONE DETECTED,21B61811-5B30-4F81-BC8A-B168546A56F4,PEDESTRIAN,Other,N/A,OTHER,N/A,LIGHT CLOTHING,No,SUSPECTED MINOR INJURY,NONE,39.034865,-77.05549293,"(39.034865, -77.05549293)"
MCP3131000N,180054048,Montgomery County Police,Injury Crash,10/28/2018 07:16:00 PM,County,WESTLAKE DR,Other Public Roadway,LAKEVIEW DR,,N/A,PEDESTRIAN,SINGLE VEHICLE,RAINING,WET,DARK LIGHTS ON,OTHER,NONE DETECTED,NONE DETECTED,9F310458-E964-4D68-A567-7182CC26AF92,PEDESTRIAN,Cross/Enter at Intersection,NO IMPROPER ACTIONS,ON ROADWAY AT CROSSWALK,OBEYED PED. SIGNAL,DARK CLOTHING,No,SUSPECTED SERIOUS INJURY,NONE,39.026475,-77.14827333,"(39.026475, -77.14827333)"
MCP2677000H,16004316,Montgomery County Police,Injury Crash,01/26/2016 11:40:00 PM,County,DAIRYMAID DR,County,METZ DR,,N/A,PEDESTRIAN,OTHER,SNOW,SLUSH,DARK LIGHTS ON,N/A,NONE DETECTED,NONE DETECTED,D7BF4AAF-74BF-44D3-9FB3-3D451E61766C,PEDESTRIAN,Other,IN ROADWAY IMPROPERLY,ON ROADWAY NOT AT CROSSWALK,NO PED. SIGNAL,MIXED CLOTHING,Yes,POSSIBLE INJURY,N/A,39.15559743,-77.27240324,"(39.15559743, -77.27240324)"
MCP2286002R,190049826,Montgomery County Police,Injury Crash,10/17/2019 03:05:00 PM,Maryland (State),ROCKVILLE PIKE,Municipality,TWINBROOK PKWY,,ROCKVILLE,BICYCLIST,ANGLE MEETS RIGHT TURN,CLEAR,DRY,DAYLIGHT,TRAFFIC SIGNAL,NONE DETECTED,NONE DETECTED,F0BBEC2A-B3F1-4080-B838-8490FE8DAAD2,BICYCLIST,Cross/Enter at Intersection,NO IMPROPER ACTIONS,ON ROADWAY AT CROSSWALK,OBEYED PED. SIGNAL,MIXED CLOTHING,No,SUSPECTED MINOR INJURY,NONE,39.05912167,-77.12124667,"(39.05912167, -77.12124667)"
DD55080043,170541807,Rockville Police Departme,Injury Crash,11/09/2017 09:57:00 AM,Maryland (State),VEIRS MILL RD,County,TWINBROOK PKWY,,N/A,PEDESTRIAN,OTHER,RAINING,WET,DAYLIGHT,TRAFFIC SIGNAL,NONE DETECTED,UNKNOWN,BEB28B90-AF65-4A9B-B2A3-232FF2D06225,PEDESTRIAN,Cross/Enter at Intersection,IN ROADWAY IMPROPERLY,ON ROADWAY NOT AT CROSSWALK,NO PED. SIGNAL,MIXED CLOTHING,Yes,SUSPECTED SERIOUS INJURY,N/A,39.07349901,-77.11182877,"(39.07349901, -77.11182877)"