Report Number,Local Case Number,Agency Name,ACRS Report Type,Crash Date/Time,Route Type,Road Name,Cross-Street Type,Cross-Street Name,Off-Road Description,Municipality,Related Non-Motorist,Collision Type,Weather,Surface Condition,Light,Traffic Control,Driver Substance Abuse,Non-Motorist Substance Abuse,Person ID,Pedestrian Type,Pedestrian Movement,Pedestrian Actions,Pedestrian Location,Pedestrian Obeyed Traffic Signal,Pedestrian Visibility,At Fault,Injury Severity,Safety Equipment,Latitude,Longitude,Location
MCP32790016,220019768,Montgomery County Police,Injury Crash,05/09/2022 05:30:00 PM,County,BLUHILL RD,County,RANDOLPH RD,,N/A,PEDESTRIAN,SINGLE VEHICLE,UNKNOWN,UNKNOWN,UNKNOWN,STOP SIGN,NONE DETECTED,N/A,3897BA3A-91A1-45C8-9117-09D8E5E97CF3,PEDESTRIAN,Cross/Enter at Intersection,NO IMPROPER ACTIONS,ON ROADWAY AT CROSSWALK,NO PED. SIGNAL,LIGHT CLOTHING,No,SUSPECTED MINOR INJURY,NONE,39.05898675,-77.06498015,"(39.05898675, -77.06498015)"
MCP1366004S,16036294,Montgomery County Police,Injury Crash,07/18/2016 07:02:00 AM,County,SHADY GROVE RD,Unknown,GUDELSKY WAY,,N/A,BICYCLIST,SINGLE VEHICLE,CLEAR,DRY,DAYLIGHT,NO CONTROLS,NONE DETECTED,NONE DETECTED,9D961B7B-A7CC-49A7-B8DF-4381E0BDC124,BICYCLIST,Walking/Riding w/Traffic,NO IMPROPER ACTIONS,SHOULDER,N/A,MIXED CLOTHING,No,SUSPECTED SERIOUS INJURY,MC/BIKE HELMET,39.09094833,-77.19852667,"(39.09094833, -77.19852667)"
MCP26350081,230026377,Montgomery County Police,Injury Crash,06/01/2023 06:39:00 PM,Maryland (State),OLNEY LAYTONSVILLE RD,Unknown,OLNEY POST OFFICE,,N/A,OTHER PEDALCYCLIST,OTHER,CLEAR,DRY,DAYLIGHT,NO CONTROLS,N/A,N/A,82C3BEB2-9182-4E87-A2E9-A6DB66E1580C,OTHER PEDALCYCLIST,Walking/Riding w/Traffic,NO IMPROPER ACTIONS,SHOULDER,NO PED. SIGNAL,DARK CLOTHING,No,SUSPECTED MINOR INJURY,MC/BIKE HELMET,39.15564102,-77.07089339,"(39.15564102, -77.07089339)"
MCP28100025,220054810,Montgomery County Police,Injury Crash,12/11/2022 05:15:00 PM,County,GOSHEN RD,County,SNOUFFERS SCHOOL RD,,N/A,PEDESTRIAN,ANGLE MEETS LEFT HEAD ON,CLEAR,DRY,DARK NO LIGHTS,TRAFFIC SIGNAL,N/A,N/A,6409A005-BB19-4C13-9463-7BEE04B8F8E5,PEDESTRIAN,Cross/Enter at Intersection,DART DASH,ON ROADWAY NOT AT CROSSWALK,N/A,MIXED CLOTHING,Yes,POSSIBLE INJURY,N/A,39.18785883,-77.186636,"(39.18785883, -77.186636)"
MCP1227001M,220023880,Montgomery County Police,Injury Crash,06/03/2022 09:25:00 PM,County,MONTGOMERY VILLAGE AVE,County,WALKERS CHOICE RD,,N/A,PEDESTRIAN,SINGLE VEHICLE,CLEAR,DRY,DARK NO LIGHTS,TRAFFIC SIGNAL,NONE DETECTED,UNKNOWN,19CF2B07-9CD8-4EB0-A0E5-9F04F27C3697,PEDESTRIAN,Cross/Enter at Intersection,FAILURE TO OBEY TRAFFIC SIGNS SIGNALS OR OFFICER,ON ROADWAY NOT AT CROSSWALK,DISOBEYED PED. SIGNAL,MIXED CLOTHING,Yes,SUSPECTED SERIOUS INJURY,NONE,39.16146231,-77.20207556,"(39.16146231, -77.20207556)"
MCP2728004X,180000764,Montgomery County Police,Injury Crash,01/05/2018 05:07:00 PM,,,,,PARKING LOT OF 7996 GEORGIA AVE,,PEDESTRIAN,OTHER,N/A,,DARK LIGHTS ON,PERSON,UNKNOWN,NONE DETECTED,3620A268-60B3-47A5-A01C-B9DBAD6A33C7,PEDESTRIAN,Other,NO IMPROPER ACTIONS,OTHER,N/A,MIXED CLOTHING,No,SUSPECTED MINOR INJURY,NONE,38.9871677,-77.02673435,"(38.9871677, -77.02673435)"
MCP15800047,15046473,MONTGOMERY,Injury Crash,09/14/2015 11:34:00 AM,,,,,115 S FREDERICK AVE.   ST. MARTINS CATHOLIC CHURCH PARKING  LOT,,PEDESTRIAN,OTHER,CLEAR,,DAYLIGHT,NO CONTROLS,NONE DETECTED,NONE DETECTED,A7975367-F0D8-4D47-892F-EEC42EBC84B7,PEDESTRIAN,Standing,OTHER,OTHER,N/A,MIXED CLOTHING,Unknown,POSSIBLE INJURY,NONE,39.13950667,-77.19561167,"(39.13950667, -77.19561167)"
MCP2831002G,170548149,Montgomery County Police,Injury Crash,12/12/2017 02:13:00 PM,,,,,PARKING LOT OF 20944 FREDERICK ROAD (GIANT SUPERMARKET),,PEDESTRIAN,SINGLE VEHICLE,CLEAR,,DAYLIGHT,NO CONTROLS,N/A,NONE DETECTED,30A61293-C3B5-4DAB-9A14-ACE9F3CF94AF,PEDESTRIAN,Other,N/A,OTHER,NO PED. SIGNAL,LIGHT CLOTHING,No,POSSIBLE INJURY,NONE,39.18349833,-77.275365,"(39.18349833, -77.275365)"
MCP2939001P,170504228,Montgomery County Police,Property Damage Crash,04/25/2017 10:32:00 AM,Maryland (State),GERMANTOWN RD,County,MIDDLEBROOK RD,,N/A,PEDESTRIAN,STRAIGHT MOVEMENT ANGLE,RAINING,WET,DARK LIGHTS ON,NO CONTROLS,NONE DETECTED,N/A,A9D66F17-F637-4089-9548-0AA9C4567CBC,PEDESTRIAN,Walking/Riding against Traffic,IN ROADWAY IMPROPERLY,ON ROADWAY NOT AT CROSSWALK,DISOBEYED PED. SIGNAL,DARK CLOTHING,Yes,NO APPARENT INJURY,NONE,39.17996167,-77.26466167,"(39.17996167, -77.26466167)"
MCP12510018,170543897,Montgomery County Police,Injury Crash,11/20/2017 02:14:00 PM,County,DUFIEF MILL RD,County,TRAVILAH RD,,N/A,BICYCLIST,SAME DIR REAR END,CLEAR,DRY,DAYLIGHT,NO CONTROLS,NONE DETECTED,NONE DETECTED,6A718394-A609-4378-9019-0F7DC219870F,BICYCLIST,Walking/Riding w/Traffic,NO IMPROPER ACTIONS,SHOULDER,N/A,DARK CLOTHING,No,SUSPECTED MINOR INJURY,MC/BIKE HELMET,39.08093667,-77.25052833,"(39.08093667, -77.25052833)"
MCP2941000S,15048258,MONTGOMERY,Injury Crash,09/23/2015 02:35:00 PM,County,WAYNE AVE,County,CEDAR ST,,N/A,PEDESTRIAN,SINGLE VEHICLE,CLEAR,DRY,DAYLIGHT,TRAFFIC SIGNAL,NONE DETECTED,NONE DETECTED,077A1DB8-9589-4082-B8B0-16C570143C54,PEDESTRIAN,Cross/Enter at Intersection,NO IMPROPER ACTIONS,ON ROADWAY AT CROSSWALK,OBEYED PED. SIGNAL,LIGHT CLOTHING,No,POSSIBLE INJURY,N/A,38.99711589,-77.02193856,"(38.99711589, -77.02193856)"
DM84760036,220005815,Takoma Park Police Depart,Injury Crash,02/10/2022 10:58:00 AM,Maryland (State),NEW HAMPSHIRE AVE,Municipality,HOLTON LA,,TAKOMA PARK,PEDESTRIAN,SINGLE VEHICLE,CLEAR,DRY,DAYLIGHT,TRAFFIC SIGNAL,N/A,N/A,1411A1A9-3D6B-4E9A-ACE4-C33240B88357,PEDESTRIAN,Cross/Enter at Intersection,NO IMPROPER ACTIONS,ON ROADWAY AT CROSSWALK,OBEYED PED. SIGNAL,OTHER,No,SUSPECTED SERIOUS INJURY,N/A,38.98603167,-76.98817933,"(38.98603167, -76.98817933)"
MCP12270007,15012578,Montgomery County Police,Fatal Crash,03/18/2015 07:45:00 PM,Maryland (State),FREDERICK RD,County,SHAWNEE LA,,N/A,PEDESTRIAN,SINGLE VEHICLE,CLEAR,DRY,DARK -- UNKNOWN LIGHTING,NO CONTROLS,NONE DETECTED,NONE DETECTED,AE243F36-D94C-4626-A7DF-F0F7D7575AD5,PEDESTRIAN,Cross/Enter not at Intersection,UNKNOWN,ON ROADWAY NOT AT CROSSWALK,NO PED. SIGNAL,DARK CLOTHING,,FATAL INJURY,N/A,39.22979321,-77.26798832,"(39.22979321, -77.26798832)"
MCP29820047,210039034,Montgomery County Police,Property Damage Crash,10/01/2021 06:37:00 PM,County,FRANKLIN AVE,County,CAROLINE AVE,,N/A,OTHER PEDALCYCLIST,OTHER,N/A,DRY,DAYLIGHT,NO CONTROLS,NONE DETECTED,NONE DETECTED,A49819AC-BBDA-439C-90C1-7CAFAB05E367,OTHER PEDALCYCLIST,Cross/Enter at Intersection,FAILURE TO YIELD RIGHT OF WAY,AT INTERSECTION BUT NO CROSSWALK,NO PED. SIGNAL,LIGHT CLOTHING,Yes,NO APPARENT INJURY,UNKNOWN,39.00936912,-77.01271447,"(39.00936912, -77.01271447)"
MCP2912000P,15010313,Montgomery County Police,Injury Crash,03/05/2015 10:41:00 AM,,,,,parking garage @ 5454 The Hills plz,,PEDESTRIAN,N/A,SNOW,,DAYLIGHT,NO CONTROLS,NONE DETECTED,NONE DETECTED,9AF7ED17-3A87-4F41-A456-5CCEC472D3AD,PEDESTRIAN,Unknown,UNKNOWN,OTHER,NO PED. SIGNAL,DARK CLOTHING,,POSSIBLE INJURY,N/A,38.96288833,-77.08758,"(38.96288833, -77.08758)"
MCP3024002G,220017750,Montgomery County Police,Injury Crash,04/27/2022 03:58:00 PM,County,WISTERIA DR,Unknown,CIRCLE GATE DR,,N/A,PEDESTRIAN,SINGLE VEHICLE,CLEAR,DRY,DAYLIGHT,NO CONTROLS,N/A,N/A,86E1A882-F253-4067-B374-E51D7BEB9CE3,PEDESTRIAN,Cross/Enter at Intersection,UNKNOWN,UNKNOWN,UNKNOWN,N/A,Unknown,SUSPECTED MINOR INJURY,N/A,39.17272678,-77.26414402,"(39.17272678, -77.26414402)"
MCP3160003T,220038488,Montgomery County Police,Injury Crash,09/06/2022 02:30:00 PM,County,SEVEN LOCKS RD,County,TUCKERMAN LA,,N/A,BICYCLIST,STRAIGHT MOVEMENT ANGLE,CLEAR,DRY,DAYLIGHT,STOP SIGN,NONE DETECTED,NONE DETECTED,BEEFB8A9-A1A4-41BC-B3F5-FBDD11EC24FC,BICYCLIST,N/A,NO IMPROPER ACTIONS,SHOULDER,N/A,LIGHT CLOTHING,No,POSSIBLE INJURY,MC/BIKE HELMET,38.994555,-77.10861333,"(38.994555, -77.10861333)"
MCP2564000D,15028672,Montgomery County Police,Property Damage Crash,06/12/2015 06:19:00 PM,County,MONTGOMERY VILLAGE AVE,County,CLUB HOUSE RD,,N/A,BICYCLIST,STRAIGHT MOVEMENT ANGLE,CLOUDY,DRY,DAYLIGHT,TRAFFIC SIGNAL,NONE DETECTED,UNKNOWN,3E57E7F7-43F6-4A85-ADA9-E413319AC081,BICYCLIST,Cross/Enter at Intersection,DART DASH,AT INTERSECTION MARKED CROSSWALK,UNKNOWN,UNKNOWN,,NO APPARENT INJURY,UNKNOWN,39.17453008,-77.2037065,"(39.17453008, -77.2037065)"
MCP2847000N,15004014,Montgomery County Police,Injury Crash,01/25/2015 08:53:00 AM,County,ATHERTON DR,County,RANDOLPH RD,,N/A,PEDESTRIAN,OTHER,CLEAR,DRY,DAYLIGHT,STOP SIGN,NONE DETECTED,NONE DETECTED,6CDFBA21-8C89-44A5-AC91-3FF904DC38E2,PEDESTRIAN,Cross/Enter at Intersection,NO IMPROPER ACTIONS,ON ROADWAY AT CROSSWALK,NO PED. SIGNAL,LIGHT CLOTHING,,POSSIBLE INJURY,N/A,39.05713167,-77.07692833,"(39.05713167, -77.07692833)"
MCP11740066,230022157,Montgomery County Police,Injury Crash,05/09/2023 07:43:00 AM,Maryland (State),EAST WEST HWY (W/B COUPLET),County,PEARL ST,,N/A,BICYCLIST,SINGLE VEHICLE,CLEAR,DRY,DAYLIGHT,TRAFFIC SIGNAL,NONE DETECTED,N/A,12E1213E-97E7-4D3C-A589-C8D5F0F414E9,BICYCLIST,Cross/Enter at Intersection,NO IMPROPER ACTIONS,AT INTERSECTION MARKED CROSSWALK,OBEYED PED. SIGNAL,UNKNOWN,No,SUSPECTED MINOR INJURY,NONE,38.98502108,-77.09101622,"(38.98502108, -77.09101622)"
MCP3188000L,190023386,Montgomery County Police,Injury Crash,05/17/2019 06:12:00 PM,,,,,PARKING LOT OF STROSNIDERS HARDWARE,,PEDESTRIAN,STRAIGHT MOVEMENT ANGLE,CLEAR,,DAYLIGHT,TRAFFIC SIGNAL,UNKNOWN,NONE DETECTED,0457BF95-2024-48B3-ACE4-66AB520515CA,PEDESTRIAN,Cross/Enter at Intersection,NO IMPROPER ACTIONS,AT INTERSECTION MARKED CROSSWALK,OBEYED PED. SIGNAL,UNKNOWN,No,SUSPECTED MINOR INJURY,NONE,38.97939135,-77.09878308,"(38.97939135, -77.09878308)"
DM8456001Z,180031791,Takoma Park Police Depart,Injury Crash,06/28/2018 08:30:00 AM,,,,,1345 UNIVERSITY BLVD EAST TAKOMA PARK MD 20912,,PEDESTRIAN,OTHER,N/A,,DAYLIGHT,NO CONTROLS,NONE DETECTED,NONE DETECTED,ECB31E24-2713-488C-9CDC-663BE7F33D4B,PEDESTRIAN,Standing,NO IMPROPER ACTIONS,N/A,NO PED. SIGNAL,N/A,No,SUSPECTED MINOR INJURY,NONE,38.986505,-76.98552333,"(38.986505, -76.98552333)"
MCP00360063,170500518,Montgomery County Police,Injury Crash,04/05/2017 02:00:00 PM,,,,,PARKING LOT OF WALMART 20910 FREDERICK RD,,PEDESTRIAN,SINGLE VEHICLE,CLEAR,,DAYLIGHT,N/A,NONE DETECTED,UNKNOWN,0F33D870-5BEC-41C9-A752-CF346BE7B655,PEDESTRIAN,Other,OTHER,OTHER,NO PED. SIGNAL,MIXED CLOTHING,Yes,POSSIBLE INJURY,N/A,39.19848077,-77.25158662,"(39.19848077, -77.25158662)"
MCP28130016,15031257,Montgomery County Police,Injury Crash,06/26/2015 03:10:00 PM,,,,,DRIVEWAY OF 10820 GEORGIA AVE,,BICYCLIST,SINGLE VEHICLE,CLEAR,,DAYLIGHT,NO CONTROLS,N/A,N/A,DC2D21EB-E9D6-4D88-8630-6386EC4B7705,BICYCLIST,Walking/Riding against Traffic,WRONG WAY RIDING OR WALKING,SHOULDER,NO PED. SIGNAL,LIGHT CLOTHING,,POSSIBLE INJURY,N/A,39.03275667,-77.04888667,"(39.03275667, -77.04888667)"
MCP1020003M,180044050,Montgomery County Police,Injury Crash,09/04/2018 08:06:00 AM,,,,,DRIVEWAY TO 19910 FREDERICK ROAD,,PEDESTRIAN,OTHER,CLEAR,,DAYLIGHT,NO CONTROLS,NONE DETECTED,NONE DETECTED,ECB9C2FE-25E3-4896-9303-22165E060BE1,PEDESTRIAN,Cross/Enter not at Intersection,DART DASH,OTHER,NO PED. SIGNAL,MIXED CLOTHING,Yes,SUSPECTED MINOR INJURY,N/A,39.1831895,-77.23926717,"(39.1831895, -77.23926717)"
DD5646002F,220047443,Rockville Police Departme,Fatal Crash,10/28/2022 08:59:00 PM,Maryland (State),ROCKVILLE PIKE,Municipality,TALBOTT ST,,ROCKVILLE,PEDESTRIAN,OTHER,CLEAR,DRY,DARK LIGHTS ON,NO CONTROLS,NONE DETECTED,NONE DETECTED,F41CB861-1540-46CA-BEDD-809867250E61,PEDESTRIAN,Cross/Enter not at Intersection,IN ROADWAY IMPROPERLY,ON ROADWAY NOT AT CROSSWALK,NO PED. SIGNAL,MIXED CLOTHING,Unknown,FATAL INJURY,NONE,39.07306591,-77.13410315,"(39.07306591, -77.13410315)"
MCP3124004B,210024539,Montgomery County Police,Injury Crash,06/26/2021 03:50:00 PM,,,,,"11160 VEIRS MILL RD SILVER SPRING, MD 20902 // WHEATON MALL // PARKING LOT NEAR EXIT 6",,PEDESTRIAN,SINGLE VEHICLE,CLOUDY,,DAYLIGHT,NO CONTROLS,NONE DETECTED,NONE DETECTED,A984F546-8546-4182-B84D-84A657E02C48,PEDESTRIAN,Other,NO IMPROPER ACTIONS,OTHER,NO PED. SIGNAL,LIGHT CLOTHING,No,SUSPECTED MINOR INJURY,NONE,39.03808667,-77.05612167,"(39.03808667, -77.05612167)"
MCP2891008Y,200007244,Montgomery County Police,Injury Crash,02/13/2020 06:06:00 AM,County,DENNIS AVE,Maryland (State),GEORGIA AVE,,N/A,PEDESTRIAN,SINGLE VEHICLE,RAINING,WET,DARK LIGHTS ON,TRAFFIC SIGNAL,NONE DETECTED,NONE DETECTED,8C1876F4-F07E-4AF7-B854-FC90A4EDAB2D,PEDESTRIAN,Cross/Enter at Intersection,NO IMPROPER ACTIONS,ON ROADWAY AT CROSSWALK,OBEYED PED. SIGNAL,DARK CLOTHING,No,SUSPECTED MINOR INJURY,N/A,39.02510167,-77.04468333,"(39.02510167, -77.04468333)"
MCP2055000S,15053997,MONTGOMERY,Injury Crash,10/24/2015 11:37:00 AM,,,,,"206 N. Frederick Ave
Gaithersburg MD  20878",,PEDESTRIAN,OTHER,CLOUDY,,DAYLIGHT,NO CONTROLS,NONE DETECTED,NONE DETECTED,AA34A1AA-194B-4F02-9563-13A0D1F97B28,PEDESTRIAN,Other,OTHER,SIDEWALK,NO PED. SIGNAL,N/A,No,POSSIBLE INJURY,N/A,39.144435,-77.20246833,"(39.144435, -77.20246833)"
MCP115100B6,190051780,Montgomery County Police,Injury Crash,10/28/2019 07:30:00 AM,Maryland (State),DAMASCUS RD,County,LONG CORNER RD,,N/A,PEDESTRIAN,OTHER,CLEAR,DRY,DAYLIGHT,NO CONTROLS,NONE DETECTED,NONE DETECTED,2D4320CB-67BA-4C88-9398-C2F9AA5B2568,PEDESTRIAN,Other,IN ROADWAY IMPROPERLY,ON ROADWAY NOT AT CROSSWALK,N/A,MIXED CLOTHING,Yes,SUSPECTED MINOR INJURY,N/A,39.27476883,-77.15725617,"(39.27476883, -77.15725617)"
MCP28270014,15025555,Montgomery County Police,Injury Crash,05/27/2015 04:53:00 PM,County,QUEEN ELIZABETH DR,County,ROLLING ACRES WAY,,N/A,BICYCLIST,STRAIGHT MOVEMENT ANGLE,RAINING,WET,DAYLIGHT,STOP SIGN,N/A,NONE DETECTED,57A567FE-19A2-461D-985D-7C8ECD871644,BICYCLIST,Cross/Enter at Intersection,FAILURE TO OBEY TRAFFIC SIGNS SIGNALS OR OFFICER,ON ROADWAY NOT AT CROSSWALK,N/A,N/A,,SUSPECTED MINOR INJURY,MC/BIKE HELMET,39.16139,-77.07441833,"(39.16139, -77.07441833)"
MCP2950001L,180038639,Montgomery County Police,Injury Crash,08/04/2018 05:00:00 AM,County,STRINGTOWN RD,Unknown,ST CLAIR RD,,N/A,BICYCLIST,SAME DIR REAR END,CLOUDY,WET,DARK LIGHTS ON,NO CONTROLS,UNKNOWN,NONE DETECTED,B9890DD4-4327-4034-8A78-CF39133F4F71,BICYCLIST,Walking/Riding w/Traffic,NO IMPROPER ACTIONS,SHOULDER,N/A,HEAD LIGHT AND REFLECTORS,No,SUSPECTED SERIOUS INJURY,MC/BIKE HELMET,39.240335,-77.270135,"(39.240335, -77.270135)"
MCP11230021,180036808,Montgomery County Police,Injury Crash,07/25/2018 11:08:00 AM,Maryland (State),LAYHILL RD,County,MIDDLEBRIDGE DR,,N/A,PEDESTRIAN,SINGLE VEHICLE,CLOUDY,DRY,DAYLIGHT,NO CONTROLS,NONE DETECTED,NONE DETECTED,C507E5CD-8691-4C97-A621-CC5561811C07,PEDESTRIAN,Cross/Enter at Intersection,DART DASH,AT INTERSECTION BUT NO CROSSWALK,NO PED. SIGNAL,MIXED CLOTHING,Unknown,SUSPECTED MINOR INJURY,NONE,39.072865,-77.0455,"(39.072865, -77.0455)"
HA22900002,16000332,Maryland-National Capital,Injury Crash,03/24/2016 09:02:00 AM,County,KENSINGTON PKWY,Government,BEACH DR,,N/A,BICYCLIST,STRAIGHT MOVEMENT ANGLE,CLEAR,DRY,DAYLIGHT,STOP SIGN,NONE DETECTED,NONE DETECTED,3E29C04B-E2BC-41A8-B4A0-272E98D9EF62,BICYCLIST,Cross/Enter at Intersection,FAILURE TO YIELD RIGHT OF WAY,AT INTERSECTION MARKED CROSSWALK,DISOBEYED PED. SIGNAL,MIXED CLOTHING,Yes,SUSPECTED MINOR INJURY,MC/BIKE HELMET,39.010214,-77.07392246,"(39.010214, -77.07392246)"
MCP11740026,170514526,Montgomery County Police,Injury Crash,06/19/2017 12:54:00 PM,,,,,7730 WOODMONT AVE.PARKING GARAGE ENTRANCE TO GARAGE 11.,,PEDESTRIAN,SINGLE VEHICLE,CLEAR,,DAYLIGHT,STOP SIGN,NONE DETECTED,NONE DETECTED,2D76BFAA-131B-4F04-B9A8-E4D6038BF93D,PEDESTRIAN,Walking/Cycling on Sidewalk,NO IMPROPER ACTIONS,SIDEWALK,NO PED. SIGNAL,LIGHT CLOTHING,No,POSSIBLE INJURY,NONE,38.98762637,-77.09616065,"(38.98762637, -77.09616065)"
EJ7846001H,16042355,Gaithersburg Police Depar,Property Damage Crash,08/20/2016 09:00:00 PM,,,,,PARKING LOT OF 18 ONEILL DR.,,PEDESTRIAN,SINGLE VEHICLE,CLEAR,,DARK LIGHTS ON,NO CONTROLS,NONE DETECTED,NONE DETECTED,0664F25F-F0E1-44D7-81BE-EA6C7987B35E,PEDESTRIAN,Cross/Enter not at Intersection,NO IMPROPER ACTIONS,CURB,NO PED. SIGNAL,MIXED CLOTHING,No,NO APPARENT INJURY,N/A,39.124215,-77.22279667,"(39.124215, -77.22279667)"
MCP3057000R,170546170,Montgomery County Police,Injury Crash,12/02/2017 06:01:00 AM,Maryland (State),GREAT SENECA HWY,County,MATENY RD,,N/A,BICYCLIST,STRAIGHT MOVEMENT ANGLE,N/A,DRY,DARK LIGHTS ON,N/A,N/A,NONE DETECTED,48F9CA99-CF13-4452-94FD-906C9E0426D6,BICYCLIST,Cross/Enter at Intersection,NO IMPROPER ACTIONS,AT INTERSECTION MARKED CROSSWALK,OBEYED PED. SIGNAL,REFLECTIVE MATERIAL,No,SUSPECTED MINOR INJURY,REFLECTIVE CLOTHING,39.18409833,-77.26336833,"(39.18409833, -77.26336833)"
MCP2450001V,180021979,Montgomery County Police,Injury Crash,05/04/2018 07:25:00 PM,County,E WAYNE AVE,County,FLOWER AVE,,N/A,PEDESTRIAN,OTHER,N/A,N/A,N/A,TRAFFIC SIGNAL,NONE DETECTED,NONE DETECTED,476057D2-31F5-4594-88F1-3A87231BC64E,PEDESTRIAN,Cross/Enter at Intersection,INATTENTIVE,ON ROADWAY AT CROSSWALK,DISOBEYED PED. SIGNAL,N/A,Yes,POSSIBLE INJURY,N/A,39.00291904,-77.00545907,"(39.00291904, -77.00545907)"
MCP26250011,200032810,Montgomery County Police,Injury Crash,08/22/2020 12:23:00 PM,County,LELAND ST,Maryland (State),BRADLEY BLVD,,N/A,PEDESTRIAN,N/A,CLEAR,DRY,DAYLIGHT,TRAFFIC SIGNAL,NONE DETECTED,NONE DETECTED,FFD757B9-9253-4007-B403-369FCFC19C36,PEDESTRIAN,Cross/Enter not at Intersection,UNKNOWN,ON ROADWAY NOT AT CROSSWALK,DISOBEYED PED. SIGNAL,LIGHT CLOTHING,Yes,SUSPECTED MINOR INJURY,N/A,38.9782613,-77.09705684,"(38.9782613, -77.09705684)"
MCP2846002L,17006835,Montgomery County Police,Injury Crash,02/08/2017 08:36:00 AM,Maryland (State),VEIRS MILL RD,Maryland (State),UNIVERSITY BLVD W,,N/A,PEDESTRIAN,SINGLE VEHICLE,CLEAR,DRY,DAYLIGHT,TRAFFIC SIGNAL,NONE DETECTED,NONE DETECTED,2C99D4FD-A6C8-42C7-A228-618291AA025D,PEDESTRIAN,Cross/Enter at Intersection,NO IMPROPER ACTIONS,ON ROADWAY AT CROSSWALK,OBEYED PED. SIGNAL,LIGHT CLOTHING,No,POSSIBLE INJURY,NONE,39.03860833,-77.054455,"(39.03860833, -77.054455)"
MCP2805003Y,200036605,Montgomery County Police,Property Damage Crash,09/18/2020 11:30:00 AM,,,,,"PL OF 880 RUSSELL AVE, GAITHERSBURG, MD",,PEDESTRIAN,SINGLE VEHICLE,CLOUDY,,DAYLIGHT,N/A,NONE DETECTED,NONE DETECTED,0F083A32-378B-4C2E-A6B2-DD2C5B25F7B0,PEDESTRIAN,Standing,NO IMPROPER ACTIONS,ON ROADWAY NOT AT CROSSWALK,N/A,N/A,Unknown,NO APPARENT INJURY,NONE,39.1560965,-77.2127805,"(39.1560965, -77.2127805)"
MCP2239001N,200030242,Montgomery County Police,Injury Crash,08/04/2020 01:24:00 PM,County,SEVEN LOCKS RD,Other Public Roadway,CODDLE HARBOR LA,,N/A,BICYCLIST,OTHER,CLEAR,DRY,DAYLIGHT,STOP SIGN,NONE DETECTED,N/A,750BA249-B77B-4C90-A58B-8AD8199D5189,BICYCLIST,Cross/Enter at Intersection,OTHER,ON ROADWAY NOT AT CROSSWALK,NO PED. SIGNAL,MIXED CLOTHING,No,SUSPECTED MINOR INJURY,MC/BIKE HELMET,39.04253167,-77.15936333,"(39.04253167, -77.15936333)"
MCP3337000V,220049173,Montgomery County Police,Injury Crash,11/07/2022 06:13:00 PM,Maryland (State),GEORGIA AVE,County,EPPING RD,,N/A,OTHER CONVEYANCE,HEAD ON LEFT TURN,CLEAR,DRY,DARK LIGHTS ON,NO CONTROLS,NONE DETECTED,NONE DETECTED,0F6C46AA-9E0E-4CFB-ACDD-507E0C6DB9E7,OTHER CONVEYANCE,Cross/Enter at Intersection,NO IMPROPER ACTIONS,AT INTERSECTION BUT NO CROSSWALK,NO PED. SIGNAL,DARK CLOTHING,No,SUSPECTED MINOR INJURY,NONE,39.06520703,-77.05779474,"(39.06520703, -77.05779474)"
MCP30790048,220009254,Montgomery County Police,Injury Crash,03/03/2022 05:55:00 PM,,,,,19815 GERMANTOWN RD EXXON GAS STATION,,PEDESTRIAN,N/A,CLEAR,,DAYLIGHT,NO CONTROLS,NONE DETECTED,UNKNOWN,23189FE8-258F-4B34-8DCB-8AD6E98E90BA,PEDESTRIAN,Cross/Enter at Intersection,NO IMPROPER ACTIONS,AT INTERSECTION BUT NO CROSSWALK,NO PED. SIGNAL,MIXED CLOTHING,No,POSSIBLE INJURY,N/A,39.18134323,-77.26148406,"(39.18134323, -77.26148406)"
MCP26370016,16061165,Montgomery County Police,Injury Crash,11/29/2016 07:33:00 AM,County,SEVEN LOCKS RD,County,TUCKERMAN LA,,N/A,PEDESTRIAN,OTHER,RAINING,WET,DAWN,TRAFFIC SIGNAL,NONE DETECTED,NONE DETECTED,1E3CFBA6-4D72-4D31-8379-82E990A3CE16,PEDESTRIAN,Cross/Enter at Intersection,NO IMPROPER ACTIONS,AT INTERSECTION MARKED CROSSWALK,OBEYED PED. SIGNAL,DARK CLOTHING,No,POSSIBLE INJURY,N/A,39.04061963,-77.15897799,"(39.04061963, -77.15897799)"
MCP28460021,16032703,Montgomery County Police,Injury Crash,06/28/2016 01:15:00 PM,County,SHOREFIELD RD,Maryland (State),GEORGIA AVE,,N/A,PEDESTRIAN,OTHER,CLOUDY,DRY,DAYLIGHT,TRAFFIC SIGNAL,NONE DETECTED,NONE DETECTED,EF0287D7-31AE-4DE3-9285-A09478AD074E,PEDESTRIAN,Cross/Enter at Intersection,NO IMPROPER ACTIONS,ON ROADWAY AT CROSSWALK,OBEYED PED. SIGNAL,MIXED CLOTHING,No,NO APPARENT INJURY,NONE,39.05316667,-77.050735,"(39.05316667, -77.050735)"