Report Number,Local Case Number,Agency Name,ACRS Report Type,Crash Date/Time,Route Type,Road Name,Cross-Street Type,Cross-Street Name,Off-Road Description,Municipality,Related Non-Motorist,Collision Type,Weather,Surface Condition,Light,Traffic Control,Driver Substance Abuse,Non-Motorist Substance Abuse,Person ID,Pedestrian Type,Pedestrian Movement,Pedestrian Actions,Pedestrian Location,Pedestrian Obeyed Traffic Signal,Pedestrian Visibility,At Fault,Injury Severity,Safety Equipment,Latitude,Longitude,Location
MCP3114002Z,230018017,Montgomery County Police,Injury Crash,04/15/2023 06:03:00 PM,,,,,PARKING LOT OF 10151 COLESVILLE ROAD,,PEDESTRIAN,SAME DIRECTION SIDESWIPE,CLEAR,,DAYLIGHT,N/A,N/A,N/A,E1D200F4-B541-432C-B7F7-D1DC70F9855F,PEDESTRIAN,Standing,NO IMPROPER ACTIONS,CURB,N/A,LIGHT CLOTHING,No,SUSPECTED MINOR INJURY,N/A,39.02129667,-77.01142583,"(39.02129667, -77.01142583)"
MCP1378006L,15029556,Montgomery County Police,Injury Crash,06/17/2015 04:23:00 PM,County,WALKERS CHOICE RD,County,MONTGOMERY VILLAGE AVE,,N/A,BICYCLIST,STRAIGHT MOVEMENT ANGLE,CLOUDY,DRY,DAYLIGHT,TRAFFIC SIGNAL,NONE DETECTED,NONE DETECTED,F847E8CE-6578-4A58-B678-F9AA618F8AB1,BICYCLIST,Cross/Enter at Intersection,NO IMPROPER ACTIONS,ON ROADWAY AT CROSSWALK,DISOBEYED PED. SIGNAL,DARK CLOTHING,,POSSIBLE INJURY,MC/BIKE HELMET,39.16136167,-77.20243,"(39.16136167, -77.20243)"
MCP9130002L,16039257,Montgomery County Police,Property Damage Crash,08/03/2016 01:53:00 PM,Maryland (State),UNIVERSITY BLVD E,County,CARROLL AVE,,N/A,OTHER,SINGLE VEHICLE,CLEAR,DRY,DAYLIGHT,PERSON,NONE DETECTED,NONE DETECTED,633CAA4E-3116-480E-8F37-8529F74F9083,OTHER,Standing,NO IMPROPER ACTIONS,OTHER,N/A,REFLECTIVE MATERIAL,No,NO APPARENT INJURY,OTHER,38.99418,-76.99272,"(38.99418, -76.99272)"
DD56280039,200039334,Rockville Police Departme,Injury Crash,10/06/2020 01:12:00 PM,Municipality,BALTIMORE RD,Municipality,S STONESTREET AVE,,ROCKVILLE,BICYCLIST,STRAIGHT MOVEMENT ANGLE,CLEAR,DRY,DAYLIGHT,STOP SIGN,NONE DETECTED,NONE DETECTED,38E94A31-9539-402C-B0F8-80CAAB78F645,BICYCLIST,Cross/Enter at Intersection,NO IMPROPER ACTIONS,AT INTERSECTION MARKED CROSSWALK,N/A,MIXED CLOTHING,No,SUSPECTED MINOR INJURY,MC/BIKE HELMET,39.08293725,-77.14348365,"(39.08293725, -77.14348365)"
MCP30790054,230026320,Montgomery County Police,Injury Crash,06/01/2023 03:28:00 PM,County,CRICKET HILL DR,County,STONEBRIDGE TERR,,N/A,BICYCLIST,HEAD ON LEFT TURN,CLEAR,DRY,DAYLIGHT,NO CONTROLS,NONE DETECTED,NONE DETECTED,DAACF9F0-8DC7-4968-82C2-7C80761DE058,BICYCLIST,Cross/Enter at Intersection,NO IMPROPER ACTIONS,ON ROADWAY AT CROSSWALK,N/A,MIXED CLOTHING,No,SUSPECTED SERIOUS INJURY,MC/BIKE HELMET,39.14721291,-77.28389889,"(39.14721291, -77.28389889)"
MCP26390033,180006633,Montgomery County Police,Injury Crash,02/08/2018 09:10:00 AM,,,,,PARKING LOT OF 10300 STRATHMORE HALL ST,,PEDESTRIAN,SAME DIR REAR END,CLEAR,,DAYLIGHT,NO CONTROLS,NONE DETECTED,NONE DETECTED,67B03AA6-9336-4913-B01F-2A2116C12270,PEDESTRIAN,Standing,NO IMPROPER ACTIONS,OTHER,NO PED. SIGNAL,MIXED CLOTHING,No,POSSIBLE INJURY,N/A,39.02597833,-77.101655,"(39.02597833, -77.101655)"
DD5614000N,16024847,Rockville Police Departme,Injury Crash,05/19/2016 11:16:00 AM,Maryland (State),E JEFFERSON ST,Municipality,MONROE ST,,ROCKVILLE,PEDESTRIAN,SAME DIRECTION SIDESWIPE,CLOUDY,DRY,DAYLIGHT,TRAFFIC SIGNAL,NONE DETECTED,NONE DETECTED,B2AEEA5B-821B-4F9A-B201-14433270D67F,PEDESTRIAN,Cross/Enter at Intersection,NO IMPROPER ACTIONS,AT INTERSECTION MARKED CROSSWALK,OBEYED PED. SIGNAL,MIXED CLOTHING,No,SUSPECTED MINOR INJURY,NONE,39.08122167,-77.14769,"(39.08122167, -77.14769)"
MCP20080062,190023569,Montgomery County Police,Injury Crash,05/18/2019 06:11:00 PM,County,FALLS RD,County,BURBANK DR,,N/A,BICYCLIST,OPPOSITE DIRECTION SIDESWIPE,N/A,DRY,DAYLIGHT,N/A,NONE DETECTED,NONE DETECTED,ACED7CBE-9E16-4A7C-97B2-426DD996DF14,BICYCLIST,Walking/Riding against Traffic,WRONG WAY RIDING OR WALKING,ON ROADWAY NOT AT CROSSWALK,N/A,LIGHT CLOTHING,Yes,SUSPECTED MINOR INJURY,MC/BIKE HELMET,39.01409667,-77.21513667,"(39.01409667, -77.21513667)"
MCP2031000H,15028940,Montgomery County Police,Injury Crash,06/14/2015 11:35:00 AM,Maryland (State),WOODFIELD RD,County,FIELDCREST RD,,N/A,BICYCLIST,STRAIGHT MOVEMENT ANGLE,CLEAR,DRY,DAYLIGHT,TRAFFIC SIGNAL,NONE DETECTED,NONE DETECTED,56F8661A-97DA-4C7B-932F-E0160E0FB303,BICYCLIST,Cross/Enter at Intersection,NO IMPROPER ACTIONS,MIDBLOCK MARKED CROSSWALK,OBEYED PED. SIGNAL,MIXED CLOTHING,,POSSIBLE INJURY,NONE,39.18533667,-77.151085,"(39.18533667, -77.151085)"
MCP3099000H,180018105,Montgomery County Police,Injury Crash,04/13/2018 05:48:00 PM,County,WYNNFIELD DR,County,FATHER HURLEY BLVD,,N/A,BICYCLIST,SINGLE VEHICLE,CLEAR,DRY,DAYLIGHT,TRAFFIC SIGNAL,NONE DETECTED,NONE DETECTED,0B9A66E1-8DDA-407C-B06F-7023F00AB912,BICYCLIST,Cross/Enter at Intersection,NO IMPROPER ACTIONS,AT INTERSECTION MARKED CROSSWALK,OBEYED PED. SIGNAL,MIXED CLOTHING,No,SUSPECTED SERIOUS INJURY,NONE,39.18627,-77.27413833,"(39.18627, -77.27413833)"
MCP3055003B,220013657,Montgomery County Police,Injury Crash,03/31/2022 06:14:00 AM,County,HEWITT AVE,Maryland (State),GEORGIA AVE,,N/A,PEDESTRIAN,OTHER,CLEAR,DRY,DARK LIGHTS ON,TRAFFIC SIGNAL,N/A,N/A,61AE31A2-043F-4581-895C-842C1ABA3C2D,PEDESTRIAN,Cross/Enter at Intersection,NO IMPROPER ACTIONS,AT INTERSECTION MARKED CROSSWALK,OBEYED PED. SIGNAL,DARK CLOTHING,No,POSSIBLE INJURY,NONE,39.07754667,-77.070575,"(39.07754667, -77.070575)"
MCP20460085,180015862,Montgomery County Police,Injury Crash,04/02/2018 06:12:00 AM,Maryland (State),EAST WEST HWY,County,BLAIR MILL RD,,N/A,PEDESTRIAN,STRAIGHT MOVEMENT ANGLE,RAINING,WET,DARK LIGHTS ON,N/A,NONE DETECTED,NONE DETECTED,9F2CE912-9E6B-4A55-AFFC-8A0DBED68AAA,PEDESTRIAN,Other,NO IMPROPER ACTIONS,SIDEWALK,NO PED. SIGNAL,DARK CLOTHING,No,SUSPECTED MINOR INJURY,NONE,38.99097,-77.02962833,"(38.99097, -77.02962833)"
MCP242500BB,170535583,Montgomery County Police,Injury Crash,10/09/2017 07:56:00 AM,County,SCHINDLER DR,County,LA GRANDE RD,,N/A,PEDESTRIAN,SINGLE VEHICLE,N/A,WET,DAYLIGHT,NO CONTROLS,NONE DETECTED,NONE DETECTED,F5066003-F927-4F2F-B5D2-70E7AF21653D,PEDESTRIAN,Cross/Enter not at Intersection,DART DASH,ON ROADWAY NOT AT CROSSWALK,NO PED. SIGNAL,DARK CLOTHING,Yes,POSSIBLE INJURY,UNKNOWN,39.02773833,-76.99080667,"(39.02773833, -76.99080667)"
MCP2814002R,210040568,Montgomery County Police,Injury Crash,10/11/2021 07:28:00 AM,County,BLACKBERRY DR,Maryland (State),DARNESTOWN RD,,N/A,BICYCLIST,OTHER,N/A,DRY,DAYLIGHT,STOP SIGN,UNKNOWN,NONE DETECTED,107A527E-561E-4A56-9B39-8B806DDC7894,BICYCLIST,Cross/Enter at Intersection,WRONG WAY RIDING OR WALKING,AT INTERSECTION MARKED CROSSWALK,NO PED. SIGNAL,N/A,Yes,SUSPECTED MINOR INJURY,MC/BIKE HELMET,39.11650767,-77.24864083,"(39.11650767, -77.24864083)"
MCP26080019,15065799,MONTGOMERY,Injury Crash,12/23/2015 05:25:00 PM,County,SECOND AVE,Maryland (State),16TH ST,,N/A,BICYCLIST,HEAD ON LEFT TURN,RAINING,WET,DARK LIGHTS ON,TRAFFIC SIGNAL,NONE DETECTED,NONE DETECTED,EFCD9377-5E51-4891-B22B-62D5E4D4DCAF,BICYCLIST,Cross/Enter at Intersection,NO IMPROPER ACTIONS,ON ROADWAY AT CROSSWALK,UNKNOWN,REAR REFLECTOR,No,SUSPECTED MINOR INJURY,MC/BIKE HELMET,39.00316167,-77.04003167,"(39.00316167, -77.04003167)"
MCP2680002P,180044204,Montgomery County Police,Property Damage Crash,09/04/2018 09:15:00 PM,,,,,PARKING GARAGE AT 8700 CAMERON ST,,PEDESTRIAN,OTHER,CLEAR,,DARK LIGHTS ON,NO CONTROLS,UNKNOWN,NONE DETECTED,D8AD3596-43E2-42E2-974E-D63452B5B199,PEDESTRIAN,Cross/Enter not at Intersection,NO IMPROPER ACTIONS,OTHER,NO PED. SIGNAL,REFLECTIVE MATERIAL,No,NO APPARENT INJURY,REFLECTIVE CLOTHING,38.998305,-77.02881167,"(38.998305, -77.02881167)"
MCP2046005K,16027508,Montgomery County Police,Injury Crash,06/02/2016 08:13:00 AM,County,OLD COLUMBIA PIKE,County,FAIRLAND RD,,N/A,PEDESTRIAN,STRAIGHT MOVEMENT ANGLE,CLOUDY,DRY,DAYLIGHT,TRAFFIC SIGNAL,NONE DETECTED,NONE DETECTED,52AB336F-A15E-4FC2-885D-35A3E8052A5D,PEDESTRIAN,Cross/Enter at Intersection,DART DASH,ON ROADWAY NOT AT CROSSWALK,NO PED. SIGNAL,DARK CLOTHING,Yes,SUSPECTED MINOR INJURY,NONE,39.07626165,-76.95760176,"(39.07626165, -76.95760176)"
MCP20460072,170515096,Montgomery County Police,Injury Crash,06/22/2017 06:06:00 AM,US (State),COLESVILLE RD,Unknown,CROSSOVER,,N/A,PEDESTRIAN,STRAIGHT MOVEMENT ANGLE,CLEAR,DRY,DAYLIGHT,NO CONTROLS,NONE DETECTED,NONE DETECTED,4E050450-B70B-4F8B-8B9E-84693B7D1970,PEDESTRIAN,Unknown,DART DASH,UNKNOWN,NO PED. SIGNAL,UNKNOWN,Unknown,SUSPECTED SERIOUS INJURY,N/A,39.02155333,-77.012305,"(39.02155333, -77.012305)"
MCP28640014,15025726,Montgomery County Police,Injury Crash,05/28/2015 03:22:00 PM,Maryland (State),DARNESTOWN RD,County,AMBIANCE DR,,N/A,PEDESTRIAN,STRAIGHT MOVEMENT ANGLE,CLEAR,DRY,DAYLIGHT,NO CONTROLS,NONE DETECTED,NONE DETECTED,AF976D7B-A431-49EE-9341-52A3C596461A,PEDESTRIAN,Cross/Enter at Intersection,DART DASH,ON ROADWAY NOT AT CROSSWALK,NO PED. SIGNAL,MIXED CLOTHING,,SUSPECTED MINOR INJURY,N/A,39.11341833,-77.24281833,"(39.11341833, -77.24281833)"
MCP2693002Z,190031414,Montgomery County Police,Injury Crash,07/01/2019 08:14:00 PM,,,,,PARKING LOT OF 3111 WHISPERING PINES DR,,PEDESTRIAN,SINGLE VEHICLE,CLEAR,,DAYLIGHT,N/A,NONE DETECTED,NONE DETECTED,4A8F68AA-610E-4E4A-9992-CAD099DAF425,PEDESTRIAN,Playing,NOT VISIBLE,OTHER,N/A,LIGHT CLOTHING,Unknown,SUSPECTED MINOR INJURY,N/A,39.08788167,-77.06415833,"(39.08788167, -77.06415833)"
MCP2809002S,16000772,Montgomery County Police,Injury Crash,01/05/2016 01:22:00 PM,Maryland (State),UNIVERSITY BLVD W,County,GRANDVIEW AVE,,N/A,BICYCLIST,OTHER,CLEAR,N/A,DAYLIGHT,NO CONTROLS,N/A,N/A,0C7A94D6-3334-4A7D-BE12-BEC690375555,BICYCLIST,Cross/Enter not at Intersection,DART DASH,ON ROADWAY NOT AT CROSSWALK,N/A,MIXED CLOTHING,Yes,POSSIBLE INJURY,NONE,39.042895,-77.0529,"(39.042895, -77.0529)"
MCP2492000F,15055888,MONTGOMERY,Injury Crash,11/02/2015 10:20:00 PM,US (State),COLUMBIA PIKE,County,TECH RD,,N/A,PEDESTRIAN,OTHER,CLEAR,DRY,DARK LIGHTS ON,TRAFFIC SIGNAL,UNKNOWN,UNKNOWN,80EE11E2-E538-4372-B684-55358A9E733C,PEDESTRIAN,Cross/Enter at Intersection,UNKNOWN,ON ROADWAY AT CROSSWALK,UNKNOWN,DARK CLOTHING,Unknown,SUSPECTED SERIOUS INJURY,NONE,39.05782952,-76.96838826,"(39.05782952, -76.96838826)"
MCP2755000S,16052965,Montgomery County Police,Injury Crash,10/15/2016 12:04:00 AM,County,ARCOLA AVE,Maryland (State),UNIVERSITY BLVD W,,N/A,PEDESTRIAN,OTHER,CLEAR,DRY,DARK -- UNKNOWN LIGHTING,TRAFFIC SIGNAL,UNKNOWN,N/A,B64507D9-8CAF-482D-B1A2-DDF90FB553E2,PEDESTRIAN,Cross/Enter at Intersection,FAILURE TO OBEY TRAFFIC SIGNS SIGNALS OR OFFICER,ON ROADWAY AT CROSSWALK,DISOBEYED PED. SIGNAL,N/A,Yes,SUSPECTED MINOR INJURY,N/A,39.03546126,-77.02589214,"(39.03546126, -77.02589214)"
MCP3099000M,180022296,Montgomery County Police,Injury Crash,05/06/2018 05:30:00 PM,County,STALEYBRIDGE RD,County,ST JOHNSBURY LA,,N/A,PEDESTRIAN,HEAD ON,CLEAR,DRY,DAYLIGHT,NO CONTROLS,NONE DETECTED,N/A,0F3A4713-BC79-4AAB-888F-71D51B703418,PEDESTRIAN,Other,NO IMPROPER ACTIONS,OTHER,N/A,MIXED CLOTHING,No,SUSPECTED SERIOUS INJURY,N/A,39.16911833,-77.24176167,"(39.16911833, -77.24176167)"
MCP3145002T,200045012,Montgomery County Police,Injury Crash,11/14/2020 06:00:00 PM,Maryland (State),NEW HAMPSHIRE AVE,County,RANDOLPH RD,,N/A,PEDESTRIAN,SINGLE VEHICLE,CLEAR,DRY,DARK LIGHTS ON,TRAFFIC SIGNAL,NONE DETECTED,NONE DETECTED,42309692-4A4F-4E8C-A082-429F31EEEED7,PEDESTRIAN,Cross/Enter at Intersection,IN ROADWAY IMPROPERLY,ON ROADWAY NOT AT CROSSWALK,UNKNOWN,DARK CLOTHING,Yes,SUSPECTED MINOR INJURY,N/A,39.07633,-77.00139,"(39.07633, -77.00139)"
MCP271700W5,210041996,Montgomery County Police,Property Damage Crash,10/19/2021 03:15:00 PM,US (State),COLUMBIA PIKE,County,TECH RD,,N/A,PEDESTRIAN,OTHER,CLEAR,DRY,DAYLIGHT,TRAFFIC SIGNAL,NONE DETECTED,NONE DETECTED,3B6D1BE4-C94E-4058-B9FB-EC43E11A1FC0,PEDESTRIAN,Cross/Enter at Intersection,NO IMPROPER ACTIONS,ON ROADWAY AT CROSSWALK,OBEYED PED. SIGNAL,MIXED CLOTHING,No,NO APPARENT INJURY,NONE,39.05789533,-76.96816317,"(39.05789533, -76.96816317)"
DM8388003C,200004793,Takoma Park Police Depart,Injury Crash,01/29/2020 02:12:00 PM,,,,,PARKING LOT BEHIND 7600 FLOWER AVE.,,PEDESTRIAN,OTHER,N/A,,DAYLIGHT,NO CONTROLS,NONE DETECTED,NONE DETECTED,CAA14BD0-47DF-474F-BFBE-4AC8E7A44F44,PEDESTRIAN,Walking to/from school,NO IMPROPER ACTIONS,OTHER,N/A,MIXED CLOTHING,No,SUSPECTED MINOR INJURY,NONE,38.985739,-76.9983205,"(38.985739, -76.9983205)"
MCP31290057,220046225,Montgomery County Police,Injury Crash,10/21/2022 02:10:00 PM,,,,,"PARKING LOT OF USPS 14030 CONNECTICUT AVE, SILVER SPRING MD, 20906",,PEDESTRIAN,SINGLE VEHICLE,CLEAR,,DAYLIGHT,N/A,NONE DETECTED,NONE DETECTED,9DE5B024-EA1E-4364-8022-3EFD2260964F,PEDESTRIAN,Standing,NO IMPROPER ACTIONS,INSIDE BUILDING,N/A,MIXED CLOTHING,No,SUSPECTED MINOR INJURY,N/A,39.08613198,-77.07458404,"(39.08613198, -77.07458404)"
DD56170024,190054253,Rockville Police Departme,Injury Crash,11/09/2019 11:00:00 PM,Municipality,PARK RD,Maryland (State),HUNGERFORD DR,,N/A,PEDESTRIAN,OTHER,CLEAR,N/A,DARK LIGHTS ON,TRAFFIC SIGNAL,UNKNOWN,UNKNOWN,04BAE178-E0DA-4243-B3E3-97659BAA8E60,PEDESTRIAN,Cross/Enter at Intersection,UNKNOWN,AT INTERSECTION MARKED CROSSWALK,UNKNOWN,UNKNOWN,Unknown,SUSPECTED MINOR INJURY,NONE,39.08526596,-77.14809588,"(39.08526596, -77.14809588)"
MCP31440024,220055597,Montgomery County Police,Injury Crash,12/15/2022 09:16:00 PM,County,CEDAR LA,Government,ELMHIRST PKWY,,N/A,BICYCLIST,SINGLE VEHICLE,RAINING,WET,DARK LIGHTS ON,TRAFFIC SIGNAL,NONE DETECTED,NONE DETECTED,0C230F9D-3C9F-42C1-B6DB-DCF9C98AFEC5,BICYCLIST,Cross/Enter at Intersection,NOT VISIBLE,IN BIKEWAY,UNKNOWN,DARK CLOTHING,Unknown,SUSPECTED MINOR INJURY,NONE,39.00803188,-77.09460208,"(39.00803188, -77.09460208)"
MCP2861005C,220019720,Montgomery County Police,Injury Crash,05/09/2022 05:05:00 PM,Maryland (State),OLD GEORGETOWN RD,County,CHESHIRE DR,,N/A,BICYCLIST,OTHER,CLEAR,DRY,DAYLIGHT,TRAFFIC SIGNAL,NONE DETECTED,NONE DETECTED,04EE3EF5-0363-43B0-ADBE-3DE5915B8B76,BICYCLIST,Cross/Enter not at Intersection,DART DASH,ON ROADWAY NOT AT CROSSWALK,NO PED. SIGNAL,LIGHT CLOTHING,Yes,SUSPECTED SERIOUS INJURY,MC/BIKE HELMET,39.02244667,-77.12369333,"(39.02244667, -77.12369333)"
MCP2231005J,200019287,Montgomery County Police,Injury Crash,05/13/2020 11:13:00 AM,,,,,PARKING LOT OF 46 BUREAU DR,,PEDESTRIAN,SINGLE VEHICLE,CLEAR,,DAYLIGHT,N/A,UNKNOWN,NONE DETECTED,E3602FB7-FE32-46EA-938F-4DD90A37BDE5,PEDESTRIAN,Cross/Enter not at Intersection,NO IMPROPER ACTIONS,ON ROADWAY AT CROSSWALK,NO PED. SIGNAL,DARK CLOTHING,No,POSSIBLE INJURY,NONE,39.14407363,-77.21804831,"(39.14407363, -77.21804831)"
DD5604002L,190005952,Rockville Police Departme,Injury Crash,02/06/2019 06:04:00 PM,Municipality,NELSON ST,Municipality,AZALEA DR,,ROCKVILLE,PEDESTRIAN,OTHER,RAINING,WET,DARK LIGHTS ON,N/A,NONE DETECTED,NONE DETECTED,43FBAC98-C589-4446-8F7C-D3E7006EBD1B,PEDESTRIAN,N/A,DART DASH,ON ROADWAY AT CROSSWALK,OBEYED PED. SIGNAL,DARK CLOTHING,No,SUSPECTED MINOR INJURY,N/A,39.09211,-77.17369,"(39.09211, -77.17369)"
MCP27800042,180040949,Montgomery County Police,Injury Crash,08/17/2018 02:43:00 PM,Maryland (State),CLOPPER RD,County,KINGSVIEW VILLAGE AVE,,N/A,BICYCLIST,OTHER,N/A,DRY,DAYLIGHT,TRAFFIC SIGNAL,N/A,NONE DETECTED,A7A87082-6B23-4493-A978-F50BDD417792,BICYCLIST,Walking/Cycling on Sidewalk,IN ROADWAY IMPROPERLY,AT INTERSECTION MARKED CROSSWALK,OBEYED PED. SIGNAL,LIGHT CLOTHING,Yes,SUSPECTED MINOR INJURY,MC/BIKE HELMET,39.16089167,-77.27955,"(39.16089167, -77.27955)"
MCP20080023,16019246,Montgomery County Police,Injury Crash,04/19/2016 05:38:00 PM,Maryland (State),OLD GEORGETOWN RD,Ramp,RAMP 2 FR IS 270 WB TO MD 187 NB,,N/A,BICYCLIST,STRAIGHT MOVEMENT ANGLE,CLEAR,DRY,DAYLIGHT,YIELD SIGN,NONE DETECTED,NONE DETECTED,1DAE1FA4-230D-48D5-BCB7-C0994A7651D1,BICYCLIST,Cross/Enter at Intersection,DART DASH,AT INTERSECTION MARKED CROSSWALK,NO PED. SIGNAL,LIGHT CLOTHING,Yes,POSSIBLE INJURY,MC/BIKE HELMET,39.03156667,-77.1259,"(39.03156667, -77.1259)"
MCP3191003W,230010066,Montgomery County Police,Injury Crash,02/28/2023 06:25:00 PM,County,FIELDS RD,Municipality,RIO BLVD,,GAITHERSBURG,OTHER,OTHER,CLEAR,DRY,DUSK,TRAFFIC SIGNAL,NONE DETECTED,NONE DETECTED,62620FF5-C6FC-461F-A8E7-EA1C2624F94B,OTHER,Cross/Enter at Intersection,UNKNOWN,AT INTERSECTION MARKED CROSSWALK,OBEYED PED. SIGNAL,MIXED CLOTHING,Unknown,POSSIBLE INJURY,NONE,39.11574885,-77.20397746,"(39.11574885, -77.20397746)"
MCP26710014,16030090,Montgomery County Police,Injury Crash,06/14/2016 06:25:00 PM,Maryland (State),GEORGIA AVE,County,FENWICK LA,,N/A,PEDESTRIAN,SINGLE VEHICLE,CLEAR,DRY,DAYLIGHT,NO CONTROLS,NONE DETECTED,NONE DETECTED,59371504-8DDA-4A7B-9CBF-F2B60B8CA4F3,PEDESTRIAN,Cross/Enter at Intersection,IN ROADWAY IMPROPERLY,ON ROADWAY NOT AT CROSSWALK,NO PED. SIGNAL,MIXED CLOTHING,Yes,SUSPECTED MINOR INJURY,NONE,38.99830824,-77.0306021,"(38.99830824, -77.0306021)"
MCP2708000G,15003037,Montgomery County Police,Injury Crash,01/19/2015 04:07:00 PM,County,DILSTON RD,County,ARMISTEAD RD,,N/A,PEDESTRIAN,STRAIGHT MOVEMENT ANGLE,N/A,DRY,DAYLIGHT,NO CONTROLS,NONE DETECTED,NONE DETECTED,6E18F8AB-BB4F-489C-B3BA-8B047F206CC6,PEDESTRIAN,Cross/Enter not at Intersection,NO IMPROPER ACTIONS,ON ROADWAY NOT AT CROSSWALK,NO PED. SIGNAL,MIXED CLOTHING,,POSSIBLE INJURY,N/A,39.0134819,-76.98371172,"(39.0134819, -76.98371172)"
MCP3218001H,210012867,Montgomery County Police,Injury Crash,04/06/2021 05:30:00 PM,County,DEWEY RD,County,DAHILL RD,,N/A,BICYCLIST,STRAIGHT MOVEMENT ANGLE,CLEAR,DRY,DAYLIGHT,STOP SIGN,NONE DETECTED,NONE DETECTED,7C50C05A-5987-4CBB-BC02-9C43A6B0A516,BICYCLIST,Cross/Enter at Intersection,NO IMPROPER ACTIONS,ON ROADWAY NOT AT CROSSWALK,NO PED. SIGNAL,MIXED CLOTHING,No,SUSPECTED MINOR INJURY,MC/BIKE HELMET,39.048628,-77.088574,"(39.048628, -77.088574)"
MCP3129004V,220032884,Montgomery County Police,Injury Crash,07/31/2022 04:33:00 PM,Maryland (State),OLNEY SANDY SPRING RD,Unknown,ENT TO SCHOOL,,N/A,OTHER,SINGLE VEHICLE,RAINING,WET,DAYLIGHT,NO CONTROLS,NONE DETECTED,N/A,77060B15-9755-4425-9FEB-44807F45FD4E,OTHER,N/A,N/A,N/A,N/A,N/A,No,NO APPARENT INJURY,N/A,39.14908333,-77.05565167,"(39.14908333, -77.05565167)"
MCP22600017,16017022,Montgomery County Police,Injury Crash,04/07/2016 06:11:00 PM,,,,,PARKING LOT OF 1776 EAST JEFFERSON STREET,,PEDESTRIAN,SINGLE VEHICLE,N/A,,DAYLIGHT,N/A,N/A,N/A,C2A5315E-EFD2-4147-AF84-B9FE5C3CFAAC,PEDESTRIAN,Other,NO IMPROPER ACTIONS,OTHER,NO PED. SIGNAL,MIXED CLOTHING,No,SUSPECTED MINOR INJURY,N/A,39.057725,-77.124665,"(39.057725, -77.124665)"
MCP2717008M,16061097,Montgomery County Police,Injury Crash,11/28/2016 05:54:00 AM,County,FRIENDSHIP BLVD,Unknown,WASHINGTON DC/LINE,,N/A,PEDESTRIAN,OTHER,CLEAR,DRY,DARK LIGHTS ON,NO CONTROLS,NONE DETECTED,NONE DETECTED,8683FAA7-B569-4104-B2E0-9D9DB10B5AD7,PEDESTRIAN,Cross/Enter at Intersection,NO IMPROPER ACTIONS,ON ROADWAY AT CROSSWALK,NO PED. SIGNAL,MIXED CLOTHING,No,SUSPECTED MINOR INJURY,NONE,38.98394833,-77.09252333,"(38.98394833, -77.09252333)"
MCP2286003L,210032979,Montgomery County Police,Injury Crash,08/24/2021 08:25:00 AM,County,GAINSBOROUGH RD,County,SMOKETREE RD,,N/A,PEDESTRIAN,OTHER,N/A,DRY,DAYLIGHT,NO CONTROLS,NONE DETECTED,NONE DETECTED,26874832-22C0-4B2B-9CAD-A4F283460803,PEDESTRIAN,Other Working,FAILURE TO YIELD RIGHT OF WAY,ON ROADWAY NOT AT CROSSWALK,NO PED. SIGNAL,MIXED CLOTHING,No,POSSIBLE INJURY,NONE,39.04732667,-77.16336333,"(39.04732667, -77.16336333)"
MCP2658001M,17007893,Montgomery County Police,Injury Crash,02/13/2017 04:45:00 PM,County,APRIL LA,Unknown,CUL DE SAC,,N/A,PEDESTRIAN,STRAIGHT MOVEMENT ANGLE,N/A,N/A,DAYLIGHT,N/A,,N/A,8305E55A-8674-42BD-B609-679E27D320F9,PEDESTRIAN,Playing,IN ROADWAY IMPROPERLY,AT INTERSECTION BUT NO CROSSWALK,N/A,N/A,Unknown,SUSPECTED SERIOUS INJURY,N/A,39.04603593,-76.97854042,"(39.04603593, -76.97854042)"
MCP3291000P,210025190,Montgomery County Police,Injury Crash,09/09/2021 03:04:00 AM,County,WAYNE AVE,Unknown,SPUR FR GEORGIA AVE,,N/A,PEDESTRIAN,SINGLE VEHICLE,CLEAR,DRY,DARK LIGHTS ON,TRAFFIC SIGNAL,UNKNOWN,NONE DETECTED,4CE82A59-ED74-43E1-AF02-E91E3E8B1FB2,PEDESTRIAN,Cross/Enter at Intersection,UNKNOWN,ON ROADWAY AT CROSSWALK,UNKNOWN,DARK CLOTHING,Unknown,SUSPECTED MINOR INJURY,NONE,38.9945782,-77.0269542,"(38.9945782, -77.0269542)"
MCP2181002D,190000573,Montgomery County Police,Property Damage Crash,01/04/2019 09:48:00 AM,Maryland (State),OLNEY LAYTONSVILLE RD,County,DORSEY RD,,N/A,PEDESTRIAN,OTHER,CLOUDY,DRY,DAYLIGHT,NO CONTROLS,N/A,N/A,524C88D3-37BE-4935-BEEE-565BD33ED55B,PEDESTRIAN,Other,DISABLED VEHICLE RELATED,AT INTERSECTION BUT NO CROSSWALK,N/A,DARK CLOTHING,Yes,NO APPARENT INJURY,NONE,39.19619833,-77.13016,"(39.19619833, -77.13016)"