Report Number,Local Case Number,Agency Name,ACRS Report Type,Crash Date/Time,Route Type,Road Name,Cross-Street Type,Cross-Street Name,Off-Road Description,Municipality,Related Non-Motorist,Collision Type,Weather,Surface Condition,Light,Traffic Control,Driver Substance Abuse,Non-Motorist Substance Abuse,Person ID,Pedestrian Type,Pedestrian Movement,Pedestrian Actions,Pedestrian Location,Pedestrian Obeyed Traffic Signal,Pedestrian Visibility,At Fault,Injury Severity,Safety Equipment,Latitude,Longitude,Location
MCP23850019,170512209,Montgomery County Police,Injury Crash,06/06/2017 11:24:00 AM,,,,,PARKING LOT OF 18701 LIBERTY MILL RD (SUNOCO GAS STATION),,PEDESTRIAN,SINGLE VEHICLE,CLEAR,,DARK LIGHTS ON,NO CONTROLS,NONE DETECTED,NONE DETECTED,CB76D08F-0917-4641-BF73-F7C234F0CEC5,PEDESTRIAN,Other,NO IMPROPER ACTIONS,OTHER,N/A,DARK CLOTHING,No,POSSIBLE INJURY,NONE,39.16229,-77.28059,"(39.16229, -77.28059)"
MCP2864001H,15065163,MONTGOMERY,Injury Crash,12/20/2015 07:34:00 PM,Maryland (State),ROCKVILLE PIKE,Municipality,HALPINE RD,,ROCKVILLE,PEDESTRIAN,OTHER,CLEAR,DRY,DARK LIGHTS ON,TRAFFIC SIGNAL,NONE DETECTED,NONE DETECTED,E8D5A850-15C1-405B-9CD7-7EDFA294EAC3,PEDESTRIAN,Cross/Enter at Intersection,NO IMPROPER ACTIONS,ON ROADWAY AT CROSSWALK,OBEYED PED. SIGNAL,MIXED CLOTHING,No,SUSPECTED MINOR INJURY,NONE,39.06229667,-77.1241,"(39.06229667, -77.1241)"
MCP3112005R,210053334,Montgomery County Police,Injury Crash,12/31/2021 12:18:00 PM,Maryland (State),WISCONSIN AVE,County,CHESTNUT ST,,N/A,PEDESTRIAN,OTHER,CLOUDY,DRY,DAYLIGHT,NO CONTROLS,NONE DETECTED,NONE DETECTED,FCB3B52D-BCE5-442E-B219-669AC1A6739C,PEDESTRIAN,Cross/Enter at Intersection,NO IMPROPER ACTIONS,AT INTERSECTION MARKED CROSSWALK,NO PED. SIGNAL,LIGHT CLOTHING,No,SUSPECTED MINOR INJURY,NONE,38.99348833,-77.09561,"(38.99348833, -77.09561)"
MCP2239001N,200030242,Montgomery County Police,Injury Crash,08/04/2020 01:24:00 PM,County,SEVEN LOCKS RD,Other Public Roadway,CODDLE HARBOR LA,,N/A,BICYCLIST,OTHER,CLEAR,DRY,DAYLIGHT,STOP SIGN,NONE DETECTED,N/A,6A572A27-F83F-42F8-AD27-D88CC94E14F2,BICYCLIST,Cross/Enter at Intersection,NO IMPROPER ACTIONS,ON ROADWAY NOT AT CROSSWALK,NO PED. SIGNAL,MIXED CLOTHING,No,NO APPARENT INJURY,MC/BIKE HELMET,39.04253167,-77.15936333,"(39.04253167, -77.15936333)"
MCP2881001X,17003428,Montgomery County Police,Property Damage Crash,01/20/2017 07:07:00 AM,Maryland (State),GERMANTOWN RD,County,MIDDLEBROOK RD,,N/A,PEDESTRIAN,OTHER,CLEAR,DRY,DARK LIGHTS ON,TRAFFIC SIGNAL,N/A,N/A,B1F05837-283C-407D-AFA4-C6C130C8AE9D,PEDESTRIAN,Cross/Enter at Intersection,N/A,ON ROADWAY AT CROSSWALK,UNKNOWN,DARK CLOTHING,Unknown,NO APPARENT INJURY,NONE,39.18467833,-77.26293833,"(39.18467833, -77.26293833)"
DD5636000H,190046115,Rockville Police Departme,Injury Crash,09/26/2019 08:10:00 AM,Municipality,PICCARD DR,Municipality,W GUDE DR,,ROCKVILLE,BICYCLIST,OTHER,CLEAR,DRY,DAYLIGHT,NO CONTROLS,NONE DETECTED,NONE DETECTED,5160D481-97A8-478B-90D6-3788C33AC0B5,BICYCLIST,N/A,NO IMPROPER ACTIONS,SIDEWALK,N/A,LIGHT CLOTHING,No,SUSPECTED MINOR INJURY,MC/BIKE HELMET,39.10320783,-77.17794864,"(39.10320783, -77.17794864)"
MCP2871008X,230033269,Montgomery County Police,Property Damage Crash,07/12/2023 06:41:00 PM,Maryland (State),OLD GEORGETOWN RD,Unknown,ENT TO BUSINESS,,N/A,BICYCLIST,STRAIGHT MOVEMENT ANGLE,CLEAR,DRY,DAYLIGHT,NO CONTROLS,NONE DETECTED,NONE DETECTED,1600DC16-525D-44EA-BB7A-F4B92D74220D,BICYCLIST,Walking/Riding w/Traffic,NO IMPROPER ACTIONS,IN BIKEWAY,NO PED. SIGNAL,DARK CLOTHING,No,NO APPARENT INJURY,MC/BIKE HELMET,39.02557833,-77.12565,"(39.02557833, -77.12565)"
MCP3165002G,200039752,Montgomery County Police,Injury Crash,10/09/2020 09:30:00 AM,County,MCKNEW RD,Maryland (State),SANDY SPRING RD,,N/A,PEDESTRIAN,SAME DIR REAR END,CLEAR,DRY,DAYLIGHT,N/A,NONE DETECTED,NONE DETECTED,BE3131D8-88B4-4473-95CD-023996A26891,PEDESTRIAN,Walking/Riding w/Traffic,NO IMPROPER ACTIONS,SHOULDER,NO PED. SIGNAL,DARK CLOTHING,No,POSSIBLE INJURY,NONE,39.10522,-76.91962833,"(39.10522, -76.91962833)"
MCP24110024,180029087,Montgomery County Police,Injury Crash,06/12/2018 08:39:00 PM,Maryland (State),ROCKVILLE PIKE,Unknown,ENT TO MONTROSE CROSSING S.C.,,N/A,BICYCLIST,STRAIGHT MOVEMENT ANGLE,CLEAR,DRY,DARK -- UNKNOWN LIGHTING,TRAFFIC SIGNAL,UNKNOWN,NONE DETECTED,502CD2FF-05A3-4127-B356-84E543FCE677,BICYCLIST,Cross/Enter at Intersection,NO IMPROPER ACTIONS,ON ROADWAY AT CROSSWALK,OBEYED PED. SIGNAL,MIXED CLOTHING,No,SUSPECTED MINOR INJURY,UNKNOWN,39.05505939,-77.11832643,"(39.05505939, -77.11832643)"
DD5611004L,180011267,Rockville Police Departme,Property Damage Crash,03/05/2018 05:50:00 PM,Municipality,TOWER OAKS BLVD,Municipality,WOOTTON PKWY,,ROCKVILLE,BICYCLIST,OTHER,CLEAR,DRY,DUSK,NO CONTROLS,NONE DETECTED,NONE DETECTED,D47345D4-E13F-494D-B4EC-5F5A0411E438,BICYCLIST,Walking/Riding w/Traffic,NO IMPROPER ACTIONS,IN BIKEWAY,N/A,LIGHT CLOTHING,No,NO APPARENT INJURY,MC/BIKE HELMET,39.06582,-77.15411167,"(39.06582, -77.15411167)"
MCP3364000J,230024764,Montgomery County Police,Property Damage Crash,05/23/2023 05:07:00 PM,Maryland (State),OLNEY SANDY SPRING RD,County,OLD BALTIMORE RD,,N/A,BICYCLIST,SAME DIR REAR END,CLEAR,DRY,DAYLIGHT,TRAFFIC SIGNAL,N/A,N/A,90FB970D-2265-466D-B97F-611ABF660205,BICYCLIST,Cross/Enter at Intersection,FAILURE TO YIELD RIGHT OF WAY,ON ROADWAY AT CROSSWALK,UNKNOWN,N/A,Yes,NO APPARENT INJURY,MC/BIKE HELMET,39.14673367,-77.05070783,"(39.14673367, -77.05070783)"
MCP26500010,210015754,Montgomery County Police,Injury Crash,04/27/2021 09:49:00 PM,,,,,DRIVEWAY OF6912 BRADLEY BLVD,,PEDESTRIAN,OTHER,CLEAR,,DARK LIGHTS ON,N/A,N/A,ALCOHOL PRESENT,7BCD6B50-CF78-449E-A7C1-FEBBA0C77549,PEDESTRIAN,Standing,NO IMPROPER ACTIONS,OTHER,N/A,LIGHT CLOTHING,No,SUSPECTED MINOR INJURY,N/A,39.00566333,-77.14188333,"(39.00566333, -77.14188333)"
MCP2820003R,190055640,Montgomery County Police,Injury Crash,11/18/2019 01:24:00 PM,County,CONNECTICUT AVE,County,GRAND PRE RD,,N/A,BICYCLIST,STRAIGHT MOVEMENT ANGLE,CLOUDY,DRY,DAYLIGHT,OTHER,NONE DETECTED,NONE DETECTED,6A9BE211-C987-4BB1-BF87-B77674A418BC,BICYCLIST,Cross/Enter at Intersection,NO IMPROPER ACTIONS,ON ROADWAY AT CROSSWALK,OBEYED PED. SIGNAL,DARK CLOTHING,No,POSSIBLE INJURY,NONE,39.08694667,-77.074185,"(39.08694667, -77.074185)"
MCP3198001H,200006211,Montgomery County Police,Injury Crash,02/06/2020 06:10:00 PM,County,LUND CT,County,LUND PL,,N/A,PEDESTRIAN,OTHER,RAINING,WET,DARK NO LIGHTS,N/A,NONE DETECTED,NONE DETECTED,BEDA0A2D-E11C-455D-9198-7759324F052D,PEDESTRIAN,Cross/Enter at Intersection,NO IMPROPER ACTIONS,ON ROADWAY AT CROSSWALK,NO PED. SIGNAL,DARK CLOTHING,No,SUSPECTED MINOR INJURY,NONE,39.04133866,-77.07194293,"(39.04133866, -77.07194293)"
MCP3137000T,190025697,Montgomery County Police,Injury Crash,05/29/2019 11:31:00 PM,County,RUATAN ST,County,QUEBEC ST,,N/A,PEDESTRIAN,HEAD ON,CLEAR,DRY,DARK LIGHTS ON,N/A,NONE DETECTED,NONE DETECTED,5AE0D82F-924C-4BCF-8FE0-8C91C7E31135,PEDESTRIAN,Standing,NO IMPROPER ACTIONS,OTHER,N/A,MIXED CLOTHING,No,POSSIBLE INJURY,N/A,39.00036175,-76.98955953,"(39.00036175, -76.98955953)"
MCP3039005K,210034044,Montgomery County Police,Injury Crash,08/31/2021 04:15:00 PM,US (State),GEORGIA AVE,County,SLIGO AVE,,N/A,PEDESTRIAN,OTHER,CLEAR,DRY,DAYLIGHT,TRAFFIC SIGNAL,NONE DETECTED,NONE DETECTED,0B66953B-7B19-4846-83CD-15C64BB76FB3,PEDESTRIAN,Cross/Enter at Intersection,IN ROADWAY IMPROPERLY,ON ROADWAY NOT AT CROSSWALK,DISOBEYED PED. SIGNAL,MIXED CLOTHING,Yes,POSSIBLE INJURY,N/A,38.99031615,-77.02637318,"(38.99031615, -77.02637318)"
MCP29910013,16047934,Montgomery County Police,Injury Crash,09/18/2016 12:45:00 PM,,,,,CHURCH PARKING LOT OFF OF 17615 OLD BALTIMORE RD.,,PEDESTRIAN,SINGLE VEHICLE,CLEAR,,DAYLIGHT,NO CONTROLS,NONE DETECTED,NONE DETECTED,51EE3148-3B80-4843-8C9C-FEFD82F1918A,PEDESTRIAN,Other,NO IMPROPER ACTIONS,OTHER,N/A,LIGHT CLOTHING,No,POSSIBLE INJURY,N/A,39.14461333,-77.050775,"(39.14461333, -77.050775)"
MCP3197001K,200035078,Montgomery County Police,Injury Crash,09/07/2020 07:19:00 PM,,,,,3592 GLENEAGLES DRIVE,,BICYCLIST,SAME DIRECTION SIDESWIPE,CLEAR,,DUSK,NO CONTROLS,NONE DETECTED,NONE DETECTED,64E79372-7BCC-4713-842A-6BE532CFB01C,BICYCLIST,Walking/Riding w/Traffic,NO IMPROPER ACTIONS,ON ROADWAY NOT AT CROSSWALK,OBEYED PED. SIGNAL,MIXED CLOTHING,No,SUSPECTED MINOR INJURY,MC/BIKE HELMET,39.10025817,-77.0722135,"(39.10025817, -77.0722135)"
MCP23570035,180024363,Montgomery County Police,Injury Crash,05/18/2018 07:41:00 AM,,,,,8357 COLESVILLE ROAD,,PEDESTRIAN,UNKNOWN,RAINING,,DAYLIGHT,N/A,NONE DETECTED,NONE DETECTED,50142628-08BE-4F73-A7CE-533654775806,PEDESTRIAN,Standing,OTHER,OTHER,N/A,MIXED CLOTHING,Yes,POSSIBLE INJURY,N/A,38.99398,-77.03235167,"(38.99398, -77.03235167)"
MCP13420028,180044120,Montgomery County Police,Injury Crash,09/04/2018 01:00:00 PM,Maryland (State),FALLS RD,County,S GLEN RD,,N/A,BICYCLIST,SAME DIRECTION RIGHT TURN,CLEAR,DRY,DAYLIGHT,TRAFFIC SIGNAL,UNKNOWN,NONE DETECTED,239E5CED-80A7-41EF-926A-E64B79D5DB58,BICYCLIST,Cross/Enter at Intersection,NO IMPROPER ACTIONS,IN BIKEWAY,NO PED. SIGNAL,MIXED CLOTHING,No,POSSIBLE INJURY,MC/BIKE HELMET,39.0266,-77.20424,"(39.0266, -77.20424)"
MCP2936002F,180026043,Montgomery County Police,Injury Crash,05/27/2018 03:58:00 PM,,,,,"DRIVEWAY/SIDEWALK AT 11700 PARKLAWN DR ROCKVILLE, MD 20852",,BICYCLIST,STRAIGHT MOVEMENT ANGLE,CLEAR,,DAYLIGHT,NO CONTROLS,NONE DETECTED,NONE DETECTED,E88FD6CB-FC03-4305-9F43-0D4598E431DF,BICYCLIST,Cross/Enter at Intersection,INATTENTIVE,SIDEWALK,N/A,MIXED CLOTHING,Yes,POSSIBLE INJURY,NONE,39.04661086,-77.10318401,"(39.04661086, -77.10318401)"
MCP2738004D,220052755,Montgomery County Police,Injury Crash,11/29/2022 09:53:00 PM,Maryland (State),NEW HAMPSHIRE AVE,County,LOCKWOOD DR,,N/A,PEDESTRIAN,OTHER,CLEAR,DRY,N/A,TRAFFIC SIGNAL,N/A,N/A,9C39FDED-12CA-48F9-8DBC-6E3DB9034031,PEDESTRIAN,Standing,UNKNOWN,MEDIAN,UNKNOWN,MIXED CLOTHING,Unknown,SUSPECTED MINOR INJURY,N/A,39.0393995,-76.990528,"(39.0393995, -76.990528)"
MCP2727001X,170551332,Montgomery County Police,Injury Crash,12/30/2017 11:42:00 AM,County,KINGSVIEW VILLAGE AVE,Maryland (State),CLOPPER RD,,N/A,PEDESTRIAN,OTHER,N/A,SNOW,DAYLIGHT,TRAFFIC SIGNAL,NONE DETECTED,N/A,6E701576-F87F-4ED1-8334-7CBDC62A7243,PEDESTRIAN,Cross/Enter at Intersection,NO IMPROPER ACTIONS,ON ROADWAY AT CROSSWALK,OBEYED PED. SIGNAL,DARK CLOTHING,No,SUSPECTED MINOR INJURY,NONE,39.16058833,-77.27899,"(39.16058833, -77.27899)"
MCP3168000F,190016766,Montgomery County Police,Injury Crash,04/10/2019 08:19:00 PM,Ramp,RAMP 1 FR MD 355 NB TO IS 270 WB,Maryland (State),ROCKVILLE PIKE,,N/A,PEDESTRIAN,OTHER,CLEAR,DRY,DARK LIGHTS ON,NO CONTROLS,NONE DETECTED,NONE DETECTED,7878AEE4-4A9D-4355-A78F-D8F735C7DDCC,PEDESTRIAN,Standing,DISABLED VEHICLE RELATED,SHOULDER,N/A,DARK CLOTHING,No,SUSPECTED MINOR INJURY,NONE,39.02104885,-77.10488888,"(39.02104885, -77.10488888)"
MCP3009000J,16055977,Montgomery County Police,Injury Crash,10/30/2016 09:43:00 PM,County,CRYSTAL ROCK DR,County,MIDDLEBROOK RD,,N/A,PEDESTRIAN,OTHER,N/A,N/A,DARK LIGHTS ON,TRAFFIC SIGNAL,N/A,N/A,166A9734-D63B-4F19-B9D1-27114B56E818,PEDESTRIAN,Cross/Enter at Intersection,N/A,AT INTERSECTION MARKED CROSSWALK,OBEYED PED. SIGNAL,DARK CLOTHING,No,POSSIBLE INJURY,NONE,39.1769618,-77.26419166,"(39.1769618, -77.26419166)"
MCP31990017,200000847,Montgomery County Police,Injury Crash,01/06/2020 09:18:00 AM,County,STONINGTON PL,County,LOVEJOY ST,,N/A,PEDESTRIAN,OTHER,CLEAR,DRY,DAYLIGHT,NO CONTROLS,NONE DETECTED,NONE DETECTED,678704E5-CE4C-4175-B18E-D3629978F1B8,PEDESTRIAN,Other Working,N/A,ON ROADWAY NOT AT CROSSWALK,NO PED. SIGNAL,REFLECTIVE MATERIAL,No,SUSPECTED MINOR INJURY,REFLECTIVE CLOTHING,39.04800833,-77.01899,"(39.04800833, -77.01899)"
MCP3053005Y,220056863,Montgomery County Police,Injury Crash,12/22/2022 06:04:00 PM,Maryland (State),VEIRS MILL RD,County,NEWPORT MILL RD,,N/A,PEDESTRIAN,OTHER,RAINING,WET,DARK LIGHTS ON,NO CONTROLS,N/A,N/A,CFB27B70-AFF7-45CE-B8DC-D1AD5744D037,PEDESTRIAN,Other,INATTENTIVE,ON ROADWAY NOT AT CROSSWALK,NO PED. SIGNAL,DARK CLOTHING,Yes,POSSIBLE INJURY,NONE,39.04474667,-77.06398167,"(39.04474667, -77.06398167)"
MCP2357003V,190040668,Montgomery County Police,Injury Crash,08/25/2019 01:51:00 PM,,,,,PARKING LOT OF 8101 FENTON STREET,,PEDESTRIAN,OTHER,CLEAR,,DAYLIGHT,N/A,NONE DETECTED,NONE DETECTED,FF6136C3-8528-4BD3-AC0C-DC3EADF9437B,PEDESTRIAN,Other,NO IMPROPER ACTIONS,OTHER,N/A,LIGHT CLOTHING,No,POSSIBLE INJURY,N/A,38.99043667,-77.023645,"(38.99043667, -77.023645)"
MCP3197002J,210035920,Montgomery County Police,Injury Crash,09/12/2021 05:45:00 PM,,,,,13729 CONNECTICUT AVENUE,,PEDESTRIAN,SINGLE VEHICLE,CLEAR,,DAYLIGHT,NO CONTROLS,,NONE DETECTED,E9D27C32-098E-4C6F-AE13-26902AE4BC5D,PEDESTRIAN,Standing,NO IMPROPER ACTIONS,CURB,NO PED. SIGNAL,LIGHT CLOTHING,No,POSSIBLE INJURY,N/A,39.07717733,-77.07945983,"(39.07717733, -77.07945983)"
DD5604002N,190006963,Rockville Police Departme,Injury Crash,02/13/2019 08:02:00 AM,Municipality,CRABB AVE,Municipality,N HORNERS LA,,ROCKVILLE,PEDESTRIAN,OTHER,CLEAR,WET,DAYLIGHT,STOP SIGN,NONE DETECTED,NONE DETECTED,BD842445-17FE-4816-BDCF-D99B4C6B60CE,PEDESTRIAN,Cross/Enter at Intersection,NO IMPROPER ACTIONS,ON ROADWAY AT CROSSWALK,NO PED. SIGNAL,DARK CLOTHING,No,SUSPECTED MINOR INJURY,NONE,39.088625,-77.14336333,"(39.088625, -77.14336333)"
MCP2992003F,210043579,Montgomery County Police,Injury Crash,10/28/2021 07:12:00 PM,Maryland (State),GEORGIA AVE,US (State),COLESVILLE RD,,N/A,PEDESTRIAN,OTHER,N/A,DRY,DARK LIGHTS ON,TRAFFIC SIGNAL,N/A,N/A,791F69D6-2A56-45C3-9729-883684FD5DE7,PEDESTRIAN,Cross/Enter at Intersection,NO IMPROPER ACTIONS,N/A,UNKNOWN,DARK CLOTHING,No,SUSPECTED MINOR INJURY,N/A,39.07758667,-77.07069269,"(39.07758667, -77.07069269)"
MCP29820030,190045820,Montgomery County Police,Injury Crash,09/24/2019 05:40:00 PM,County,FRANKLIN AVE,County,EVERGREEN ST,,N/A,PEDESTRIAN,OTHER,CLEAR,DRY,DAYLIGHT,NO CONTROLS,NONE DETECTED,NONE DETECTED,7B6CD99E-C69A-4735-BD73-748972275F9E,PEDESTRIAN,Cross/Enter not at Intersection,DART DASH,OTHER,NO PED. SIGNAL,UNKNOWN,Yes,SUSPECTED MINOR INJURY,N/A,39.01076333,-77.00657667,"(39.01076333, -77.00657667)"
MCP2656001D,16051276,Montgomery County Police,Injury Crash,10/05/2016 08:49:00 PM,County,ROBEY RD,County,BRIGGS CHANEY RD,,N/A,PEDESTRIAN,N/A,CLEAR,DRY,DARK LIGHTS ON,NO CONTROLS,NONE DETECTED,NONE DETECTED,4810D2C4-6988-4979-B94B-698CD2EACB40,PEDESTRIAN,Cross/Enter at Intersection,NO IMPROPER ACTIONS,MIDBLOCK MARKED CROSSWALK,NO PED. SIGNAL,LIGHT CLOTHING,No,POSSIBLE INJURY,N/A,39.07956333,-76.94503167,"(39.07956333, -76.94503167)"
HA23990016,18000178,Maryland-National Capital,Injury Crash,02/19/2018 01:34:00 PM,Government,LITTLE FALLS PKWY,County,ARLINGTON RD,,N/A,BICYCLIST,STRAIGHT MOVEMENT ANGLE,RAINING,WET,DAYLIGHT,WARNING SIGN,N/A,N/A,284C0FF4-C0A0-4DC3-8CE8-2BFC11F9A6A7,BICYCLIST,Cross/Enter not at Intersection,NO IMPROPER ACTIONS,ON ROADWAY AT CROSSWALK,NO PED. SIGNAL,UNKNOWN,Unknown,SUSPECTED MINOR INJURY,NONE,38.9733751,-77.10132524,"(38.9733751, -77.10132524)"
MCP2757001K,17005896,Montgomery County Police,Injury Crash,02/03/2017 04:57:00 AM,Maryland (State),GEORGIA AVE,County,RANDOLPH RD,,N/A,PEDESTRIAN,SINGLE VEHICLE,CLEAR,DRY,DARK LIGHTS ON,TRAFFIC SIGNAL,NONE DETECTED,NONE DETECTED,B09B25D9-5D5C-429C-B39E-FC5AE27013E4,PEDESTRIAN,Cross/Enter at Intersection,DART DASH,ON ROADWAY NOT AT CROSSWALK,DISOBEYED PED. SIGNAL,MIXED CLOTHING,Yes,SUSPECTED MINOR INJURY,NONE,39.0580305,-77.04965785,"(39.0580305, -77.04965785)"
MCP209400F9,190036249,Montgomery County Police,Injury Crash,07/30/2019 08:23:00 AM,Maryland (State),WISCONSIN AVE,Municipality,DORSET AVE,,SOMERSET,BICYCLIST,OTHER,CLEAR,DRY,DAYLIGHT,TRAFFIC SIGNAL,NONE DETECTED,NONE DETECTED,EB1170C8-9C19-4367-8DF3-557755906399,BICYCLIST,Cross/Enter at Intersection,NO IMPROPER ACTIONS,ON ROADWAY AT CROSSWALK,OBEYED PED. SIGNAL,MIXED CLOTHING,No,POSSIBLE INJURY,MC/BIKE HELMET,38.96730333,-77.08861833,"(38.96730333, -77.08861833)"
DD56430029,220034122,Rockville Police Departme,Injury Crash,08/09/2022 03:52:00 AM,Municipality,VEIRS MILL SERV RD,Municipality,BRADLEY AVE,,ROCKVILLE,BICYCLIST,OTHER,CLEAR,DRY,DARK LIGHTS ON,NO CONTROLS,UNKNOWN,NONE DETECTED,45554FE6-395F-439E-93EA-B6D12467D215,BICYCLIST,Walking/Riding w/Traffic,NO IMPROPER ACTIONS,ON ROADWAY NOT AT CROSSWALK,NO PED. SIGNAL,MIXED CLOTHING,No,POSSIBLE INJURY,NONE,39.07600333,-77.116835,"(39.07600333, -77.116835)"
MCP93010046,230006362,Montgomery County Police,Injury Crash,02/08/2023 10:05:00 AM,County,WASHINGTONIAN BLVD,Ramp,RAMP 6 FR SAM EIG HWY TO WASH. BLVD,,N/A,PEDESTRIAN,SINGLE VEHICLE,CLEAR,DRY,DAYLIGHT,NO CONTROLS,N/A,N/A,B08D4EC0-A876-4998-8619-32549023E31A,PEDESTRIAN,Other,OTHER,SHOULDER,OTHER,REFLECTIVE MATERIAL,Unknown,NO APPARENT INJURY,N/A,39.11813701,-77.20631658,"(39.11813701, -77.20631658)"
MCP2607005G,210027670,Montgomery County Police,Injury Crash,07/17/2021 07:43:00 PM,County,GOSHEN RD,Municipality,GIRARD ST,,GAITHERSBURG,PEDESTRIAN,N/A,RAINING,WET,DARK LIGHTS ON,NO CONTROLS,ALCOHOL PRESENT,N/A,AC2F1278-4A0A-4CE3-9552-70513B98F2C2,PEDESTRIAN,Standing,NO IMPROPER ACTIONS,OTHER,N/A,UNKNOWN,No,SUSPECTED SERIOUS INJURY,N/A,39.15185056,-77.1924815,"(39.15185056, -77.1924815)"
DM83390013,180002657,Takoma Park Police Depart,Injury Crash,01/17/2018 09:33:00 AM,,,,,PARKING LOT OF 7676 NEW HAMPSHIRE AVE,,PEDESTRIAN,OTHER,CLOUDY,,DAYLIGHT,NO CONTROLS,NONE DETECTED,N/A,F7B6235F-EE38-46E8-8318-ACE69119CF2F,PEDESTRIAN,Getting off/on Vehicle,ENTERING EXITING PARKED STANDING VEHICLE,N/A,NO PED. SIGNAL,MIXED CLOTHING,Unknown,POSSIBLE INJURY,N/A,38.98684667,-76.98909333,"(38.98684667, -76.98909333)"
MCP2516003C,210009574,Montgomery County Police,Injury Crash,03/14/2021 02:12:00 PM,Maryland (State),GREAT SENECA HWY,County,QUEENSTOWN LA,,N/A,PEDESTRIAN,N/A,CLEAR,DRY,DAYLIGHT,TRAFFIC SIGNAL,N/A,N/A,E1B761BD-7151-4165-9CE7-08D3E08BCAD8,PEDESTRIAN,Cross/Enter at Intersection,NO IMPROPER ACTIONS,AT INTERSECTION MARKED CROSSWALK,OBEYED PED. SIGNAL,MIXED CLOTHING,No,POSSIBLE INJURY,N/A,39.15341511,-77.27825728,"(39.15341511, -77.27825728)"
MCP2546001Z,16053220,Montgomery County Police,Injury Crash,10/16/2016 04:16:00 PM,County,RANDOLPH RD,County,DEWEY RD,,N/A,BICYCLIST,SINGLE VEHICLE,N/A,DRY,DAYLIGHT,TRAFFIC SIGNAL,NONE DETECTED,N/A,FD270525-AE1F-4573-91C7-E8C5841A519E,BICYCLIST,Cross/Enter at Intersection,NO IMPROPER ACTIONS,ON ROADWAY AT CROSSWALK,OBEYED PED. SIGNAL,LIGHT CLOTHING,No,POSSIBLE INJURY,MC/BIKE HELMET,39.05328167,-77.08922333,"(39.05328167, -77.08922333)"
MCP285900BR,220006572,Montgomery County Police,Injury Crash,02/15/2022 12:30:00 PM,County,SAM EIG HWY,County,DIAMONDBACK DR,,N/A,PEDESTRIAN,OTHER,CLEAR,DRY,DAYLIGHT,NO CONTROLS,NONE DETECTED,NONE DETECTED,0579B0A0-A852-45C7-9FD1-9E7130FB9954,PEDESTRIAN,Cross/Enter at Intersection,NO IMPROPER ACTIONS,AT INTERSECTION MARKED CROSSWALK,NO PED. SIGNAL,MIXED CLOTHING,No,POSSIBLE INJURY,NONE,39.11360525,-77.20839938,"(39.11360525, -77.20839938)"
MCP2763002S,190058567,Montgomery County Police,Injury Crash,12/05/2019 09:03:00 AM,Maryland (State),MUNCASTER MILL RD,County,MUNCASTER RD,,N/A,PEDESTRIAN,OTHER,CLEAR,DRY,DAYLIGHT,TRAFFIC SIGNAL,NONE DETECTED,NONE DETECTED,40C01A80-731C-4A10-9D02-3E62778C53B8,PEDESTRIAN,Cross/Enter not at Intersection,IN ROADWAY IMPROPERLY,ON ROADWAY NOT AT CROSSWALK,DISOBEYED PED. SIGNAL,DARK CLOTHING,Yes,POSSIBLE INJURY,NONE,39.14587705,-77.1445117,"(39.14587705, -77.1445117)"
MCP2565001M,15011123,Montgomery County Police,Injury Crash,03/10/2015 07:45:00 PM,County,MARINELLI RD,Maryland (State),ROCKVILLE PIKE,,N/A,PEDESTRIAN,OTHER,RAINING,WET,DARK LIGHTS ON,TRAFFIC SIGNAL,NONE DETECTED,NONE DETECTED,E9AC37AA-BCEB-4819-9FF8-B327E2FC3A72,PEDESTRIAN,Cross/Enter at Intersection,IN ROADWAY IMPROPERLY,ON ROADWAY NOT AT CROSSWALK,OBEYED PED. SIGNAL,MIXED CLOTHING,,SUSPECTED MINOR INJURY,N/A,39.04713,-77.11299667,"(39.04713, -77.11299667)"
MCP2539001Q,210028479,Montgomery County Police,Injury Crash,07/22/2021 05:45:00 PM,Maryland (State),ROCKVILLE PIKE,Unknown,ENT TO MID-PIKE PLAZA,,N/A,PEDESTRIAN,OTHER,CLEAR,DRY,DAYLIGHT,TRAFFIC SIGNAL,N/A,NONE DETECTED,D2101669-7009-4B81-830D-84E9866F4449,PEDESTRIAN,Cross/Enter at Intersection,NO IMPROPER ACTIONS,AT INTERSECTION MARKED CROSSWALK,OBEYED PED. SIGNAL,LIGHT CLOTHING,No,SUSPECTED MINOR INJURY,NONE,39.05126184,-77.11549196,"(39.05126184, -77.11549196)"
EJ7833003W,170524565,Gaithersburg Police Depar,Injury Crash,08/12/2017 11:38:00 PM,,,,,"PARKING LOT OF 111 WATKINS STATION CIRCLE IN GAITHERSBURG, MD 20877",,PEDESTRIAN,OTHER,N/A,,DARK LIGHTS ON,NO CONTROLS,UNKNOWN,NONE DETECTED,8612D1E8-980E-47B4-AC2D-462CFE3AA978,PEDESTRIAN,Standing,OTHER,OTHER,N/A,DARK CLOTHING,No,POSSIBLE INJURY,NONE,39.16057648,-77.2195711,"(39.16057648, -77.2195711)"