Report Number,Local Case Number,Agency Name,ACRS Report Type,Crash Date/Time,Route Type,Road Name,Cross-Street Type,Cross-Street Name,Off-Road Description,Municipality,Related Non-Motorist,Collision Type,Weather,Surface Condition,Light,Traffic Control,Driver Substance Abuse,Non-Motorist Substance Abuse,Person ID,Pedestrian Type,Pedestrian Movement,Pedestrian Actions,Pedestrian Location,Pedestrian Obeyed Traffic Signal,Pedestrian Visibility,At Fault,Injury Severity,Safety Equipment,Latitude,Longitude,Location
MCP28810011,15022293,Montgomery County Police,Injury Crash,05/10/2015 02:00:00 PM,County,ARDENNES AVE,County,TWINBROOK PKWY,,N/A,BICYCLIST,SINGLE VEHICLE,CLEAR,DRY,DAYLIGHT,TRAFFIC SIGNAL,NONE DETECTED,NONE DETECTED,E578FE1B-14CA-4EC7-86C2-7227E5A423C4,BICYCLIST,Cross/Enter at Intersection,NO IMPROPER ACTIONS,AT INTERSECTION MARKED CROSSWALK,OBEYED PED. SIGNAL,MIXED CLOTHING,,POSSIBLE INJURY,N/A,39.18523167,-77.24490833,"(39.18523167, -77.24490833)"
MCP31180029,190041955,Montgomery County Police,Injury Crash,09/02/2019 09:55:00 AM,County,BEL PRE RD,Other Public Roadway,PARKER FARM WAY,,N/A,PEDESTRIAN,SINGLE VEHICLE,CLOUDY,DRY,DAYLIGHT,TRAFFIC SIGNAL,NONE DETECTED,NONE DETECTED,F7F38AFF-4E75-4464-9FCC-C0029C50D232,PEDESTRIAN,Cross/Enter at Intersection,NO IMPROPER ACTIONS,AT INTERSECTION MARKED CROSSWALK,OBEYED PED. SIGNAL,UNKNOWN,No,SUSPECTED MINOR INJURY,N/A,39.09036833,-77.04774667,"(39.09036833, -77.04774667)"
DD56050073,190049295,Rockville Police Departme,Injury Crash,10/14/2019 02:00:00 PM,Maryland (State),ROCKVILLE PIKE,Municipality,EDMONSTON DR,,ROCKVILLE,PEDESTRIAN,STRAIGHT MOVEMENT ANGLE,CLEAR,DRY,DAYLIGHT,TRAFFIC SIGNAL,NONE DETECTED,NONE DETECTED,13DF6548-8ACA-48EA-8075-35A1F3D056B2,PEDESTRIAN,Standing,NO IMPROPER ACTIONS,SIDEWALK,OBEYED PED. SIGNAL,LIGHT CLOTHING,No,SUSPECTED SERIOUS INJURY,N/A,39.07450917,-77.13577483,"(39.07450917, -77.13577483)"
DD56240038,190052105,Rockville Police Departme,Property Damage Crash,10/29/2019 06:25:00 PM,Maryland (State),VEIRS MILL RD,Maryland (State),ROCKVILLE PIKE,,N/A,PEDESTRIAN,OTHER,CLEAR,DRY,DARK LIGHTS ON,TRAFFIC SIGNAL,NONE DETECTED,UNKNOWN,42F23D27-007E-4668-8C8D-E1EB41D24520,PEDESTRIAN,Cross/Enter not at Intersection,DART DASH,ON ROADWAY NOT AT CROSSWALK,DISOBEYED PED. SIGNAL,MIXED CLOTHING,Yes,NO APPARENT INJURY,NONE,39.08141983,-77.14631333,"(39.08141983, -77.14631333)"
MCP29690019,15062641,MONTGOMERY,Injury Crash,12/08/2015 10:30:00 AM,County,AMHERST AVE,County,REEDIE DR,,N/A,PEDESTRIAN,OTHER,CLEAR,DRY,DAYLIGHT,STOP SIGN,UNKNOWN,NONE DETECTED,B2EB067D-2E82-449B-A8E0-38A327B4DC35,PEDESTRIAN,Cross/Enter at Intersection,NO IMPROPER ACTIONS,ON ROADWAY AT CROSSWALK,NO PED. SIGNAL,MIXED CLOTHING,No,SUSPECTED MINOR INJURY,NONE,39.03945667,-77.04855333,"(39.03945667, -77.04855333)"
MCP11230022,180038074,Montgomery County Police,Injury Crash,08/01/2018 07:09:00 AM,Maryland (State),GEORGIA AVE,County,SHOREFIELD RD,,N/A,PEDESTRIAN,SINGLE VEHICLE,CLOUDY,DRY,DAYLIGHT,TRAFFIC SIGNAL,NONE DETECTED,NONE DETECTED,6FE789F9-0D50-411A-AB33-C43A865E7C39,PEDESTRIAN,Cross/Enter at Intersection,NO IMPROPER ACTIONS,AT INTERSECTION MARKED CROSSWALK,OBEYED PED. SIGNAL,MIXED CLOTHING,No,SUSPECTED MINOR INJURY,NONE,39.052985,-77.05087667,"(39.052985, -77.05087667)"
MCP23470033,210040488,Montgomery County Police,Injury Crash,10/10/2021 01:10:00 PM,County,CALVERTON BLVD,County,LEMAR ST,,N/A,BICYCLIST,OTHER,CLEAR,DRY,DAYLIGHT,NO CONTROLS,UNKNOWN,NONE DETECTED,8CBAB9D0-3FAC-4A75-A303-9EBEAF64F9A0,BICYCLIST,Other,WRONG WAY RIDING OR WALKING,IN BIKEWAY,N/A,LIGHT CLOTHING,No,SUSPECTED SERIOUS INJURY,NONE,39.05707483,-76.95069383,"(39.05707483, -76.95069383)"
DD5595002X,16042686,Rockville Police Departme,Injury Crash,08/22/2016 09:51:00 AM,Maryland (State),HUNGERFORD DR,Unknown,ENT TO BUSINESSES,,N/A,PEDESTRIAN,SINGLE VEHICLE,CLEAR,DRY,DARK LIGHTS ON,TRAFFIC SIGNAL,NONE DETECTED,UNKNOWN,E285F94E-2C02-440A-837B-35F0909B33D0,PEDESTRIAN,Cross/Enter at Intersection,FAILURE TO YIELD RIGHT OF WAY,AT INTERSECTION MARKED CROSSWALK,DISOBEYED PED. SIGNAL,UNKNOWN,Yes,SUSPECTED SERIOUS INJURY,NONE,39.08950867,-77.15169083,"(39.08950867, -77.15169083)"
MCP2753001L,16054173,Montgomery County Police,Injury Crash,10/21/2016 07:53:00 AM,,,,,"SIDEWALK OF PARKING LOT IN FRONT OF A 7-11 AT
14101 GEORGIA AVENUE
SILVER SPRING MD",,PEDESTRIAN,OTHER,N/A,,DAYLIGHT,NO CONTROLS,NONE DETECTED,NONE DETECTED,62AFE7E4-1FFE-4026-9CA2-B060E59EEB98,PEDESTRIAN,Walking/Riding against Traffic,NO IMPROPER ACTIONS,SIDEWALK,NO PED. SIGNAL,DARK CLOTHING,No,SUSPECTED MINOR INJURY,N/A,39.08475167,-77.07807333,"(39.08475167, -77.07807333)"
MCP2946002X,180056753,Montgomery County Police,Injury Crash,11/12/2018 02:07:00 PM,,,,,9936 MAIN STREET,,PEDESTRIAN,SINGLE VEHICLE,CLOUDY,,DAYLIGHT,NO CONTROLS,NONE DETECTED,NONE DETECTED,4ECAB87B-955F-4431-9862-E07135F4BDC4,PEDESTRIAN,Cross/Enter at Intersection,UNKNOWN,AT INTERSECTION BUT NO CROSSWALK,NO PED. SIGNAL,DARK CLOTHING,No,POSSIBLE INJURY,N/A,39.2883,-77.20557333,"(39.2883, -77.20557333)"
MCP2420002Q,170538598,Montgomery County Police,Injury Crash,10/24/2017 06:24:00 PM,,,,,PARKING LOT OF 14014  CONNECTICUT AVE,,PEDESTRIAN,SINGLE VEHICLE,CLEAR,,DARK LIGHTS ON,NO CONTROLS,NONE DETECTED,NONE DETECTED,B06AC43D-68BC-43D5-8C72-A60D807EF3F7,PEDESTRIAN,Other,UNKNOWN,UNKNOWN,N/A,MIXED CLOTHING,Unknown,SUSPECTED MINOR INJURY,NONE,39.08593706,-77.07625866,"(39.08593706, -77.07625866)"
MCP2411003W,190052261,Montgomery County Police,Injury Crash,10/30/2019 04:29:00 PM,County,ROCKING HORSE RD,County,RANDOLPH RD,,N/A,PEDESTRIAN,OTHER,CLEAR,DRY,DAYLIGHT,TRAFFIC SIGNAL,NONE DETECTED,NONE DETECTED,7AFE15C1-923C-4140-B47E-1118C7F9576B,PEDESTRIAN,Cross/Enter at Intersection,NO IMPROPER ACTIONS,ON ROADWAY AT CROSSWALK,UNKNOWN,UNKNOWN,No,SUSPECTED MINOR INJURY,NONE,39.05385636,-77.09416462,"(39.05385636, -77.09416462)"
MCP2850001Z,220000526,Montgomery County Police,Injury Crash,01/05/2022 01:44:00 PM,,,,,PARKING LOT OF KENTLANDS MANOR SENIOR APARTMENTS LOCATED AT 221 BOOTH ST,,PEDESTRIAN,OTHER,CLEAR,,DAYLIGHT,NO CONTROLS,N/A,N/A,3269BC59-AE63-48E4-9898-51F7999A0979,PEDESTRIAN,Cross/Enter not at Intersection,NO IMPROPER ACTIONS,OTHER,N/A,MIXED CLOTHING,No,SUSPECTED MINOR INJURY,N/A,39.12250167,-77.239915,"(39.12250167, -77.239915)"
MCP2667000T,15018182,Montgomery County Police,Injury Crash,04/18/2015 02:27:00 PM,County,MONTGOMERY VILLAGE AVE,County,LAKE SHORE DR,,N/A,PEDESTRIAN,SINGLE VEHICLE,CLEAR,DRY,DAYLIGHT,N/A,NONE DETECTED,NONE DETECTED,BACA1CEC-225B-4A02-8EAF-1D07FAFA17FA,PEDESTRIAN,Playing,NO IMPROPER ACTIONS,OTHER,N/A,MIXED CLOTHING,,SUSPECTED MINOR INJURY,N/A,39.16261667,-77.202165,"(39.16261667, -77.202165)"
MCP12100061,230026845,Montgomery County Police,Injury Crash,06/04/2023 05:19:00 PM,Municipality,E DIAMOND AVE,Municipality,N SUMMIT AVE,,GAITHERSBURG,PEDESTRIAN,OTHER,CLEAR,DRY,DAYLIGHT,NO CONTROLS,NONE DETECTED,UNKNOWN,EA038A69-5947-4319-9A6F-641A1702CF85,PEDESTRIAN,Cross/Enter not at Intersection,DART DASH,ON ROADWAY NOT AT CROSSWALK,NO PED. SIGNAL,UNKNOWN,Yes,SUSPECTED SERIOUS INJURY,NONE,39.14215623,-77.19398908,"(39.14215623, -77.19398908)"
MCP26120053,230020804,Montgomery County Police,Injury Crash,05/01/2023 04:04:00 PM,County,HATHAWAY DR,Maryland (State),LAYHILL RD,,N/A,BICYCLIST,OTHER,CLEAR,DRY,DAYLIGHT,NO CONTROLS,NONE DETECTED,NONE DETECTED,1B299ABE-E53D-488C-A92E-57DC82CEABC2,BICYCLIST,Cross/Enter at Intersection,DART DASH,SIDEWALK,NO PED. SIGNAL,UNKNOWN,Yes,POSSIBLE INJURY,NONE,39.07481467,-77.0458985,"(39.07481467, -77.0458985)"
MCP3271001C,210035483,Montgomery County Police,Injury Crash,09/09/2021 04:25:00 PM,County,RIDGEFIELD RD,County,WESTBARD AVE,,N/A,OTHER CONVEYANCE,SINGLE VEHICLE,CLEAR,DRY,DAYLIGHT,TRAFFIC SIGNAL,NONE DETECTED,NONE DETECTED,58BEA775-C448-4969-A5C7-62BDA6569DDD,OTHER CONVEYANCE,Cross/Enter at Intersection,NO IMPROPER ACTIONS,ON ROADWAY AT CROSSWALK,UNKNOWN,DARK CLOTHING,No,POSSIBLE INJURY,NONE,38.96594412,-77.10744591,"(38.96594412, -77.10744591)"
MCP31560011,190048989,Montgomery County Police,Injury Crash,10/12/2019 01:03:00 AM,Maryland (State),16TH ST,Maryland (State),EAST WEST HWY,,N/A,PEDESTRIAN,SINGLE VEHICLE,CLEAR,DRY,DARK LIGHTS ON,TRAFFIC SIGNAL,UNKNOWN,NONE DETECTED,40BDAFA1-6BFD-481E-AD3F-19D51C03673E,PEDESTRIAN,Cross/Enter at Intersection,IN ROADWAY IMPROPERLY,ON ROADWAY AT CROSSWALK,NO PED. SIGNAL,DARK CLOTHING,Yes,NO APPARENT INJURY,N/A,38.99460544,-77.03637746,"(38.99460544, -77.03637746)"
HA24750004,20000530,Maryland-National Capital,Property Damage Crash,02/27/2020 07:45:00 AM,County,PINEHURST PKWY,Government,BEACH DR,,N/A,BICYCLIST,OTHER,N/A,DRY,DAYLIGHT,OTHER,UNKNOWN,NONE DETECTED,018BFCB2-A55D-4B4F-ACBE-34B99D6CC18A,BICYCLIST,Cross/Enter at Intersection,UNKNOWN,AT INTERSECTION MARKED CROSSWALK,N/A,UNKNOWN,Unknown,NO APPARENT INJURY,UNKNOWN,38.98509008,-77.05971297,"(38.98509008, -77.05971297)"
MCP3232000J,200011852,Montgomery County Police,Injury Crash,03/10/2020 06:29:00 PM,,,,,DRIVE WAY ACCESS TO 2305 SHORFIELD RD.,,OTHER PEDALCYCLIST,STRAIGHT MOVEMENT ANGLE,N/A,,DAYLIGHT,N/A,NONE DETECTED,NONE DETECTED,2D628B5C-0719-45D2-8C5F-242B5D6837EC,OTHER PEDALCYCLIST,N/A,N/A,SIDEWALK,N/A,N/A,No,SUSPECTED MINOR INJURY,N/A,39.05302332,-77.0501063,"(39.05302332, -77.0501063)"
MCP2563000Q,180022210,Montgomery County Police,Fatal Crash,05/06/2018 03:03:00 AM,US (State),COLUMBIA PIKE,County,FAIRLAND RD,,N/A,PEDESTRIAN,OTHER,RAINING,WET,DARK LIGHTS ON,TRAFFIC SIGNAL,"ALCOHOL PRESENT, NONE DETECTED",UNKNOWN,88FA7D26-FE25-4AA9-813C-086634081255,PEDESTRIAN,Standing,UNKNOWN,ON ROADWAY NOT AT CROSSWALK,NO PED. SIGNAL,LIGHT CLOTHING,Unknown,FATAL INJURY,NONE,39.07364508,-76.95570409,"(39.07364508, -76.95570409)"
MCP28710034,16031610,Montgomery County Police,Injury Crash,06/22/2016 06:13:00 PM,County,WESTLAKE DR,County,WESTLAKE TERR,,N/A,BICYCLIST,OTHER,CLEAR,DRY,DAYLIGHT,STOP SIGN,NONE DETECTED,NONE DETECTED,0C80022B-DBBE-4944-B706-83F0F81E2A7F,BICYCLIST,Walking/Cycling on Sidewalk,NO IMPROPER ACTIONS,SIDEWALK,N/A,N/A,No,SUSPECTED MINOR INJURY,NONE,39.02851,-77.14758667,"(39.02851, -77.14758667)"
MCP30390052,200039668,Montgomery County Police,Injury Crash,10/08/2020 05:15:00 PM,County,FENTON ST,County,SLIGO AVE,,N/A,PEDESTRIAN,OTHER,CLEAR,DRY,DAYLIGHT,TRAFFIC SIGNAL,NONE DETECTED,NONE DETECTED,68DD22B0-EF67-4DBA-B9C8-0A4EF1F9A7C1,PEDESTRIAN,Cross/Enter at Intersection,NO IMPROPER ACTIONS,ON ROADWAY AT CROSSWALK,OBEYED PED. SIGNAL,MIXED CLOTHING,No,SUSPECTED MINOR INJURY,NONE,38.99015233,-77.0236765,"(38.99015233, -77.0236765)"
MCP209400JQ,220016790,Montgomery County Police,Injury Crash,04/12/2022 02:21:00 PM,Maryland (State),OLD GEORGETOWN RD,County,RYLAND DR,,N/A,PEDESTRIAN,OTHER,CLEAR,DRY,DAYLIGHT,TRAFFIC SIGNAL,ALCOHOL PRESENT,NONE DETECTED,FC83E7C3-2B63-4DC0-8D3D-8CB33DD4C5A9,PEDESTRIAN,Cross/Enter at Intersection,IN ROADWAY IMPROPERLY,ON ROADWAY NOT AT CROSSWALK,NO PED. SIGNAL,MIXED CLOTHING,Yes,POSSIBLE INJURY,N/A,39.01301217,-77.11733431,"(39.01301217, -77.11733431)"
MCP2358007X,200046475,Montgomery County Police,Property Damage Crash,11/24/2020 01:10:00 PM,Maryland (State),RIVER RD,County,NORTON RD,,N/A,BICYCLIST,SAME DIR REAR END,CLEAR,DRY,DAYLIGHT,NO CONTROLS,UNKNOWN,NONE DETECTED,5486DE50-CE97-4CB8-82D1-7829AD0EF48F,BICYCLIST,Walking/Riding w/Traffic,NO IMPROPER ACTIONS,ON ROADWAY NOT AT CROSSWALK,N/A,UNKNOWN,No,NO APPARENT INJURY,UNKNOWN,39.0256895,-77.21929867,"(39.0256895, -77.21929867)"
MCP3294000C,210035384,Montgomery County Police,Injury Crash,09/09/2021 01:30:00 AM,County,NICHOLSON LA,Maryland (State),ROCKVILLE PIKE,,N/A,PEDESTRIAN,SINGLE VEHICLE,RAINING,WET,DARK -- UNKNOWN LIGHTING,UNKNOWN,UNKNOWN,NONE DETECTED,CDDDD537-18D5-4DCF-A8B9-0B3E196433C7,PEDESTRIAN,Standing,UNKNOWN,ON ROADWAY NOT AT CROSSWALK,UNKNOWN,UNKNOWN,Unknown,SUSPECTED MINOR INJURY,UNKNOWN,39.15402667,-77.14169833,"(39.15402667, -77.14169833)"
DD5611005T,190012007,Rockville Police Departme,Injury Crash,03/15/2019 03:27:00 PM,Municipality,WOOTTON PKWY,Maryland (State),ROCKVILLE PIKE,,N/A,PEDESTRIAN,SINGLE VEHICLE,CLEAR,DRY,DAYLIGHT,NO CONTROLS,NONE DETECTED,NONE DETECTED,44FC3DEC-67AD-49A3-A93E-D77D7A6B1E5B,PEDESTRIAN,Cross/Enter at Intersection,OTHER,ON ROADWAY NOT AT CROSSWALK,NO PED. SIGNAL,DARK CLOTHING,Yes,SUSPECTED MINOR INJURY,NONE,39.07621498,-77.14015397,"(39.07621498, -77.14015397)"
MCP2846008T,230014096,Montgomery County Police,Injury Crash,03/23/2023 04:20:00 PM,Maryland (State),GEORGIA AVE,County,REEDIE DR,,N/A,PEDESTRIAN,OTHER,CLEAR,DRY,DAYLIGHT,TRAFFIC SIGNAL,NONE DETECTED,NONE DETECTED,F4B5891A-7F63-4665-9E2E-FA28B81ED8AC,PEDESTRIAN,Cross/Enter at Intersection,NO IMPROPER ACTIONS,ON ROADWAY AT CROSSWALK,OBEYED PED. SIGNAL,MIXED CLOTHING,No,SUSPECTED MINOR INJURY,NONE,39.03819,-77.05083,"(39.03819, -77.05083)"
MCP15530019,15004184,Montgomery County Police,Injury Crash,01/26/2015 02:53:00 PM,County,ELDRID DR,County,JOHNSON AVE,,N/A,PEDESTRIAN,OTHER,SNOW,SNOW,DAYLIGHT,N/A,NONE DETECTED,NONE DETECTED,0BD7553F-98BC-4BB1-8F1E-E3B1255E4E46,PEDESTRIAN,Walking/Riding against Traffic,NO IMPROPER ACTIONS,ON ROADWAY NOT AT CROSSWALK,N/A,N/A,,POSSIBLE INJURY,N/A,39.066665,-76.99651167,"(39.066665, -76.99651167)"
MCP2783000M,15031359,MONTGOMERY,Injury Crash,06/27/2015 02:41:00 AM,County,RANDOLPH RD,County,DENLEY RD,,N/A,PEDESTRIAN,OTHER,CLEAR,DRY,DARK LIGHTS ON,NO CONTROLS,,ALCOHOL PRESENT,6BEED241-AEB0-4634-BA1F-2059B4A1A510,PEDESTRIAN,Unknown,UNKNOWN,ON ROADWAY NOT AT CROSSWALK,UNKNOWN,MIXED CLOTHING,No,SUSPECTED MINOR INJURY,NONE,39.05930167,-77.06207833,"(39.05930167, -77.06207833)"
MCP3274000F,210005911,Montgomery County Police,Injury Crash,02/15/2021 10:49:00 AM,County,BROAD ST,County,GREENLAWN DR,,N/A,PEDESTRIAN,OTHER,N/A,DRY,DAYLIGHT,NO CONTROLS,NONE DETECTED,NONE DETECTED,9099907D-E62F-401B-B84F-E9E7574A92AA,PEDESTRIAN,Standing,N/A,ON ROADWAY NOT AT CROSSWALK,NO PED. SIGNAL,REFLECTIVE MATERIAL,No,SUSPECTED MINOR INJURY,REFLECTIVE CLOTHING,39.02163833,-77.115855,"(39.02163833, -77.115855)"
MCP2110000S,16015611,Montgomery County Police,Injury Crash,03/30/2016 07:23:00 PM,County,SHADY GROVE RD,County,CRABBS BRANCH WAY,,N/A,PEDESTRIAN,SINGLE VEHICLE,CLEAR,DRY,DUSK,TRAFFIC SIGNAL,N/A,N/A,701C326B-F38A-44F2-ACD5-3E3E93AC74DF,PEDESTRIAN,Cross/Enter at Intersection,FAILURE TO OBEY TRAFFIC SIGNS SIGNALS OR OFFICER,ON ROADWAY AT CROSSWALK,DISOBEYED PED. SIGNAL,LIGHT CLOTHING,Unknown,SUSPECTED MINOR INJURY,NONE,39.12895833,-77.167165,"(39.12895833, -77.167165)"
MCP3050000C,17007929,Montgomery County Police,Injury Crash,02/13/2017 07:00:00 PM,Other Public Roadway,GLENMONT CIR #1,Other Public Roadway,GLENMONT CIR #2,,N/A,PEDESTRIAN,SINGLE VEHICLE,OTHER,DRY,DARK LIGHTS ON,NO CONTROLS,NONE DETECTED,NONE DETECTED,82C88819-8BAF-4971-9F79-19D468324430,PEDESTRIAN,Other,NO IMPROPER ACTIONS,OTHER,NO PED. SIGNAL,MIXED CLOTHING,No,SUSPECTED SERIOUS INJURY,N/A,39.05893754,-77.04736322,"(39.05893754, -77.04736322)"
MCP28660077,210037086,Montgomery County Police,Injury Crash,09/20/2021 12:05:00 PM,,,,,"SECOND LEVEL PARKING GARAGE 7725 WISCONSIN AVE, BETHESDA, MD, 20814",,PEDESTRIAN,SINGLE VEHICLE,CLEAR,,DAYLIGHT,NO CONTROLS,NONE DETECTED,NONE DETECTED,E443788E-4F22-4740-8F5C-5E3AC43C0F16,PEDESTRIAN,Other Working,OTHER,OTHER,N/A,DARK CLOTHING,No,SUSPECTED SERIOUS INJURY,NONE,38.98820397,-77.09430048,"(38.98820397, -77.09430048)"
MCP1382001X,15004447,Montgomery County Police,Injury Crash,01/28/2015 08:56:00 AM,,,,,PARKING LOT OF 710 BEACON ROAD SILVER SPRING MD,,PEDESTRIAN,SINGLE VEHICLE,CLEAR,,DAYLIGHT,N/A,NONE DETECTED,NONE DETECTED,DF70982B-FC42-411A-8209-5B53588B64C6,PEDESTRIAN,Walking to/from school,IN ROADWAY IMPROPERLY,OTHER,N/A,MIXED CLOTHING,,SUSPECTED SERIOUS INJURY,N/A,39.00903833,-76.98453833,"(39.00903833, -76.98453833)"
MCP1048000Z,15050991,MONTGOMERY,Injury Crash,10/08/2015 10:30:00 AM,County,E GUDE DR,County,CRABBS BRANCH WAY,,N/A,OTHER,SAME DIR REAR END,CLEAR,DRY,DAYLIGHT,OTHER,N/A,N/A,96A8B40E-E918-4F95-AD35-52297F912725,OTHER,Other Working,NO IMPROPER ACTIONS,INSIDE BUILDING,OTHER,OTHER,No,POSSIBLE INJURY,N/A,39.10644667,-77.14993167,"(39.10644667, -77.14993167)"
MCP94300004,190024234,Montgomery County Police,Injury Crash,05/22/2019 07:45:00 AM,,,,,DRIVEWAY EXITING GIANT AT 10400 OLD GEORGETOWN ROAD ONTO ROCKSPRING DRIVE,,BICYCLIST,STRAIGHT MOVEMENT ANGLE,N/A,,DAYLIGHT,STOP SIGN,NONE DETECTED,NONE DETECTED,8744454F-9220-4952-BAE4-460C1B3E27CC,BICYCLIST,Walking/Cycling on Sidewalk,NO IMPROPER ACTIONS,OTHER,NO PED. SIGNAL,MIXED CLOTHING,No,SUSPECTED MINOR INJURY,NONE,39.02669789,-77.12765073,"(39.02669789, -77.12765073)"
MCP2162000Y,15015053,Montgomery County Police,Injury Crash,04/01/2015 06:51:00 PM,County,ARCOLA AVE,Maryland (State),GEORGIA AVE,,N/A,BICYCLIST,SAME DIR REAR END,CLEAR,DRY,DAYLIGHT,N/A,N/A,N/A,0908D283-F8AA-4555-966B-B311E0E9C11F,BICYCLIST,Walking/Riding w/Traffic,NO IMPROPER ACTIONS,ON ROADWAY NOT AT CROSSWALK,N/A,LIGHT CLOTHING,,SUSPECTED MINOR INJURY,MC/BIKE HELMET,39.04718167,-77.05067833,"(39.04718167, -77.05067833)"
DD5631000F,180023444,Rockville Police Departme,Injury Crash,05/24/2018 09:26:00 AM,Municipality,W GUDE DR,Maryland (State),FREDERICK RD,,N/A,PEDESTRIAN,N/A,N/A,DRY,DAYLIGHT,TRAFFIC SIGNAL,NONE DETECTED,NONE DETECTED,FF584BBA-AD6E-4F4D-A3A5-8F3B85E40325,PEDESTRIAN,Cross/Enter not at Intersection,FAILURE TO OBEY TRAFFIC SIGNS SIGNALS OR OFFICER,ON ROADWAY NOT AT CROSSWALK,DISOBEYED PED. SIGNAL,LIGHT CLOTHING,Yes,POSSIBLE INJURY,NONE,39.10668667,-77.15902333,"(39.10668667, -77.15902333)"
MCP2198008G,200048411,Montgomery County Police,Injury Crash,12/08/2020 06:28:00 PM,Municipality,KENTLANDS BLVD,Maryland (State),GREAT SENECA HWY,,N/A,PEDESTRIAN,SINGLE VEHICLE,CLEAR,DRY,DARK LIGHTS ON,NO CONTROLS,N/A,N/A,831D8427-A0F8-4989-B06F-6C4608B3367F,PEDESTRIAN,Cross/Enter at Intersection,DART DASH,SIDEWALK,N/A,UNKNOWN,Yes,POSSIBLE INJURY,N/A,39.12277333,-77.23328,"(39.12277333, -77.23328)"
MCP1174002S,170549251,Montgomery County Police,Injury Crash,12/18/2017 11:02:00 AM,County,WOODMONT AVE,County,ELM ST,,N/A,PEDESTRIAN,OTHER,CLOUDY,DRY,DAYLIGHT,TRAFFIC SIGNAL,NONE DETECTED,NONE DETECTED,B3CDF5CA-E82F-4957-B3AE-15A2F7D4646D,PEDESTRIAN,Cross/Enter at Intersection,NO IMPROPER ACTIONS,ON ROADWAY AT CROSSWALK,OBEYED PED. SIGNAL,LIGHT CLOTHING,No,SUSPECTED MINOR INJURY,NONE,38.98259757,-77.09844589,"(38.98259757, -77.09844589)"
MCP2617008T,200043733,Montgomery County Police,Injury Crash,11/05/2020 07:00:00 PM,Maryland (State),GEORGIA AVE,County,WENDY LA,,N/A,PEDESTRIAN,OTHER,CLEAR,DRY,DARK -- UNKNOWN LIGHTING,NO CONTROLS,NONE DETECTED,UNKNOWN,5246A647-30FB-4AF5-A170-7EB1B26CE1D2,PEDESTRIAN,Cross/Enter at Intersection,DART DASH,ON ROADWAY NOT AT CROSSWALK,NO PED. SIGNAL,DARK CLOTHING,Yes,SUSPECTED SERIOUS INJURY,NONE,39.07968883,-77.07368017,"(39.07968883, -77.07368017)"
MCP27650033,16055963,Montgomery County Police,Injury Crash,10/30/2016 07:20:00 PM,County,REACH RD,County,CANFIELD RD,,N/A,PEDESTRIAN,OTHER,CLEAR,WET,DARK LIGHTS ON,NO CONTROLS,ALCOHOL CONTRIBUTED,NONE DETECTED,046C527D-A352-4ECD-BFF0-68C070F544D1,PEDESTRIAN,Standing,NO IMPROPER ACTIONS,ON ROADWAY NOT AT CROSSWALK,NO PED. SIGNAL,MIXED CLOTHING,No,POSSIBLE INJURY,NONE,39.05289319,-77.19191283,"(39.05289319, -77.19191283)"
MCP9106000R,16001755,Montgomery County Police,Injury Crash,01/10/2016 12:06:00 PM,,,,,PARKING LOT OF 20902 FREDERICK RD,,PEDESTRIAN,SINGLE VEHICLE,RAINING,,DAYLIGHT,N/A,NONE DETECTED,NONE DETECTED,B09F8ED8-673D-4872-BBE9-71FE7DB87B71,PEDESTRIAN,Other,NO IMPROPER ACTIONS,OTHER,N/A,LIGHT CLOTHING,No,NO APPARENT INJURY,N/A,39.199015,-77.24625833,"(39.199015, -77.24625833)"
MCP2072006T,230031679,Montgomery County Police,Injury Crash,07/03/2023 10:48:00 AM,County,GUNNERS BRANCH RD,Maryland (State),FREDERICK RD,,N/A,PEDESTRIAN,OTHER,CLEAR,DRY,DAYLIGHT,TRAFFIC SIGNAL,NONE DETECTED,NONE DETECTED,7B059868-0FFD-41EE-A474-CA1FC9E42BA1,PEDESTRIAN,Cross/Enter at Intersection,NO IMPROPER ACTIONS,AT INTERSECTION MARKED CROSSWALK,OBEYED PED. SIGNAL,MIXED CLOTHING,No,SUSPECTED SERIOUS INJURY,N/A,39.18110333,-77.23837333,"(39.18110333, -77.23837333)"
MCP3021006G,230019681,Montgomery County Police,Injury Crash,04/23/2023 08:00:00 PM,County,SPRING ST,County,FIRST AVE,,N/A,PEDESTRIAN,SINGLE VEHICLE,N/A,DRY,DUSK,NO CONTROLS,N/A,N/A,C6F7D976-06AC-43AC-A195-51DDEA02CA2B,PEDESTRIAN,Cross/Enter not at Intersection,DART DASH,OUTSIDE RIGHT OF WAY,NO PED. SIGNAL,MIXED CLOTHING,No,SUSPECTED MINOR INJURY,NONE,38.99861071,-77.03323805,"(38.99861071, -77.03323805)"
MCP3061001D,190033682,Montgomery County Police,Injury Crash,07/15/2019 07:30:00 PM,Maryland (State),FREDERICK RD,County,MIDDLEBROOK RD,,N/A,BICYCLIST,STRAIGHT MOVEMENT ANGLE,CLEAR,DRY,DAYLIGHT,TRAFFIC SIGNAL,UNKNOWN,NONE DETECTED,23C57303-DE02-4223-A619-5E008F547D23,BICYCLIST,Cross/Enter at Intersection,NO IMPROPER ACTIONS,ON ROADWAY AT CROSSWALK,OBEYED PED. SIGNAL,MIXED CLOTHING,No,SUSPECTED MINOR INJURY,MC/BIKE HELMET,39.18140438,-77.23826041,"(39.18140438, -77.23826041)"