Report Number,Local Case Number,Agency Name,ACRS Report Type,Crash Date/Time,Route Type,Road Name,Cross-Street Type,Cross-Street Name,Off-Road Description,Municipality,Related Non-Motorist,Collision Type,Weather,Surface Condition,Light,Traffic Control,Driver Substance Abuse,Non-Motorist Substance Abuse,Person ID,Pedestrian Type,Pedestrian Movement,Pedestrian Actions,Pedestrian Location,Pedestrian Obeyed Traffic Signal,Pedestrian Visibility,At Fault,Injury Severity,Safety Equipment,Latitude,Longitude,Location
DD5617000Q,17012078,Rockville Police Departme,Injury Crash,03/07/2017 07:56:00 PM,County,TWINBROOK PKWY,Maryland (State),VEIRS MILL RD,,N/A,PEDESTRIAN,OTHER,RAINING,WET,DARK LIGHTS ON,TRAFFIC SIGNAL,NONE DETECTED,NONE DETECTED,89CDE1DF-3947-4DE1-BD6A-222BC9301A60,PEDESTRIAN,Cross/Enter at Intersection,NO IMPROPER ACTIONS,AT INTERSECTION MARKED CROSSWALK,OBEYED PED. SIGNAL,DARK CLOTHING,No,POSSIBLE INJURY,NONE,39.07336938,-77.11198837,"(39.07336938, -77.11198837)"
MCP2565002G,15065549,Montgomery County Police,Injury Crash,12/22/2015 05:15:00 PM,Maryland (State),OLD GEORGETOWN RD,County,TILDEN LA,,N/A,PEDESTRIAN,SINGLE VEHICLE,RAINING,WET,DARK LIGHTS ON,TRAFFIC SIGNAL,NONE DETECTED,NONE DETECTED,3FE115DE-8FB9-4197-9979-66DF6C3522A0,PEDESTRIAN,Cross/Enter at Intersection,NO IMPROPER ACTIONS,AT INTERSECTION MARKED CROSSWALK,OBEYED PED. SIGNAL,DARK CLOTHING,No,SUSPECTED MINOR INJURY,NONE,39.04474491,-77.12067738,"(39.04474491, -77.12067738)"
MCP2868002M,180056349,Montgomery County Police,Injury Crash,11/09/2018 05:59:00 PM,Maryland (State),ROCKVILLE PIKE,County,MARINELLI RD,,N/A,PEDESTRIAN,OTHER,RAINING,WET,DARK LIGHTS ON,TRAFFIC SIGNAL,NONE DETECTED,NONE DETECTED,841270CF-73CD-43AD-8017-6FB5CAE0630A,PEDESTRIAN,Cross/Enter at Intersection,NO IMPROPER ACTIONS,AT INTERSECTION MARKED CROSSWALK,OBEYED PED. SIGNAL,MIXED CLOTHING,No,POSSIBLE INJURY,NONE,39.04725167,-77.112785,"(39.04725167, -77.112785)"
MCP14530031,16018392,Montgomery County Police,Injury Crash,04/15/2016 07:22:00 AM,,DAMASCUS MANOR LN,,VALLEY PARK DR,,N/A,PEDESTRIAN,SINGLE VEHICLE,CLEAR,DRY,DAYLIGHT,NO CONTROLS,NONE DETECTED,NONE DETECTED,D163006A-8441-4A9D-BC3A-E57480721E0B,PEDESTRIAN,Cross/Enter at Intersection,NO IMPROPER ACTIONS,ON ROADWAY AT CROSSWALK,NO PED. SIGNAL,MIXED CLOTHING,No,POSSIBLE INJURY,NONE,39.27377328,-77.21392035,"(39.27377328, -77.21392035)"
EJ78360022,190060850,Gaithersburg Police Depar,Property Damage Crash,12/17/2019 09:56:00 PM,,,,,9811 WASHINGTONIAN BLVD 5TH FLOOR (RIO MALL PARKING GARAGE),,PEDESTRIAN,OTHER,N/A,,DARK LIGHTS ON,N/A,NONE DETECTED,N/A,EDAE99AC-F2EC-45B3-ACEE-6506E0CB1FD2,PEDESTRIAN,Other,OTHER,OTHER,N/A,OTHER,No,NO APPARENT INJURY,NONE,39.12481667,-77.196615,"(39.12481667, -77.196615)"
MCP3262000F,200025953,Montgomery County Police,Injury Crash,07/04/2020 11:54:00 AM,,E WAYNE AVENUE,,MANCHESTER ROAD,,N/A,PEDESTRIAN,SINGLE VEHICLE,CLEAR,DRY,DAYLIGHT,NO CONTROLS,N/A,N/A,0B6E3D50-E340-4A1F-96CF-CC9907D98CB6,PEDESTRIAN,Standing,IN ROADWAY IMPROPERLY,ON ROADWAY NOT AT CROSSWALK,NO PED. SIGNAL,MIXED CLOTHING,Yes,POSSIBLE INJURY,N/A,38.99979658,-77.00975653,"(38.99979658, -77.00975653)"
MCP23580058,180038830,Montgomery County Police,Injury Crash,08/05/2018 08:30:00 AM,County,MACARTHUR BLVD,Maryland (State),WILSON LA,,N/A,BICYCLIST,STRAIGHT MOVEMENT ANGLE,CLEAR,DRY,DAYLIGHT,NO CONTROLS,NONE DETECTED,NONE DETECTED,1C61FEC9-B644-42B6-BF0D-1BD68A69FE14,BICYCLIST,Walking/Riding w/Traffic,NO IMPROPER ACTIONS,OTHER,N/A,MIXED CLOTHING,No,SUSPECTED MINOR INJURY,MC/BIKE HELMET,38.97292667,-77.14644667,"(38.97292667, -77.14644667)"
MCP27960028,15053791,MONTGOMERY,Injury Crash,10/23/2015 10:51:00 AM,,,,,"Parking lot of Citgo gas station located at 13615 Georgia Avenue, Silver Spring, MD 20906",,"OTHER, PEDESTRIAN",SINGLE VEHICLE,CLEAR,,DAYLIGHT,NO CONTROLS,NONE DETECTED,NONE DETECTED,2EFD80BE-4CDB-41B0-B562-157AD14008D3,PEDESTRIAN,Walking/Cycling on Sidewalk,OTHER,SIDEWALK,N/A,DARK CLOTHING,Unknown,SUSPECTED MINOR INJURY,N/A,39.079155,-77.07244833,"(39.079155, -77.07244833)"
MCP2892001M,16027202,Montgomery County Police,Injury Crash,05/31/2016 06:04:00 PM,Maryland (State),GEORGIA AVE,County,AUGUST DR,,N/A,PEDESTRIAN,OTHER,CLEAR,DRY,DAYLIGHT,NO CONTROLS,NONE DETECTED,NONE DETECTED,338F7DC1-0D5E-4472-BAD1-64AD6CDDF10F,PEDESTRIAN,Cross/Enter not at Intersection,DART DASH,ON ROADWAY NOT AT CROSSWALK,NO PED. SIGNAL,LIGHT CLOTHING,Yes,POSSIBLE INJURY,NONE,39.02116754,-77.0445013,"(39.02116754, -77.0445013)"
MCP2818002V,170512776,Montgomery County Police,Injury Crash,06/09/2017 07:44:00 PM,County,SLIGO AVE,County,FENTON ST,,N/A,PEDESTRIAN,N/A,N/A,DRY,DAYLIGHT,TRAFFIC SIGNAL,NONE DETECTED,N/A,D4048872-45EC-4C03-986B-F828D2FC1DA2,PEDESTRIAN,Cross/Enter at Intersection,NO IMPROPER ACTIONS,ON ROADWAY AT CROSSWALK,OBEYED PED. SIGNAL,LIGHT CLOTHING,No,POSSIBLE INJURY,N/A,38.990385,-77.02352,"(38.990385, -77.02352)"
MCP2818004B,190018118,Montgomery County Police,Injury Crash,04/18/2019 09:53:00 AM,County,GROVE ST,County,SLIGO AVE,,N/A,PEDESTRIAN,OTHER,CLOUDY,DRY,DAYLIGHT,STOP SIGN,NONE DETECTED,NONE DETECTED,74A92D26-C72B-4395-A99E-39610AFE2749,PEDESTRIAN,Other,NO IMPROPER ACTIONS,AT INTERSECTION MARKED CROSSWALK,NO PED. SIGNAL,MIXED CLOTHING,No,SUSPECTED MINOR INJURY,N/A,38.99017264,-77.0218665,"(38.99017264, -77.0218665)"
MCP2348005Y,200043172,Montgomery County Police,Fatal Crash,11/02/2020 05:55:00 AM,County,SHADY GROVE RD,County,BRIARDALE RD,,N/A,PEDESTRIAN,OTHER,SEVERE WINDS,DRY,DARK LIGHTS ON,TRAFFIC SIGNAL,NONE DETECTED,NONE DETECTED,9254CF72-7606-4908-9F8B-BC2BB41F00AA,PEDESTRIAN,Cross/Enter not at Intersection,IN ROADWAY IMPROPERLY,ON ROADWAY NOT AT CROSSWALK,N/A,DARK CLOTHING,Yes,FATAL INJURY,N/A,39.13353833,-77.15848667,"(39.13353833, -77.15848667)"
DM8338000Y,170540342,Takoma Park Police Depart,Injury Crash,11/01/2017 11:12:00 PM,Maryland (State),CARROLL AVE,Municipality,PARK AVE,,TAKOMA PARK,OTHER,SINGLE VEHICLE,CLEAR,DRY,DARK LIGHTS ON,NO CONTROLS,ALCOHOL PRESENT,N/A,A6D178E4-EBD3-4156-8C72-7E734A54BFCF,OTHER,N/A,N/A,INSIDE BUILDING,N/A,N/A,No,NO APPARENT INJURY,N/A,38.97597119,-77.0089674,"(38.97597119, -77.0089674)"
MCP27830033,190000668,Montgomery County Police,Injury Crash,01/04/2019 05:28:00 PM,Maryland (State),UNIVERSITY BLVD W,County,AMHERST AVE,,N/A,PEDESTRIAN,N/A,CLEAR,DRY,DARK LIGHTS ON,TRAFFIC SIGNAL,NONE DETECTED,NONE DETECTED,EBEF65BE-0951-47B3-B928-857CDDF2EDCC,PEDESTRIAN,Cross/Enter at Intersection,UNKNOWN,AT INTERSECTION MARKED CROSSWALK,UNKNOWN,LIGHT CLOTHING,Unknown,SUSPECTED SERIOUS INJURY,N/A,39.04131667,-77.04852,"(39.04131667, -77.04852)"
MCP2941003W,190062360,Montgomery County Police,Injury Crash,12/10/2019 06:08:00 PM,Maryland (State),GEORGIA AVE,County,FENWICK LA,,N/A,PEDESTRIAN,OTHER,RAINING,WET,DARK LIGHTS ON,OTHER,UNKNOWN,NONE DETECTED,9D6432B3-D409-43B8-91A0-306F071F0C08,PEDESTRIAN,Cross/Enter at Intersection,NO IMPROPER ACTIONS,ON ROADWAY AT CROSSWALK,OTHER,DARK CLOTHING,No,POSSIBLE INJURY,NONE,38.99817812,-77.03059596,"(38.99817812, -77.03059596)"
MCP10480036,170544153,Montgomery County Police,Injury Crash,11/21/2017 04:26:00 PM,Maryland (State),DARNESTOWN RD,County,MUDDY BRANCH RD,,N/A,BICYCLIST,SAME DIR REAR END,CLEAR,DRY,DUSK,N/A,NONE DETECTED,N/A,2ADA8F3A-FA8E-40FB-A8A8-083804235CD1,BICYCLIST,N/A,INATTENTIVE,IN BIKEWAY,OTHER,MIXED CLOTHING,Yes,SUSPECTED MINOR INJURY,MC/BIKE HELMET,39.10332167,-77.22643167,"(39.10332167, -77.22643167)"
MCP2789003N,170521502,Montgomery County Police,Injury Crash,07/27/2017 05:07:00 PM,County,THAYER AVE,County,MAYOR LA,,N/A,PEDESTRIAN,SINGLE VEHICLE,CLEAR,DRY,DAYLIGHT,NO CONTROLS,N/A,N/A,5E583374-03F8-4A27-82CD-B56A268FE257,PEDESTRIAN,Cross/Enter not at Intersection,NOT VISIBLE,ON ROADWAY NOT AT CROSSWALK,NO PED. SIGNAL,MIXED CLOTHING,Yes,POSSIBLE INJURY,NONE,38.99309167,-77.025915,"(38.99309167, -77.025915)"
MCP1148001K,17004291,Montgomery County Police,Injury Crash,01/25/2017 09:10:00 AM,Maryland (State),MASSACHUSETTS AVE,County,JAMESTOWN RD,,N/A,PEDESTRIAN,SINGLE VEHICLE,CLEAR,DRY,DAYLIGHT,STOP SIGN,NONE DETECTED,NONE DETECTED,D09B76CF-03B0-4086-8CF0-1BB68496C75F,PEDESTRIAN,Cross/Enter at Intersection,NO IMPROPER ACTIONS,ON ROADWAY AT CROSSWALK,NO PED. SIGNAL,MIXED CLOTHING,No,SUSPECTED MINOR INJURY,NONE,38.95164167,-77.10223667,"(38.95164167, -77.10223667)"
MCP2959000W,15035001,MONTGOMERY,Injury Crash,07/16/2015 04:23:00 PM,,,,,"Occured in the 7-11 Parking lot at11445 AMHERST AVE, WHEATON, MARYLAND, 20902.",,PEDESTRIAN,SINGLE VEHICLE,CLEAR,,DAYLIGHT,NO CONTROLS,NONE DETECTED,ALCOHOL PRESENT,BD4AAB0A-A547-40B1-A59A-1B3F951F9566,PEDESTRIAN,Other,FAILURE TO YIELD RIGHT OF WAY,OTHER,NO PED. SIGNAL,MIXED CLOTHING,Unknown,SUSPECTED MINOR INJURY,NONE,39.04295285,-77.04758048,"(39.04295285, -77.04758048)"
MCP20480019,170515411,Montgomery County Police,Injury Crash,06/23/2017 06:27:00 PM,Maryland (State),SANDY SPRING RD,Ramp,RAMP 4 FR US 29 NB TO MD 198 EB,,N/A,PEDESTRIAN,OTHER,CLEAR,DRY,DAYLIGHT,NO CONTROLS,UNKNOWN,NONE DETECTED,887F88DD-FA4D-4D2F-B2AF-408DC929E0B3,PEDESTRIAN,Walking/Cycling on Sidewalk,NO IMPROPER ACTIONS,SIDEWALK,NO PED. SIGNAL,DARK CLOTHING,No,SUSPECTED MINOR INJURY,N/A,39.111815,-76.929065,"(39.111815, -76.929065)"
MCP10640068,170526607,Montgomery County Police,Injury Crash,08/24/2017 12:37:00 PM,Maryland (State),NEW HAMPSHIRE AVE,County,SHERBROOK DR,,N/A,OTHER,SAME DIRECTION SIDESWIPE,CLOUDY,DRY,DAYLIGHT,N/A,N/A,N/A,90F7FE5F-AA7E-4641-BC7F-12F80898ADA0,OTHER,Other Working,OTHER,ON ROADWAY NOT AT CROSSWALK,N/A,REFLECTIVE MATERIAL,No,POSSIBLE INJURY,REFLECTIVE CLOTHING,39.17845167,-77.13753667,"(39.17845167, -77.13753667)"
MCP1205001L,15059306,MONTGOMERY,Injury Crash,11/20/2015 01:36:00 PM,,,,,Parking area of 7851 Old Georgetown Road.,,PEDESTRIAN,OTHER,CLEAR,,DAYLIGHT,N/A,NONE DETECTED,NONE DETECTED,742381F1-6DE6-42A6-B5F0-312A65D25D6C,PEDESTRIAN,Other,NO IMPROPER ACTIONS,OTHER,N/A,MIXED CLOTHING,No,SUSPECTED MINOR INJURY,N/A,38.98836856,-77.10028052,"(38.98836856, -77.10028052)"
MCP3162000R,180047793,Montgomery County Police,Injury Crash,09/24/2018 09:50:00 PM,Maryland (State),PINEY BRANCH RD,Unknown,ENT TO APTS,,N/A,PEDESTRIAN,OTHER,RAINING,WET,DARK LIGHTS ON,NO CONTROLS,NONE DETECTED,ALCOHOL PRESENT,4A32D52B-48C3-4E88-A26B-3DDE517ED6FE,PEDESTRIAN,Other,NOT VISIBLE,ON ROADWAY NOT AT CROSSWALK,N/A,DARK CLOTHING,Yes,SUSPECTED MINOR INJURY,NONE,38.999685,-76.99319333,"(38.999685, -76.99319333)"
MCP2871008C,220053926,Montgomery County Police,Injury Crash,12/06/2022 06:14:00 PM,,,,,PARKING LOT OF 10233 OLD GEORGETOWN RD,,PEDESTRIAN,OTHER,RAINING,,DARK LIGHTS ON,NO CONTROLS,NONE DETECTED,NONE DETECTED,27958942-F1C4-4BA3-9CAD-62590972CFE5,PEDESTRIAN,Walking/Riding against Traffic,NO IMPROPER ACTIONS,N/A,NO PED. SIGNAL,MIXED CLOTHING,No,POSSIBLE INJURY,NONE,39.02388833,-77.124185,"(39.02388833, -77.124185)"
MCP1148003G,200028247,Montgomery County Police,Injury Crash,07/21/2020 09:10:00 AM,Maryland (State),OLD GEORGETOWN RD,Maryland (State),WILSON LA,,N/A,BICYCLIST,SINGLE VEHICLE,CLEAR,DRY,DAYLIGHT,TRAFFIC SIGNAL,NONE DETECTED,NONE DETECTED,7C306150-270A-4758-A5A8-EAC198E7EF97,BICYCLIST,Walking/Riding w/Traffic,FAILURE TO YIELD RIGHT OF WAY,ON ROADWAY NOT AT CROSSWALK,N/A,MIXED CLOTHING,Yes,SUSPECTED MINOR INJURY,NONE,38.987645,-77.09919833,"(38.987645, -77.09919833)"
MCP2288000J,180026145,Montgomery County Police,Injury Crash,05/28/2018 10:10:00 AM,Maryland (State),OLD GEORGETOWN RD,County,ARLINGTON RD,,N/A,BICYCLIST,SAME DIRECTION RIGHT TURN,CLOUDY,DRY,DAYLIGHT,TRAFFIC SIGNAL,NONE DETECTED,NONE DETECTED,2498DA32-177A-4F75-90FC-6F8A21370D8F,BICYCLIST,Walking/Riding w/Traffic,NO IMPROPER ACTIONS,CURB,N/A,MIXED CLOTHING,No,POSSIBLE INJURY,NONE,38.98750649,-77.0988214,"(38.98750649, -77.0988214)"
MCP1575008Z,190031650,Montgomery County Police,Injury Crash,07/03/2019 06:26:00 AM,County,TWINBROOK PKWY,Maryland (State),VEIRS MILL RD,,N/A,PEDESTRIAN,OTHER,CLEAR,DRY,DAWN,NO CONTROLS,UNKNOWN,UNKNOWN,A5EDB7B6-6E78-4D87-B29E-0E2FA808A05F,PEDESTRIAN,Cross/Enter not at Intersection,UNKNOWN,ON ROADWAY NOT AT CROSSWALK,NO PED. SIGNAL,MIXED CLOTHING,Yes,SUSPECTED SERIOUS INJURY,NONE,39.07045167,-77.11396667,"(39.07045167, -77.11396667)"
MCP2046006N,17014779,Montgomery County Police,Injury Crash,03/23/2017 06:32:00 AM,County,MT PISGAH RD,County,OAKVIEW DR,,N/A,PEDESTRIAN,OTHER,CLEAR,DRY,DARK LIGHTS ON,NO CONTROLS,NONE DETECTED,NONE DETECTED,3001CF27-168F-4ED9-9AF7-705C232E9CD0,PEDESTRIAN,Cross/Enter at Intersection,NO IMPROPER ACTIONS,ON ROADWAY AT CROSSWALK,NO PED. SIGNAL,DARK CLOTHING,No,SUSPECTED MINOR INJURY,NONE,39.01524833,-76.97705,"(39.01524833, -76.97705)"
MCP3316000N,220009715,Montgomery County Police,Injury Crash,03/06/2022 08:34:00 PM,County,VALLEYWOOD DR,Maryland (State),VEIRS MILL RD,,N/A,PEDESTRIAN,OTHER,RAINING,WET,DARK NO LIGHTS,NO CONTROLS,NONE DETECTED,NONE DETECTED,F65F1296-FFB1-4183-B1A0-1D5FB5FB2CFC,PEDESTRIAN,Cross/Enter not at Intersection,UNKNOWN,UNKNOWN,N/A,N/A,Unknown,SUSPECTED MINOR INJURY,NONE,39.049535,-77.07046333,"(39.049535, -77.07046333)"
MCP3005004D,180065076,Montgomery County Police,Injury Crash,12/29/2018 02:30:00 PM,County,GRANDVIEW AVE,County,ENNALLS AVE,,N/A,PEDESTRIAN,ANGLE MEETS LEFT TURN,CLEAR,N/A,DAYLIGHT,NO CONTROLS,NONE DETECTED,NONE DETECTED,C7743276-ADA8-4064-AA9D-5FA0768D98D1,PEDESTRIAN,Cross/Enter not at Intersection,DART DASH,ON ROADWAY NOT AT CROSSWALK,NO PED. SIGNAL,LIGHT CLOTHING,Yes,POSSIBLE INJURY,NONE,39.03958333,-77.052515,"(39.03958333, -77.052515)"
MCP2886000J,15029525,Montgomery County Police,Injury Crash,06/17/2015 01:20:00 PM,County,AMHERST AVE,County,REEDIE DR,,N/A,PEDESTRIAN,SAME DIR REAR END,CLEAR,DRY,DAYLIGHT,N/A,NONE DETECTED,NONE DETECTED,F21E3D71-3DB1-406E-B604-840DE667EE2B,PEDESTRIAN,Walking/Cycling on Sidewalk,NO IMPROPER ACTIONS,SIDEWALK,N/A,MIXED CLOTHING,,POSSIBLE INJURY,N/A,39.03931966,-77.04866409,"(39.03931966, -77.04866409)"
MCP30390069,230024261,Montgomery County Police,Property Damage Crash,05/20/2023 06:16:00 PM,County,DENNIS AVE,County,INWOOD AVE,,N/A,BICYCLIST,STRAIGHT MOVEMENT ANGLE,CLEAR,DRY,DAYLIGHT,TRAFFIC SIGNAL,UNKNOWN,NONE DETECTED,5D9D708B-0019-4125-B58C-6EE8F7E336E7,BICYCLIST,Cross/Enter at Intersection,NO IMPROPER ACTIONS,AT INTERSECTION BUT NO CROSSWALK,NO PED. SIGNAL,LIGHT CLOTHING,No,NO APPARENT INJURY,MC/BIKE HELMET,39.02623569,-77.03543627,"(39.02623569, -77.03543627)"
MCP2639001R,17003191,Montgomery County Police,Injury Crash,01/18/2017 10:06:00 PM,Maryland (State),GEORGIA AVE,County,PRICE AVE,,N/A,PEDESTRIAN,STRAIGHT MOVEMENT ANGLE,CLOUDY,DRY,DARK LIGHTS ON,OTHER,NONE DETECTED,ALCOHOL CONTRIBUTED,44664C05-1C5F-4610-860C-E4EFAFF9259E,PEDESTRIAN,Cross/Enter at Intersection,NOT VISIBLE,ON ROADWAY AT CROSSWALK,NO PED. SIGNAL,DARK CLOTHING,No,POSSIBLE INJURY,NONE,39.03984167,-77.05149333,"(39.03984167, -77.05149333)"
MCP2546002K,180050432,Montgomery County Police,Injury Crash,10/09/2018 06:56:00 AM,Maryland (State),GEORGIA AVE,County,WENDY LA,,N/A,PEDESTRIAN,ANGLE MEETS RIGHT TURN,CLEAR,DRY,DAWN,NO CONTROLS,NONE DETECTED,NONE DETECTED,289867B4-07A3-4948-9FCE-51F48A573E2D,PEDESTRIAN,Standing,NO IMPROPER ACTIONS,SIDEWALK,N/A,DARK CLOTHING,No,SUSPECTED SERIOUS INJURY,N/A,39.078979,-77.07256,"(39.078979, -77.07256)"
MCP30900039,190050499,Montgomery County Police,Injury Crash,10/21/2019 02:10:00 PM,Maryland (State),GREAT SENECA HWY,County,SAM EIG HWY,,N/A,BICYCLIST,SINGLE VEHICLE,CLEAR,DRY,DAYLIGHT,N/A,N/A,N/A,71DBD9CC-AAA9-4415-83FC-1A96D0F6F76E,BICYCLIST,Cross/Enter not at Intersection,INATTENTIVE,ON ROADWAY AT CROSSWALK,NO PED. SIGNAL,REFLECTIVE MATERIAL,Yes,SUSPECTED MINOR INJURY,MC/BIKE HELMET,39.10767767,-77.20985694,"(39.10767767, -77.20985694)"
MCP3130000W,180057950,Montgomery County Police,Injury Crash,11/19/2018 06:15:00 AM,,,,,PARKING LOT LOCATED AT 3740 BEL PRE ROAD,,PEDESTRIAN,OTHER,CLEAR,,DARK NO LIGHTS,N/A,NONE DETECTED,NONE DETECTED,9CFFFC15-01E9-4238-A99E-67FE45135041,PEDESTRIAN,Cross/Enter at Intersection,NO IMPROPER ACTIONS,OTHER,NO PED. SIGNAL,MIXED CLOTHING,No,SUSPECTED MINOR INJURY,NONE,39.092615,-77.07494,"(39.092615, -77.07494)"
MCP24250048,15002228,Montgomery County Police,Injury Crash,01/14/2015 06:48:00 PM,County,LOCKWOOD DR,County,OAK LEAF DR,,N/A,PEDESTRIAN,OTHER,CLEAR,DRY,DARK LIGHTS ON,OTHER,NONE DETECTED,NONE DETECTED,90EA26F2-A8DB-49B0-B741-3FCCF45AE76C,PEDESTRIAN,Cross/Enter at Intersection,NO IMPROPER ACTIONS,ON ROADWAY AT CROSSWALK,NO PED. SIGNAL,DARK CLOTHING,,SUSPECTED MINOR INJURY,NONE,39.03840333,-76.994445,"(39.03840333, -76.994445)"
MCP2832006C,210024021,Montgomery County Police,Property Damage Crash,06/23/2021 12:45:00 PM,Maryland (State),EAST WEST HWY,County,MEADOWBROOK LA,,N/A,BICYCLIST,SAME DIR REAR END,CLEAR,DRY,DAYLIGHT,PERSON,NONE DETECTED,NONE DETECTED,1C21A60B-569A-4655-9AE0-D005E5B58278,BICYCLIST,Cross/Enter at Intersection,FAILURE TO OBEY TRAFFIC SIGNS SIGNALS OR OFFICER,AT INTERSECTION MARKED CROSSWALK,PED. SIGNAL MALFUNCTION,REFLECTIVE MATERIAL,Yes,NO APPARENT INJURY,MC/BIKE HELMET,38.99280667,-77.06045333,"(38.99280667, -77.06045333)"
MCP2512001K,15056825,MONTGOMERY,Injury Crash,11/07/2015 06:40:00 PM,,,,,Parking lot of 16541 S Frederick Ave,,PEDESTRIAN,OTHER,CLOUDY,,DARK LIGHTS ON,NO CONTROLS,NONE DETECTED,NONE DETECTED,9EE90D6C-AEB3-4B8D-A508-C48E4C105136,PEDESTRIAN,Other,NO IMPROPER ACTIONS,OTHER,N/A,MIXED CLOTHING,No,SUSPECTED MINOR INJURY,N/A,39.12707,-77.18435,"(39.12707, -77.18435)"
MCP30240020,200016011,Montgomery County Police,Injury Crash,04/14/2020 03:46:00 PM,County,SKYLARK RD,County,SYCAMORE FARM DR,,N/A,BICYCLIST,SINGLE VEHICLE,CLEAR,N/A,DAYLIGHT,NO CONTROLS,N/A,N/A,A6613128-F4BF-4667-B438-E1CD1B405E95,BICYCLIST,Cross/Enter at Intersection,FAILURE TO YIELD RIGHT OF WAY,ON ROADWAY AT CROSSWALK,DISOBEYED PED. SIGNAL,MIXED CLOTHING,Yes,SUSPECTED SERIOUS INJURY,MC/BIKE HELMET,39.23808062,-77.25151427,"(39.23808062, -77.25151427)"
MCP2952003C,170502566,Montgomery County Police,Injury Crash,04/17/2017 10:41:00 AM,,,,,"ON SECOND FLOOR OF COUNTY PARKING GARAGE LOCATED AT 7726 FENTON STREET, SILVER SPRING MARYLAND 20910",,PEDESTRIAN,OTHER,N/A,,DAYLIGHT,N/A,NONE DETECTED,NONE DETECTED,A03DC75A-6485-4879-9E08-15D1F3258473,PEDESTRIAN,Other,UNKNOWN,OTHER,N/A,DARK CLOTHING,No,SUSPECTED MINOR INJURY,N/A,38.98648333,-77.02318333,"(38.98648333, -77.02318333)"
MCP2936001Y,170531382,Montgomery County Police,Injury Crash,09/18/2017 08:01:00 PM,Maryland (State),16TH ST,Maryland (State),EAST WEST HWY,,N/A,PEDESTRIAN,SINGLE VEHICLE,CLEAR,DRY,DARK LIGHTS ON,TRAFFIC SIGNAL,NONE DETECTED,NONE DETECTED,AFB390C9-DCFE-4BD9-819B-BF513066762C,PEDESTRIAN,Cross/Enter at Intersection,NO IMPROPER ACTIONS,ON ROADWAY AT CROSSWALK,OBEYED PED. SIGNAL,N/A,No,SUSPECTED SERIOUS INJURY,N/A,38.99465667,-77.036715,"(38.99465667, -77.036715)"
MCP3184000J,190019033,Montgomery County Police,Injury Crash,04/23/2019 01:50:00 PM,Maryland (State),GEORGIA AVE,Maryland (State),UNIVERSITY BLVD W,,N/A,PEDESTRIAN,SINGLE VEHICLE,CLEAR,DRY,DAYLIGHT,N/A,N/A,N/A,45FA0818-B5C4-4B8C-B9DE-665D00994A99,PEDESTRIAN,Cross/Enter not at Intersection,INATTENTIVE,ON ROADWAY NOT AT CROSSWALK,NO PED. SIGNAL,N/A,Yes,SUSPECTED MINOR INJURY,NONE,39.04134636,-77.05164483,"(39.04134636, -77.05164483)"
MCP3054000B,170526568,Montgomery County Police,Injury Crash,08/24/2017 08:37:00 AM,Municipality,N VAN BUREN ST,Municipality,W MIDDLE LA,,ROCKVILLE,PEDESTRIAN,SINGLE VEHICLE,CLEAR,DRY,DAYLIGHT,N/A,NONE DETECTED,NONE DETECTED,6F56C650-7178-4C49-824F-FE630319AA92,PEDESTRIAN,Cross/Enter at Intersection,NO IMPROPER ACTIONS,AT INTERSECTION MARKED CROSSWALK,NO PED. SIGNAL,LIGHT CLOTHING,No,SUSPECTED MINOR INJURY,NONE,39.08495177,-77.15656668,"(39.08495177, -77.15656668)"
MCP2986000Z,16040906,Montgomery County Police,Injury Crash,08/12/2016 12:20:00 PM,County,CAMERON ST,County,FENTON ST,,N/A,PEDESTRIAN,SINGLE VEHICLE,CLEAR,DRY,DAYLIGHT,TRAFFIC SIGNAL,NONE DETECTED,NONE DETECTED,12313B9D-C120-4EEE-83AC-AFBDEF3E170A,PEDESTRIAN,Cross/Enter at Intersection,UNKNOWN,AT INTERSECTION MARKED CROSSWALK,UNKNOWN,DARK CLOTHING,Unknown,SUSPECTED MINOR INJURY,NONE,38.99834667,-77.02863167,"(38.99834667, -77.02863167)"
MCP2723004X,200007089,Montgomery County Police,Injury Crash,02/12/2020 12:10:00 PM,Maryland (State),OLNEY SANDY SPRING RD,Maryland (State),GEORGIA AVE,,N/A,PEDESTRIAN,SINGLE VEHICLE,CLEAR,DRY,DAYLIGHT,TRAFFIC SIGNAL,NONE DETECTED,NONE DETECTED,91CE6B2E-A4DA-4E64-B4C8-7B4D64981853,PEDESTRIAN,Cross/Enter at Intersection,NO IMPROPER ACTIONS,AT INTERSECTION MARKED CROSSWALK,OBEYED PED. SIGNAL,MIXED CLOTHING,No,SUSPECTED MINOR INJURY,N/A,39.15296,-77.06694167,"(39.15296, -77.06694167)"
MCP2752005B,230023160,Montgomery County Police,Injury Crash,05/14/2023 07:45:00 PM,County,SEVEN LOCKS RD,County,ROSEHILL DR,,N/A,PEDESTRIAN,SINGLE VEHICLE,CLEAR,DRY,DAYLIGHT,NO CONTROLS,N/A,N/A,E392074E-95F2-4AFE-B6FE-98351CA94AF6,PEDESTRIAN,Other,OTHER,OTHER,N/A,MIXED CLOTHING,No,SUSPECTED SERIOUS INJURY,N/A,39.009145,-77.159735,"(39.009145, -77.159735)"