Report Number,Local Case Number,Agency Name,ACRS Report Type,Crash Date/Time,Route Type,Road Name,Cross-Street Type,Cross-Street Name,Off-Road Description,Municipality,Related Non-Motorist,Collision Type,Weather,Surface Condition,Light,Traffic Control,Driver Substance Abuse,Non-Motorist Substance Abuse,Person ID,Pedestrian Type,Pedestrian Movement,Pedestrian Actions,Pedestrian Location,Pedestrian Obeyed Traffic Signal,Pedestrian Visibility,At Fault,Injury Severity,Safety Equipment,Latitude,Longitude,Location
DM8339000J,16044435,Takoma Park Police Depart,Injury Crash,08/31/2016 01:55:00 PM,Maryland (State),UNIVERSITY BLVD,Unknown,ENT TO BUSINESS,,N/A,PEDESTRIAN,SINGLE VEHICLE,CLEAR,DRY,DAYLIGHT,TRAFFIC SIGNAL,NONE DETECTED,NONE DETECTED,3CAC4982-4C1F-457F-8EE2-514274909C68,PEDESTRIAN,Cross/Enter not at Intersection,IN ROADWAY IMPROPERLY,ON ROADWAY NOT AT CROSSWALK,NO PED. SIGNAL,MIXED CLOTHING,Yes,SUSPECTED MINOR INJURY,N/A,38.99062116,-76.98955894,"(38.99062116, -76.98955894)"
MCP9432002X,200048406,Montgomery County Police,Injury Crash,12/08/2020 05:40:00 PM,,JAEGER ROAD,,WOODCOCK WAY,,N/A,PEDESTRIAN,STRAIGHT MOVEMENT ANGLE,CLEAR,DRY,DARK NO LIGHTS,STOP SIGN,NONE DETECTED,NONE DETECTED,6F9FAB8A-6094-4F2C-A6B5-4E69973EE4FE,PEDESTRIAN,Cross/Enter at Intersection,NOT VISIBLE,AT INTERSECTION BUT NO CROSSWALK,NO PED. SIGNAL,DARK CLOTHING,No,POSSIBLE INJURY,NONE,39.21697667,-77.29607667,"(39.21697667, -77.29607667)"
MCP3031000C,17008136,Montgomery County Police,Injury Crash,02/14/2017 09:36:00 PM,County,HEWITT AVE,Maryland (State),GEORGIA AVE,,N/A,PEDESTRIAN,SINGLE VEHICLE,CLEAR,DRY,N/A,N/A,NONE DETECTED,NONE DETECTED,99EC0EDB-7520-4EAB-A853-AFC6C99AD818,PEDESTRIAN,Cross/Enter at Intersection,NO IMPROPER ACTIONS,ON ROADWAY AT CROSSWALK,NO PED. SIGNAL,DARK CLOTHING,No,POSSIBLE INJURY,NONE,39.07932869,-77.06799611,"(39.07932869, -77.06799611)"
MCP30370055,230031471,Montgomery County Police,Injury Crash,07/01/2023 05:17:00 PM,County,WAYFARER RD,County,WATKINS MEADOW DR,,N/A,PEDESTRIAN,OTHER,CLEAR,DRY,DAYLIGHT,NO CONTROLS,NONE DETECTED,NONE DETECTED,5286716A-6302-4178-8A9E-E5C4B2321BF3,PEDESTRIAN,Walking/Riding w/Traffic,NO IMPROPER ACTIONS,ON ROADWAY NOT AT CROSSWALK,NO PED. SIGNAL,MIXED CLOTHING,No,SUSPECTED MINOR INJURY,NONE,39.19534443,-77.22423398,"(39.19534443, -77.22423398)"
MCP1512000J,15040629,MONTGOMERY,Injury Crash,08/14/2015 07:00:00 PM,,,,,Parking Lot of 50 Bureau Dr. Gaithersburg,,PEDESTRIAN,SINGLE VEHICLE,CLEAR,,DAYLIGHT,NO CONTROLS,NONE DETECTED,NONE DETECTED,05A667B7-7F62-422A-A125-EE292710D63F,PEDESTRIAN,Other,NO IMPROPER ACTIONS,N/A,NO PED. SIGNAL,MIXED CLOTHING,No,SUSPECTED MINOR INJURY,NONE,39.14424667,-77.21852833,"(39.14424667, -77.21852833)"
MCP3372000X,230026533,Montgomery County Police,Injury Crash,06/02/2023 05:05:00 PM,,,,,13677 CONNECTICUT AVENUE SILVER SPRING MD,,PEDESTRIAN,OTHER,CLEAR,,DAYLIGHT,NO CONTROLS,NONE DETECTED,NONE DETECTED,C43D3792-505E-41EB-9B4E-6183417A2BDB,PEDESTRIAN,Other,NO IMPROPER ACTIONS,OTHER,NO PED. SIGNAL,DARK CLOTHING,No,SUSPECTED MINOR INJURY,N/A,39.07865333,-77.07957317,"(39.07865333, -77.07957317)"
MCP25860067,230016670,Montgomery County Police,Injury Crash,04/07/2023 05:35:00 PM,County,RIDGE RD,Maryland (State),FREDERICK RD,,N/A,OTHER CONVEYANCE,SAME DIRECTION RIGHT TURN,CLEAR,DRY,DAYLIGHT,TRAFFIC SIGNAL,NONE DETECTED,NONE DETECTED,F674CA9B-8A70-4EC8-8C2B-106DE8D90799,OTHER CONVEYANCE,Cross/Enter not at Intersection,IN ROADWAY IMPROPERLY,ON ROADWAY NOT AT CROSSWALK,DISOBEYED PED. SIGNAL,DARK CLOTHING,Yes,SUSPECTED MINOR INJURY,NONE,39.2046074,-77.24557975,"(39.2046074, -77.24557975)"
MCP9422001K,180041354,Montgomery County Police,Injury Crash,08/20/2018 10:15:00 AM,County,ELLSWORTH DR,County,FENTON ST,,N/A,PEDESTRIAN,SINGLE VEHICLE,CLOUDY,DRY,DAYLIGHT,TRAFFIC SIGNAL,NONE DETECTED,NONE DETECTED,7E55D17C-71E7-4520-BA6A-9BD31CEB1EAD,PEDESTRIAN,Other,IN ROADWAY IMPROPERLY,CURB,NO PED. SIGNAL,LIGHT CLOTHING,Yes,POSSIBLE INJURY,N/A,38.99702167,-77.0253,"(38.99702167, -77.0253)"
MCP3118001L,190003322,Montgomery County Police,Property Damage Crash,01/22/2019 07:57:00 AM,,,,,UNIT 1 RAN INTO A TREE ON PRIVATE PROPERTY AT 309 DENNIS AVENUE.,,OTHER,SINGLE VEHICLE,CLEAR,,DAYLIGHT,N/A,NONE DETECTED,N/A,50645790-3227-4B9E-A708-E5E9EEDDC3EF,OTHER,N/A,N/A,N/A,N/A,N/A,No,NO APPARENT INJURY,N/A,39.028095,-77.01497333,"(39.028095, -77.01497333)"
MCP27490029,180036410,Montgomery County Police,Injury Crash,07/23/2018 11:05:00 AM,County,E RANDOLPH RD,Maryland (State),NEW HAMPSHIRE AVE,,N/A,PEDESTRIAN,SINGLE VEHICLE,CLOUDY,WET,DAYLIGHT,N/A,NONE DETECTED,NONE DETECTED,FA69E49E-9F65-43A2-8B69-0C2694FB1C8E,PEDESTRIAN,Cross/Enter not at Intersection,IN ROADWAY IMPROPERLY,ON ROADWAY NOT AT CROSSWALK,NO PED. SIGNAL,LIGHT CLOTHING,Yes,SUSPECTED MINOR INJURY,N/A,39.07577,-77.00072333,"(39.07577, -77.00072333)"
MCP2134001R,180058159,Montgomery County Police,Fatal Crash,11/20/2018 06:44:00 AM,Municipality,S SUMMIT AVE,Municipality,WELLS AVE,,GAITHERSBURG,PEDESTRIAN,OTHER,CLEAR,N/A,DAWN,OTHER,N/A,UNKNOWN,3472140D-AE30-4C4F-AE41-2212B1289F04,PEDESTRIAN,Cross/Enter at Intersection,UNKNOWN,ON ROADWAY AT CROSSWALK,NO PED. SIGNAL,MIXED CLOTHING,Unknown,FATAL INJURY,NONE,39.14136392,-77.19350721,"(39.14136392, -77.19350721)"
MCP25310012,180008862,Montgomery County Police,Injury Crash,02/20/2018 06:08:00 PM,,,,,PARKING LOT OF 15 SCHOOL DR,,PEDESTRIAN,SINGLE VEHICLE,N/A,,DARK LIGHTS ON,N/A,N/A,N/A,A5660A69-82EB-4508-A8A3-5AD3D535B886,PEDESTRIAN,Playing,IN ROADWAY IMPROPERLY,OTHER,N/A,MIXED CLOTHING,Yes,SUSPECTED SERIOUS INJURY,NONE,39.11929167,-77.21424667,"(39.11929167, -77.21424667)"
MCP30380053,210020082,Montgomery County Police,Injury Crash,05/27/2021 03:23:00 PM,County,FENTON ST,County,WAYNE AVE,,N/A,PEDESTRIAN,OTHER,CLEAR,DRY,DAYLIGHT,TRAFFIC SIGNAL,N/A,NONE DETECTED,985C0FA5-9AC3-4F4D-99CC-A530FA31CD23,PEDESTRIAN,Cross/Enter at Intersection,NO IMPROPER ACTIONS,ON ROADWAY AT CROSSWALK,OBEYED PED. SIGNAL,MIXED CLOTHING,No,SUSPECTED MINOR INJURY,N/A,38.99552664,-77.02445613,"(38.99552664, -77.02445613)"
MCP28130057,180038702,Montgomery County Police,Injury Crash,08/04/2018 05:50:00 PM,,,,,PARKING LOT OF 4301 RANDOLPH RD,,PEDESTRIAN,OTHER,CLEAR,,DAYLIGHT,N/A,N/A,N/A,E7428D8F-B3F9-401C-A2A1-1BB16F5065FA,PEDESTRIAN,Other,N/A,OTHER,N/A,N/A,No,SUSPECTED MINOR INJURY,N/A,39.05566333,-77.08368333,"(39.05566333, -77.08368333)"
MCP25880055,180061797,Montgomery County Police,Injury Crash,12/11/2018 05:53:00 AM,County,PARKLAND DR,Maryland (State),VEIRS MILL RD,,N/A,PEDESTRIAN,OTHER,CLEAR,DRY,DARK NO LIGHTS,TRAFFIC SIGNAL,NONE DETECTED,NONE DETECTED,52D77901-A0C1-44A1-81CD-28BA35AF8178,PEDESTRIAN,Cross/Enter at Intersection,NO IMPROPER ACTIONS,ON ROADWAY AT CROSSWALK,OBEYED PED. SIGNAL,UNKNOWN,No,SUSPECTED MINOR INJURY,N/A,39.06169333,-77.09196833,"(39.06169333, -77.09196833)"
MCP2969004G,180006100,Montgomery County Police,Injury Crash,02/05/2018 07:25:00 AM,County,TUCKER LA,County,STRILEY DR,,N/A,PEDESTRIAN,SAME DIRECTION SIDESWIPE,SLEET,ICE,DAYLIGHT,NO CONTROLS,NONE DETECTED,NONE DETECTED,75666C6A-CDE6-467C-8638-304A4AE3507E,PEDESTRIAN,Getting off/on Vehicle,NO IMPROPER ACTIONS,ON ROADWAY NOT AT CROSSWALK,N/A,MIXED CLOTHING,No,SUSPECTED SERIOUS INJURY,NONE,39.145495,-76.99159167,"(39.145495, -76.99159167)"
HA24770003,20002031,Maryland-National Capital,Injury Crash,08/25/2020 07:53:00 AM,Government,BEACH DR,County,WEXFORD DR,,N/A,BICYCLIST,ANGLE MEETS RIGHT TURN,CLEAR,DRY,DAYLIGHT,STOP SIGN,NONE DETECTED,NONE DETECTED,A850809D-4628-439A-943F-F6D9A8BA2202,BICYCLIST,Walking/Riding w/Traffic,NO IMPROPER ACTIONS,AT INTERSECTION BUT NO CROSSWALK,N/A,MIXED CLOTHING,No,POSSIBLE INJURY,MC/BIKE HELMET,39.03618719,-77.08453341,"(39.03618719, -77.08453341)"
MCP136600BK,210048792,Montgomery County Police,Injury Crash,12/01/2021 05:02:00 PM,County,CONNECTICUT AVE,Maryland (State),GEORGIA AVE,,N/A,PEDESTRIAN,STRAIGHT MOVEMENT ANGLE,CLOUDY,DRY,DARK LIGHTS ON,TRAFFIC SIGNAL,NONE DETECTED,UNKNOWN,EFFADDDD-0696-41B0-A6F4-B2CF1B68488E,PEDESTRIAN,Cross/Enter at Intersection,UNKNOWN,ON ROADWAY AT CROSSWALK,UNKNOWN,UNKNOWN,Unknown,SUSPECTED SERIOUS INJURY,NONE,39.08410333,-77.07764833,"(39.08410333, -77.07764833)"
MCP2863001C,16057560,Montgomery County Police,Injury Crash,11/08/2016 08:23:00 AM,,,,,"PARKING LOT OF 20300 PLEASANT RIDGE DR ,MCG (NORTHGATE CHURCH)",,PEDESTRIAN,SINGLE VEHICLE,CLEAR,,DAYLIGHT,NO CONTROLS,NONE DETECTED,NONE DETECTED,FA71C52E-4F65-41A9-91F7-95AD7F056A52,PEDESTRIAN,Walking to/from school,NO IMPROPER ACTIONS,OTHER,N/A,MIXED CLOTHING,No,POSSIBLE INJURY,N/A,39.19190167,-77.19156333,"(39.19190167, -77.19156333)"
MCP09730008,15036772,MONTGOMERY,Injury Crash,07/25/2015 05:30:00 PM,County,ELM ST,County,WOODMONT AVE,,N/A,PEDESTRIAN,SINGLE VEHICLE,CLOUDY,DRY,DAYLIGHT,NO CONTROLS,NONE DETECTED,NONE DETECTED,1FF1A279-3069-427A-A0E9-BE8049A72451,PEDESTRIAN,Cross/Enter not at Intersection,DART DASH,ON ROADWAY NOT AT CROSSWALK,N/A,MIXED CLOTHING,Yes,POSSIBLE INJURY,N/A,38.981965,-77.09722333,"(38.981965, -77.09722333)"
MCP2789005B,180058992,Montgomery County Police,Injury Crash,11/25/2018 06:39:00 PM,Maryland (State),COLESVILLE RD,Maryland (State),EAST WEST HWY,,N/A,PEDESTRIAN,SINGLE VEHICLE,CLEAR,DRY,DARK LIGHTS ON,TRAFFIC SIGNAL,N/A,N/A,68DFD821-06C2-4A9D-89CD-275920E6A41D,PEDESTRIAN,Cross/Enter at Intersection,INATTENTIVE,AT INTERSECTION MARKED CROSSWALK,DISOBEYED PED. SIGNAL,DARK CLOTHING,Yes,POSSIBLE INJURY,NONE,38.99607833,-77.02777333,"(38.99607833, -77.02777333)"
MCP271700D7,170531533,Montgomery County Police,Injury Crash,09/19/2017 02:45:00 PM,Maryland (State),WISCONSIN AVE,County,BETHESDA AVE,,N/A,BICYCLIST,OTHER,CLEAR,DRY,DAYLIGHT,TRAFFIC SIGNAL,NONE DETECTED,NONE DETECTED,1A509883-B370-4859-83E2-8F39949305B2,BICYCLIST,Cross/Enter at Intersection,NO IMPROPER ACTIONS,ON ROADWAY AT CROSSWALK,N/A,MIXED CLOTHING,No,SUSPECTED MINOR INJURY,OTHER,38.98086817,-77.0926465,"(38.98086817, -77.0926465)"
MCP2796003K,16038638,Montgomery County Police,Injury Crash,07/30/2016 10:40:00 PM,Maryland (State),GEORGIA AVE,Maryland (State),DAMASCUS RD,,N/A,OTHER,SINGLE VEHICLE,RAINING,WET,DARK LIGHTS ON,PERSON,NONE DETECTED,NONE DETECTED,8E9025D8-F296-4C06-B5A0-494878065737,OTHER,Standing,NO IMPROPER ACTIONS,ON ROADWAY NOT AT CROSSWALK,N/A,REFLECTIVE MATERIAL,No,POSSIBLE INJURY,REFLECTIVE CLOTHING,39.22143,-77.05992167,"(39.22143, -77.05992167)"
MCP29400069,230003845,Montgomery County Police,Injury Crash,01/24/2023 07:58:00 AM,Maryland (State),BRADLEY BLVD,County,EWING DR,,N/A,OTHER,OTHER,CLEAR,DRY,DAYLIGHT,PERSON,NONE DETECTED,NONE DETECTED,DCF0C79D-BA8D-45CE-81C5-9D4C304FD566,OTHER,Standing,NO IMPROPER ACTIONS,AT INTERSECTION BUT NO CROSSWALK,N/A,REFLECTIVE MATERIAL,No,SUSPECTED MINOR INJURY,REFLECTIVE CLOTHING,38.99493133,-77.12397233,"(38.99493133, -77.12397233)"
MCP27370032,180025601,Montgomery County Police,Injury Crash,05/24/2018 09:15:00 PM,County,BRIGHTWOOD RD,County,BOWIE MILL RD,,N/A,PEDESTRIAN,SINGLE VEHICLE,CLEAR,DRY,DARK LIGHTS ON,NO CONTROLS,NONE DETECTED,NONE DETECTED,936C9D41-EB4C-4B61-93D5-9A3763353318,PEDESTRIAN,Other,DART DASH,ON ROADWAY NOT AT CROSSWALK,NO PED. SIGNAL,UNKNOWN,Yes,SUSPECTED MINOR INJURY,NONE,39.156335,-77.09096333,"(39.156335, -77.09096333)"
MCP2846007Z,220021835,Montgomery County Police,Injury Crash,05/22/2022 03:15:00 PM,Maryland (State),GEORGIA AVE,County,BLUERIDGE AVE,,N/A,PEDESTRIAN,HEAD ON LEFT TURN,CLEAR,DRY,DAYLIGHT,PERSON,NONE DETECTED,NONE DETECTED,5774AC8B-CA66-4240-9325-D4065FF845E1,PEDESTRIAN,Cross/Enter at Intersection,NO IMPROPER ACTIONS,ON ROADWAY AT CROSSWALK,OBEYED PED. SIGNAL,LIGHT CLOTHING,No,POSSIBLE INJURY,N/A,39.04295333,-77.05214333,"(39.04295333, -77.05214333)"
MCP2846002T,170505454,Montgomery County Police,Injury Crash,05/02/2017 02:02:00 PM,Maryland (State),UNIVERSITY BLVD W,County,EAST AVE,,N/A,PEDESTRIAN,HEAD ON LEFT TURN,CLEAR,DRY,DAYLIGHT,OTHER,NONE DETECTED,NONE DETECTED,BA9F621C-C69E-416F-9D44-4B9DA4D7C3FA,PEDESTRIAN,Standing,NO IMPROPER ACTIONS,SIDEWALK,NO PED. SIGNAL,N/A,No,SUSPECTED SERIOUS INJURY,NONE,39.058355,-77.04861667,"(39.058355, -77.04861667)"
DM8499000V,220010088,Takoma Park Police Depart,Injury Crash,03/09/2022 07:32:00 AM,County,RAY DR,Maryland (State),PINEY BRANCH RD,,N/A,PEDESTRIAN,OTHER,RAINING,WET,DAYLIGHT,SCHOOL ZONE SIGN DEVICE,N/A,N/A,70E3C7D3-41B5-4E52-8F8D-06CAE781EE53,PEDESTRIAN,Walking to/from school,UNKNOWN,ON ROADWAY AT CROSSWALK,UNKNOWN,UNKNOWN,No,POSSIBLE INJURY,UNKNOWN,38.98594162,-77.01355269,"(38.98594162, -77.01355269)"
DD5640000S,200044988,Rockville Police Departme,Property Damage Crash,11/14/2020 11:48:00 AM,Maryland (State),FIRST ST,Municipality,GRANDIN AVE,,ROCKVILLE,BICYCLIST,STRAIGHT MOVEMENT ANGLE,CLEAR,DRY,DAYLIGHT,OTHER,NONE DETECTED,NONE DETECTED,00DA6CE4-DB5F-4992-854B-D64F44EC24C5,BICYCLIST,Cross/Enter at Intersection,NO IMPROPER ACTIONS,ON ROADWAY AT CROSSWALK,OBEYED PED. SIGNAL,DARK CLOTHING,No,NO APPARENT INJURY,UNKNOWN,39.08105274,-77.1375268,"(39.08105274, -77.1375268)"
MCP26670027,16001316,Montgomery County Police,Injury Crash,01/08/2016 08:45:00 AM,,,,,"PARKING LOT OF 8751 SNOUFFER SCHOOL RD 
(NEW PSTA)",,PEDESTRIAN,SINGLE VEHICLE,CLOUDY,,DAYLIGHT,NO CONTROLS,NONE DETECTED,NONE DETECTED,10CBDF7F-6B3A-4AD2-9BB6-2B22AA3F7C08,PEDESTRIAN,Standing,NO IMPROPER ACTIONS,OTHER,N/A,REFLECTIVE MATERIAL,No,SUSPECTED MINOR INJURY,REFLECTIVE CLOTHING,39.171245,-77.17567,"(39.171245, -77.17567)"
MCP3041000D,170504434,Montgomery County Police,Injury Crash,04/26/2017 11:18:00 PM,Municipality,ROLLINS AVE,Unknown,ROAD END,,N/A,PEDESTRIAN,SINGLE VEHICLE,CLEAR,DRY,DARK -- UNKNOWN LIGHTING,N/A,N/A,ALCOHOL PRESENT,027D9AB4-A0F2-4BCA-9368-CAA4DA3F9561,PEDESTRIAN,Standing,UNKNOWN,OTHER,N/A,UNKNOWN,Unknown,POSSIBLE INJURY,N/A,39.05758375,-77.13183403,"(39.05758375, -77.13183403)"
MCP2923003Z,180008625,Montgomery County Police,Injury Crash,02/19/2018 02:18:00 PM,County,RANDOLPH RD,Maryland (State),GEORGIA AVE,,N/A,PEDESTRIAN,OTHER,RAINING,WET,DAYLIGHT,TRAFFIC SIGNAL,NONE DETECTED,N/A,184E3239-24E8-4164-B59D-D2D62124049C,PEDESTRIAN,Cross/Enter at Intersection,FAILURE TO OBEY TRAFFIC SIGNS SIGNALS OR OFFICER,AT INTERSECTION MARKED CROSSWALK,DISOBEYED PED. SIGNAL,MIXED CLOTHING,Yes,SUSPECTED MINOR INJURY,N/A,39.05820167,-77.04986667,"(39.05820167, -77.04986667)"
MCP2894005H,190006431,Montgomery County Police,Injury Crash,02/09/2019 02:07:00 PM,,,,,"4816 BOILING BROOK PKWY, GOODWILL PARKING LOT",,PEDESTRIAN,SAME DIR REAR END,CLEAR,,DAYLIGHT,NO CONTROLS,,NONE DETECTED,26C440B4-284A-4244-A00D-BEB01487AB64,PEDESTRIAN,Other,NO IMPROPER ACTIONS,OTHER,N/A,MIXED CLOTHING,No,POSSIBLE INJURY,N/A,39.04524333,-77.11300833,"(39.04524333, -77.11300833)"
MCP32000074,220054061,Montgomery County Police,Injury Crash,12/07/2022 12:56:00 PM,,,,,PARKING LOT OF 9905 COUNSELMAN RD,,PEDESTRIAN,OTHER,CLOUDY,,DAYLIGHT,N/A,NONE DETECTED,NONE DETECTED,05BFF8BE-CF76-4EA3-984D-3104E708EDB8,PEDESTRIAN,Other,NO IMPROPER ACTIONS,OTHER,NO PED. SIGNAL,MIXED CLOTHING,No,POSSIBLE INJURY,NONE,39.01824983,-77.2069875,"(39.01824983, -77.2069875)"
MCP3034000N,170507489,Montgomery County Police,Injury Crash,05/12/2017 10:36:00 PM,Maryland (State),PINEY BRANCH RD,County,GREENWOOD AVE,,N/A,PEDESTRIAN,N/A,RAINING,WET,DARK LIGHTS ON,TRAFFIC SIGNAL,,NONE DETECTED,036D96BF-B47B-427B-B15A-D10428932C05,PEDESTRIAN,Cross/Enter at Intersection,NO IMPROPER ACTIONS,AT INTERSECTION MARKED CROSSWALK,OBEYED PED. SIGNAL,MIXED CLOTHING,No,SUSPECTED MINOR INJURY,NONE,38.99821,-77.00249833,"(38.99821, -77.00249833)"
MCP9113002P,170517604,Montgomery County Police,Injury Crash,07/06/2017 11:58:00 AM,County,ASPEN HILL RD,Maryland (State),VEIRS MILL RD,,N/A,PEDESTRIAN,OTHER,CLOUDY,DRY,DAYLIGHT,TRAFFIC SIGNAL,NONE DETECTED,NONE DETECTED,8C184ACE-14C6-44F4-9401-27B4CCDB6892,PEDESTRIAN,Cross/Enter at Intersection,NO IMPROPER ACTIONS,ON ROADWAY AT CROSSWALK,OBEYED PED. SIGNAL,MIXED CLOTHING,No,SUSPECTED SERIOUS INJURY,NONE,39.06949,-77.10465667,"(39.06949, -77.10465667)"
MCP2617006G,180057456,Montgomery County Police,Property Damage Crash,11/16/2018 09:35:00 AM,Maryland (State),NORBECK RD,Maryland (State),GEORGIA AVE,,N/A,PEDESTRIAN,OTHER,CLEAR,WET,DAYLIGHT,TRAFFIC SIGNAL,NONE DETECTED,ALCOHOL CONTRIBUTED,B44B9881-D99F-4D22-B420-7A7A4ACB9ED9,PEDESTRIAN,Cross/Enter at Intersection,DART DASH,ON ROADWAY NOT AT CROSSWALK,DISOBEYED PED. SIGNAL,DARK CLOTHING,Yes,NO APPARENT INJURY,NONE,39.10963667,-77.07645833,"(39.10963667, -77.07645833)"
MCP271700P6,190031745,Montgomery County Police,Injury Crash,07/03/2019 04:30:00 PM,,,,,10400 AUTO PARK AVENUE (PARKING LOT OF CADILLAC CAR DEALERSHIP),,PEDESTRIAN,OTHER,CLEAR,,DAYLIGHT,NO CONTROLS,NONE DETECTED,NONE DETECTED,029B25FB-1974-4A62-B43A-E47F6D35BF47,PEDESTRIAN,Cross/Enter not at Intersection,DART DASH,ON ROADWAY NOT AT CROSSWALK,NO PED. SIGNAL,MIXED CLOTHING,Yes,SUSPECTED MINOR INJURY,N/A,39.027235,-77.14683467,"(39.027235, -77.14683467)"
MCP1212000S,16049295,Montgomery County Police,Injury Crash,09/25/2016 09:34:00 AM,Maryland (State),LAYTONSVILLE RD,Maryland (State),DAMASCUS RD,,N/A,BICYCLIST,ANGLE MEETS LEFT TURN,N/A,DRY,DAYLIGHT,STOP SIGN,UNKNOWN,N/A,5BF820E6-A322-4176-9B80-A240649A780A,BICYCLIST,Walking/Riding w/Traffic,NO IMPROPER ACTIONS,SHOULDER,N/A,N/A,No,SUSPECTED MINOR INJURY,MC/BIKE HELMET,39.276787,-77.16084,"(39.276787, -77.16084)"
MCP28940016,15047513,MONTGOMERY,Injury Crash,09/19/2015 09:46:00 AM,County,EXECUTIVE BLVD,County,WOODGLEN DR,,N/A,PEDESTRIAN,OTHER,CLEAR,DRY,DAYLIGHT,STOP SIGN,NONE DETECTED,NONE DETECTED,424CDFFC-C0EE-46CE-ABF3-178E22B58A82,PEDESTRIAN,Cross/Enter at Intersection,NO IMPROPER ACTIONS,ON ROADWAY AT CROSSWALK,NO PED. SIGNAL,MIXED CLOTHING,No,POSSIBLE INJURY,N/A,39.0433195,-77.11347163,"(39.0433195, -77.11347163)"
MCP12210021,16008834,Montgomery County Police,Injury Crash,02/22/2016 09:57:00 AM,,,,,PARKING LOT OF 17051 OAKMONT ST,,PEDESTRIAN,SINGLE VEHICLE,N/A,,DAYLIGHT,NO CONTROLS,NONE DETECTED,NONE DETECTED,460563A4-8B48-4287-8A4C-118B97FDCFD9,PEDESTRIAN,Getting off/on Vehicle,NOT VISIBLE,OTHER,N/A,MIXED CLOTHING,No,SUSPECTED MINOR INJURY,N/A,39.13657667,-77.17938833,"(39.13657667, -77.17938833)"
MCP2766004N,190012967,Montgomery County Police,Injury Crash,03/20/2019 09:08:00 PM,Maryland (State),GEORGIA AVE,County,HEWITT AVE,,N/A,PEDESTRIAN,SINGLE VEHICLE,CLEAR,DRY,DARK LIGHTS ON,TRAFFIC SIGNAL,NONE DETECTED,UNKNOWN,73E35784-8801-407E-A5DD-3CC823761215,PEDESTRIAN,Cross/Enter at Intersection,DART DASH,ON ROADWAY AT CROSSWALK,DISOBEYED PED. SIGNAL,DARK CLOTHING,Yes,POSSIBLE INJURY,NONE,39.07761333,-77.071225,"(39.07761333, -77.071225)"
MCP3226000R,200031559,Montgomery County Police,Property Damage Crash,08/13/2020 04:33:00 PM,County,EDNOR RD,Other Public Roadway,HAW LA,,N/A,OTHER,SINGLE VEHICLE,CLEAR,DRY,DAYLIGHT,NO CONTROLS,NONE DETECTED,UNKNOWN,23B2A962-E62B-4CA3-A14D-05B51BE946B5,OTHER,Unknown,UNKNOWN,OTHER,N/A,UNKNOWN,No,NO APPARENT INJURY,N/A,39.13754267,-76.980728,"(39.13754267, -76.980728)"
DD56050038,17008304,Rockville Police Departme,Injury Crash,02/15/2017 07:49:00 PM,County,SHADY GROVE RD,Municipality,FALLSGROVE BLVD,,ROCKVILLE,PEDESTRIAN,OTHER,CLEAR,DRY,DARK LIGHTS ON,OTHER,NONE DETECTED,NONE DETECTED,804CEEDC-D86B-4747-B706-CBD6751AB020,PEDESTRIAN,Cross/Enter not at Intersection,FAILURE TO YIELD RIGHT OF WAY,OUTSIDE RIGHT OF WAY,DISOBEYED PED. SIGNAL,DARK CLOTHING,Yes,POSSIBLE INJURY,N/A,39.09768883,-77.19250517,"(39.09768883, -77.19250517)"
DD55080033,17003277,Rockville Police Departme,Injury Crash,01/19/2017 12:58:00 PM,Municipality,N STONESTREET AVE,Municipality,PARK RD,,ROCKVILLE,PEDESTRIAN,OTHER,CLEAR,DRY,DAYLIGHT,NO CONTROLS,NONE DETECTED,NONE DETECTED,FC4B81C3-4D9E-4973-AD92-5DA0DECC8106,PEDESTRIAN,Cross/Enter not at Intersection,IN ROADWAY IMPROPERLY,ON ROADWAY NOT AT CROSSWALK,N/A,MIXED CLOTHING,Yes,SUSPECTED MINOR INJURY,NONE,39.08628667,-77.14729667,"(39.08628667, -77.14729667)"
MCP2889001R,16050824,Montgomery County Police,Injury Crash,10/03/2016 07:34:00 PM,Maryland (State),UNIVERSITY BLVD W,County,DENNIS AVE,,N/A,PEDESTRIAN,SINGLE VEHICLE,CLEAR,DRY,DARK LIGHTS ON,TRAFFIC SIGNAL,NONE DETECTED,NONE DETECTED,0704770D-C149-476A-A7BB-2F64B3F71D37,PEDESTRIAN,Cross/Enter at Intersection,NO IMPROPER ACTIONS,ON ROADWAY AT CROSSWALK,OBEYED PED. SIGNAL,DARK CLOTHING,No,POSSIBLE INJURY,NONE,39.026315,-77.02019833,"(39.026315, -77.02019833)"
MCP3121003L,200036654,Montgomery County Police,Injury Crash,09/18/2020 06:07:00 PM,,,,,PARKING LOT IFO 19218 MONTGOMERY VILLAGE AVE,,PEDESTRIAN,OTHER,CLEAR,,DAYLIGHT,NO CONTROLS,NONE DETECTED,NONE DETECTED,77E948A8-45CB-49E2-A7D1-F2BFF3C1C7A4,PEDESTRIAN,Standing,NO IMPROPER ACTIONS,OTHER,N/A,DARK CLOTHING,No,POSSIBLE INJURY,NONE,39.172195,-77.204985,"(39.172195, -77.204985)"