Report Number,Local Case Number,Agency Name,ACRS Report Type,Crash Date/Time,Route Type,Road Name,Cross-Street Type,Cross-Street Name,Off-Road Description,Municipality,Related Non-Motorist,Collision Type,Weather,Surface Condition,Light,Traffic Control,Driver Substance Abuse,Non-Motorist Substance Abuse,Person ID,Pedestrian Type,Pedestrian Movement,Pedestrian Actions,Pedestrian Location,Pedestrian Obeyed Traffic Signal,Pedestrian Visibility,At Fault,Injury Severity,Safety Equipment,Latitude,Longitude,Location
EJ7839001S,16057167,Gaithersburg Police Depar,Property Damage Crash,11/05/2016 10:40:00 PM,Municipality,W DEER PARK RD,Municipality,BUTTRY RD,,GAITHERSBURG,BICYCLIST,OTHER,N/A,DRY,DARK LIGHTS ON,STOP SIGN,NONE DETECTED,NONE DETECTED,257CB38D-45F6-421A-B543-7C46D56522C0,BICYCLIST,Cross/Enter at Intersection,UNKNOWN,UNKNOWN,N/A,DARK CLOTHING,Unknown,NO APPARENT INJURY,NONE,39.13404333,-77.20415333,"(39.13404333, -77.20415333)"
MCP28460019,15057967,MONTGOMERY,Injury Crash,11/13/2015 02:50:00 PM,County,GRANDVIEW AVE,County,BLUERIDGE AVE,,N/A,PEDESTRIAN,OTHER,CLEAR,DRY,DAYLIGHT,NO CONTROLS,NONE DETECTED,NONE DETECTED,5E5194E6-475A-4A36-B2E4-BE60B2FBC644,PEDESTRIAN,Cross/Enter at Intersection,INATTENTIVE,ON ROADWAY AT CROSSWALK,NO PED. SIGNAL,MIXED CLOTHING,No,POSSIBLE INJURY,NONE,39.04284167,-77.05323167,"(39.04284167, -77.05323167)"
MCP2546002M,180063485,Montgomery County Police,Fatal Crash,12/19/2018 08:17:00 PM,County,MIDDLEBROOK RD,County,RIDGECREST DR,,N/A,PEDESTRIAN,OTHER,CLEAR,DRY,DARK LIGHTS ON,NO CONTROLS,NONE DETECTED,UNKNOWN,7D7FE669-3494-423D-A2EF-6F7501078ECF,PEDESTRIAN,Unknown,UNKNOWN,ON ROADWAY NOT AT CROSSWALK,N/A,LIGHT CLOTHING,Unknown,FATAL INJURY,NONE,39.175225,-77.257108,"(39.175225, -77.257108)"
MCP0942001M,180005987,Montgomery County Police,Injury Crash,02/04/2018 08:35:00 AM,,,,,"PARKING LOT-BETHESDA ELEMENTARY
7600 ARLINGTON RD.",,PEDESTRIAN,OTHER,CLOUDY,,DAYLIGHT,N/A,NONE DETECTED,NONE DETECTED,E868156F-9C6A-450C-85F5-380287134677,PEDESTRIAN,Other Working,NO IMPROPER ACTIONS,OTHER,N/A,DARK CLOTHING,No,SUSPECTED MINOR INJURY,N/A,38.9860995,-77.09893583,"(38.9860995, -77.09893583)"
MCP30160018,170517188,Montgomery County Police,Injury Crash,07/03/2017 10:13:00 PM,Maryland (State),GREAT SENECA HWY,Maryland (State),CLOPPER RD,,N/A,PEDESTRIAN,SINGLE VEHICLE,CLEAR,DRY,DARK LIGHTS ON,TRAFFIC SIGNAL,NONE DETECTED,NONE DETECTED,C735DF1B-EBE4-4BA6-95C5-524DC7105534,PEDESTRIAN,Cross/Enter at Intersection,NO IMPROPER ACTIONS,AT INTERSECTION MARKED CROSSWALK,OBEYED PED. SIGNAL,DARK CLOTHING,No,SUSPECTED MINOR INJURY,N/A,39.15955467,-77.27509717,"(39.15955467, -77.27509717)"
DD56120035,220053012,Rockville Police Departme,Injury Crash,12/01/2022 12:13:00 PM,Maryland (State),E JEFFERSON ST,Municipality,MARYLAND AVE,,ROCKVILLE,PEDESTRIAN,SINGLE VEHICLE,CLEAR,DRY,DAYLIGHT,TRAFFIC SIGNAL,NONE DETECTED,NONE DETECTED,203FE24F-E86C-4F1F-99F1-CE6C2F4AB793,PEDESTRIAN,Cross/Enter at Intersection,NO IMPROPER ACTIONS,ON ROADWAY AT CROSSWALK,N/A,N/A,No,POSSIBLE INJURY,NONE,39.08273505,-77.15121389,"(39.08273505, -77.15121389)"
MCP2703001K,170524793,Montgomery County Police,Injury Crash,08/14/2017 03:43:00 PM,County,LOCKWOOD DR,Unknown,ENT TO BUSINESS,,N/A,PEDESTRIAN,N/A,CLOUDY,N/A,DAYLIGHT,NO CONTROLS,UNKNOWN,N/A,402EAD87-ABAE-464C-944C-2CB8F03E00DB,PEDESTRIAN,Cross/Enter not at Intersection,NO IMPROPER ACTIONS,UNKNOWN,NO PED. SIGNAL,MIXED CLOTHING,No,POSSIBLE INJURY,N/A,39.04003833,-76.98950167,"(39.04003833, -76.98950167)"
MCP3111001P,190048267,Montgomery County Police,Property Damage Crash,10/08/2019 10:11:00 AM,Maryland (State),ROCKVILLE PIKE,Government,CENTER DR,,N/A,PEDESTRIAN,SAME DIR REAR END,CLEAR,DRY,DAYLIGHT,TRAFFIC SIGNAL,NONE DETECTED,NONE DETECTED,1562C393-14B9-44AA-BB7B-6C8309B641FB,PEDESTRIAN,Cross/Enter at Intersection,NO IMPROPER ACTIONS,AT INTERSECTION MARKED CROSSWALK,OBEYED PED. SIGNAL,LIGHT CLOTHING,No,NO APPARENT INJURY,NONE,38.99693893,-77.09671783,"(38.99693893, -77.09671783)"
MCP2492001N,210032806,Montgomery County Police,Fatal Crash,08/23/2021 01:57:00 AM,Maryland (State),UNIVERSITY BLVD E,Unknown,SPUR FR MD 195,,N/A,PEDESTRIAN,OTHER,CLEAR,WET,DARK LIGHTS ON,NO CONTROLS,NONE DETECTED,UNKNOWN,BA01A694-F080-4AFB-8B39-8C672D7D317E,PEDESTRIAN,Other,OTHER,ON ROADWAY NOT AT CROSSWALK,NO PED. SIGNAL,DARK CLOTHING,Unknown,FATAL INJURY,NONE,38.99298,-76.99199333,"(38.99298, -76.99199333)"
MCP2363000Y,16051042,Montgomery County Police,Injury Crash,10/04/2016 07:15:00 PM,Maryland (State),HUNGERFORD DR,Municipality,E MIDDLE LA,,ROCKVILLE,PEDESTRIAN,OTHER,CLEAR,DRY,DUSK,TRAFFIC SIGNAL,NONE DETECTED,UNKNOWN,747421AE-843C-485D-9E04-12CBD7B1CB21,PEDESTRIAN,Cross/Enter at Intersection,UNKNOWN,AT INTERSECTION MARKED CROSSWALK,UNKNOWN,MIXED CLOTHING,Unknown,SUSPECTED SERIOUS INJURY,NONE,39.08511469,-77.14820623,"(39.08511469, -77.14820623)"
EJ7833003W,170524565,Gaithersburg Police Depar,Injury Crash,08/12/2017 11:38:00 PM,,,,,"PARKING LOT OF 111 WATKINS STATION CIRCLE IN GAITHERSBURG, MD 20877",,PEDESTRIAN,OTHER,N/A,,DARK LIGHTS ON,NO CONTROLS,UNKNOWN,NONE DETECTED,E77DE94B-CB87-4888-AAA9-4DB6E575FACB,PEDESTRIAN,Standing,OTHER,OTHER,N/A,LIGHT CLOTHING,No,SUSPECTED MINOR INJURY,NONE,39.16057648,-77.2195711,"(39.16057648, -77.2195711)"
MCP28180034,170536099,Montgomery County Police,Injury Crash,10/11/2017 06:55:00 PM,County,BONIFANT ST,County,CEDAR ST,,N/A,PEDESTRIAN,OTHER,RAINING,WET,DARK LIGHTS ON,STOP SIGN,NONE DETECTED,NONE DETECTED,2F58EA83-F717-44B8-9681-574535FAC451,PEDESTRIAN,Cross/Enter at Intersection,NO IMPROPER ACTIONS,ON ROADWAY AT CROSSWALK,NO PED. SIGNAL,DARK CLOTHING,No,SUSPECTED MINOR INJURY,N/A,38.995975,-77.02026,"(38.995975, -77.02026)"
MCP30900068,220034656,Montgomery County Police,Injury Crash,08/12/2022 08:41:00 AM,,,,,"PARKING LOT OF 805 RUSSELL AVE GAITHERSBURG,MD",,PEDESTRIAN,SINGLE VEHICLE,CLEAR,,DAYLIGHT,NO CONTROLS,N/A,N/A,9952165F-A321-4104-AAD6-6682B2B97A97,PEDESTRIAN,Other,NO IMPROPER ACTIONS,OTHER,N/A,N/A,No,NO APPARENT INJURY,N/A,39.15685,-77.21019,"(39.15685, -77.21019)"
MCP25460027,16066612,Montgomery County Police,Injury Crash,12/27/2016 03:15:00 PM,County,PARKLAND DR,County,INDEPENDENCE ST,,N/A,PEDESTRIAN,OTHER,CLEAR,DRY,DAYLIGHT,STOP SIGN,NONE DETECTED,N/A,05FA01EC-CE30-4AF6-9BD3-CAECF3CD30C4,PEDESTRIAN,Getting off/on Vehicle,NO IMPROPER ACTIONS,SHOULDER,N/A,N/A,No,POSSIBLE INJURY,N/A,39.07271167,-77.08702,"(39.07271167, -77.08702)"
MCP3311000M,220012213,Montgomery County Police,Injury Crash,03/21/2022 05:48:00 PM,Maryland (State),OLD GEORGETOWN RD,Ramp,RAMP 6 FR RAMP 10 (FR IS270) TO MD 187,,N/A,PEDESTRIAN,OTHER,CLEAR,N/A,DAYLIGHT,N/A,N/A,N/A,6EA87E5F-919A-4AFF-A0D8-4F67E8E8D3AF,PEDESTRIAN,Cross/Enter at Intersection,NO IMPROPER ACTIONS,ON ROADWAY AT CROSSWALK,OTHER,N/A,No,SUSPECTED MINOR INJURY,N/A,39.03145229,-77.1259336,"(39.03145229, -77.1259336)"
DD5649002C,220034478,Rockville Police Departme,Injury Crash,08/11/2022 08:30:00 AM,Municipality,BROADWOOD DR,Municipality,FLETCHER PL,,ROCKVILLE,PEDESTRIAN,OTHER,RAINING,WET,DAYLIGHT,NO CONTROLS,N/A,N/A,BE09C1B3-EEDE-474B-8842-E8E5A26CEDF1,PEDESTRIAN,Walking/Riding against Traffic,IN ROADWAY IMPROPERLY,ON ROADWAY NOT AT CROSSWALK,N/A,DARK CLOTHING,Yes,SUSPECTED MINOR INJURY,NONE,39.0831111,-77.1303848,"(39.0831111, -77.1303848)"
MCP2191000M,15046147,MONTGOMERY,Injury Crash,09/12/2015 09:30:00 AM,US (State),GEORGIA AVE,County,THAYER AVE,,N/A,PEDESTRIAN,SAME DIRECTION RIGHT TURN,CLOUDY,DRY,DAYLIGHT,TRAFFIC SIGNAL,NONE DETECTED,NONE DETECTED,FCEC94C8-4392-4656-B5CD-B4AFDFBC99F0,PEDESTRIAN,Cross/Enter at Intersection,N/A,ON ROADWAY AT CROSSWALK,OBEYED PED. SIGNAL,N/A,No,POSSIBLE INJURY,N/A,38.992996,-77.02717,"(38.992996, -77.02717)"
MCP2931003B,190012716,Montgomery County Police,Injury Crash,03/19/2019 06:25:00 PM,,,,,PARKING LOT OF 12266 ROCKVILLE PIKE,,PEDESTRIAN,OTHER,CLEAR,,DAYLIGHT,N/A,N/A,N/A,A3428237-E38D-4AA2-AB15-45843DAE64F8,PEDESTRIAN,Other,DART DASH,SIDEWALK,N/A,LIGHT CLOTHING,No,POSSIBLE INJURY,N/A,39.05720833,-77.12202833,"(39.05720833, -77.12202833)"
MCP27080043,180064590,Montgomery County Police,Injury Crash,12/26/2018 05:00:00 PM,Maryland (State),PINEY BRANCH RD,County,FLOWER AVE,,N/A,PEDESTRIAN,HEAD ON LEFT TURN,CLEAR,DRY,DUSK,TRAFFIC SIGNAL,NONE DETECTED,NONE DETECTED,0F06F111-E7C9-4CA0-B271-2EC1F5E2BAC5,PEDESTRIAN,Cross/Enter at Intersection,N/A,AT INTERSECTION MARKED CROSSWALK,OBEYED PED. SIGNAL,MIXED CLOTHING,No,SUSPECTED MINOR INJURY,NONE,38.99819333,-77.00348,"(38.99819333, -77.00348)"
MCP2874000W,15058210,MONTGOMERY,Injury Crash,11/14/2015 08:07:00 PM,Maryland (State),GEORGIA AVE,County,SHOREFIELD RD,,N/A,PEDESTRIAN,SINGLE VEHICLE,CLEAR,DRY,DARK LIGHTS ON,TRAFFIC SIGNAL,NONE DETECTED,UNKNOWN,0265D3BF-51A5-4DC2-9C1F-30170CF57E07,PEDESTRIAN,Cross/Enter at Intersection,NO IMPROPER ACTIONS,ON ROADWAY AT CROSSWALK,UNKNOWN,MIXED CLOTHING,No,SUSPECTED MINOR INJURY,N/A,39.053245,-77.05103333,"(39.053245, -77.05103333)"
EJ7895000D,220004216,Gaithersburg Police Depar,Injury Crash,01/31/2022 06:30:00 PM,Municipality,E DIAMOND AVE,Municipality,E DIAMOND AVE,,GAITHERSBURG,BICYCLIST,STRAIGHT MOVEMENT ANGLE,CLEAR,DRY,DARK LIGHTS ON,NO CONTROLS,N/A,N/A,CB7634EF-A687-414B-A19F-E0905765D671,BICYCLIST,Cross/Enter not at Intersection,IMPROPER TURN MERGE,ON ROADWAY NOT AT CROSSWALK,N/A,DARK CLOTHING,Yes,POSSIBLE INJURY,NONE,39.14201479,-77.1888905,"(39.14201479, -77.1888905)"
MCP3268002G,220049512,Montgomery County Police,Injury Crash,11/09/2022 02:43:00 PM,County,GREENHILL DR,County,VALLEY BROOK DR,,N/A,PEDESTRIAN,OTHER,CLEAR,DRY,DAYLIGHT,NO CONTROLS,N/A,N/A,196DB531-7473-4378-BCEC-4DE9C6D375C9,PEDESTRIAN,Cross/Enter not at Intersection,DART DASH,SIDEWALK,N/A,MIXED CLOTHING,Yes,SUSPECTED MINOR INJURY,N/A,39.05812183,-77.002868,"(39.05812183, -77.002868)"
MCP25920011,190002854,Montgomery County Police,Injury Crash,01/17/2019 09:30:00 PM,,,,,PARKING LOT OF GIANT LOCATED AT 20044 GOSHEN RD,,PEDESTRIAN,OTHER,SNOW,,DARK LIGHTS ON,N/A,N/A,N/A,DCA31964-2E33-47A7-A82D-D9C0A7BEF07C,PEDESTRIAN,Standing,NO IMPROPER ACTIONS,OTHER,N/A,UNKNOWN,No,POSSIBLE INJURY,NONE,39.12279293,-77.22670388,"(39.12279293, -77.22670388)"
MCP3050003M,190031726,Montgomery County Police,Injury Crash,07/03/2019 02:58:00 PM,,,,,"DRIVE THRU OF MCDONALDS 13701 CONNECTICUT AVE SILVER SPRING, MD 20906",,PEDESTRIAN,OTHER,CLEAR,,DAYLIGHT,NO CONTROLS,NONE DETECTED,NONE DETECTED,F62BBE7F-9537-4635-B1A8-6CCDC76235E4,PEDESTRIAN,Other,OTHER,OTHER,NO PED. SIGNAL,LIGHT CLOTHING,Yes,SUSPECTED MINOR INJURY,NONE,39.07884667,-77.07989833,"(39.07884667, -77.07989833)"
MCP2818003F,180004247,Montgomery County Police,Injury Crash,01/25/2018 12:40:00 PM,County,FENTON ST,County,CAMERON ST,,N/A,BICYCLIST,OTHER,CLEAR,DRY,DAYLIGHT,N/A,NONE DETECTED,NONE DETECTED,25215552-59BB-4434-A407-945FE0EB9473,BICYCLIST,Other,NO IMPROPER ACTIONS,SIDEWALK,OBEYED PED. SIGNAL,MIXED CLOTHING,No,POSSIBLE INJURY,N/A,38.99934333,-77.03268,"(38.99934333, -77.03268)"
MCP2831000Y,15053895,MONTGOMERY,Injury Crash,10/23/2015 07:13:00 PM,County,CENTURY BLVD,County,CRYSTAL ROCK DR,,N/A,PEDESTRIAN,SINGLE VEHICLE,CLEAR,DRY,DARK LIGHTS ON,TRAFFIC SIGNAL,N/A,N/A,7EFC9613-C2BD-4E9C-958F-30C0ADE68F71,PEDESTRIAN,Cross/Enter at Intersection,NO IMPROPER ACTIONS,ON ROADWAY AT CROSSWALK,OBEYED PED. SIGNAL,DARK CLOTHING,No,SUSPECTED MINOR INJURY,NONE,39.182685,-77.263615,"(39.182685, -77.263615)"
MCP2046009D,190000543,Montgomery County Police,Injury Crash,01/04/2019 07:12:00 AM,,,,,REAR PARKING LOT OF 2 UNIVERSITY BLVD E,,PEDESTRIAN,STRAIGHT MOVEMENT ANGLE,CLEAR,,DAWN,STOP SIGN,NONE DETECTED,NONE DETECTED,FD7B509F-A204-4464-A076-B5CBEF844200,PEDESTRIAN,Walking/Cycling on Sidewalk,NO IMPROPER ACTIONS,SIDEWALK,N/A,MIXED CLOTHING,No,POSSIBLE INJURY,NONE,39.02014667,-77.01345833,"(39.02014667, -77.01345833)"
MCP9422000X,170549438,Montgomery County Police,Injury Crash,12/19/2017 08:40:00 AM,County,ROBEY RD,County,BRIGGS CHANEY RD,,N/A,PEDESTRIAN,SINGLE VEHICLE,CLEAR,DRY,DAYLIGHT,STOP SIGN,NONE DETECTED,NONE DETECTED,B497AD2F-FD8D-421E-B949-944BEAA903EB,PEDESTRIAN,Cross/Enter at Intersection,NO IMPROPER ACTIONS,AT INTERSECTION MARKED CROSSWALK,NO PED. SIGNAL,MIXED CLOTHING,No,SUSPECTED SERIOUS INJURY,N/A,39.079325,-76.94485667,"(39.079325, -76.94485667)"
EJ7881001B,210031546,Gaithersburg Police Depar,Property Damage Crash,08/13/2021 09:55:00 PM,,,,,132 ELLINGTON BLVD PARKING GARAGE,,PEDESTRIAN,SINGLE VEHICLE,CLEAR,,OTHER,NO CONTROLS,UNKNOWN,NONE DETECTED,2A9F2A31-1398-4DA5-9AEA-6CF170FA8081,PEDESTRIAN,Other,NO IMPROPER ACTIONS,OTHER,N/A,MIXED CLOTHING,No,NO APPARENT INJURY,NONE,39.11479907,-77.20379432,"(39.11479907, -77.20379432)"
MCP3112005R,210053334,Montgomery County Police,Injury Crash,12/31/2021 12:18:00 PM,Maryland (State),WISCONSIN AVE,County,CHESTNUT ST,,N/A,PEDESTRIAN,OTHER,CLOUDY,DRY,DAYLIGHT,NO CONTROLS,NONE DETECTED,NONE DETECTED,04F1C0FC-3A11-4E17-9259-172DC64BCE85,PEDESTRIAN,Cross/Enter at Intersection,NO IMPROPER ACTIONS,AT INTERSECTION MARKED CROSSWALK,NO PED. SIGNAL,LIGHT CLOTHING,No,SUSPECTED MINOR INJURY,NONE,38.99348833,-77.09561,"(38.99348833, -77.09561)"
MCP3014001W,180054797,Montgomery County Police,Injury Crash,11/01/2018 03:01:00 PM,,,,,"SIDEWALK IN FRONT OF 14101 GEORGIA AVENUE SILVER SPRING, MARYLAND 20906",,PEDESTRIAN,OTHER,CLEAR,,DAYLIGHT,NO CONTROLS,NONE DETECTED,NONE DETECTED,9D13568A-A7DF-422B-9D9C-39EAACADE8FB,PEDESTRIAN,Other,NO IMPROPER ACTIONS,SIDEWALK,N/A,N/A,No,SUSPECTED MINOR INJURY,NONE,39.08505,-77.07823167,"(39.08505, -77.07823167)"
EJ7866007J,200002979,Gaithersburg Police Depar,Injury Crash,01/18/2020 09:51:00 AM,,,,,501 N FREDERICK AVE,,PEDESTRIAN,SINGLE VEHICLE,CLOUDY,,DAYLIGHT,NO CONTROLS,NONE DETECTED,NONE DETECTED,44137629-04B0-464D-BE6B-94CEE5211907,PEDESTRIAN,Walking/Cycling on Sidewalk,NO IMPROPER ACTIONS,SIDEWALK,N/A,MIXED CLOTHING,No,SUSPECTED MINOR INJURY,NONE,39.15100667,-77.209775,"(39.15100667, -77.209775)"
MCP2968004F,220027586,Montgomery County Police,Injury Crash,06/27/2022 08:47:00 AM,County,LINCOLNSHIRE DR,County,FALLS CHAPEL WAY,,N/A,PEDESTRIAN,OTHER,CLEAR,DRY,DAYLIGHT,N/A,N/A,N/A,62ABED7D-4ADA-4488-B4E1-AAF2E7314B98,PEDESTRIAN,Other Working,NO IMPROPER ACTIONS,OTHER,N/A,REFLECTIVE MATERIAL,No,NO APPARENT INJURY,REFLECTIVE CLOTHING,39.063115,-77.18202833,"(39.063115, -77.18202833)"
MCP3089001L,180032436,Montgomery County Police,Injury Crash,07/01/2018 12:37:00 PM,,,,,PARKING LOT AT FENTON STREET AND CAMERON,,PEDESTRIAN,SINGLE VEHICLE,N/A,,DAYLIGHT,N/A,N/A,N/A,08002D01-3CE1-4795-A650-3C36A989CC1B,PEDESTRIAN,Unknown,UNKNOWN,SIDEWALK,N/A,N/A,Unknown,POSSIBLE INJURY,N/A,39.04507333,-76.99021167,"(39.04507333, -76.99021167)"
MCP3115004K,20000253,Montgomery County Police,Injury Crash,01/02/2021 06:32:00 PM,,,,,PARKING LOT OF 10504 CONNECTICUT AVENUE,,PEDESTRIAN,OTHER,CLEAR,,N/A,N/A,N/A,N/A,57F316EF-91CB-4D7F-97D8-171E27B79105,PEDESTRIAN,Walking/Cycling on Sidewalk,NO IMPROPER ACTIONS,SIDEWALK,N/A,MIXED CLOTHING,No,POSSIBLE INJURY,N/A,39.02820578,-77.07649608,"(39.02820578, -77.07649608)"
MCP2765001J,15039834,MONTGOMERY,Injury Crash,08/10/2015 06:49:00 PM,County,GAINSBOROUGH RD,County,TUCKERMAN LA,,N/A,PEDESTRIAN,SINGLE VEHICLE,CLEAR,DRY,DAYLIGHT,TRAFFIC SIGNAL,NONE DETECTED,NONE DETECTED,1235B49F-C91B-4057-A1A2-3BF40BD54118,PEDESTRIAN,Cross/Enter at Intersection,INATTENTIVE,ON ROADWAY AT CROSSWALK,OBEYED PED. SIGNAL,MIXED CLOTHING,No,POSSIBLE INJURY,N/A,39.040995,-77.17249833,"(39.040995, -77.17249833)"
MCP94060012,17000446,Montgomery County Police,Injury Crash,01/03/2017 06:29:00 PM,County,HEWITT AVE,County,RIPPLING BROOK DR,,N/A,PEDESTRIAN,SINGLE VEHICLE,CLOUDY,DRY,DARK LIGHTS ON,N/A,NONE DETECTED,NONE DETECTED,00D5276E-DFEC-4411-974B-6427643DA834,PEDESTRIAN,Standing,NO IMPROPER ACTIONS,UNKNOWN,N/A,DARK CLOTHING,No,SUSPECTED MINOR INJURY,N/A,39.08112667,-77.056505,"(39.08112667, -77.056505)"
MCP14330050,230017708,Montgomery County Police,Injury Crash,04/13/2023 07:20:00 PM,Maryland (State),ROCKVILLE PIKE,Municipality,TWINBROOK PKWY,,ROCKVILLE,BICYCLIST,OTHER,CLEAR,DRY,DAYLIGHT,TRAFFIC SIGNAL,NONE DETECTED,NONE DETECTED,3F7BA90C-9DC7-4011-B6AD-D51825082911,BICYCLIST,Cross/Enter at Intersection,NO IMPROPER ACTIONS,AT INTERSECTION MARKED CROSSWALK,OBEYED PED. SIGNAL,MIXED CLOTHING,No,SUSPECTED MINOR INJURY,NONE,39.05889667,-77.12131667,"(39.05889667, -77.12131667)"
DD5633000X,180057777,Rockville Police Departme,Injury Crash,11/17/2018 09:20:00 PM,Municipality,E MIDDLE LA,Maryland (State),HUNGERFORD DR,,N/A,PEDESTRIAN,SINGLE VEHICLE,CLEAR,DRY,DARK NO LIGHTS,TRAFFIC SIGNAL,NONE DETECTED,NONE DETECTED,58A8B64B-6424-4B1B-83FC-2724B7B19CF3,PEDESTRIAN,Cross/Enter at Intersection,NO IMPROPER ACTIONS,ON ROADWAY AT CROSSWALK,OBEYED PED. SIGNAL,DARK CLOTHING,No,POSSIBLE INJURY,NONE,39.0853325,-77.14850933,"(39.0853325, -77.14850933)"
DM8457000R,170533675,Takoma Park Police Depart,Injury Crash,09/28/2017 04:56:00 PM,Municipality,GRANT AVE #2,Municipality,CHESTNUT AVE,,TAKOMA PARK,"BICYCLIST, PEDESTRIAN",SAME DIRECTION RIGHT TURN,CLEAR,DRY,DAYLIGHT,NO CONTROLS,NONE DETECTED,N/A,AC11B833-4B04-4312-8142-D56051E75D24,PEDESTRIAN,Walking/Riding w/Traffic,NO IMPROPER ACTIONS,SIDEWALK,NO PED. SIGNAL,MIXED CLOTHING,No,NO APPARENT INJURY,N/A,38.98447403,-77.01421246,"(38.98447403, -77.01421246)"
MCP14530052,180004871,Montgomery County Police,Injury Crash,01/29/2018 06:57:00 AM,County,AIRCRAFT DR,County,CENTURY BLVD,,N/A,PEDESTRIAN,SINGLE VEHICLE,CLOUDY,DRY,DARK LIGHTS ON,TRAFFIC SIGNAL,NONE DETECTED,NONE DETECTED,A59FDFB3-9543-417D-B43B-DB8CD6AE3ED4,PEDESTRIAN,Cross/Enter at Intersection,FAILURE TO YIELD RIGHT OF WAY,ON ROADWAY AT CROSSWALK,UNKNOWN,MIXED CLOTHING,Unknown,SUSPECTED MINOR INJURY,NONE,39.18380167,-77.26145333,"(39.18380167, -77.26145333)"
MCP209400JZ,220024162,Montgomery County Police,Injury Crash,06/06/2022 08:27:00 AM,Maryland (State),WISCONSIN AVE,County,STANFORD ST,,N/A,PEDESTRIAN,OTHER,CLEAR,DRY,DAYLIGHT,TRAFFIC SIGNAL,NONE DETECTED,NONE DETECTED,C61A46CC-C815-41B8-85A5-459D2225C7DB,PEDESTRIAN,Cross/Enter at Intersection,NO IMPROPER ACTIONS,ON ROADWAY AT CROSSWALK,OBEYED PED. SIGNAL,LIGHT CLOTHING,No,POSSIBLE INJURY,N/A,38.97849333,-77.09124833,"(38.97849333, -77.09124833)"
MCP3107001D,190056156,Montgomery County Police,Injury Crash,11/20/2019 11:38:00 PM,Maryland (State),FREDERICK RD,Unknown,ENT TO SHADY GROVE METRO STATION,,N/A,PEDESTRIAN,OTHER,CLEAR,DRY,DARK LIGHTS ON,TRAFFIC SIGNAL,NONE DETECTED,NONE DETECTED,5F4A9E2C-9063-430A-8C7C-144E6C4532C4,PEDESTRIAN,Cross/Enter at Intersection,NO IMPROPER ACTIONS,ON ROADWAY AT CROSSWALK,N/A,MIXED CLOTHING,No,SUSPECTED MINOR INJURY,N/A,39.11736108,-77.16884318,"(39.11736108, -77.16884318)"
MCP20080044,170523208,Montgomery County Police,Injury Crash,08/05/2017 04:34:00 PM,,,,,"PARKING LOT OF 
6301 RIVER RD",,PEDESTRIAN,OTHER,CLEAR,,DAYLIGHT,N/A,NONE DETECTED,NONE DETECTED,B9D1D6D6-613A-45C7-B976-AC995CC74171,PEDESTRIAN,Other,NO IMPROPER ACTIONS,OTHER,N/A,LIGHT CLOTHING,No,SUSPECTED MINOR INJURY,N/A,38.97602667,-77.12599833,"(38.97602667, -77.12599833)"
DD5611004W,180027001,Rockville Police Departme,Injury Crash,06/01/2018 06:00:00 PM,Maryland (State),ROCKVILLE PIKE,Municipality,TEMPLETON PL,,ROCKVILLE,PEDESTRIAN,SINGLE VEHICLE,CLEAR,DRY,DAYLIGHT,TRAFFIC SIGNAL,NONE DETECTED,NONE DETECTED,0721C381-9125-438C-938F-36784D329BE3,PEDESTRIAN,Cross/Enter at Intersection,IN ROADWAY IMPROPERLY,ON ROADWAY AT CROSSWALK,DISOBEYED PED. SIGNAL,UNKNOWN,Yes,SUSPECTED SERIOUS INJURY,N/A,39.06671833,-77.12826333,"(39.06671833, -77.12826333)"
MCP27360040,16057852,Montgomery County Police,Injury Crash,11/09/2016 05:49:00 PM,Maryland (State),KNOWLES AVE,County,HOWARD AVE,,N/A,PEDESTRIAN,STRAIGHT MOVEMENT ANGLE,RAINING,WET,DARK LIGHTS ON,NO CONTROLS,NONE DETECTED,NONE DETECTED,302471BD-6988-4EB2-96D4-F9EF8B0216EF,PEDESTRIAN,Cross/Enter at Intersection,IN ROADWAY IMPROPERLY,ON ROADWAY NOT AT CROSSWALK,NO PED. SIGNAL,DARK CLOTHING,Yes,SUSPECTED MINOR INJURY,NONE,39.03023667,-77.08485167,"(39.03023667, -77.08485167)"
MCP31430029,200027271,Montgomery County Police,Injury Crash,07/14/2020 06:30:00 AM,County,MARINELLI RD,Maryland (State),ROCKVILLE PIKE,,N/A,PEDESTRIAN,OTHER,CLEAR,DRY,DAYLIGHT,TRAFFIC SIGNAL,NONE DETECTED,NONE DETECTED,741A060D-E358-4268-9F6A-A7B7FC70DDB4,PEDESTRIAN,Cross/Enter at Intersection,NO IMPROPER ACTIONS,ON ROADWAY AT CROSSWALK,UNKNOWN,MIXED CLOTHING,Unknown,POSSIBLE INJURY,NONE,39.04735167,-77.11233833,"(39.04735167, -77.11233833)"
MCP09420033,210003657,Montgomery County Police,Injury Crash,01/29/2021 07:30:00 AM,Maryland (State),OLD GEORGETOWN RD,County,FAIRMONT AVE,,N/A,BICYCLIST,STRAIGHT MOVEMENT ANGLE,CLEAR,DRY,DAYLIGHT,NO CONTROLS,NONE DETECTED,NONE DETECTED,A2E84624-E3D7-4286-9988-12DE97B2ECCE,BICYCLIST,Cross/Enter at Intersection,NO IMPROPER ACTIONS,SIDEWALK,NO PED. SIGNAL,MIXED CLOTHING,No,SUSPECTED MINOR INJURY,MC/BIKE HELMET,38.98660671,-77.09718937,"(38.98660671, -77.09718937)"