Report Number,Local Case Number,Agency Name,ACRS Report Type,Crash Date/Time,Route Type,Road Name,Cross-Street Type,Cross-Street Name,Off-Road Description,Municipality,Related Non-Motorist,Collision Type,Weather,Surface Condition,Light,Traffic Control,Driver Substance Abuse,Non-Motorist Substance Abuse,Person ID,Pedestrian Type,Pedestrian Movement,Pedestrian Actions,Pedestrian Location,Pedestrian Obeyed Traffic Signal,Pedestrian Visibility,At Fault,Injury Severity,Safety Equipment,Latitude,Longitude,Location
MCP3225000F,200016839,Montgomery County Police,Injury Crash,04/22/2020 07:03:00 PM,County,RANDOLPH RD,County,COLIE DR,,N/A,PEDESTRIAN,SINGLE VEHICLE,CLEAR,DRY,DAYLIGHT,N/A,NONE DETECTED,NONE DETECTED,7C63DC7F-5740-45D9-8DDB-44C3768DF042,PEDESTRIAN,Walking/Cycling on Sidewalk,NO IMPROPER ACTIONS,SIDEWALK,N/A,UNKNOWN,No,SUSPECTED MINOR INJURY,NONE,39.05763712,-77.07974648,"(39.05763712, -77.07974648)"
MCP2348000M,15003441,Montgomery County Police,Injury Crash,01/21/2015 07:30:00 PM,Maryland (State),UNIVERSITY BLVD W,County,INWOOD AVE,,N/A,PEDESTRIAN,SINGLE VEHICLE,OTHER,WET,DARK LIGHTS ON,TRAFFIC SIGNAL,NONE DETECTED,NONE DETECTED,46E778DA-A668-46ED-A447-576A216AAA15,PEDESTRIAN,Other,NO IMPROPER ACTIONS,OTHER,N/A,N/A,,SUSPECTED SERIOUS INJURY,N/A,39.03602,-77.03609333,"(39.03602, -77.03609333)"
MCP2192001F,15051944,MONTGOMERY,Injury Crash,10/13/2015 01:44:00 PM,US (State),GEORGIA AVE,County,KING ST,,N/A,PEDESTRIAN,OTHER,CLEAR,DRY,DAYLIGHT,N/A,NONE DETECTED,N/A,A3ACB0B2-0234-489D-9CE6-29182B421064,PEDESTRIAN,Cross/Enter not at Intersection,INATTENTIVE,OUTSIDE RIGHT OF WAY,N/A,MIXED CLOTHING,Yes,POSSIBLE INJURY,N/A,38.98628167,-77.02696833,"(38.98628167, -77.02696833)"
MCP2846008N,230011235,Montgomery County Police,Injury Crash,03/07/2023 05:15:00 PM,Maryland (State),GEORGIA AVE,County,SHOREFIELD RD,,N/A,PEDESTRIAN,SINGLE VEHICLE,CLEAR,DRY,DAYLIGHT,TRAFFIC SIGNAL,NONE DETECTED,NONE DETECTED,90811964-A978-4FF4-9A0E-FA91A07BAFB8,PEDESTRIAN,Cross/Enter at Intersection,NO IMPROPER ACTIONS,ON ROADWAY AT CROSSWALK,OBEYED PED. SIGNAL,MIXED CLOTHING,No,POSSIBLE INJURY,NONE,39.0529,-77.05126667,"(39.0529, -77.05126667)"
MCP1291002X,200027688,Montgomery County Police,Injury Crash,07/16/2020 06:30:00 PM,,,,,PARKINGLOT OF 404 RIDGEPOINTLA,,PEDESTRIAN,OTHER,CLEAR,,DAYLIGHT,NO CONTROLS,NONE DETECTED,NONE DETECTED,2CCF3647-84F9-4A88-A987-293828CCFC6F,PEDESTRIAN,Other,NO IMPROPER ACTIONS,OTHER,N/A,LIGHT CLOTHING,Unknown,POSSIBLE INJURY,NONE,39.12335833,-77.24761333,"(39.12335833, -77.24761333)"
DD55750011,17000889,Rockville Police Departme,Injury Crash,01/05/2017 10:03:00 PM,Municipality,CLAGETT DR,Municipality,WADE AVE,,ROCKVILLE,PEDESTRIAN,OTHER,CLOUDY,DRY,DARK LIGHTS ON,NO CONTROLS,UNKNOWN,NONE DETECTED,A9602910-919E-40C8-B4CB-12A6DCBCB06B,PEDESTRIAN,Walking/Cycling on Sidewalk,N/A,SIDEWALK,N/A,REFLECTIVE MATERIAL,No,SUSPECTED MINOR INJURY,REFLECTIVE CLOTHING,39.07458,-77.13156333,"(39.07458, -77.13156333)"
EJ78780033,210034658,Gaithersburg Police Depar,Injury Crash,09/03/2021 09:00:00 PM,County,FIELDS RD,Municipality,RIO BLVD,,GAITHERSBURG,PEDESTRIAN,N/A,CLEAR,DRY,DARK LIGHTS ON,STOP SIGN,UNKNOWN,N/A,262C1CA7-1F8D-45DB-911E-73582D007A09,PEDESTRIAN,Cross/Enter at Intersection,NO IMPROPER ACTIONS,ON ROADWAY AT CROSSWALK,NO PED. SIGNAL,MIXED CLOTHING,No,POSSIBLE INJURY,NONE,39.1150137,-77.20491285,"(39.1150137, -77.20491285)"
MCP23480052,190024574,Montgomery County Police,Injury Crash,05/23/2019 05:30:00 PM,Maryland (State),GEORGIA AVE,Maryland (State),UNIVERSITY BLVD W,,N/A,PEDESTRIAN,OTHER,CLEAR,DRY,DAYLIGHT,TRAFFIC SIGNAL,NONE DETECTED,NONE DETECTED,BA019151-C3B9-4D35-91CE-A52BF1E90460,PEDESTRIAN,Cross/Enter at Intersection,NO IMPROPER ACTIONS,ON ROADWAY AT CROSSWALK,OBEYED PED. SIGNAL,LIGHT CLOTHING,No,SUSPECTED SERIOUS INJURY,N/A,39.04165333,-77.05187667,"(39.04165333, -77.05187667)"
MCP0539001Y,15061690,MONTGOMERY,Injury Crash,12/03/2015 08:28:00 AM,County,BEL PRE RD,County,GRAND PRE RD,,N/A,PEDESTRIAN,SINGLE VEHICLE,CLEAR,DRY,DAYLIGHT,NO CONTROLS,NONE DETECTED,NONE DETECTED,992B7C72-4677-4D02-9E91-DFF48F738A56,PEDESTRIAN,Other,NO IMPROPER ACTIONS,ON ROADWAY AT CROSSWALK,NO PED. SIGNAL,MIXED CLOTHING,No,SUSPECTED SERIOUS INJURY,NONE,39.09335667,-77.07518167,"(39.09335667, -77.07518167)"
MCP2796001Y,15031558,Montgomery County Police,Injury Crash,06/28/2015 11:20:00 AM,County,BEAVERWOOD LA,County,BEL PRE RD,,N/A,BICYCLIST,STRAIGHT MOVEMENT ANGLE,CLEAR,DRY,DAYLIGHT,TRAFFIC SIGNAL,NONE DETECTED,NONE DETECTED,66DE60E6-C70C-4031-AA14-0E095AD52ACA,BICYCLIST,Walking/Cycling on Sidewalk,FAILURE TO YIELD RIGHT OF WAY,ON ROADWAY AT CROSSWALK,NO PED. SIGNAL,MIXED CLOTHING,,SUSPECTED MINOR INJURY,NONE,39.09046667,-77.05909,"(39.09046667, -77.05909)"
DM8456001G,180004684,Takoma Park Police Depart,Injury Crash,01/27/2018 06:33:00 PM,Maryland (State),ETHAN ALLEN AVE,Municipality,ELM AVE,,TAKOMA PARK,BICYCLIST,SINGLE VEHICLE,CLEAR,DRY,DARK LIGHTS ON,STOP SIGN,NONE DETECTED,NONE DETECTED,C925E3F0-2465-4E5F-A4BE-380A1E821D96,BICYCLIST,Cross/Enter at Intersection,UNKNOWN,ON ROADWAY NOT AT CROSSWALK,OBEYED PED. SIGNAL,MIXED CLOTHING,Yes,SUSPECTED MINOR INJURY,NONE,38.98136,-77.01029333,"(38.98136, -77.01029333)"
MCP2974004F,230009921,Montgomery County Police,Injury Crash,02/28/2023 08:04:00 AM,County,OLD COLUMBIA PIKE,County,PERRYWOOD DR,,N/A,PEDESTRIAN,OTHER,CLEAR,DRY,DAYLIGHT,YIELD SIGN,UNKNOWN,NONE DETECTED,EBA68E1F-080A-4078-96A4-C5E81541587B,PEDESTRIAN,Cross/Enter at Intersection,NO IMPROPER ACTIONS,ON ROADWAY AT CROSSWALK,NO PED. SIGNAL,N/A,No,SUSPECTED MINOR INJURY,NONE,39.09572245,-76.94611098,"(39.09572245, -76.94611098)"
DD5527003P,210048073,Rockville Police Departme,Property Damage Crash,11/26/2021 05:15:00 PM,,,,,SHELL GAS STATION OF 1911 ROCKVILLE PIKE,,BICYCLIST,OTHER,CLEAR,,DARK LIGHTS ON,NO CONTROLS,UNKNOWN,NONE DETECTED,0906F3DD-C93E-408E-B955-06486F2FEEB0,BICYCLIST,Other,NO IMPROPER ACTIONS,OTHER,NO PED. SIGNAL,MIXED CLOTHING,No,NO APPARENT INJURY,NONE,39.05842351,-77.1214181,"(39.05842351, -77.1214181)"
MCP27890041,180001945,Montgomery County Police,Injury Crash,01/12/2018 08:35:00 PM,Maryland (State),EAST WEST HWY,Maryland (State),COLESVILLE RD,,N/A,PEDESTRIAN,SINGLE VEHICLE,RAINING,WET,DARK LIGHTS ON,NO CONTROLS,N/A,N/A,DCBEF241-EC2A-4A91-83E1-7A7F0B3F0BBC,PEDESTRIAN,Cross/Enter at Intersection,NO IMPROPER ACTIONS,AT INTERSECTION MARKED CROSSWALK,NO PED. SIGNAL,DARK CLOTHING,No,POSSIBLE INJURY,NONE,38.99199,-77.03059,"(38.99199, -77.03059)"
MCP3192003S,230015684,Montgomery County Police,Injury Crash,04/01/2023 04:56:00 PM,,,,,IN THE DRIVEWAY OF 907 KENBROOK DRIVE,,PEDESTRIAN,SINGLE VEHICLE,CLEAR,,DAYLIGHT,NO CONTROLS,UNKNOWN,NONE DETECTED,11E2E361-1D10-486A-84BA-75B4EBAB7714,PEDESTRIAN,Standing,IN ROADWAY IMPROPERLY,OTHER,NO PED. SIGNAL,N/A,No,POSSIBLE INJURY,NONE,39.03936487,-77.02629433,"(39.03936487, -77.02629433)"
MCP2466003F,200010139,Montgomery County Police,Injury Crash,02/29/2020 05:00:00 PM,Maryland (State),NEW HAMPSHIRE AVE,County,E RANDOLPH RD,,N/A,BICYCLIST,STRAIGHT MOVEMENT ANGLE,CLEAR,DRY,DAYLIGHT,NO CONTROLS,NONE DETECTED,NONE DETECTED,37E21522-7F0F-47C2-80A5-7A149CCC1DB4,BICYCLIST,Walking/Riding against Traffic,UNKNOWN,SIDEWALK,NO PED. SIGNAL,MIXED CLOTHING,Unknown,POSSIBLE INJURY,NONE,39.07640488,-77.00166139,"(39.07640488, -77.00166139)"
MCP1580007L,170534879,Montgomery County Police,Injury Crash,10/05/2017 10:24:00 AM,County,SNOUFFERS SCHOOL RD,County,GOSHEN RD,,N/A,PEDESTRIAN,OTHER,CLEAR,DRY,DAYLIGHT,N/A,NONE DETECTED,MEDICATION PRESENT,C0BF6780-A8EF-4EBB-9A89-4AB18E7CD2EC,PEDESTRIAN,Other,DART DASH,ON ROADWAY NOT AT CROSSWALK,N/A,MIXED CLOTHING,Yes,SUSPECTED MINOR INJURY,NONE,39.18648667,-77.18759167,"(39.18648667, -77.18759167)"
MCP2940000R,16038562,Montgomery County Police,Injury Crash,07/30/2016 12:49:00 PM,Maryland (State),CONNECTICUT AVE,Maryland (State),PLYERS MILL RD,,N/A,BICYCLIST,OTHER,CLOUDY,DRY,DAYLIGHT,TRAFFIC SIGNAL,NONE DETECTED,NONE DETECTED,E90327B9-193B-44B5-9C0B-D6540A58EE4B,BICYCLIST,Cross/Enter at Intersection,NO IMPROPER ACTIONS,AT INTERSECTION MARKED CROSSWALK,OBEYED PED. SIGNAL,N/A,No,SUSPECTED MINOR INJURY,NONE,39.029875,-77.07635833,"(39.029875, -77.07635833)"
MCP3153001G,190043200,Montgomery County Police,Injury Crash,09/09/2019 03:56:00 PM,Maryland (State),VEIRS MILL RD,County,CLARIDGE RD,,N/A,OTHER,SINGLE VEHICLE,CLOUDY,DRY,DAYLIGHT,TRAFFIC SIGNAL,ALCOHOL CONTRIBUTED,N/A,DB031711-6D0C-424F-8219-299034775A14,OTHER,N/A,NO IMPROPER ACTIONS,INSIDE BUILDING,N/A,N/A,No,NO APPARENT INJURY,N/A,39.04872,-77.06927,"(39.04872, -77.06927)"
MCP2935001S,190007777,Montgomery County Police,Injury Crash,02/17/2019 08:00:00 PM,,,,,"INSIDE MONTGOMERY COUNTY PARKING GARAGE #4 ON 2ND LEVEL, LOCATED AT 8110 FENTON STREET",,PEDESTRIAN,OTHER,N/A,,DARK LIGHTS ON,N/A,,NONE DETECTED,DC6AA1C0-7818-482F-8723-F59A499D4850,PEDESTRIAN,Getting off/on Vehicle,NO IMPROPER ACTIONS,OTHER,N/A,N/A,No,SUSPECTED MINOR INJURY,NONE,38.99167,-77.02514667,"(38.99167, -77.02514667)"
MCP3086000W,170548544,Montgomery County Police,Injury Crash,12/14/2017 12:45:00 PM,County,WIGHTMAN RD,County,GOSHEN RD,,N/A,PEDESTRIAN,N/A,CLEAR,DRY,DAYLIGHT,NO CONTROLS,NONE DETECTED,NONE DETECTED,69227D70-DF2A-497B-95F8-01B393535E63,PEDESTRIAN,Cross/Enter at Intersection,NO IMPROPER ACTIONS,ON ROADWAY AT CROSSWALK,OBEYED PED. SIGNAL,DARK CLOTHING,No,SUSPECTED MINOR INJURY,NONE,39.18797267,-77.18702867,"(39.18797267, -77.18702867)"
MCP2872001P,17014794,Montgomery County Police,Injury Crash,03/23/2017 09:24:00 AM,County,CHRISTOPHER AVE,Unknown,HELLINGLY PL,,N/A,PEDESTRIAN,STRAIGHT MOVEMENT ANGLE,CLEAR,DRY,DAYLIGHT,NO CONTROLS,NONE DETECTED,NONE DETECTED,694C619E-0E9F-4E2A-8E26-4CF467961AEC,PEDESTRIAN,Other Working,NO IMPROPER ACTIONS,OTHER,N/A,DARK CLOTHING,No,POSSIBLE INJURY,N/A,39.15944,-77.20575833,"(39.15944, -77.20575833)"
MCP2192003N,200039452,Montgomery County Police,Injury Crash,10/07/2020 09:21:00 AM,Maryland (State),NEW HAMPSHIRE AVE,County,MIDLAND RD,,N/A,PEDESTRIAN,OTHER,CLEAR,DRY,DAYLIGHT,TRAFFIC SIGNAL,NONE DETECTED,NONE DETECTED,1EF952B4-A2AE-4399-9596-D5318B1BA455,PEDESTRIAN,Other Working,NO IMPROPER ACTIONS,ON ROADWAY NOT AT CROSSWALK,N/A,REFLECTIVE MATERIAL,No,SUSPECTED MINOR INJURY,REFLECTIVE CLOTHING,39.07765333,-77.001465,"(39.07765333, -77.001465)"
DD56040031,190041532,Rockville Police Departme,Injury Crash,08/30/2019 01:30:00 PM,Municipality,REDLAND BLVD,Municipality,THOMPSON DAIRY WAY,,ROCKVILLE,PEDESTRIAN,OTHER,CLEAR,DRY,DAYLIGHT,TRAFFIC SIGNAL,NONE DETECTED,NONE DETECTED,869BDEDE-0A68-4B33-ACA7-471A7609E753,PEDESTRIAN,Cross/Enter at Intersection,NO IMPROPER ACTIONS,ON ROADWAY AT CROSSWALK,OBEYED PED. SIGNAL,LIGHT CLOTHING,No,SUSPECTED MINOR INJURY,NONE,39.11275167,-77.17153167,"(39.11275167, -77.17153167)"
EJ7884000Q,200039679,Gaithersburg Police Depar,Injury Crash,10/08/2020 05:40:00 PM,County,MUDDY BRANCH RD,County,DIAMONDBACK DR,,N/A,PEDESTRIAN,N/A,CLEAR,DRY,DAYLIGHT,TRAFFIC SIGNAL,NONE DETECTED,NONE DETECTED,75A2642B-2EA3-4E11-BB1E-AA9A3E51EF76,PEDESTRIAN,Cross/Enter at Intersection,UNKNOWN,ON ROADWAY AT CROSSWALK,OBEYED PED. SIGNAL,N/A,No,SUSPECTED MINOR INJURY,N/A,39.11511135,-77.21595598,"(39.11511135, -77.21595598)"
MCP9386001V,15007255,Montgomery County Police,Injury Crash,02/13/2015 08:52:00 AM,County,WESTPATH WAY,County,SANGAMORE RD,,N/A,PEDESTRIAN,OTHER,CLEAR,DRY,DAYLIGHT,NO CONTROLS,NONE DETECTED,NONE DETECTED,E157C002-7598-4FEA-BB79-2FB54F2B2362,PEDESTRIAN,Cross/Enter not at Intersection,DART DASH,ON ROADWAY NOT AT CROSSWALK,NO PED. SIGNAL,REFLECTIVE MATERIAL,,POSSIBLE INJURY,N/A,38.95641667,-77.12204833,"(38.95641667, -77.12204833)"
MCP2936004F,210012350,Montgomery County Police,Injury Crash,04/02/2021 04:17:00 PM,County,NICHOLSON LA,County,WOODGLEN DR,,N/A,PEDESTRIAN,OTHER,CLEAR,DRY,N/A,TRAFFIC SIGNAL,UNKNOWN,NONE DETECTED,9958476B-BA66-433F-8F2C-80FC04DDB68F,PEDESTRIAN,Cross/Enter at Intersection,NO IMPROPER ACTIONS,AT INTERSECTION MARKED CROSSWALK,OBEYED PED. SIGNAL,MIXED CLOTHING,No,SUSPECTED MINOR INJURY,NONE,39.045375,-77.118855,"(39.045375, -77.118855)"
MCP32220025,220054508,Montgomery County Police,Injury Crash,12/09/2022 01:30:00 PM,County,NICHOLSON LA,Maryland (State),ROCKVILLE PIKE,,N/A,PEDESTRIAN,N/A,CLOUDY,DRY,DAYLIGHT,TRAFFIC SIGNAL,UNKNOWN,NONE DETECTED,C6DE599C-A31E-42AD-8416-BCA3C91BA5D3,PEDESTRIAN,Cross/Enter at Intersection,NO IMPROPER ACTIONS,CURB,OBEYED PED. SIGNAL,N/A,No,POSSIBLE INJURY,NONE,39.04454395,-77.11195198,"(39.04454395, -77.11195198)"
MCP2871006H,190058878,Montgomery County Police,Injury Crash,12/06/2019 04:57:00 PM,,,,,PARKING LOT OF 10901 WESTLAKE DR,,PEDESTRIAN,SINGLE VEHICLE,CLEAR,,DARK NO LIGHTS,STOP SIGN,NONE DETECTED,NONE DETECTED,425DDD14-3245-4770-A714-CCD9B7B53D5C,PEDESTRIAN,Cross/Enter at Intersection,FAILURE TO YIELD RIGHT OF WAY,AT INTERSECTION BUT NO CROSSWALK,NO PED. SIGNAL,DARK CLOTHING,Yes,SUSPECTED MINOR INJURY,NONE,39.035335,-77.14590667,"(39.035335, -77.14590667)"
MCP3258002C,220033289,Montgomery County Police,Injury Crash,08/03/2022 11:20:00 AM,Maryland (State),UNIVERSITY BLVD W,Government,SLIGO CREEK PKWY,,N/A,BICYCLIST,SAME DIR REAR END,CLEAR,DRY,DAYLIGHT,N/A,NONE DETECTED,NONE DETECTED,B9211566-2794-4748-882E-4F23DB107508,BICYCLIST,Walking/Riding w/Traffic,N/A,ON ROADWAY NOT AT CROSSWALK,N/A,REFLECTIVE MATERIAL,No,POSSIBLE INJURY,MC/BIKE HELMET,39.036365,-77.028885,"(39.036365, -77.028885)"
MCP2848008V,190057926,Montgomery County Police,Injury Crash,12/02/2019 07:04:00 AM,County,CEDAR LA,Government,ELMHIRST PKWY,,N/A,BICYCLIST,OTHER,CLOUDY,DRY,DAWN,TRAFFIC SIGNAL,NONE DETECTED,NONE DETECTED,BAD7BCCF-7461-436A-80BC-A7C87D092B6D,BICYCLIST,Cross/Enter at Intersection,NO IMPROPER ACTIONS,ON ROADWAY AT CROSSWALK,OBEYED PED. SIGNAL,DARK CLOTHING,No,SUSPECTED MINOR INJURY,MC/BIKE HELMET,39.00710667,-77.09415833,"(39.00710667, -77.09415833)"
MCP2891002Z,16060748,Montgomery County Police,Injury Crash,11/26/2016 02:58:00 PM,Maryland (State),GEORGIA AVE,County,AUGUST DR,,N/A,PEDESTRIAN,SINGLE VEHICLE,CLEAR,DRY,DAYLIGHT,TRAFFIC SIGNAL,NONE DETECTED,NONE DETECTED,28B63E30-379A-4371-8CAE-E070E802F150,PEDESTRIAN,Cross/Enter at Intersection,NO IMPROPER ACTIONS,AT INTERSECTION MARKED CROSSWALK,OBEYED PED. SIGNAL,MIXED CLOTHING,No,SUSPECTED MINOR INJURY,N/A,39.02143,-77.04466,"(39.02143, -77.04466)"
MCP1174001J,16036199,Montgomery County Police,Injury Crash,07/17/2016 01:25:00 PM,,,,,PARKING GARAGE DRIVEWAY/ SIDEWALK,,BICYCLIST,SINGLE VEHICLE,N/A,,DAYLIGHT,STOP SIGN,NONE DETECTED,NONE DETECTED,BFC35E7E-C6BC-48E7-9D23-CD4658C4011C,BICYCLIST,Walking/Cycling on Sidewalk,NO IMPROPER ACTIONS,SIDEWALK,N/A,LIGHT CLOTHING,No,POSSIBLE INJURY,MC/BIKE HELMET,38.98091289,-77.09471226,"(38.98091289, -77.09471226)"
MCP2975000W,15061429,MONTGOMERY,Injury Crash,12/01/2015 09:05:00 PM,County,HARBOUR TOWN DR,County,HILTON HEAD CT,,N/A,PEDESTRIAN,OTHER,CLOUDY,WET,DARK LIGHTS ON,OTHER,NONE DETECTED,NONE DETECTED,7358FECB-5C03-49EA-9711-78AC9F0F6A61,PEDESTRIAN,Walking/Cycling on Sidewalk,NO IMPROPER ACTIONS,SIDEWALK,NO PED. SIGNAL,MIXED CLOTHING,No,SUSPECTED MINOR INJURY,NONE,39.130925,-77.00749833,"(39.130925, -77.00749833)"
MCP1213003P,180015705,Montgomery County Police,Injury Crash,03/31/2018 09:00:00 PM,Maryland (State),NEW HAMPSHIRE AVE,County,TREE LAWN DR,,N/A,PEDESTRIAN,SAME DIR REAR END,CLEAR,DRY,DARK LIGHTS ON,NO CONTROLS,NONE DETECTED,NONE DETECTED,B7661987-D701-4BDD-9A04-35EFE2AF35E4,PEDESTRIAN,Standing,NO IMPROPER ACTIONS,ON ROADWAY NOT AT CROSSWALK,N/A,REFLECTIVE MATERIAL,No,SUSPECTED SERIOUS INJURY,REFLECTIVE CLOTHING,39.14524833,-77.00562,"(39.14524833, -77.00562)"
MCP28510023,16057442,Montgomery County Police,Injury Crash,11/07/2016 03:47:00 PM,Maryland (State),GREAT SENECA HWY,County,MIDDLEBROOK RD,,N/A,PEDESTRIAN,SINGLE VEHICLE,CLEAR,DRY,DAYLIGHT,TRAFFIC SIGNAL,NONE DETECTED,NONE DETECTED,4F693368-D7C0-4535-AA41-CAAF0129485B,PEDESTRIAN,Cross/Enter at Intersection,FAILURE TO OBEY TRAFFIC SIGNS SIGNALS OR OFFICER,ON ROADWAY AT CROSSWALK,DISOBEYED PED. SIGNAL,MIXED CLOTHING,Yes,SUSPECTED MINOR INJURY,NONE,39.17465833,-77.26129667,"(39.17465833, -77.26129667)"
MCP20080071,190059574,Montgomery County Police,Injury Crash,12/10/2019 08:01:00 PM,Maryland (State),OLD GEORGETOWN RD,Government,CENTER DR,,N/A,BICYCLIST,OTHER,RAINING,WET,DARK LIGHTS ON,TRAFFIC SIGNAL,NONE DETECTED,NONE DETECTED,47C5DE33-B3BA-456A-BDF7-B98528B44211,BICYCLIST,Cross/Enter at Intersection,NO IMPROPER ACTIONS,ON ROADWAY AT CROSSWALK,OBEYED PED. SIGNAL,DARK CLOTHING,No,SUSPECTED SERIOUS INJURY,NONE,39.00282667,-77.11020167,"(39.00282667, -77.11020167)"
MCP31920036,220043914,Montgomery County Police,Injury Crash,10/07/2022 06:17:00 PM,Maryland (State),UNIVERSITY BLVD W,County,FERN ST,,N/A,PEDESTRIAN,SINGLE VEHICLE,CLEAR,DRY,DUSK,N/A,NONE DETECTED,NONE DETECTED,9BE05857-0836-4638-A14A-2197279FBFD9,PEDESTRIAN,Cross/Enter at Intersection,IN ROADWAY IMPROPERLY,ON ROADWAY NOT AT CROSSWALK,NO PED. SIGNAL,MIXED CLOTHING,Yes,POSSIBLE INJURY,NONE,39.04149467,-77.05098383,"(39.04149467, -77.05098383)"
DD56470017,210032646,Rockville Police Departme,Injury Crash,08/21/2021 06:51:00 PM,Municipality,TWINBROOK PKWY,Municipality,CHAPMAN AVE,,ROCKVILLE,PEDESTRIAN,SINGLE VEHICLE,CLEAR,DRY,DUSK,TRAFFIC SIGNAL,N/A,N/A,5529AB08-65AF-481D-929A-75075A104D8C,PEDESTRIAN,Walking/Cycling on Sidewalk,NO IMPROPER ACTIONS,AT INTERSECTION MARKED CROSSWALK,OBEYED PED. SIGNAL,MIXED CLOTHING,No,SUSPECTED SERIOUS INJURY,N/A,39.05867525,-77.11878494,"(39.05867525, -77.11878494)"
EJ77470015,15030436,Gaithersburg Police Depar,Injury Crash,06/22/2015 12:45:00 PM,Municipality,CHESTERTOWN ST,Municipality,LITTLE QUARRY RD,,GAITHERSBURG,PEDESTRIAN,HEAD ON LEFT TURN,N/A,DRY,DAYLIGHT,NO CONTROLS,NONE DETECTED,NONE DETECTED,3CB1A0A3-365E-4869-8F36-50239E572364,PEDESTRIAN,Cross/Enter not at Intersection,N/A,ON ROADWAY NOT AT CROSSWALK,NO PED. SIGNAL,LIGHT CLOTHING,,POSSIBLE INJURY,N/A,39.123305,-77.24685333,"(39.123305, -77.24685333)"
MCP3021001V,170541477,Montgomery County Police,Injury Crash,11/07/2017 12:50:00 PM,County,GREENCASTLE RD,County,OLD COLUMBIA PIKE,,N/A,BICYCLIST,SINGLE VEHICLE,RAINING,WET,DAYLIGHT,NO CONTROLS,UNKNOWN,N/A,06FE5E99-4506-4ED7-BD08-3917B3F97320,BICYCLIST,Cross/Enter not at Intersection,NO IMPROPER ACTIONS,ON ROADWAY NOT AT CROSSWALK,NO PED. SIGNAL,MIXED CLOTHING,No,SUSPECTED MINOR INJURY,NONE,39.09776145,-76.94304943,"(39.09776145, -76.94304943)"
MCP137800BR,16042097,Montgomery County Police,Injury Crash,08/19/2016 10:40:00 AM,County,DECOVERLY DR,County,DIAMONDBACK DR,,N/A,BICYCLIST,STRAIGHT MOVEMENT ANGLE,CLEAR,DRY,DAYLIGHT,STOP SIGN,NONE DETECTED,NONE DETECTED,EF06A045-9AD2-4F41-BA7F-C6663A1CBF61,BICYCLIST,Cross/Enter at Intersection,NO IMPROPER ACTIONS,ON ROADWAY AT CROSSWALK,NO PED. SIGNAL,MIXED CLOTHING,No,SUSPECTED MINOR INJURY,NONE,39.10734025,-77.20289916,"(39.10734025, -77.20289916)"
MCP26800027,180001167,Montgomery County Police,Injury Crash,01/08/2018 06:13:00 PM,Maryland (State),GEORGIA AVE,County,FENWICK LA,,N/A,PEDESTRIAN,STRAIGHT MOVEMENT ANGLE,SLEET,WET,DARK LIGHTS ON,OTHER,NONE DETECTED,NONE DETECTED,2DC8E4D5-B083-4D0C-B0B0-8E6CDB993541,PEDESTRIAN,Cross/Enter at Intersection,NO IMPROPER ACTIONS,AT INTERSECTION MARKED CROSSWALK,NO PED. SIGNAL,LIGHT CLOTHING,No,SUSPECTED MINOR INJURY,NONE,38.99821548,-77.03073889,"(38.99821548, -77.03073889)"
MCP30050037,170539649,Montgomery County Police,Injury Crash,10/29/2017 01:40:00 PM,,,,,PARKING LOT OF 12389 GEORGIA AVE,,PEDESTRIAN,ANGLE MEETS LEFT TURN,CLOUDY,,DAYLIGHT,NO CONTROLS,NONE DETECTED,NONE DETECTED,82216360-A25A-4921-BDC9-AAA883D759DC,PEDESTRIAN,Other,NO IMPROPER ACTIONS,OTHER,NO PED. SIGNAL,LIGHT CLOTHING,No,POSSIBLE INJURY,NONE,39.06081197,-77.04990059,"(39.06081197, -77.04990059)"
MCP2968003Q,210023331,Montgomery County Police,Injury Crash,06/18/2021 10:40:00 AM,County,PINEY MEETINGHOUSE RD,County,TRAVILAH RD,,N/A,BICYCLIST,OTHER,CLEAR,DRY,DAYLIGHT,STOP SIGN,N/A,N/A,CC3CF0EC-7CC9-4CEA-9E54-BAF79E538735,BICYCLIST,Walking/Riding w/Traffic,NO IMPROPER ACTIONS,OTHER,OTHER,MIXED CLOTHING,No,SUSPECTED MINOR INJURY,UNKNOWN,39.086345,-77.21845333,"(39.086345, -77.21845333)"
MCP3097002S,220034594,Montgomery County Police,Injury Crash,08/11/2022 07:42:00 PM,County,SCHUBERT DR,Unknown,PIANO LA,,N/A,PEDESTRIAN,HEAD ON LEFT TURN,N/A,N/A,DAYLIGHT,STOP SIGN,NONE DETECTED,NONE DETECTED,AD1F3E01-75A2-4AAF-B9F2-4B6006DF4579,PEDESTRIAN,Cross/Enter at Intersection,NO IMPROPER ACTIONS,ON ROADWAY AT CROSSWALK,NO PED. SIGNAL,MIXED CLOTHING,No,SUSPECTED MINOR INJURY,N/A,39.07104,-76.94924,"(39.07104, -76.94924)"
MCP23560026,220012207,Montgomery County Police,Injury Crash,03/21/2022 05:43:00 PM,County,W WILLARD RD,County,WESTERLY RD,,N/A,BICYCLIST,SAME DIR REAR END,N/A,DRY,DAYLIGHT,N/A,UNKNOWN,NONE DETECTED,E03404E8-D2F5-48F0-86E3-932EBCD80828,BICYCLIST,Walking/Riding w/Traffic,IN ROADWAY IMPROPERLY,N/A,UNKNOWN,DARK CLOTHING,No,POSSIBLE INJURY,UNKNOWN,39.13580813,-77.4225427,"(39.13580813, -77.4225427)"