Report Number,Local Case Number,Agency Name,ACRS Report Type,Crash Date/Time,Route Type,Road Name,Cross-Street Type,Cross-Street Name,Off-Road Description,Municipality,Related Non-Motorist,Collision Type,Weather,Surface Condition,Light,Traffic Control,Driver Substance Abuse,Non-Motorist Substance Abuse,Person ID,Pedestrian Type,Pedestrian Movement,Pedestrian Actions,Pedestrian Location,Pedestrian Obeyed Traffic Signal,Pedestrian Visibility,At Fault,Injury Severity,Safety Equipment,Latitude,Longitude,Location
MCP2805001V,16009121,Montgomery County Police,Injury Crash,02/23/2016 06:49:00 PM,,,,,"7106 MUNCASTER MILL RD, GAITHERSBURG, MD (MCDONALDS PARKING LOT)",,PEDESTRIAN,SINGLE VEHICLE,RAINING,,DARK LIGHTS ON,NO CONTROLS,NONE DETECTED,NONE DETECTED,82FC0EB1-A088-4EA9-BA69-8E843D25D045,PEDESTRIAN,Other,NO IMPROPER ACTIONS,ON ROADWAY AT CROSSWALK,NO PED. SIGNAL,DARK CLOTHING,No,POSSIBLE INJURY,N/A,39.14579,-77.14477667,"(39.14579, -77.14477667)"
MCP2504003S,190001829,Montgomery County Police,Injury Crash,01/11/2019 06:03:00 PM,County,GLEN MILL RD,County,DARNESTOWN RD,,N/A,BICYCLIST,SAME DIRECTION RIGHT TURN,CLEAR,DRY,DARK LIGHTS ON,TRAFFIC SIGNAL,UNKNOWN,NONE DETECTED,C6BCB9CC-1274-4649-85FE-E25CABA29793,BICYCLIST,Cross/Enter at Intersection,NO IMPROPER ACTIONS,AT INTERSECTION MARKED CROSSWALK,OBEYED PED. SIGNAL,DARK CLOTHING,No,POSSIBLE INJURY,NONE,39.09224667,-77.194515,"(39.09224667, -77.194515)"
MCP271700K4,180041691,Montgomery County Police,Injury Crash,08/21/2018 09:40:00 PM,County,SOUTHAMPTON DR,County,BEACON RD,,N/A,PEDESTRIAN,OTHER,CLEAR,WET,DARK LIGHTS ON,NO CONTROLS,UNKNOWN,NONE DETECTED,2D1AC938-0AD1-4A2D-A06C-21E120626FB5,PEDESTRIAN,Cross/Enter not at Intersection,IN ROADWAY IMPROPERLY,ON ROADWAY NOT AT CROSSWALK,NO PED. SIGNAL,MIXED CLOTHING,No,SUSPECTED MINOR INJURY,NONE,39.00533483,-76.98210633,"(39.00533483, -76.98210633)"
MCP3289000G,210005250,Montgomery County Police,Injury Crash,02/10/2021 06:35:00 AM,Maryland (State),UNIVERSITY BLVD E,County,WILLIAMSBURG DR,,N/A,PEDESTRIAN,SINGLE VEHICLE,CLOUDY,DRY,DARK LIGHTS ON,TRAFFIC SIGNAL,UNKNOWN,NONE DETECTED,D6D0F8E6-E6DA-46A2-B9E7-396806BDAEBA,PEDESTRIAN,Cross/Enter at Intersection,NO IMPROPER ACTIONS,ON ROADWAY AT CROSSWALK,OBEYED PED. SIGNAL,MIXED CLOTHING,No,SUSPECTED SERIOUS INJURY,NONE,39.01797675,-77.00688918,"(39.01797675, -77.00688918)"
MCP32570052,220026008,Montgomery County Police,Injury Crash,06/16/2022 09:25:00 PM,,,,,PARKING LOT OF 11601 BOILING BROOK PL,,PEDESTRIAN,SINGLE VEHICLE,CLEAR,,DARK LIGHTS ON,NO CONTROLS,NONE DETECTED,NONE DETECTED,B6FF466E-EC54-4B1A-A96E-D58DC1015322,PEDESTRIAN,Other,OTHER,OTHER,N/A,MIXED CLOTHING,No,SUSPECTED MINOR INJURY,NONE,39.04673924,-77.09930908,"(39.04673924, -77.09930908)"
MCP27080082,230009852,Montgomery County Police,Injury Crash,02/27/2023 07:13:00 PM,Maryland (State),PINEY BRANCH RD,Maryland (State),UNIVERSITY BLVD E,,N/A,PEDESTRIAN,OTHER,RAINING,WET,DARK LIGHTS ON,TRAFFIC SIGNAL,NONE DETECTED,NONE DETECTED,AA6CBAA5-8E1D-4CF1-94E1-BD6A8E477954,PEDESTRIAN,Cross/Enter at Intersection,NO IMPROPER ACTIONS,ON ROADWAY AT CROSSWALK,OBEYED PED. SIGNAL,MIXED CLOTHING,No,POSSIBLE INJURY,NONE,38.99978642,-76.99526053,"(38.99978642, -76.99526053)"
MCP2754000K,16008202,Montgomery County Police,Injury Crash,02/18/2016 06:18:00 PM,Maryland (State),PINEY BRANCH RD,Unknown,ENT TO APTS,,N/A,PEDESTRIAN,SINGLE VEHICLE,CLEAR,DRY,DARK LIGHTS ON,NO CONTROLS,NONE DETECTED,N/A,B9158FFD-CD2E-4629-8CEE-5FF98C4D05F3,PEDESTRIAN,Cross/Enter not at Intersection,DART DASH,AT INTERSECTION BUT NO CROSSWALK,NO PED. SIGNAL,DARK CLOTHING,Yes,POSSIBLE INJURY,NONE,39.045515,-76.99096333,"(39.045515, -76.99096333)"
MCP14830006,16048349,Montgomery County Police,Injury Crash,09/20/2016 03:20:00 PM,County,CRABBS BRANCH WAY,County,REDLAND RD,,N/A,PEDESTRIAN,SINGLE VEHICLE,CLEAR,DRY,DAYLIGHT,TRAFFIC SIGNAL,NONE DETECTED,NONE DETECTED,F0AE8F71-8454-4FC2-ACBC-F86FE07BD9C7,PEDESTRIAN,Cross/Enter at Intersection,NO IMPROPER ACTIONS,AT INTERSECTION MARKED CROSSWALK,OBEYED PED. SIGNAL,MIXED CLOTHING,No,SUSPECTED MINOR INJURY,N/A,39.12087,-77.15864,"(39.12087, -77.15864)"
DM8439003C,190037445,Takoma Park Police Depart,Injury Crash,08/06/2019 10:15:00 AM,,,,,900 MERRIMAC DR,,PEDESTRIAN,SINGLE VEHICLE,CLEAR,,DAYLIGHT,N/A,N/A,N/A,29760E4E-066F-4FB0-9E80-E0376A520518,PEDESTRIAN,Other,INATTENTIVE,OTHER,N/A,MIXED CLOTHING,Yes,POSSIBLE INJURY,NONE,38.99262833,-76.992025,"(38.99262833, -76.992025)"
MCP2492000G,15059115,MONTGOMERY,Property Damage Crash,11/19/2015 03:08:00 PM,Municipality,MAIN ST,Maryland (State),DARNESTOWN RD,,N/A,BICYCLIST,OTHER,RAINING,WET,DAYLIGHT,TRAFFIC SIGNAL,N/A,N/A,F3A1A7CA-1D8E-4486-AB4D-0316DB3BBD8D,BICYCLIST,Cross/Enter at Intersection,FAILURE TO OBEY TRAFFIC SIGNS SIGNALS OR OFFICER,ON ROADWAY AT CROSSWALK,DISOBEYED PED. SIGNAL,MIXED CLOTHING,Yes,NO APPARENT INJURY,NONE,39.11228577,-77.24056005,"(39.11228577, -77.24056005)"
MCP2617006R,190002321,Montgomery County Police,Injury Crash,01/15/2019 04:10:00 PM,County,RANDOLPH RD,County,GARDEN GATE RD,,N/A,PEDESTRIAN,OTHER,CLEAR,DRY,DAYLIGHT,TRAFFIC SIGNAL,NONE DETECTED,NONE DETECTED,43CF3A0E-40C0-4108-A609-45489F750AF8,PEDESTRIAN,Cross/Enter at Intersection,NO IMPROPER ACTIONS,AT INTERSECTION MARKED CROSSWALK,OBEYED PED. SIGNAL,DARK CLOTHING,No,NO APPARENT INJURY,NONE,39.06402,-77.03982167,"(39.06402, -77.03982167)"
MCP26410016,190010359,Montgomery County Police,Injury Crash,03/05/2019 10:05:00 PM,County,MIDDLEBROOK RD,Maryland (State),FREDERICK RD,,N/A,PEDESTRIAN,SINGLE VEHICLE,CLEAR,DRY,DARK LIGHTS ON,TRAFFIC SIGNAL,NONE DETECTED,ALCOHOL PRESENT,283090F4-2584-4112-B254-C207FB5CAA01,PEDESTRIAN,Cross/Enter at Intersection,INATTENTIVE,UNKNOWN,UNKNOWN,DARK CLOTHING,Unknown,POSSIBLE INJURY,N/A,39.18082667,-77.23877667,"(39.18082667, -77.23877667)"
MCP3163005B,230013540,Montgomery County Police,Injury Crash,03/20/2023 04:56:00 PM,County,NICHOLSON LA,County,WOODGLEN DR,,N/A,PEDESTRIAN,STRAIGHT MOVEMENT ANGLE,CLEAR,DRY,DAYLIGHT,TRAFFIC SIGNAL,N/A,NONE DETECTED,18BB9F01-C780-4929-AAB5-54FB814B4F97,PEDESTRIAN,Cross/Enter at Intersection,NO IMPROPER ACTIONS,ON ROADWAY AT CROSSWALK,OBEYED PED. SIGNAL,MIXED CLOTHING,No,POSSIBLE INJURY,N/A,39.04462667,-77.11313167,"(39.04462667, -77.11313167)"
MCP24920019,200002735,Montgomery County Police,Fatal Crash,01/16/2020 06:33:00 PM,Maryland (State),ROCKVILLE PIKE,Municipality,WOOTTON PKWY,,ROCKVILLE,PEDESTRIAN,OTHER,SEVERE WINDS,DRY,DARK LIGHTS ON,NO CONTROLS,NONE DETECTED,UNKNOWN,8D8FF068-C253-4414-9496-D64BFC732C6B,PEDESTRIAN,Cross/Enter not at Intersection,FAILURE TO YIELD RIGHT OF WAY,ON ROADWAY NOT AT CROSSWALK,NO PED. SIGNAL,DARK CLOTHING,Yes,FATAL INJURY,N/A,39.07798974,-77.140867,"(39.07798974, -77.140867)"
MCP2087002Q,190004828,Montgomery County Police,Injury Crash,01/31/2019 06:43:00 AM,Maryland (State),GEORGIA AVE,Maryland (State),CONNECTICUT AVE,,N/A,PEDESTRIAN,SINGLE VEHICLE,CLEAR,DRY,DAWN,TRAFFIC SIGNAL,NONE DETECTED,NONE DETECTED,B1B00341-3E2B-49B9-AF58-C81E2D01486E,PEDESTRIAN,Cross/Enter at Intersection,NO IMPROPER ACTIONS,ON ROADWAY AT CROSSWALK,OBEYED PED. SIGNAL,DARK CLOTHING,No,POSSIBLE INJURY,N/A,39.08375333,-77.07751333,"(39.08375333, -77.07751333)"
MCP2008003R,170509660,Montgomery County Police,Injury Crash,05/24/2017 05:18:00 PM,County,LONE OAK DR,Maryland (State),OLD GEORGETOWN RD,,N/A,BICYCLIST,STRAIGHT MOVEMENT ANGLE,CLOUDY,DRY,DAYLIGHT,TRAFFIC SIGNAL,NONE DETECTED,NONE DETECTED,A6849E6F-4821-41AD-912A-2820802F5CBC,BICYCLIST,Cross/Enter at Intersection,FAILURE TO OBEY TRAFFIC SIGNS SIGNALS OR OFFICER,AT INTERSECTION MARKED CROSSWALK,DISOBEYED PED. SIGNAL,LIGHT CLOTHING,Yes,SUSPECTED MINOR INJURY,NONE,39.020575,-77.12265667,"(39.020575, -77.12265667)"
MCP28480019,15037263,MONTGOMERY,Injury Crash,07/28/2015 10:54:00 AM,County,OSCEOLA RD,County,OSCEOLA CT,,N/A,PEDESTRIAN,OTHER,CLEAR,DRY,DAYLIGHT,NO CONTROLS,NONE DETECTED,NONE DETECTED,4DDEE032-C0BA-4946-B98E-5C07C433D5FB,PEDESTRIAN,Getting off/on Vehicle,ENTERING EXITING PARKED STANDING VEHICLE,ON ROADWAY NOT AT CROSSWALK,NO PED. SIGNAL,REFLECTIVE MATERIAL,Yes,POSSIBLE INJURY,REFLECTIVE CLOTHING,38.96401833,-77.11839833,"(38.96401833, -77.11839833)"
MCP2203004Q,200026353,Montgomery County Police,Injury Crash,07/07/2020 01:40:00 PM,Maryland (State),GEORGIA AVE,County,SHOREFIELD RD,,N/A,PEDESTRIAN,OTHER,CLEAR,DRY,DAYLIGHT,TRAFFIC SIGNAL,UNKNOWN,N/A,C33961B6-CC24-42E4-A1A1-707E3A6D3A6C,PEDESTRIAN,Cross/Enter at Intersection,UNKNOWN,AT INTERSECTION MARKED CROSSWALK,UNKNOWN,MIXED CLOTHING,Unknown,POSSIBLE INJURY,N/A,39.05309083,-77.05111867,"(39.05309083, -77.05111867)"
MCP1022009Q,180042151,Montgomery County Police,Injury Crash,08/24/2018 08:43:00 AM,County,WANEGARDEN DR,County,WISTERIA DR,,N/A,BICYCLIST,SINGLE VEHICLE,CLEAR,DRY,DAYLIGHT,STOP SIGN,NONE DETECTED,NONE DETECTED,24B81EAA-0874-4A36-95CC-D71BD10DF8C5,BICYCLIST,Walking/Riding w/Traffic,NO IMPROPER ACTIONS,ON ROADWAY NOT AT CROSSWALK,N/A,LIGHT CLOTHING,No,SUSPECTED MINOR INJURY,NONE,39.18197833,-77.28993667,"(39.18197833, -77.28993667)"
MCP12100052,210050367,Montgomery County Police,Injury Crash,12/11/2021 01:52:00 PM,,,,,SHOPPING CENTER AT 480 N. FREDERICK AVE,,PEDESTRIAN,OTHER,CLOUDY,,DAYLIGHT,N/A,NONE DETECTED,NONE DETECTED,3BBE8313-8DAC-4603-A59E-1A8EE8562C1A,PEDESTRIAN,Other,NO IMPROPER ACTIONS,OTHER,N/A,LIGHT CLOTHING,No,SUSPECTED MINOR INJURY,NONE,39.14789586,-77.20843342,"(39.14789586, -77.20843342)"
MCP27360054,170542631,Montgomery County Police,Injury Crash,11/13/2017 09:39:00 PM,County,DORSET AVE,County,KENNEDY DR,,N/A,BICYCLIST,STRAIGHT MOVEMENT ANGLE,CLEAR,DRY,DARK LIGHTS ON,STOP SIGN,NONE DETECTED,NONE DETECTED,878A5ADC-218C-4688-85B9-4F70E4F4EE9F,BICYCLIST,Cross/Enter at Intersection,NO IMPROPER ACTIONS,AT INTERSECTION MARKED CROSSWALK,NO PED. SIGNAL,MIXED CLOTHING,No,POSSIBLE INJURY,MC/BIKE HELMET,38.96882383,-77.10263967,"(38.96882383, -77.10263967)"
MCP31990021,200026750,Montgomery County Police,Injury Crash,07/10/2020 06:23:00 AM,Maryland (State),VEIRS MILL RD,County,BUSHEY DR,,N/A,OTHER CONVEYANCE,SAME DIR REAR END,CLEAR,DRY,DAYLIGHT,NO CONTROLS,NONE DETECTED,NONE DETECTED,AAB0A796-AA4A-436D-AEC2-97724B8C71F8,OTHER CONVEYANCE,Other,INATTENTIVE,OTHER,OTHER,DARK CLOTHING,Yes,SUSPECTED MINOR INJURY,MC/BIKE HELMET,39.05463833,-77.07975333,"(39.05463833, -77.07975333)"
MCP2450003X,220003835,Montgomery County Police,Injury Crash,01/28/2022 07:10:00 PM,,,,,PARKING LOT OF 8523 PINEY BRANCH RD,,PEDESTRIAN,OTHER,SNOW,,DARK LIGHTS ON,NO CONTROLS,ALCOHOL PRESENT,NONE DETECTED,3C1E2079-23AD-4A77-8C5E-05E95BB9DFE8,PEDESTRIAN,Other,NO IMPROPER ACTIONS,OTHER,N/A,OTHER,No,SUSPECTED MINOR INJURY,N/A,38.99833014,-77.00240002,"(38.99833014, -77.00240002)"
MCP2598004C,230028257,Montgomery County Police,Injury Crash,06/12/2023 03:09:00 PM,County,RANDOLPH RD,Maryland (State),GEORGIA AVE,,N/A,PEDESTRIAN,STRAIGHT MOVEMENT ANGLE,RAINING,WET,DAYLIGHT,TRAFFIC SIGNAL,NONE DETECTED,NONE DETECTED,82440597-E387-4A8C-919F-66B887B9B32B,PEDESTRIAN,Cross/Enter at Intersection,FAILURE TO YIELD RIGHT OF WAY,AT INTERSECTION MARKED CROSSWALK,DISOBEYED PED. SIGNAL,MIXED CLOTHING,Yes,POSSIBLE INJURY,NONE,39.05843513,-77.0498156,"(39.05843513, -77.0498156)"
DD5643002S,230026189,Rockville Police Departme,Injury Crash,05/31/2023 05:00:00 PM,Municipality,W MONTGOMERY AVE,Municipality,N VAN BUREN ST,,ROCKVILLE,BICYCLIST,OTHER,CLEAR,DRY,DAYLIGHT,STOP SIGN,UNKNOWN,NONE DETECTED,B11E2CDA-6385-410B-9051-D177CACBFEE7,BICYCLIST,Cross/Enter at Intersection,OTHER,AT INTERSECTION MARKED CROSSWALK,N/A,MIXED CLOTHING,Unknown,SUSPECTED MINOR INJURY,NONE,39.08412648,-77.15685182,"(39.08412648, -77.15685182)"
EJ7871000M,180057539,Gaithersburg Police Depar,Injury Crash,11/16/2018 04:44:00 PM,Municipality,MAIN ST,Municipality,MARKET ST E,,GAITHERSBURG,BICYCLIST,SINGLE VEHICLE,CLEAR,DRY,DAYLIGHT,STOP SIGN,NONE DETECTED,NONE DETECTED,62A9631E-50B4-440A-A585-A948F33C4872,BICYCLIST,Cross/Enter at Intersection,N/A,SIDEWALK,NO PED. SIGNAL,MIXED CLOTHING,No,POSSIBLE INJURY,NONE,39.12098333,-77.23647167,"(39.12098333, -77.23647167)"
MCP14330042,220025437,Montgomery County Police,Injury Crash,06/13/2022 04:10:00 PM,Maryland (State),ROCKVILLE PIKE,Unknown,ENT TO WINTERGREEN PLAZA,,N/A,OTHER CONVEYANCE,OTHER,CLEAR,DRY,DAYLIGHT,NO CONTROLS,UNKNOWN,NONE DETECTED,735441ED-39C8-404E-99FF-811DBD61A27C,OTHER CONVEYANCE,Walking/Riding against Traffic,WRONG WAY RIDING OR WALKING,ON ROADWAY AT CROSSWALK,NO PED. SIGNAL,LIGHT CLOTHING,Yes,POSSIBLE INJURY,MC/BIKE HELMET,39.0753,-77.13718167,"(39.0753, -77.13718167)"
MCP3330000W,230001721,Montgomery County Police,Injury Crash,01/11/2023 01:57:00 PM,,,,,PARKING LOT OF 801 E GUDE DR,,PEDESTRIAN,OTHER,CLOUDY,,DAYLIGHT,N/A,N/A,N/A,00BDC37E-7FB7-4172-9C7F-88921F898154,PEDESTRIAN,Standing,UNKNOWN,OTHER,N/A,N/A,Unknown,SUSPECTED MINOR INJURY,N/A,39.101803,-77.142026,"(39.101803, -77.142026)"
MCP22980098,16041928,Montgomery County Police,Injury Crash,08/18/2016 01:00:00 PM,County,SHAKESPEARE BLVD,Maryland (State),FREDERICK RD,,N/A,BICYCLIST,OTHER,CLEAR,DRY,N/A,TRAFFIC SIGNAL,NONE DETECTED,N/A,08281D21-C5D4-407C-BA37-460388DBC3FA,BICYCLIST,Cross/Enter at Intersection,NO IMPROPER ACTIONS,ON ROADWAY AT CROSSWALK,OBEYED PED. SIGNAL,MIXED CLOTHING,No,POSSIBLE INJURY,MC/BIKE HELMET,39.19834669,-77.24505812,"(39.19834669, -77.24505812)"
MCP1305003Z,200006511,Montgomery County Police,Property Damage Crash,02/08/2020 02:52:00 PM,,,,,PARKING LOT AT 22 TINDALL SRPINGS CT,,OTHER,OTHER,CLEAR,,DAYLIGHT,NO CONTROLS,NONE DETECTED,N/A,C29B8ED9-C74D-4F71-8804-6A0CE6219D80,OTHER,N/A,NO IMPROPER ACTIONS,INSIDE BUILDING,N/A,N/A,No,NO APPARENT INJURY,N/A,39.18515167,-77.17692833,"(39.18515167, -77.17692833)"
MCP3249001F,210000286,Montgomery County Police,Injury Crash,01/03/2021 05:29:00 PM,Maryland (State),NEW HAMPSHIRE AVE,County,DILSTON RD,,N/A,PEDESTRIAN,OTHER,RAINING,WET,DARK LIGHTS ON,TRAFFIC SIGNAL,NONE DETECTED,ALCOHOL CONTRIBUTED,26C7482F-80F6-4F92-9393-F692D23F828A,PEDESTRIAN,Cross/Enter at Intersection,DART DASH,AT INTERSECTION MARKED CROSSWALK,DISOBEYED PED. SIGNAL,DARK CLOTHING,Yes,SUSPECTED SERIOUS INJURY,NONE,39.011195,-76.97908167,"(39.011195, -76.97908167)"
MCP14330044,220027715,Montgomery County Police,Injury Crash,06/27/2022 07:25:00 PM,,,,,FEDERAL PLAZA SHOPPING CENTER 12266-E ROCKVILLE PIKE (TIGER SUGAR),,OTHER,SINGLE VEHICLE,CLEAR,,DAYLIGHT,N/A,NONE DETECTED,NONE DETECTED,0164D6D2-2BAD-44A6-8DA5-57715C379D02,OTHER,N/A,NO IMPROPER ACTIONS,INSIDE BUILDING,N/A,MIXED CLOTHING,No,POSSIBLE INJURY,N/A,39.057375,-77.12152333,"(39.057375, -77.12152333)"
MCP2780002T,170503594,Montgomery County Police,Injury Crash,04/22/2017 05:21:00 PM,,,,,"20910 FREDERICK ROAD GERMANTOWN, MD 20876",,PEDESTRIAN,SINGLE VEHICLE,RAINING,,DAYLIGHT,NO CONTROLS,NONE DETECTED,NONE DETECTED,205C58DF-BF7F-4D60-AC16-63C7B7F5301A,PEDESTRIAN,Standing,N/A,OTHER,N/A,UNKNOWN,No,POSSIBLE INJURY,N/A,39.19901833,-77.25101167,"(39.19901833, -77.25101167)"
MCP3331000K,220040897,Montgomery County Police,Injury Crash,09/19/2022 04:00:00 PM,County,IDLEWOOD RD,County,DAHILL RD,,N/A,PEDESTRIAN,SINGLE VEHICLE,CLEAR,DRY,DAYLIGHT,NO CONTROLS,UNKNOWN,NONE DETECTED,2174173D-C317-4660-8E29-BE0A8FB6221F,PEDESTRIAN,Cross/Enter not at Intersection,NO IMPROPER ACTIONS,ON ROADWAY NOT AT CROSSWALK,NO PED. SIGNAL,UNKNOWN,No,SUSPECTED MINOR INJURY,NONE,39.049723,-77.07103,"(39.049723, -77.07103)"
MCP2635007J,220041497,Montgomery County Police,Injury Crash,09/23/2022 02:47:00 PM,County,WOODWELL RD,County,WOODWELL TERR,,N/A,PEDESTRIAN,OTHER,CLEAR,DRY,DAYLIGHT,STOP SIGN,N/A,N/A,9B06BD18-155A-42F8-9290-004F4235E293,PEDESTRIAN,Other Working,NO IMPROPER ACTIONS,ON ROADWAY NOT AT CROSSWALK,NO PED. SIGNAL,REFLECTIVE MATERIAL,No,POSSIBLE INJURY,REFLECTIVE CLOTHING,39.08707833,-77.03712667,"(39.08707833, -77.03712667)"
MCP137800QH,190018156,Montgomery County Police,Injury Crash,04/18/2019 01:38:00 PM,County,WASHINGTON GROVE LA,Unknown,SPUR FR RAILROAD ST,,N/A,OTHER,SINGLE VEHICLE,CLOUDY,DRY,DAYLIGHT,NO CONTROLS,NONE DETECTED,NONE DETECTED,332F6457-D4BA-4F23-B629-3B44D7B4A262,OTHER,Getting off/on Vehicle,OTHER,SHOULDER,N/A,DARK CLOTHING,Yes,SUSPECTED MINOR INJURY,NONE,39.13937197,-77.17970036,"(39.13937197, -77.17970036)"
MCP27470011,15007153,Montgomery County Police,Injury Crash,02/12/2015 03:29:00 PM,,,,,Parking lot of 141-1 Georgia Ave,,PEDESTRIAN,OTHER,CLEAR,,DAYLIGHT,NO CONTROLS,NONE DETECTED,NONE DETECTED,C005B639-5550-45DD-A521-3651D3331D46,PEDESTRIAN,Walking/Cycling on Sidewalk,NO IMPROPER ACTIONS,SIDEWALK,NO PED. SIGNAL,DARK CLOTHING,,SUSPECTED MINOR INJURY,N/A,39.08538333,-77.07814667,"(39.08538333, -77.07814667)"
MCP23950029,220053931,Montgomery County Police,Property Damage Crash,12/06/2022 06:40:00 PM,County,RIVER RD,Maryland (State),SENECA RD (AHEAD),,N/A,OTHER,SINGLE VEHICLE,RAINING,WET,DARK LIGHTS ON,NO CONTROLS,NONE DETECTED,N/A,3B71B3C9-CA6B-4F5B-804B-B3B120558F40,OTHER,N/A,N/A,N/A,N/A,N/A,No,NO APPARENT INJURY,N/A,39.078879,-77.32789483,"(39.078879, -77.32789483)"
MCP15540041,190007886,Montgomery County Police,Injury Crash,02/18/2019 05:27:00 PM,County,CRABBS BRANCH WAY,Unknown,ENT TO MONT CO DEPT OF TRANS,,N/A,PEDESTRIAN,SINGLE VEHICLE,CLEAR,DRY,DAYLIGHT,TRAFFIC SIGNAL,NONE DETECTED,NONE DETECTED,EF5D11DC-6906-4B6D-8C08-77FEC5C5F63B,PEDESTRIAN,Other,NO IMPROPER ACTIONS,INSIDE BUILDING,N/A,N/A,No,POSSIBLE INJURY,N/A,39.12444333,-77.16421167,"(39.12444333, -77.16421167)"
MCP29600014,16030402,Montgomery County Police,Injury Crash,06/16/2016 09:11:00 AM,County,BEAVERWOOD LA,County,BIRCHTREE LA,,N/A,PEDESTRIAN,OTHER,CLOUDY,N/A,DAYLIGHT,N/A,N/A,N/A,EF2D065F-B15B-4854-A6F1-85CF843D3AB2,PEDESTRIAN,Walking to/from school,INATTENTIVE,ON ROADWAY NOT AT CROSSWALK,NO PED. SIGNAL,MIXED CLOTHING,Yes,POSSIBLE INJURY,N/A,39.086325,-77.06504833,"(39.086325, -77.06504833)"
MCP1366003K,15049897,MONTGOMERY,Injury Crash,10/02/2015 06:48:00 AM,,,,,"16651 CRABBS BRANCH WAY
ROCKVILLE, MD 20855",,PEDESTRIAN,SINGLE VEHICLE,RAINING,,DARK LIGHTS ON,N/A,NONE DETECTED,NONE DETECTED,D67C1E32-38CD-46B8-8C95-A55668CFB12E,PEDESTRIAN,Other,NO IMPROPER ACTIONS,OTHER,N/A,MIXED CLOTHING,No,POSSIBLE INJURY,NONE,39.126565,-77.16912667,"(39.126565, -77.16912667)"
MCP2667002H,16003974,Montgomery County Police,Injury Crash,01/22/2016 11:40:00 AM,,,,,PARKING LOT OF 19294 MONTGOMERY VILLAGE AVE,,PEDESTRIAN,SINGLE VEHICLE,CLOUDY,,DAYLIGHT,N/A,UNKNOWN,NONE DETECTED,0A3573D1-5E2A-4918-A101-B62C3F4A837A,PEDESTRIAN,Other,NO IMPROPER ACTIONS,OTHER,N/A,DARK CLOTHING,No,SUSPECTED MINOR INJURY,NONE,39.1703,-77.19467667,"(39.1703, -77.19467667)"
MCP3331001F,230006620,Montgomery County Police,Injury Crash,02/09/2023 12:30:00 PM,County,OLD RANDOLPH RD,County,KEMP MILL RD,,N/A,BICYCLIST,HEAD ON LEFT TURN,CLOUDY,DRY,DAYLIGHT,STOP SIGN,NONE DETECTED,NONE DETECTED,D2795D51-89A1-49FB-AEA5-5FB6DE38B706,BICYCLIST,Walking/Riding against Traffic,WRONG WAY RIDING OR WALKING,SHOULDER,NO PED. SIGNAL,DARK CLOTHING,Yes,SUSPECTED MINOR INJURY,MC/BIKE HELMET,39.0644735,-77.02918233,"(39.0644735, -77.02918233)"
MCP13340047,16049320,Montgomery County Police,Injury Crash,09/25/2016 12:15:00 PM,County,COMUS RD,County,BARLEY FIELD LA,,N/A,BICYCLIST,SINGLE VEHICLE,CLEAR,DRY,DAYLIGHT,N/A,NONE DETECTED,NONE DETECTED,8BF408F5-B4E2-46FB-A60B-B2144442D8C6,BICYCLIST,Walking/Riding w/Traffic,NO IMPROPER ACTIONS,ON ROADWAY NOT AT CROSSWALK,N/A,REFLECTIVE MATERIAL,No,POSSIBLE INJURY,MC/BIKE HELMET,39.25044232,-77.37083763,"(39.25044232, -77.37083763)"
MCP26930027,170539688,Montgomery County Police,Injury Crash,10/29/2017 06:25:00 PM,Maryland (State),GEORGIA AVE,County,HEWITT AVE,,N/A,PEDESTRIAN,SINGLE VEHICLE,RAINING,WET,DARK LIGHTS ON,TRAFFIC SIGNAL,NONE DETECTED,NONE DETECTED,17F66616-1EAB-4E9E-918C-BA808236038B,PEDESTRIAN,Cross/Enter at Intersection,NO IMPROPER ACTIONS,ON ROADWAY AT CROSSWALK,OBEYED PED. SIGNAL,DARK CLOTHING,No,POSSIBLE INJURY,N/A,39.07737167,-77.07084833,"(39.07737167, -77.07084833)"
MCP1220004H,16059430,Montgomery County Police,Injury Crash,11/18/2016 02:33:00 PM,,,,,"9500 GEORGIA AVE (DRIVEWAY)
SILVER SPRING, MD 20910",,PEDESTRIAN,SINGLE VEHICLE,CLEAR,,DAYLIGHT,N/A,,NONE DETECTED,5938C8FF-57B6-470C-8C09-6D81EA018D01,PEDESTRIAN,Standing,NO IMPROPER ACTIONS,OTHER,N/A,LIGHT CLOTHING,No,POSSIBLE INJURY,NONE,39.01030833,-77.04112167,"(39.01030833, -77.04112167)"
MCP2191000J,15009871,MONTGOMERY,Injury Crash,08/26/2015 01:38:00 PM,County,HILLMEAD RD,County,FERNWOOD RD,,N/A,PEDESTRIAN,OTHER,N/A,DRY,DAYLIGHT,NO CONTROLS,NONE DETECTED,NONE DETECTED,002AEA9C-1FA3-4ACD-A473-14D342634F15,PEDESTRIAN,Standing,NO IMPROPER ACTIONS,ON ROADWAY NOT AT CROSSWALK,N/A,N/A,No,POSSIBLE INJURY,N/A,39.00507167,-77.13367833,"(39.00507167, -77.13367833)"