Report Number,Local Case Number,Agency Name,ACRS Report Type,Crash Date/Time,Route Type,Road Name,Cross-Street Type,Cross-Street Name,Off-Road Description,Municipality,Related Non-Motorist,Collision Type,Weather,Surface Condition,Light,Traffic Control,Driver Substance Abuse,Non-Motorist Substance Abuse,Person ID,Pedestrian Type,Pedestrian Movement,Pedestrian Actions,Pedestrian Location,Pedestrian Obeyed Traffic Signal,Pedestrian Visibility,At Fault,Injury Severity,Safety Equipment,Latitude,Longitude,Location
MCP2298006W,15057385,MONTGOMERY,Injury Crash,11/10/2015 05:26:00 PM,County,FATHER HURLEY BLVD,County,HOPKINS RD,,N/A,PEDESTRIAN,OTHER,SEVERE WINDS,WET,DUSK,TRAFFIC SIGNAL,NONE DETECTED,NONE DETECTED,6B82E6C9-C3A2-4E42-833A-07F8D101064C,PEDESTRIAN,Cross/Enter at Intersection,FAILURE TO OBEY TRAFFIC SIGNS SIGNALS OR OFFICER,AT INTERSECTION MARKED CROSSWALK,DISOBEYED PED. SIGNAL,LIGHT CLOTHING,Yes,SUSPECTED MINOR INJURY,NONE,39.16919019,-77.28293896,"(39.16919019, -77.28293896)"
MCP3112002Z,190039192,Montgomery County Police,Injury Crash,08/16/2019 05:54:00 PM,Maryland (State),WISCONSIN AVE,County,MIDDLETON LA,,N/A,PEDESTRIAN,OTHER,N/A,DRY,DAYLIGHT,NO CONTROLS,NONE DETECTED,NONE DETECTED,A55F8A16-06A7-4C77-B173-F77CFB00EA3E,PEDESTRIAN,Cross/Enter at Intersection,NO IMPROPER ACTIONS,ON ROADWAY AT CROSSWALK,NO PED. SIGNAL,MIXED CLOTHING,No,SUSPECTED SERIOUS INJURY,N/A,38.98683767,-77.09462283,"(38.98683767, -77.09462283)"
MCP3079004J,220042708,Montgomery County Police,Injury Crash,09/30/2022 05:22:00 PM,Maryland (State),CLOPPER RD,County,MATENEY RD,,N/A,PEDESTRIAN,OTHER,RAINING,WET,DAYLIGHT,TRAFFIC SIGNAL,NONE DETECTED,NONE DETECTED,9C828579-7096-426C-90B2-F08B562D5F72,PEDESTRIAN,Cross/Enter at Intersection,N/A,AT INTERSECTION MARKED CROSSWALK,OBEYED PED. SIGNAL,MIXED CLOTHING,No,SUSPECTED MINOR INJURY,NONE,39.1565393,-77.26660512,"(39.1565393, -77.26660512)"
MCP3010003X,190029658,Montgomery County Police,Injury Crash,06/21/2019 12:59:00 PM,Maryland (State),ROCKVILLE PIKE,County,NICHOLSON LA,,N/A,PEDESTRIAN,OTHER,CLEAR,DRY,DAYLIGHT,TRAFFIC SIGNAL,N/A,N/A,7A2F9845-E281-405F-B93B-70C7E1B0E638,PEDESTRIAN,Walking/Riding against Traffic,NO IMPROPER ACTIONS,SIDEWALK,N/A,DARK CLOTHING,No,SUSPECTED MINOR INJURY,NONE,39.04444,-77.11192667,"(39.04444, -77.11192667)"
MCP3201003Q,230004200,Montgomery County Police,Injury Crash,01/26/2023 06:25:00 AM,County,CRYSTAL ROCK DR,Other Public Roadway,CRYSTAL ROCK DR (AHEAD),,N/A,PEDESTRIAN,OTHER,CLEAR,WET,DARK NO LIGHTS,STOP SIGN,NONE DETECTED,NONE DETECTED,D23C1EA6-D6D4-413B-866E-79F349CC666F,PEDESTRIAN,Cross/Enter at Intersection,NOT VISIBLE,ON ROADWAY AT CROSSWALK,NO PED. SIGNAL,DARK CLOTHING,No,POSSIBLE INJURY,NONE,39.17916533,-77.26167533,"(39.17916533, -77.26167533)"
MCP3016002S,200038469,Montgomery County Police,Injury Crash,09/30/2020 02:13:00 PM,County,WISTERIA DR,Unknown,CIRCLE GATE DR,,N/A,BICYCLIST,OTHER,CLEAR,DRY,DAYLIGHT,STOP SIGN,N/A,N/A,28AA1CF9-8186-424F-BC53-64F04F954BC5,BICYCLIST,Playing,INATTENTIVE,OTHER,NO PED. SIGNAL,MIXED CLOTHING,Unknown,POSSIBLE INJURY,NONE,39.17311009,-77.26558872,"(39.17311009, -77.26558872)"
MCP0113000J,15058620,MONTGOMERY,Injury Crash,11/17/2015 09:22:00 AM,County,CEDAR LA,Government,ELMHIRST PKWY,,N/A,PEDESTRIAN,SINGLE VEHICLE,CLOUDY,DRY,DAYLIGHT,TRAFFIC SIGNAL,NONE DETECTED,NONE DETECTED,E3A56A20-5FDA-4828-89F7-8366BF9AC3CD,PEDESTRIAN,Cross/Enter at Intersection,DART DASH,AT INTERSECTION MARKED CROSSWALK,DISOBEYED PED. SIGNAL,DARK CLOTHING,Yes,SUSPECTED MINOR INJURY,NONE,39.00792,-77.09456167,"(39.00792, -77.09456167)"
MCP2347000B,16015117,Montgomery County Police,Injury Crash,03/28/2016 09:44:00 AM,County,GRACEFIELD RD,Other Public Roadway,CALVERTON BLVD,,N/A,PEDESTRIAN,OTHER,CLEAR,DRY,DAYLIGHT,STOP SIGN,N/A,NONE DETECTED,4CB5A2DD-5229-41D1-BE88-E5DC7A4BCE96,PEDESTRIAN,Cross/Enter at Intersection,DART DASH,AT INTERSECTION MARKED CROSSWALK,OTHER,N/A,Yes,SUSPECTED MINOR INJURY,NONE,39.04097167,-76.98741333,"(39.04097167, -76.98741333)"
MCP2671001L,170541531,Montgomery County Police,Property Damage Crash,11/06/2017 06:10:00 AM,US (State),GEORGIA AVE,County,ELLSWORTH DR,,N/A,PEDESTRIAN,SINGLE VEHICLE,N/A,WET,DARK LIGHTS ON,TRAFFIC SIGNAL,UNKNOWN,NONE DETECTED,01B85228-75E1-449C-AA22-883BD81276C2,PEDESTRIAN,Cross/Enter at Intersection,FAILURE TO OBEY TRAFFIC SIGNS SIGNALS OR OFFICER,AT INTERSECTION MARKED CROSSWALK,DISOBEYED PED. SIGNAL,DARK CLOTHING,Yes,NO APPARENT INJURY,NONE,38.99514804,-77.02733517,"(38.99514804, -77.02733517)"
MCP9428004S,220046770,Montgomery County Police,Injury Crash,10/25/2022 08:53:00 AM,,,,,19208 CIRCLE GATE DRIVE(SENECA PLACE APARTMENT LOT),,OTHER CONVEYANCE,STRAIGHT MOVEMENT ANGLE,N/A,,DAYLIGHT,STOP SIGN,NONE DETECTED,NONE DETECTED,9DB65F35-F7E9-4AC0-9C9D-23C2B6265344,OTHER CONVEYANCE,Cross/Enter at Intersection,NO IMPROPER ACTIONS,ON ROADWAY AT CROSSWALK,NO PED. SIGNAL,MIXED CLOTHING,No,SUSPECTED SERIOUS INJURY,NONE,39.16947222,-77.26421936,"(39.16947222, -77.26421936)"
MCP15120024,190041410,Montgomery County Police,Injury Crash,08/29/2019 05:36:00 PM,Maryland (State),GREAT SENECA HWY,Unknown,ENT TO BUSINESS,,N/A,BICYCLIST,STRAIGHT MOVEMENT ANGLE,N/A,DRY,DAYLIGHT,NO CONTROLS,NONE DETECTED,NONE DETECTED,E4CFEE8E-E91C-4834-974B-D997A5D287ED,BICYCLIST,Walking/Cycling on Sidewalk,NO IMPROPER ACTIONS,SIDEWALK,N/A,LIGHT CLOTHING,No,SUSPECTED MINOR INJURY,MC/BIKE HELMET,39.12532833,-77.23349167,"(39.12532833, -77.23349167)"
EJ78580072,220028667,Gaithersburg Police Depar,Injury Crash,07/05/2022 11:35:00 AM,,,,,SIDEWALK ON MUDDY BRANCH RD @ TIMBERBROOK DR,,BICYCLIST,N/A,CLEAR,,DAYLIGHT,NO CONTROLS,,NONE DETECTED,920AFD2C-D12B-4A26-8FC0-58C845C0F35F,BICYCLIST,Walking/Riding w/Traffic,INATTENTIVE,SIDEWALK,N/A,LIGHT CLOTHING,Yes,SUSPECTED MINOR INJURY,NONE,39.14109613,-77.21031637,"(39.14109613, -77.21031637)"
MCP2512002R,170513077,Montgomery County Police,Injury Crash,06/11/2017 03:30:00 PM,Maryland (State),KEY WEST AVE,County,DARNESTOWN RD,,N/A,BICYCLIST,STRAIGHT MOVEMENT ANGLE,CLEAR,DRY,DAYLIGHT,STOP SIGN,NONE DETECTED,NONE DETECTED,31087CFA-0D13-4C56-9F1C-3A05700C9DF2,BICYCLIST,Walking/Riding w/Traffic,NO IMPROPER ACTIONS,IN BIKEWAY,N/A,LIGHT CLOTHING,No,SUSPECTED MINOR INJURY,MC/BIKE HELMET,39.10100032,-77.21216083,"(39.10100032, -77.21216083)"
MCP243600B6,200030650,Montgomery County Police,Injury Crash,08/07/2020 10:15:00 AM,County,HARTWELL RD,County,BRADFORD RD,,N/A,PEDESTRIAN,SINGLE VEHICLE,CLEAR,DRY,DAYLIGHT,STOP SIGN,UNKNOWN,UNKNOWN,922B2AC7-99B0-475A-9AE9-E48BBF580FD1,PEDESTRIAN,Walking/Riding w/Traffic,UNKNOWN,ON ROADWAY NOT AT CROSSWALK,NO PED. SIGNAL,MIXED CLOTHING,Yes,SUSPECTED SERIOUS INJURY,NONE,39.00013798,-77.00635538,"(39.00013798, -77.00635538)"
MCP23300030,210031467,Montgomery County Police,Injury Crash,08/13/2021 12:47:00 PM,Maryland (State),GEORGIA AVE,Maryland (State),UNIVERSITY BLVD W,,N/A,BICYCLIST,OTHER,CLEAR,DRY,DAYLIGHT,TRAFFIC SIGNAL,NONE DETECTED,NONE DETECTED,53DEA9FB-7377-455E-B0B6-CB5DE05E129B,BICYCLIST,Walking/Riding w/Traffic,NO IMPROPER ACTIONS,SIDEWALK,N/A,MIXED CLOTHING,No,SUSPECTED MINOR INJURY,MC/BIKE HELMET,39.04186,-77.05174333,"(39.04186, -77.05174333)"
MCP2944000R,15038282,MONTGOMERY,Injury Crash,08/02/2015 11:06:00 AM,County,MACARTHUR BLVD,County,MARYLAND AVE,,N/A,BICYCLIST,STRAIGHT MOVEMENT ANGLE,CLEAR,DRY,DAYLIGHT,STOP SIGN,NONE DETECTED,NONE DETECTED,FF989DF8-ED17-452D-9B69-D5D8E84351F9,BICYCLIST,Cross/Enter at Intersection,FAILURE TO OBEY TRAFFIC SIGNS SIGNALS OR OFFICER,SIDEWALK,DISOBEYED PED. SIGNAL,DARK CLOTHING,Yes,SUSPECTED MINOR INJURY,MC/BIKE HELMET,38.94555864,-77.12035418,"(38.94555864, -77.12035418)"
MCP137800NB,180054452,Montgomery County Police,Injury Crash,10/30/2018 07:09:00 PM,County,SHADY GROVE RD,County,EPSILON DR,,N/A,PEDESTRIAN,OTHER,CLEAR,DRY,DARK LIGHTS ON,TRAFFIC SIGNAL,NONE DETECTED,NONE DETECTED,E26894B9-C9E3-41A3-990D-C76180634102,PEDESTRIAN,Cross/Enter at Intersection,IN ROADWAY IMPROPERLY,ON ROADWAY AT CROSSWALK,DISOBEYED PED. SIGNAL,DARK CLOTHING,Yes,SUSPECTED SERIOUS INJURY,N/A,39.138375,-77.15363833,"(39.138375, -77.15363833)"
MCP2361001Q,200031152,Montgomery County Police,Injury Crash,08/10/2020 09:58:00 PM,County,MONTGOMERY VILLAGE AVE,Maryland (State),MIDCOUNTY HWY,,N/A,PEDESTRIAN,STRAIGHT MOVEMENT ANGLE,CLEAR,DRY,DARK LIGHTS ON,NO CONTROLS,NONE DETECTED,ALCOHOL PRESENT,630209D8-2005-4182-A5EB-EF3FE70E4403,PEDESTRIAN,Cross/Enter not at Intersection,IN ROADWAY IMPROPERLY,ON ROADWAY NOT AT CROSSWALK,NO PED. SIGNAL,DARK CLOTHING,Yes,SUSPECTED MINOR INJURY,NONE,39.158395,-77.203735,"(39.158395, -77.203735)"
MCP3257000R,200035349,Montgomery County Police,Injury Crash,09/09/2020 02:01:00 PM,,,,,PARKING LOT OF LEDOS PIZZA 5245 RIVER RD,,PEDESTRIAN,OTHER,CLEAR,,DAYLIGHT,NO CONTROLS,UNKNOWN,N/A,C766C177-36C4-4AA1-87C9-D06FC903C9DE,PEDESTRIAN,Standing,N/A,OTHER,NO PED. SIGNAL,DARK CLOTHING,No,SUSPECTED MINOR INJURY,NONE,38.96603276,-77.10452051,"(38.96603276, -77.10452051)"
MCP2667007F,210030064,Montgomery County Police,Injury Crash,08/03/2021 09:03:00 AM,,,,,METRO ACCESS PARKING LOT AT 8210 BEECHCRAFT AVE,,PEDESTRIAN,SINGLE VEHICLE,CLEAR,,DAYLIGHT,NO CONTROLS,UNKNOWN,NONE DETECTED,AD72FEBC-02DB-4667-B3AC-6C50F101E653,PEDESTRIAN,Standing,NO IMPROPER ACTIONS,OTHER,N/A,REFLECTIVE MATERIAL,No,SUSPECTED MINOR INJURY,REFLECTIVE CLOTHING,39.1660161,-77.168074,"(39.1660161, -77.168074)"
MCP29660050,180050359,Montgomery County Police,Injury Crash,10/08/2018 07:20:00 PM,County,ASPEN HILL RD,County,ARCTIC AVE,,N/A,BICYCLIST,OTHER,CLEAR,DRY,DARK LIGHTS ON,TRAFFIC SIGNAL,NONE DETECTED,NONE DETECTED,C2AD26FA-941C-4D06-8C48-AF4BA3B8A8F5,BICYCLIST,Cross/Enter at Intersection,NO IMPROPER ACTIONS,ON ROADWAY AT CROSSWALK,OBEYED PED. SIGNAL,N/A,No,SUSPECTED MINOR INJURY,N/A,39.07151,-77.09904167,"(39.07151, -77.09904167)"
MCP30890031,200000496,Montgomery County Police,Injury Crash,01/03/2020 06:15:00 PM,County,SHOREFIELD RD,Maryland (State),GEORGIA AVE,,N/A,PEDESTRIAN,OTHER,N/A,WET,DARK LIGHTS ON,N/A,N/A,N/A,AEFAB3F1-7826-4FC2-A9E4-CC6D985C7BB9,PEDESTRIAN,Cross/Enter at Intersection,NO IMPROPER ACTIONS,N/A,OBEYED PED. SIGNAL,N/A,No,SUSPECTED MINOR INJURY,N/A,39.01523,-77.03545833,"(39.01523, -77.03545833)"
MCP2291003D,180064385,Montgomery County Police,Injury Crash,12/24/2018 06:15:00 PM,County,BETHESDA AVE,County,WOODMONT AVE,,N/A,BICYCLIST,SINGLE VEHICLE,CLEAR,DRY,DARK LIGHTS ON,NO CONTROLS,UNKNOWN,UNKNOWN,1FF44DE5-22A9-44AD-9BA8-E7D5589EEF10,BICYCLIST,Cross/Enter at Intersection,NO IMPROPER ACTIONS,SIDEWALK,N/A,DARK CLOTHING,No,SUSPECTED MINOR INJURY,UNKNOWN,38.99124433,-77.097848,"(38.99124433, -77.097848)"
MCP32850018,210035886,Montgomery County Police,Injury Crash,09/12/2021 02:21:00 PM,,,,,IFO 13 LOCBURY CT,,PEDESTRIAN,SINGLE VEHICLE,CLEAR,,DAYLIGHT,NO CONTROLS,NONE DETECTED,N/A,4770C73E-A280-46F1-B4C6-2C34A73E6E55,PEDESTRIAN,Standing,NO IMPROPER ACTIONS,N/A,N/A,LIGHT CLOTHING,No,SUSPECTED SERIOUS INJURY,NONE,39.18758667,-77.26560833,"(39.18758667, -77.26560833)"
MCP3153002R,210035766,Montgomery County Police,Property Damage Crash,09/11/2021 01:55:00 PM,County,KEATING ST,County,INDEPENDENCE ST,,N/A,PEDESTRIAN,HEAD ON,CLEAR,DRY,DAYLIGHT,NO CONTROLS,"ALCOHOL CONTRIBUTED, NONE DETECTED",N/A,31BACF41-C137-4B40-84B2-9278D18A82E2,PEDESTRIAN,Standing,NO IMPROPER ACTIONS,OTHER,N/A,N/A,No,NO APPARENT INJURY,N/A,39.07431833,-77.09076,"(39.07431833, -77.09076)"
EJ78370049,190053304,Gaithersburg Police Depar,Injury Crash,11/05/2019 03:45:00 PM,Municipality,RUSSELL AVE,Municipality,WATKINS MILL RD,,GAITHERSBURG,PEDESTRIAN,SINGLE VEHICLE,CLEAR,DRY,DAYLIGHT,NO CONTROLS,N/A,N/A,54463128-11C7-4A4C-AE9C-077075026DDE,PEDESTRIAN,Cross/Enter at Intersection,NO IMPROPER ACTIONS,AT INTERSECTION BUT NO CROSSWALK,NO PED. SIGNAL,DARK CLOTHING,Unknown,POSSIBLE INJURY,NONE,39.15925833,-77.21559,"(39.15925833, -77.21559)"
MCP3077001V,230029518,Montgomery County Police,Injury Crash,06/20/2023 04:44:00 AM,Maryland (State),FREDERICK RD,County,GUNNERS BRANCH RD,,N/A,PEDESTRIAN,SINGLE VEHICLE,CLEAR,DRY,DARK LIGHTS ON,FLASHING TRAFFIC SIGNAL,N/A,N/A,7256CB4F-0F42-4D46-AE02-2CFC388B3635,PEDESTRIAN,Cross/Enter not at Intersection,IN ROADWAY IMPROPERLY,ON ROADWAY NOT AT CROSSWALK,NO PED. SIGNAL,DARK CLOTHING,Yes,SUSPECTED MINOR INJURY,NONE,39.17832267,-77.23839742,"(39.17832267, -77.23839742)"
MCP2611000H,15009794,Montgomery County Police,Injury Crash,03/01/2015 07:14:00 PM,County,OLD COLUMBIA PIKE,Unknown,CARRIAGE HOUSE TERR,,N/A,OTHER,STRAIGHT MOVEMENT ANGLE,WINTRY MIX,SNOW,DARK LIGHTS ON,NO CONTROLS,N/A,N/A,9B5F32EA-0740-40F9-BA07-0364B6AF53CC,OTHER,Standing,NO IMPROPER ACTIONS,OTHER,N/A,MIXED CLOTHING,,NO APPARENT INJURY,N/A,39.0491856,-76.9795622,"(39.0491856, -76.9795622)"
MCP25630015,210036112,Montgomery County Police,Fatal Crash,09/13/2021 08:59:00 PM,Maryland (State),VEIRS MILL RD,County,FERRARA AVE,,N/A,PEDESTRIAN,SINGLE VEHICLE,CLEAR,DRY,DARK LIGHTS ON,TRAFFIC SIGNAL,NONE DETECTED,MEDICATION PRESENT,FA1D908E-7495-4D85-A577-CCEA7C376ACA,PEDESTRIAN,Cross/Enter at Intersection,FAILURE TO OBEY TRAFFIC SIGNS SIGNALS OR OFFICER,ON ROADWAY AT CROSSWALK,DISOBEYED PED. SIGNAL,MIXED CLOTHING,Yes,FATAL INJURY,NONE,39.052929,-77.076971,"(39.052929, -77.076971)"
DD5645000B,200032499,Rockville Police Departme,Injury Crash,08/20/2020 10:06:00 AM,Municipality,E GUDE DR,Municipality,TAFT ST,,ROCKVILLE,PEDESTRIAN,SINGLE VEHICLE,CLEAR,DRY,DAYLIGHT,OTHER,NONE DETECTED,NONE DETECTED,8AF7DBF0-301F-494A-A59A-DC778F61EF0C,PEDESTRIAN,Cross/Enter at Intersection,NO IMPROPER ACTIONS,AT INTERSECTION MARKED CROSSWALK,UNKNOWN,DARK CLOTHING,No,SUSPECTED MINOR INJURY,NONE,39.094218,-77.132624,"(39.094218, -77.132624)"
MCP2773001B,15035200,MONTGOMERY,Property Damage Crash,07/17/2015 02:50:00 PM,,,,,parking lot of 7821 eastern avenue,,OTHER,SINGLE VEHICLE,CLEAR,,DAYLIGHT,NO CONTROLS,NONE DETECTED,NONE DETECTED,3F3021E1-8370-46B1-95EA-9C0E74FCC644,OTHER,Other,NO IMPROPER ACTIONS,INSIDE BUILDING,N/A,N/A,No,NO APPARENT INJURY,N/A,38.98522,-77.027395,"(38.98522, -77.027395)"
MCP29050052,210040154,Montgomery County Police,Injury Crash,10/08/2021 10:38:00 AM,County,TUCKERMAN LA,Unknown,KINGS RIDING WAY,,N/A,BICYCLIST,STRAIGHT MOVEMENT ANGLE,CLEAR,DRY,DAYLIGHT,NO CONTROLS,N/A,N/A,8B86765E-0DBA-4B49-B110-1394DF8AB126,BICYCLIST,Cross/Enter at Intersection,NO IMPROPER ACTIONS,SIDEWALK,N/A,MIXED CLOTHING,Yes,SUSPECTED MINOR INJURY,MC/BIKE HELMET,39.02916167,-77.110775,"(39.02916167, -77.110775)"
MCP21160026,15029921,Montgomery County Police,Injury Crash,06/19/2015 10:51:00 AM,,,,,Parking Lot of 7945 Tuckerman Lane,,PEDESTRIAN,STRAIGHT MOVEMENT ANGLE,CLEAR,,DAYLIGHT,N/A,NONE DETECTED,NONE DETECTED,8242B525-F4EC-4079-8D59-198794010B22,PEDESTRIAN,Standing,NO IMPROPER ACTIONS,ON ROADWAY NOT AT CROSSWALK,N/A,MIXED CLOTHING,,SUSPECTED MINOR INJURY,NONE,39.04094667,-77.15733833,"(39.04094667, -77.15733833)"
MCP2717002Z,15048298,MONTGOMERY,Injury Crash,09/23/2015 05:20:00 PM,County,JONES BRIDGE RD,County,JONES MILL RD,,N/A,BICYCLIST,OTHER,CLEAR,DRY,DAYLIGHT,NO CONTROLS,NONE DETECTED,NONE DETECTED,DE9FF4FD-0C1E-4E0B-AF2C-B33241D30B78,BICYCLIST,Walking/Riding w/Traffic,NO IMPROPER ACTIONS,IN BIKEWAY,NO PED. SIGNAL,MIXED CLOTHING,No,SUSPECTED MINOR INJURY,MC/BIKE HELMET,39.06598833,-77.159785,"(39.06598833, -77.159785)"
MCP32570057,220031653,Montgomery County Police,Injury Crash,07/22/2022 11:00:00 PM,Maryland (State),ROCKVILLE PIKE,County,NICHOLSON LA,,N/A,PEDESTRIAN,SINGLE VEHICLE,CLEAR,DRY,DARK LIGHTS ON,NO CONTROLS,UNKNOWN,NONE DETECTED,7851EA99-B623-43E6-AE18-7FCC52EC8334,PEDESTRIAN,Standing,NOT VISIBLE,CURB,N/A,LIGHT CLOTHING,No,POSSIBLE INJURY,NONE,39.04869651,-77.09443398,"(39.04869651, -77.09443398)"
HA2388000S,19001829,Maryland-National Capital,Injury Crash,07/18/2019 10:11:00 AM,Government,BEACH DR,County,E STANHOPE RD,,N/A,BICYCLIST,SAME DIRECTION SIDESWIPE,CLEAR,DRY,DAYLIGHT,STOP SIGN,NONE DETECTED,NONE DETECTED,756BA778-071A-4EAB-8D30-23D622D9F9DB,BICYCLIST,Cross/Enter at Intersection,FAILURE TO OBEY TRAFFIC SIGNS SIGNALS OR OFFICER,AT INTERSECTION MARKED CROSSWALK,DISOBEYED PED. SIGNAL,MIXED CLOTHING,Yes,SUSPECTED SERIOUS INJURY,MC/BIKE HELMET,39.00942333,-77.07756333,"(39.00942333, -77.07756333)"
DM8434001N,190002928,Takoma Park Police Depart,Injury Crash,01/18/2019 05:01:00 PM,,,,,PARKING LOT,,PEDESTRIAN,SINGLE VEHICLE,CLEAR,,DARK LIGHTS ON,NO CONTROLS,N/A,NONE DETECTED,9100658A-C254-4DF5-9414-0B3225809DD6,PEDESTRIAN,Unknown,NO IMPROPER ACTIONS,OTHER,NO PED. SIGNAL,MIXED CLOTHING,No,POSSIBLE INJURY,NONE,38.98563,-77.00221667,"(38.98563, -77.00221667)"
DD56480016,220045225,Rockville Police Departme,Injury Crash,10/15/2022 01:13:00 PM,Municipality,MONROE ST,Municipality,FLEET ST,,ROCKVILLE,PEDESTRIAN,OTHER,CLEAR,DRY,DAYLIGHT,TRAFFIC SIGNAL,NONE DETECTED,NONE DETECTED,65D8E158-EEE8-4747-983E-6EDD59DC4070,PEDESTRIAN,Cross/Enter at Intersection,NO IMPROPER ACTIONS,AT INTERSECTION MARKED CROSSWALK,OBEYED PED. SIGNAL,OTHER,No,SUSPECTED MINOR INJURY,N/A,39.08069352,-77.14994534,"(39.08069352, -77.14994534)"
MCP27190017,16047966,Montgomery County Police,Injury Crash,09/18/2016 05:41:00 PM,County,PRICE AVE,County,FERN ST,,N/A,PEDESTRIAN,OTHER,CLEAR,DRY,DAYLIGHT,NO CONTROLS,NONE DETECTED,NONE DETECTED,7D5A9ECA-05FC-4276-9DEF-97E20AB3B73D,PEDESTRIAN,Cross/Enter at Intersection,NO IMPROPER ACTIONS,AT INTERSECTION MARKED CROSSWALK,NO PED. SIGNAL,LIGHT CLOTHING,No,SUSPECTED SERIOUS INJURY,NONE,39.0414,-77.048655,"(39.0414, -77.048655)"
MCP2192004B,220006027,Montgomery County Police,Injury Crash,02/11/2022 02:19:00 PM,,,,,PARKING LOT 18140 VILLAGE CENTER DR.,,PEDESTRIAN,OTHER,CLEAR,,DAYLIGHT,N/A,NONE DETECTED,NONE DETECTED,D3EE4E19-AA05-44E0-8006-05117AD33E7D,PEDESTRIAN,N/A,NO IMPROPER ACTIONS,OTHER,N/A,MIXED CLOTHING,No,SUSPECTED MINOR INJURY,N/A,39.15276333,-77.06383,"(39.15276333, -77.06383)"
DD56100012,15031619,Rockville Police Departme,Injury Crash,06/28/2015 06:17:00 PM,Municipality,S HORNERS LA,Municipality,PARK RD,,ROCKVILLE,PEDESTRIAN,OTHER,CLEAR,DRY,DAYLIGHT,NO CONTROLS,N/A,N/A,1F3D3B20-DC68-4FC5-83ED-BDED1F62DD21,PEDESTRIAN,Cross/Enter not at Intersection,IN ROADWAY IMPROPERLY,AT INTERSECTION BUT NO CROSSWALK,NO PED. SIGNAL,LIGHT CLOTHING,,SUSPECTED MINOR INJURY,NONE,39.08679067,-77.1436805,"(39.08679067, -77.1436805)"
MCP3051000G,170528034,Montgomery County Police,Injury Crash,08/31/2017 06:17:00 PM,County,FERNWOOD RD,County,ROCKLEDGE DR,,N/A,BICYCLIST,OTHER,CLEAR,DRY,DAYLIGHT,TRAFFIC SIGNAL,UNKNOWN,UNKNOWN,3AB014C4-9B15-4A74-A4A1-403C68163E72,BICYCLIST,Walking/Riding w/Traffic,UNKNOWN,SHOULDER,UNKNOWN,UNKNOWN,Unknown,POSSIBLE INJURY,MC/BIKE HELMET,39.02619359,-77.13882923,"(39.02619359, -77.13882923)"
MCP9113005M,200001058,Montgomery County Police,Injury Crash,01/06/2020 06:16:00 AM,Maryland (State),GEORGIA AVE,County,WENDY LA,,N/A,PEDESTRIAN,OTHER,CLEAR,DRY,DARK LIGHTS ON,NO CONTROLS,UNKNOWN,UNKNOWN,6059AA96-BFE0-41C3-BD17-D0A14035FBBC,PEDESTRIAN,Cross/Enter not at Intersection,OTHER,ON ROADWAY NOT AT CROSSWALK,NO PED. SIGNAL,UNKNOWN,Unknown,POSSIBLE INJURY,UNKNOWN,39.07948667,-77.07404333,"(39.07948667, -77.07404333)"
MCP3085002G,200024557,Montgomery County Police,Injury Crash,06/23/2020 03:20:00 PM,County,EXECUTIVE BLVD,Unknown,ENT TO BUSINESS,,N/A,OTHER,HEAD ON LEFT TURN,CLEAR,DRY,DAYLIGHT,TRAFFIC SIGNAL,UNKNOWN,N/A,9493C53D-F994-434F-AF08-EAA315EB3C56,OTHER,Other Working,NO IMPROPER ACTIONS,OTHER,OTHER,REFLECTIVE MATERIAL,No,SUSPECTED MINOR INJURY,REFLECTIVE CLOTHING,39.04889727,-77.12113679,"(39.04889727, -77.12113679)"
MCP913000CK,220023618,Montgomery County Police,Injury Crash,06/02/2022 02:01:00 PM,County,E WAYNE AVE,Other Public Roadway,MANCHESTER PL,,N/A,OTHER,SINGLE VEHICLE,CLOUDY,DRY,DAYLIGHT,NO CONTROLS,NONE DETECTED,NONE DETECTED,9C7EEDCD-9B77-48FC-8ECE-E1A584F0C643,OTHER,Other Working,IMPROPER TURN MERGE,OUTSIDE RIGHT OF WAY,OTHER,REFLECTIVE MATERIAL,Yes,POSSIBLE INJURY,NONE,39.00066833,-77.008745,"(39.00066833, -77.008745)"
MCP30050079,230011069,Montgomery County Police,Injury Crash,03/09/2023 03:36:00 PM,Maryland (State),LAYHILL RD,County,BEL PRE RD,,N/A,PEDESTRIAN,SINGLE VEHICLE,CLEAR,DRY,DAYLIGHT,TRAFFIC SIGNAL,NONE DETECTED,NONE DETECTED,A50CF782-4CC7-42B8-9C7D-6396B999B6CF,PEDESTRIAN,Cross/Enter not at Intersection,IN ROADWAY IMPROPERLY,ON ROADWAY NOT AT CROSSWALK,N/A,LIGHT CLOTHING,Yes,SUSPECTED SERIOUS INJURY,N/A,39.09076333,-77.04522667,"(39.09076333, -77.04522667)"
MCP2891000P,15015117,Montgomery County Police,Injury Crash,04/02/2015 08:08:00 AM,County,GIST AVE,County,TAKOMA AVE,,N/A,BICYCLIST,SAME DIR REAR END,CLEAR,DRY,DAYLIGHT,N/A,,NONE DETECTED,2C39B891-958C-492A-939C-0CF0F2C47A62,BICYCLIST,Walking/Riding w/Traffic,NO IMPROPER ACTIONS,OTHER,N/A,OTHER,,SUSPECTED MINOR INJURY,MC/BIKE HELMET,38.98839833,-77.01766833,"(38.98839833, -77.01766833)"