Report Number,Local Case Number,Agency Name,ACRS Report Type,Crash Date/Time,Route Type,Road Name,Cross-Street Type,Cross-Street Name,Off-Road Description,Municipality,Related Non-Motorist,Collision Type,Weather,Surface Condition,Light,Traffic Control,Driver Substance Abuse,Non-Motorist Substance Abuse,Person ID,Pedestrian Type,Pedestrian Movement,Pedestrian Actions,Pedestrian Location,Pedestrian Obeyed Traffic Signal,Pedestrian Visibility,At Fault,Injury Severity,Safety Equipment,Latitude,Longitude,Location
MCP2849001H,15042321,MONTGOMERY,Injury Crash,08/23/2015 07:30:00 PM,Maryland (State),GEORGIA AVE,Unknown,ENT TO BUSINESS,,N/A,OTHER CONVEYANCE,OTHER,N/A,DRY,DAYLIGHT,NO CONTROLS,UNKNOWN,ALCOHOL PRESENT,9CE6EF98-A052-47E9-857A-61BF349FB095,OTHER CONVEYANCE,Other,NO IMPROPER ACTIONS,DRIVEWAY ACCESS MARKED CROSSWALK,NO PED. SIGNAL,UNKNOWN,No,SUSPECTED MINOR INJURY,N/A,39.08513759,-77.07868874,"(39.08513759, -77.07868874)"
MCP2771001Z,230017984,Montgomery County Police,Injury Crash,04/15/2023 01:30:00 PM,,,,,PARKING LOT IN FRONT OF 3166 HEWITT AVENUE,,OTHER PEDALCYCLIST,OTHER,CLOUDY,,DAYLIGHT,N/A,N/A,N/A,FCD3E55D-C239-4984-A8F0-968187DB5E59,OTHER PEDALCYCLIST,Playing,DART DASH,OTHER,N/A,LIGHT CLOTHING,No,SUSPECTED SERIOUS INJURY,NONE,39.07925908,-77.06372679,"(39.07925908, -77.06372679)"
MCP28680027,17005637,Montgomery County Police,Injury Crash,02/01/2017 05:31:00 PM,County,WAVERLY ST,Maryland (State),MONTGOMERY AVE,,N/A,PEDESTRIAN,SINGLE VEHICLE,CLEAR,DRY,DUSK,TRAFFIC SIGNAL,NONE DETECTED,N/A,3C6E83EC-F36F-4E02-A86F-0CF79C7EA835,PEDESTRIAN,Cross/Enter at Intersection,NO IMPROPER ACTIONS,ON ROADWAY AT CROSSWALK,OBEYED PED. SIGNAL,MIXED CLOTHING,No,SUSPECTED MINOR INJURY,NONE,38.98410167,-77.09234333,"(38.98410167, -77.09234333)"
MCP2686005L,220040850,Montgomery County Police,Injury Crash,09/19/2022 08:16:00 PM,Maryland (State),GREAT SENECA HWY,Unknown,END BRIDGE,,N/A,PEDESTRIAN,SINGLE VEHICLE,CLEAR,DRY,DARK LIGHTS ON,NO CONTROLS,NONE DETECTED,UNKNOWN,95560695-A3B7-451F-967B-7EAC1EC61150,PEDESTRIAN,Cross/Enter not at Intersection,DART DASH,ON ROADWAY NOT AT CROSSWALK,NO PED. SIGNAL,DARK CLOTHING,Yes,SUSPECTED SERIOUS INJURY,NONE,39.140925,-77.27021467,"(39.140925, -77.27021467)"
MCP3205000B,190045884,Montgomery County Police,Injury Crash,09/24/2019 10:27:00 PM,Other Public Roadway,GEORGIAN WAY,Other Public Roadway,GEORGIAN WOODS PL,,N/A,PEDESTRIAN,OTHER,N/A,DRY,DARK LIGHTS ON,N/A,ALCOHOL PRESENT,NONE DETECTED,26D24FA1-26C6-41D3-AC0F-ABF7CEBDB268,PEDESTRIAN,Other Working,OTHER,OTHER,UNKNOWN,DARK CLOTHING,No,SUSPECTED MINOR INJURY,N/A,39.05460802,-77.04683717,"(39.05460802, -77.04683717)"
MCP3145000R,180060674,Montgomery County Police,Injury Crash,12/04/2018 05:15:00 PM,,,,,"H-MART PARKING LOT.  12015 GEORGIA AVE WHEATON, MD",,PEDESTRIAN,SINGLE VEHICLE,CLEAR,,DUSK,NO CONTROLS,N/A,N/A,A3A9BCB4-65AA-47C0-8F43-CE97B2B8A400,PEDESTRIAN,Cross/Enter at Intersection,NO IMPROPER ACTIONS,AT INTERSECTION MARKED CROSSWALK,OBEYED PED. SIGNAL,MIXED CLOTHING,No,POSSIBLE INJURY,NONE,39.0521579,-77.04933537,"(39.0521579, -77.04933537)"
MCP2043000K,16034690,Montgomery County Police,Injury Crash,07/08/2016 10:08:00 PM,County,WATKINS MILL RD,County,CLUB LAKE RD,,N/A,BICYCLIST,STRAIGHT MOVEMENT ANGLE,CLEAR,DRY,DARK LIGHTS ON,N/A,NONE DETECTED,NONE DETECTED,1E11571E-9967-4AC7-9F98-9ADF527550BC,BICYCLIST,Cross/Enter at Intersection,OTHER,AT INTERSECTION BUT NO CROSSWALK,NO PED. SIGNAL,N/A,No,POSSIBLE INJURY,NONE,39.176935,-77.209675,"(39.176935, -77.209675)"
MCP15640036,180050860,Montgomery County Police,Injury Crash,10/11/2018 09:41:00 AM,Maryland (State),GEORGIA AVE,County,NORTH HIGH ST,,N/A,BICYCLIST,OTHER,CLOUDY,DRY,DAYLIGHT,NO CONTROLS,NONE DETECTED,NONE DETECTED,9D2A732E-688C-49D3-A406-AA7732BFEBA5,BICYCLIST,Walking/Cycling on Sidewalk,NO IMPROPER ACTIONS,SIDEWALK,N/A,MIXED CLOTHING,No,SUSPECTED MINOR INJURY,NONE,39.151095,-77.067115,"(39.151095, -77.067115)"
MCP3294001H,230022690,Montgomery County Police,Injury Crash,05/11/2023 07:00:00 PM,,,,,PARKING LOT OF,,PEDESTRIAN,OTHER,CLEAR,,DAYLIGHT,NO CONTROLS,NONE DETECTED,NONE DETECTED,6C214792-2455-422B-979D-A436B79F61B7,PEDESTRIAN,Other,UNKNOWN,SIDEWALK,N/A,N/A,No,POSSIBLE INJURY,N/A,39.17183167,-77.204945,"(39.17183167, -77.204945)"
MCP13780059,15014654,Montgomery County Police,Injury Crash,03/30/2015 06:37:00 PM,County,TOWNE CREST CT,County,TOWNE CREST DR,,N/A,PEDESTRIAN,SINGLE VEHICLE,CLEAR,DRY,DAYLIGHT,N/A,NONE DETECTED,NONE DETECTED,5805A951-44B4-485D-AE0B-51548CDD7F9F,PEDESTRIAN,Playing,DART DASH,OTHER,N/A,MIXED CLOTHING,,SUSPECTED MINOR INJURY,N/A,39.145455,-77.17360667,"(39.145455, -77.17360667)"
HA2386001H,230000953,Maryland-National Capital,Injury Crash,05/20/2023 03:00:00 PM,,,,,PARKING LOT AT RIDGE ROAD RECREATIONAL PARK,,PEDESTRIAN,N/A,CLEAR,,DAYLIGHT,N/A,N/A,N/A,BBE057B1-639C-4598-8815-278BFFB15627,PEDESTRIAN,Other,NO IMPROPER ACTIONS,OTHER,N/A,LIGHT CLOTHING,Unknown,SUSPECTED MINOR INJURY,N/A,39.20949217,-77.24475033,"(39.20949217, -77.24475033)"
MCP1227000V,190004078,Montgomery County Police,Fatal Crash,01/26/2019 12:03:00 AM,Maryland (State),LAYHILL RD,Other Public Roadway,GREENERY LA,,N/A,PEDESTRIAN,SINGLE VEHICLE,CLEAR,DRY,DARK LIGHTS ON,NO CONTROLS,NONE DETECTED,NONE DETECTED,63148ABF-E7B5-4782-A800-D8301F878238,PEDESTRIAN,Cross/Enter not at Intersection,UNKNOWN,OUTSIDE RIGHT OF WAY,NO PED. SIGNAL,DARK CLOTHING,No,FATAL INJURY,NONE,39.0609988,-77.05084079,"(39.0609988, -77.05084079)"
MCP2905004W,200042628,Montgomery County Police,Injury Crash,10/29/2020 07:19:00 AM,,,,,ACCESS ROAD AT SUBURBAN HOSPITAL,,PEDESTRIAN,OTHER,RAINING,,DARK LIGHTS ON,STOP SIGN,N/A,N/A,13160380-4104-4443-BC65-9F90FADDADAF,PEDESTRIAN,Cross/Enter at Intersection,NO IMPROPER ACTIONS,DRIVEWAY ACCESS MARKED CROSSWALK,NO PED. SIGNAL,MIXED CLOTHING,No,SUSPECTED MINOR INJURY,N/A,38.99797667,-77.11014333,"(38.99797667, -77.11014333)"
MCP13010018,190059403,Montgomery County Police,Fatal Crash,12/09/2019 06:51:00 PM,Maryland (State),UNIVERSITY BLVD W,Unknown,HEMMINGWAY CT,,N/A,PEDESTRIAN,SINGLE VEHICLE,RAINING,WET,DARK LIGHTS ON,NO CONTROLS,NONE DETECTED,NONE DETECTED,A0C6AF2C-BB4B-42C1-AF87-BF834D54947E,PEDESTRIAN,Cross/Enter not at Intersection,FAILURE TO YIELD RIGHT OF WAY,ON ROADWAY NOT AT CROSSWALK,NO PED. SIGNAL,DARK CLOTHING,Yes,FATAL INJURY,NONE,39.03621333,-77.02829,"(39.03621333, -77.02829)"
MCP24750011,16029229,Montgomery County Police,Injury Crash,06/10/2016 03:50:00 PM,US (State),COLESVILLE RD,County,TIMBERWOOD AVE,,N/A,BICYCLIST,STRAIGHT MOVEMENT ANGLE,CLEAR,DRY,DAYLIGHT,STOP SIGN,N/A,N/A,AB616E78-5F3C-416C-B0C0-77821EC272EC,BICYCLIST,Cross/Enter at Intersection,FAILURE TO YIELD RIGHT OF WAY,OUTSIDE RIGHT OF WAY,NO PED. SIGNAL,MIXED CLOTHING,Yes,SUSPECTED MINOR INJURY,MC/BIKE HELMET,39.02163432,-77.01216459,"(39.02163432, -77.01216459)"
MCP2757001P,170536392,Montgomery County Police,Property Damage Crash,10/13/2017 05:44:00 AM,County,KINGSWELL DR,County,LIVINGSTON ST,,N/A,PEDESTRIAN,SINGLE VEHICLE,N/A,N/A,DARK LIGHTS ON,NO CONTROLS,NONE DETECTED,NONE DETECTED,55BCA61C-5267-41A3-B9A5-B15963311238,PEDESTRIAN,Standing,OTHER,SHOULDER,N/A,DARK CLOTHING,No,NO APPARENT INJURY,N/A,39.05451784,-77.05814302,"(39.05451784, -77.05814302)"
HA2389000S,17001350,Maryland-National Capital,Property Damage Crash,10/09/2017 12:39:00 PM,,SCHOLL MANOR WAY,,LATROBE LANE,,N/A,OTHER,UNKNOWN,UNKNOWN,DRY,UNKNOWN,N/A,UNKNOWN,N/A,5FA86139-32E0-458C-A447-DAB0A66DB4CE,OTHER,N/A,N/A,INSIDE BUILDING,N/A,N/A,No,NO APPARENT INJURY,N/A,39.23431306,-77.27964655,"(39.23431306, -77.27964655)"
MCP32400015,200035785,Montgomery County Police,Injury Crash,09/12/2020 03:30:00 PM,,,,,PARKING LOT OF HOME DEPOT 21010 FREDERICK RD,,PEDESTRIAN,OTHER,N/A,,DAYLIGHT,NO CONTROLS,N/A,N/A,01C6FD6A-9A38-4C9C-8630-F50220BAB394,PEDESTRIAN,Push/Work on Vehicle,NO IMPROPER ACTIONS,OTHER,N/A,N/A,No,POSSIBLE INJURY,N/A,39.20145504,-77.2485474,"(39.20145504, -77.2485474)"
DD5604001G,17004413,Rockville Police Departme,Injury Crash,01/25/2017 07:42:00 AM,Municipality,ARDENNES AVE,Municipality,HOLLAND RD,,ROCKVILLE,PEDESTRIAN,OTHER,CLEAR,DRY,DARK LIGHTS ON,N/A,NONE DETECTED,NONE DETECTED,55819C62-56EF-4B7F-9453-E87AE89F6C03,PEDESTRIAN,Cross/Enter at Intersection,NO IMPROPER ACTIONS,AT INTERSECTION BUT NO CROSSWALK,NO PED. SIGNAL,DARK CLOTHING,No,SUSPECTED MINOR INJURY,NONE,39.06592833,-77.118435,"(39.06592833, -77.118435)"
MCP285900B3,210026650,Montgomery County Police,Injury Crash,07/11/2021 12:50:00 PM,Maryland (State),S FREDERICK RD,County,N WESTLAND DR,,N/A,BICYCLIST,STRAIGHT MOVEMENT ANGLE,CLEAR,DRY,DAYLIGHT,TRAFFIC SIGNAL,N/A,NONE DETECTED,7247BB92-0494-41A3-91B0-1FF41D9AAACB,BICYCLIST,Cross/Enter at Intersection,NO IMPROPER ACTIONS,AT INTERSECTION MARKED CROSSWALK,OBEYED PED. SIGNAL,MIXED CLOTHING,No,POSSIBLE INJURY,MC/BIKE HELMET,39.12567667,-77.18317833,"(39.12567667, -77.18317833)"
MCP2411001G,170542300,Montgomery County Police,Injury Crash,11/11/2017 09:06:00 PM,,,,,ON SIDEWALK OFF OF RANDOLPH ROAD INTO THE PRIVATE ENTRANCE TO RANDOLPH SQUARE APARTMENTS,,BICYCLIST,OTHER,CLEAR,,DARK NO LIGHTS,NO CONTROLS,N/A,NONE DETECTED,231F8423-F129-42CD-BF21-2859BA903A69,BICYCLIST,Walking/Cycling on Sidewalk,NOT VISIBLE,SIDEWALK,N/A,DARK CLOTHING,No,POSSIBLE INJURY,NONE,39.05364095,-77.10482687,"(39.05364095, -77.10482687)"
MCP2859009J,200048151,Montgomery County Police,Property Damage Crash,12/07/2020 07:10:00 AM,County,MUDDY BRANCH RD,County,HARMONY HALL RD,,N/A,PEDESTRIAN,OTHER,N/A,DRY,DUSK,STOP SIGN,NONE DETECTED,NONE DETECTED,4EAF8799-427D-4FDA-93D8-85E8D9FC054F,PEDESTRIAN,Cross/Enter at Intersection,NO IMPROPER ACTIONS,ON ROADWAY AT CROSSWALK,NO PED. SIGNAL,DARK CLOTHING,Yes,NO APPARENT INJURY,NONE,39.13658667,-77.20536,"(39.13658667, -77.20536)"
MCP29660020,16027461,Montgomery County Police,Injury Crash,06/01/2016 10:35:00 PM,County,CONNECTICUT AVE,County,BEL PRE RD,,N/A,PEDESTRIAN,OTHER,CLEAR,DRY,DARK -- UNKNOWN LIGHTING,NO CONTROLS,NONE DETECTED,NONE DETECTED,CF438DC8-13D0-48D0-8E9B-FA3951C5E0EF,PEDESTRIAN,Cross/Enter at Intersection,NO IMPROPER ACTIONS,ON ROADWAY AT CROSSWALK,OBEYED PED. SIGNAL,DARK CLOTHING,No,NO APPARENT INJURY,NONE,39.09195775,-77.07031488,"(39.09195775, -77.07031488)"
DD5595001M,15047799,ROCKVILLE,Injury Crash,09/18/2015 08:45:00 AM,,,,,"Parking lot # 5 located at 51 Mannakee St.

the Montogmery County Community College",,PEDESTRIAN,OTHER,UNKNOWN,,DAYLIGHT,NO CONTROLS,N/A,N/A,F94C8CBB-7805-4B2C-945F-61805539B685,PEDESTRIAN,Other,NO IMPROPER ACTIONS,OTHER,N/A,LIGHT CLOTHING,No,SUSPECTED MINOR INJURY,N/A,39.10054767,-77.15906283,"(39.10054767, -77.15906283)"
MCP1015002C,180054761,Montgomery County Police,Injury Crash,11/01/2018 09:57:00 AM,Maryland (State),FREDERICK RD,County,MIDDLEBROOK RD,,N/A,PEDESTRIAN,SINGLE VEHICLE,CLEAR,DRY,DAYLIGHT,NO CONTROLS,NONE DETECTED,NONE DETECTED,E4F35BF7-0EBF-4438-9FBA-F4804FA78BA9,PEDESTRIAN,Other,NO IMPROPER ACTIONS,OTHER,N/A,DARK CLOTHING,No,SUSPECTED MINOR INJURY,N/A,39.18054333,-77.23858333,"(39.18054333, -77.23858333)"
MCP29160025,180018910,Montgomery County Police,Injury Crash,04/18/2018 11:30:00 AM,County,OLD COLUMBIA PIKE,County,BRIGGS CHANEY RD,,N/A,PEDESTRIAN,OTHER,CLEAR,DRY,DAYLIGHT,NO CONTROLS,NONE DETECTED,NONE DETECTED,4F9B9A0E-7E74-4C3A-A9FC-955757C59108,PEDESTRIAN,Cross/Enter not at Intersection,INATTENTIVE,ON ROADWAY NOT AT CROSSWALK,N/A,MIXED CLOTHING,Yes,SUSPECTED MINOR INJURY,N/A,39.08642319,-76.95042282,"(39.08642319, -76.95042282)"
MCP2496001M,200028264,Montgomery County Police,Injury Crash,07/20/2020 06:30:00 PM,Maryland (State),GEORGIA AVE,Ramp,RAMP 4 FR MD 97 NB TO IS 495 EB,,N/A,BICYCLIST,SINGLE VEHICLE,CLEAR,DRY,DUSK,NO CONTROLS,UNKNOWN,N/A,FC2777CE-9249-4B27-80FC-EACA788661E9,BICYCLIST,Cross/Enter at Intersection,NO IMPROPER ACTIONS,ON ROADWAY AT CROSSWALK,NO PED. SIGNAL,MIXED CLOTHING,No,POSSIBLE INJURY,NONE,39.00069167,-77.02761833,"(39.00069167, -77.02761833)"
MCP26030038,200024788,Montgomery County Police,Injury Crash,06/25/2020 11:18:00 AM,Maryland (State),MONTGOMERY VILLAGE AVE,Unknown,SPUR TO CHRISTOPHER AVE,,N/A,PEDESTRIAN,SINGLE VEHICLE,CLOUDY,DRY,DAYLIGHT,OTHER,N/A,N/A,735CE29E-D4AE-4B18-A944-A7507464C61C,PEDESTRIAN,Cross/Enter at Intersection,NO IMPROPER ACTIONS,ON ROADWAY AT CROSSWALK,NO PED. SIGNAL,DARK CLOTHING,No,POSSIBLE INJURY,NONE,39.15834667,-77.204405,"(39.15834667, -77.204405)"
EJ78470011,15035006,GAITHERSBURG,Injury Crash,07/17/2015 12:33:00 AM,Maryland (State),S FREDERICK RD,Municipality,W DEER PARK RD,,GAITHERSBURG,PEDESTRIAN,SINGLE VEHICLE,CLEAR,DRY,DARK LIGHTS ON,TRAFFIC SIGNAL,N/A,ILLEGAL DRUG PRESENT,450EFED1-3AE8-4E49-8CEA-AD5B037B0B44,PEDESTRIAN,Cross/Enter at Intersection,IN ROADWAY IMPROPERLY,ON ROADWAY NOT AT CROSSWALK,NO PED. SIGNAL,OTHER,Yes,POSSIBLE INJURY,NONE,39.13183333,-77.188705,"(39.13183333, -77.188705)"
DD5652001N,220048412,Rockville Police Departme,Injury Crash,11/03/2022 01:09:00 PM,,,,,625 HUNGERFORD DR,,PEDESTRIAN,SAME DIR REAR END,CLEAR,,DAYLIGHT,NO CONTROLS,NONE DETECTED,NONE DETECTED,8AED5528-70E0-424A-8F19-B76AFDF93EE0,PEDESTRIAN,Other,NO IMPROPER ACTIONS,OTHER,OTHER,DARK CLOTHING,No,SUSPECTED MINOR INJURY,NONE,39.09214059,-77.15244737,"(39.09214059, -77.15244737)"
MCP29890015,190006619,Montgomery County Police,Injury Crash,02/11/2019 04:16:00 AM,Maryland (State),EAST WEST HWY,Maryland (State),COLESVILLE RD,,N/A,PEDESTRIAN,OTHER,RAINING,WET,DARK LIGHTS ON,TRAFFIC SIGNAL,N/A,COMBINED SUBSTANCE PRESENT,69664A32-5D14-4BB9-A745-6A7345C74BE0,PEDESTRIAN,Cross/Enter at Intersection,IN ROADWAY IMPROPERLY,ON ROADWAY AT CROSSWALK,DISOBEYED PED. SIGNAL,DARK CLOTHING,Yes,SUSPECTED MINOR INJURY,NONE,38.99380083,-77.03250967,"(38.99380083, -77.03250967)"
MCP1323000G,180005089,Montgomery County Police,Property Damage Crash,01/29/2018 06:00:00 PM,County,FENTON ST,County,PHILADELPHIA AVE,,N/A,BICYCLIST,HEAD ON LEFT TURN,CLEAR,DRY,DUSK,TRAFFIC SIGNAL,UNKNOWN,N/A,60D59A0C-473F-42F2-A55A-CFAEB43FE739,BICYCLIST,Cross/Enter at Intersection,N/A,IN BIKEWAY,OBEYED PED. SIGNAL,MIXED CLOTHING,No,NO APPARENT INJURY,MC/BIKE HELMET,38.98800789,-77.02359349,"(38.98800789, -77.02359349)"
MCP23480047,180049336,Montgomery County Police,Injury Crash,10/02/2018 10:11:00 PM,,,,,PARKING LOT OF KNIGHTS OF PYTHIAS LODGE AT 11011 GAME PRESERVE RD,,PEDESTRIAN,SINGLE VEHICLE,CLEAR,,DARK LIGHTS ON,NO CONTROLS,NONE DETECTED,NONE DETECTED,CF1B4D4E-FB75-47FF-AB81-8933E6390E9F,PEDESTRIAN,Other,OTHER,OTHER,N/A,UNKNOWN,No,SUSPECTED MINOR INJURY,N/A,39.16405734,-77.2294604,"(39.16405734, -77.2294604)"
MCP32440021,220029316,Montgomery County Police,Injury Crash,07/08/2022 07:00:00 AM,County,BONIFANT ST,US (State),GEORGIA AVE,,N/A,PEDESTRIAN,SINGLE VEHICLE,CLEAR,DRY,DAYLIGHT,NO CONTROLS,UNKNOWN,NONE DETECTED,1C405AF2-B12D-404E-8015-56A461344CDC,PEDESTRIAN,Walking/Riding w/Traffic,INATTENTIVE,ON ROADWAY NOT AT CROSSWALK,N/A,DARK CLOTHING,Yes,SUSPECTED MINOR INJURY,NONE,38.9910875,-77.02782433,"(38.9910875, -77.02782433)"
MCP2348005T,200008795,Montgomery County Police,Fatal Crash,02/21/2020 09:19:00 PM,Maryland (State),S FREDERICK RD,County,N WESTLAND DR,,N/A,PEDESTRIAN,SINGLE VEHICLE,CLEAR,DRY,DARK LIGHTS ON,NO CONTROLS,NONE DETECTED,ALCOHOL PRESENT,27B4B48F-719B-4CED-8E5E-6C2DD31C84EE,PEDESTRIAN,Cross/Enter not at Intersection,UNKNOWN,ON ROADWAY NOT AT CROSSWALK,NO PED. SIGNAL,DARK CLOTHING,Yes,FATAL INJURY,N/A,39.12962169,-77.18693125,"(39.12962169, -77.18693125)"
MCP0036009Q,190017542,Montgomery County Police,Injury Crash,04/15/2019 07:27:00 AM,County,FATHER HURLEY BLVD,County,WATERS LANDING DR,,N/A,PEDESTRIAN,SINGLE VEHICLE,RAINING,WET,DAWN,TRAFFIC SIGNAL,NONE DETECTED,NONE DETECTED,3C4EA7A0-5A69-444D-AABD-88C98BD51935,PEDESTRIAN,Cross/Enter at Intersection,NO IMPROPER ACTIONS,ON ROADWAY AT CROSSWALK,OBEYED PED. SIGNAL,MIXED CLOTHING,No,SUSPECTED MINOR INJURY,NONE,39.19164667,-77.272205,"(39.19164667, -77.272205)"
MCP2134001J,180028448,Montgomery County Police,Fatal Crash,06/09/2018 03:23:00 AM,Maryland (State),UNIVERSITY BLVD W,County,FERN ST,,N/A,PEDESTRIAN,OTHER,CLEAR,DRY,DARK LIGHTS ON,N/A,ALCOHOL PRESENT,UNKNOWN,F11B67A0-1CE4-41FB-A54D-1E922BB33437,PEDESTRIAN,Walking/Cycling on Sidewalk,UNKNOWN,SIDEWALK,N/A,UNKNOWN,Unknown,FATAL INJURY,N/A,39.04133575,-77.04889007,"(39.04133575, -77.04889007)"
MCP2608001R,16060484,Montgomery County Police,Injury Crash,11/24/2016 07:30:00 PM,Maryland (State),16TH ST,Maryland (State),EAST WEST HWY,,N/A,PEDESTRIAN,STRAIGHT MOVEMENT ANGLE,CLEAR,DRY,DARK LIGHTS ON,TRAFFIC SIGNAL,N/A,NONE DETECTED,C94474E5-62EA-4DB2-92D2-3E3AEA5BE326,PEDESTRIAN,Cross/Enter at Intersection,NO IMPROPER ACTIONS,ON ROADWAY AT CROSSWALK,OBEYED PED. SIGNAL,MIXED CLOTHING,No,SUSPECTED MINOR INJURY,NONE,38.99449764,-77.03621864,"(38.99449764, -77.03621864)"
MCP2966005K,200004681,Montgomery County Police,Injury Crash,01/28/2020 06:00:00 PM,County,WISTERIA DR,County,WARING STATION RD,,N/A,PEDESTRIAN,OTHER,CLEAR,N/A,DUSK,NO CONTROLS,NONE DETECTED,N/A,A3624EFC-6250-4153-AE04-1AB871F971BC,PEDESTRIAN,Standing,INATTENTIVE,CURB,NO PED. SIGNAL,DARK CLOTHING,Unknown,POSSIBLE INJURY,NONE,39.16219554,-77.2508941,"(39.16219554, -77.2508941)"
MCP33000010,210044444,Montgomery County Police,Injury Crash,11/03/2021 08:05:00 AM,Maryland (State),GEORGIA AVE,County,SHOREFIELD RD,,N/A,PEDESTRIAN,OTHER,CLEAR,DRY,DAYLIGHT,TRAFFIC SIGNAL,NONE DETECTED,NONE DETECTED,544531EA-BC46-44DE-BE56-938A05CD899F,PEDESTRIAN,Cross/Enter at Intersection,UNKNOWN,ON ROADWAY NOT AT CROSSWALK,OBEYED PED. SIGNAL,MIXED CLOTHING,No,POSSIBLE INJURY,NONE,39.05300757,-77.05085627,"(39.05300757, -77.05085627)"
MCP2656002V,180017252,Montgomery County Police,Injury Crash,04/09/2018 03:55:00 PM,,,,,PARKING LOT OF 11271 NEW HAMPSHIRE AVENUE,,PEDESTRIAN,OTHER,N/A,,DAYLIGHT,N/A,N/A,N/A,CDEBB515-229C-4191-AEEA-CB759945E608,PEDESTRIAN,Other,OTHER,OTHER,N/A,LIGHT CLOTHING,Yes,POSSIBLE INJURY,N/A,39.04141333,-76.98998167,"(39.04141333, -76.98998167)"
MCP28700023,16066832,Montgomery County Police,Injury Crash,12/28/2016 07:00:00 PM,Maryland (State),NEW HAMPSHIRE AVE,County,POWDER MILL RD,,N/A,PEDESTRIAN,SINGLE VEHICLE,CLEAR,DRY,DARK LIGHTS ON,NO CONTROLS,NONE DETECTED,ALCOHOL PRESENT,6A3F019F-499B-48A6-9F0E-1C950FB3758E,PEDESTRIAN,Walking/Cycling on Sidewalk,NO IMPROPER ACTIONS,SIDEWALK,NO PED. SIGNAL,DARK CLOTHING,No,SUSPECTED MINOR INJURY,NONE,39.02323333,-76.97833667,"(39.02323333, -76.97833667)"
MCP3068004N,230019306,Montgomery County Police,Injury Crash,04/22/2023 08:15:00 PM,Maryland (State),OLD GEORGETOWN RD,County,GLENBROOK RD,,N/A,OTHER CONVEYANCE,STRAIGHT MOVEMENT ANGLE,CLEAR,DRY,DARK LIGHTS ON,STOP SIGN,N/A,N/A,E3BCB7CF-BF98-4E11-A20F-9A7D25D07CE0,OTHER CONVEYANCE,Cross/Enter at Intersection,FAILURE TO YIELD RIGHT OF WAY,ON ROADWAY AT CROSSWALK,NO PED. SIGNAL,DARK CLOTHING,Yes,SUSPECTED MINOR INJURY,NONE,38.98929133,-77.10160883,"(38.98929133, -77.10160883)"
MCP2347002H,190061641,Montgomery County Police,Injury Crash,12/22/2019 01:41:00 PM,,,,,2144 INDUSTRIAL PARKWAY PARKING LOT,,PEDESTRIAN,N/A,CLEAR,,DAYLIGHT,NO CONTROLS,NONE DETECTED,NONE DETECTED,5BB59111-847D-47F3-A95D-8446AF54C93A,PEDESTRIAN,Other,OTHER,OTHER,NO PED. SIGNAL,N/A,No,SUSPECTED MINOR INJURY,NONE,39.054455,-76.96905333,"(39.054455, -76.96905333)"
MCP31920008,190043756,Montgomery County Police,Injury Crash,09/12/2019 07:22:00 PM,,,,,11277 NEW HAMPSHIRE AVE.AT THE BACK PARKING LOT,,PEDESTRIAN,OTHER,CLEAR,,DARK LIGHTS ON,NO CONTROLS,NONE DETECTED,NONE DETECTED,3D9EF021-ECA0-4347-924F-83AFE4D1A5C9,PEDESTRIAN,Cross/Enter not at Intersection,IN ROADWAY IMPROPERLY,OTHER,N/A,N/A,Unknown,SUSPECTED MINOR INJURY,NONE,39.04081011,-76.99101255,"(39.04081011, -76.99101255)"
MCP2617003V,170519944,Montgomery County Police,Injury Crash,07/19/2017 11:44:00 AM,Municipality,DRUMMOND AVE,Maryland (State),WISCONSIN AVE,,N/A,OTHER,OTHER,CLEAR,DRY,DAYLIGHT,NO CONTROLS,,NONE DETECTED,A3984CB1-0E58-459D-AF28-6F8623D54AB7,OTHER,Getting off/on Vehicle,OTHER,ON ROADWAY NOT AT CROSSWALK,N/A,LIGHT CLOTHING,Yes,SUSPECTED SERIOUS INJURY,NONE,38.997705,-77.09671833,"(38.997705, -77.09671833)"
MCP2378000P,16041783,Montgomery County Police,Property Damage Crash,08/17/2016 05:23:00 PM,Municipality,DORSET AVE,Municipality,WARWICK PL,,SOMERSET,BICYCLIST,HEAD ON LEFT TURN,CLEAR,DRY,DAYLIGHT,STOP SIGN,NONE DETECTED,NONE DETECTED,BB349278-7CA9-4DC8-A632-1FE317B6C6FA,BICYCLIST,Walking/Riding w/Traffic,FAILURE TO YIELD RIGHT OF WAY,AT INTERSECTION MARKED CROSSWALK,N/A,MIXED CLOTHING,Yes,NO APPARENT INJURY,NONE,38.96773219,-77.09322497,"(38.96773219, -77.09322497)"
MCP20160019,16042551,Montgomery County Police,Injury Crash,08/22/2016 08:55:00 AM,,,,,"AMAZON SHIPPING WAREHOUSE LOCATED AT 861 E GUDE DRIVE ROCKVILLE, MD 20852",,PEDESTRIAN,OTHER,N/A,,DAYLIGHT,N/A,N/A,N/A,4FCFA298-6A89-454B-99C5-DC0877E803D1,PEDESTRIAN,Other,NO IMPROPER ACTIONS,N/A,N/A,N/A,No,SUSPECTED MINOR INJURY,N/A,39.10652333,-77.15140833,"(39.10652333, -77.15140833)"