Report Number,Local Case Number,Agency Name,ACRS Report Type,Crash Date/Time,Route Type,Road Name,Cross-Street Type,Cross-Street Name,Off-Road Description,Municipality,Related Non-Motorist,Collision Type,Weather,Surface Condition,Light,Traffic Control,Driver Substance Abuse,Non-Motorist Substance Abuse,Person ID,Pedestrian Type,Pedestrian Movement,Pedestrian Actions,Pedestrian Location,Pedestrian Obeyed Traffic Signal,Pedestrian Visibility,At Fault,Injury Severity,Safety Equipment,Latitude,Longitude,Location
MCP2347002H,190061641,Montgomery County Police,Injury Crash,12/22/2019 01:41:00 PM,,,,,2144 INDUSTRIAL PARKWAY PARKING LOT,,PEDESTRIAN,N/A,CLEAR,,DAYLIGHT,NO CONTROLS,NONE DETECTED,NONE DETECTED,224B9A28-E2C9-4385-9240-B821263C044D,PEDESTRIAN,Other,NO IMPROPER ACTIONS,OTHER,NO PED. SIGNAL,N/A,No,SUSPECTED MINOR INJURY,N/A,39.054455,-76.96905333,"(39.054455, -76.96905333)"
MCP25940069,200022518,Montgomery County Police,Injury Crash,06/08/2020 11:30:00 AM,Maryland (State),GEORGIA AVE,County,EMORY LA,,N/A,BICYCLIST,SAME DIR REAR END,CLEAR,DRY,DAYLIGHT,TRAFFIC SIGNAL,NONE DETECTED,NONE DETECTED,A100255C-009E-48F9-968E-514DBADD6BA4,BICYCLIST,Standing,NO IMPROPER ACTIONS,ON ROADWAY NOT AT CROSSWALK,OBEYED PED. SIGNAL,REFLECTIVE MATERIAL,No,SUSPECTED MINOR INJURY,MC/BIKE HELMET,39.12596833,-77.0721995,"(39.12596833, -77.0721995)"
MCP27070014,170549959,Montgomery County Police,Injury Crash,12/21/2017 03:02:00 PM,County,MONTGOMERY VILLAGE AVE,County,WHETSTONE DR,,N/A,PEDESTRIAN,STRAIGHT MOVEMENT ANGLE,CLEAR,DRY,DAYLIGHT,STOP SIGN,NONE DETECTED,NONE DETECTED,DD133C23-CB05-4353-BDCD-AA864D8EBF2F,PEDESTRIAN,Cross/Enter at Intersection,NO IMPROPER ACTIONS,ON ROADWAY AT CROSSWALK,NO PED. SIGNAL,MIXED CLOTHING,No,SUSPECTED MINOR INJURY,NONE,39.17114833,-77.205195,"(39.17114833, -77.205195)"
EJ7873006C,220051445,Gaithersburg Police Depar,Injury Crash,11/19/2022 06:55:00 PM,,,,,"IN THE PARKING LOT OF 366 N SUMMIT AVE GAITHERSBURG, MD 20877",,PEDESTRIAN,OTHER,UNKNOWN,,DARK LIGHTS ON,NO CONTROLS,UNKNOWN,NONE DETECTED,2AE81C74-BB4E-46EA-8C95-186FD2094F9E,PEDESTRIAN,Other,DART DASH,OTHER,NO PED. SIGNAL,UNKNOWN,Yes,POSSIBLE INJURY,NONE,39.14848487,-77.19115591,"(39.14848487, -77.19115591)"
MCP2546002N,190013501,Montgomery County Police,Fatal Crash,03/23/2019 09:30:00 PM,Municipality,BEALL AVE #2,Other Public Roadway,MARYLAND AVE,,N/A,PEDESTRIAN,OTHER,CLEAR,DRY,DARK LIGHTS ON,OTHER,NONE DETECTED,NONE DETECTED,5B1EC8C1-6550-4256-89C7-2186946BBA54,PEDESTRIAN,Cross/Enter at Intersection,UNKNOWN,ON ROADWAY AT CROSSWALK,NO PED. SIGNAL,MIXED CLOTHING,No,FATAL INJURY,NONE,39.087085,-77.151238,"(39.087085, -77.151238)"
MCP3263001H,210042562,Montgomery County Police,Injury Crash,10/22/2021 05:04:00 PM,County,HIGHLAND AVE,County,TILBURY ST,,N/A,PEDESTRIAN,OTHER,CLEAR,DRY,DARK LIGHTS ON,STOP SIGN,NONE DETECTED,NONE DETECTED,6276A9E3-5C13-44B7-9B96-1195BBE0665E,PEDESTRIAN,Cross/Enter at Intersection,NO IMPROPER ACTIONS,ON ROADWAY AT CROSSWALK,NO PED. SIGNAL,MIXED CLOTHING,No,SUSPECTED MINOR INJURY,NONE,38.99110833,-77.09392833,"(38.99110833, -77.09392833)"
MCP2928000P,15033137,MONTGOMERY,Injury Crash,07/07/2015 08:00:00 AM,Maryland (State),GEORGIA AVE,County,BELVEDERE BLVD,,N/A,PEDESTRIAN,SINGLE VEHICLE,CLEAR,DRY,DAYLIGHT,NO CONTROLS,,NONE DETECTED,2718F89C-3315-4B74-A8A3-AD027251D4EC,PEDESTRIAN,Cross/Enter at Intersection,DART DASH,CURB,NO PED. SIGNAL,DARK CLOTHING,Yes,POSSIBLE INJURY,N/A,39.01950044,-77.04405069,"(39.01950044, -77.04405069)"
MCP1334006Y,180044660,Montgomery County Police,Injury Crash,09/07/2018 06:26:00 AM,Maryland (State),S FREDERICK RD,County,N WESTLAND DR,,N/A,BICYCLIST,STRAIGHT MOVEMENT ANGLE,CLEAR,DRY,DAWN,NO CONTROLS,NONE DETECTED,NONE DETECTED,1C5367CB-9952-45DB-891D-77EB4974985D,BICYCLIST,Walking/Riding w/Traffic,NO IMPROPER ACTIONS,OTHER,N/A,HEAD LIGHT,No,SUSPECTED SERIOUS INJURY,MC/BIKE HELMET,39.12796591,-77.18509472,"(39.12796591, -77.18509472)"
EJ7857000H,15032732,GAITHERSBURG,Injury Crash,07/04/2015 10:33:00 PM,Municipality,PERRY PKWY,Unknown,STRUC OV CSX R/R,,N/A,PEDESTRIAN,OTHER,CLOUDY,DRY,DARK LIGHTS ON,NO CONTROLS,NONE DETECTED,NONE DETECTED,18BDD405-AC87-4E65-B798-369E44271933,PEDESTRIAN,Walking/Riding against Traffic,WRONG WAY RIDING OR WALKING,ON ROADWAY NOT AT CROSSWALK,NO PED. SIGNAL,DARK CLOTHING,No,SUSPECTED MINOR INJURY,NONE,39.147355,-77.21405667,"(39.147355, -77.21405667)"
MCP2496001R,200034185,Montgomery County Police,Injury Crash,09/02/2020 12:00:00 PM,County,DALE DR,County,HARTFORD AVE,,N/A,OTHER PEDALCYCLIST,SINGLE VEHICLE,CLEAR,DRY,DAYLIGHT,OTHER,UNKNOWN,NONE DETECTED,56DDE091-A248-4002-B6E7-1FC2CE444FFA,OTHER PEDALCYCLIST,Cross/Enter at Intersection,NO IMPROPER ACTIONS,AT INTERSECTION MARKED CROSSWALK,NO PED. SIGNAL,MIXED CLOTHING,No,POSSIBLE INJURY,NONE,38.9959156,-77.00994258,"(38.9959156, -77.00994258)"
EJ78260039,180019484,Gaithersburg Police Depar,Injury Crash,04/21/2018 09:38:00 AM,County,SAM EIG HWY,Maryland (State),GREAT SENECA HWY,,N/A,OTHER,SAME DIR REAR END,CLEAR,DRY,DAYLIGHT,N/A,N/A,N/A,5213F62A-606B-4816-8D0E-A73617D2F1FE,OTHER,Other Working,NO IMPROPER ACTIONS,ON ROADWAY NOT AT CROSSWALK,N/A,REFLECTIVE MATERIAL,No,POSSIBLE INJURY,REFLECTIVE CLOTHING,39.10968,-77.211745,"(39.10968, -77.211745)"
MCP1378005P,15017307,Montgomery County Police,Injury Crash,04/14/2015 01:36:00 PM,County,SHADY GROVE RD,Ramp,RAMP 1 FR IS 270 NB TO SHADY GROVE RD WB,,N/A,OTHER,SAME DIR REAR END,RAINING,WET,DAYLIGHT,TRAFFIC SIGNAL,NONE DETECTED,NONE DETECTED,CE4EEED2-5E10-4006-B388-9EB95F0327AF,OTHER,Other,DISABLED VEHICLE RELATED,ON ROADWAY NOT AT CROSSWALK,N/A,N/A,,SUSPECTED SERIOUS INJURY,N/A,39.11166,-77.18718,"(39.11166, -77.18718)"
MCP3134003B,220009059,Montgomery County Police,Injury Crash,02/23/2022 04:29:00 PM,County,GREENCASTLE RD,US (State),COLUMBIA PIKE,,N/A,PEDESTRIAN,SINGLE VEHICLE,CLEAR,DRY,DAYLIGHT,TRAFFIC SIGNAL,N/A,N/A,F7F132FE-A153-4E0E-BB00-754D2180AE97,PEDESTRIAN,Cross/Enter at Intersection,FAILURE TO YIELD RIGHT OF WAY,ON ROADWAY AT CROSSWALK,UNKNOWN,UNKNOWN,No,SUSPECTED MINOR INJURY,NONE,39.09563444,-76.93811154,"(39.09563444, -76.93811154)"
MCP2846000Y,15022119,Montgomery County Police,Injury Crash,05/09/2015 01:01:00 PM,Maryland (State),UNIVERSITY BLVD W,County,DAYTON ST,,N/A,PEDESTRIAN,SINGLE VEHICLE,CLEAR,DRY,DAYLIGHT,STOP SIGN,NONE DETECTED,NONE DETECTED,7B733A95-BA87-438A-8ED4-3EA1B0E78A16,PEDESTRIAN,Cross/Enter at Intersection,NO IMPROPER ACTIONS,ON ROADWAY AT CROSSWALK,NO PED. SIGNAL,MIXED CLOTHING,,POSSIBLE INJURY,LIGHTING,39.03875,-77.04170667,"(39.03875, -77.04170667)"
MCP29660038,170528869,Montgomery County Police,Injury Crash,09/05/2017 07:30:00 PM,Maryland (State),GEORGIA AVE,County,HEATHFIELD RD,,N/A,PEDESTRIAN,OTHER,RAINING,WET,DARK -- UNKNOWN LIGHTING,NO CONTROLS,NONE DETECTED,NONE DETECTED,9462ADC1-0426-405E-8356-50A5BA05B34F,PEDESTRIAN,Cross/Enter at Intersection,DART DASH,AT INTERSECTION BUT NO CROSSWALK,NO PED. SIGNAL,N/A,Yes,SUSPECTED SERIOUS INJURY,NONE,39.08765,-77.07965833,"(39.08765, -77.07965833)"
EJ7851004R,190047966,Gaithersburg Police Depar,Injury Crash,10/06/2019 02:51:00 PM,Maryland (State),FREDERICK RD,Municipality,MARYLAND AVE,,GAITHERSBURG,PEDESTRIAN,SINGLE VEHICLE,CLOUDY,DRY,DAYLIGHT,NO CONTROLS,NONE DETECTED,NONE DETECTED,257DF127-10F0-4697-B21E-2CE00D0F737D,PEDESTRIAN,Standing,N/A,ON ROADWAY NOT AT CROSSWALK,NO PED. SIGNAL,MIXED CLOTHING,Yes,POSSIBLE INJURY,NONE,39.14538076,-77.20329128,"(39.14538076, -77.20329128)"
MCP2987000Q,16023118,Montgomery County Police,Injury Crash,05/10/2016 07:30:00 AM,,,,,"IN DRIVEWAY OF 509 HARDING DR, SILVER SPRING MD 20901",,PEDESTRIAN,SINGLE VEHICLE,CLEAR,,DAYLIGHT,NO CONTROLS,NONE DETECTED,NONE DETECTED,05240AE3-201B-43C4-8CD8-8092A6BD84F2,PEDESTRIAN,Standing,NOT VISIBLE,OTHER,N/A,MIXED CLOTHING,Yes,SUSPECTED MINOR INJURY,NONE,39.01157833,-76.98385667,"(39.01157833, -76.98385667)"
MCP12130035,170539200,Montgomery County Police,Injury Crash,10/27/2017 03:46:00 PM,,,,,DRIVEWAY OF 2006 LONGMEAD RD,,PEDESTRIAN,STRAIGHT MOVEMENT ANGLE,CLEAR,,DAYLIGHT,N/A,NONE DETECTED,NONE DETECTED,AD7A7C53-FDC0-4E79-B5F3-5B5E2B3DB8FB,PEDESTRIAN,Standing,NO IMPROPER ACTIONS,OTHER,N/A,MIXED CLOTHING,No,SUSPECTED SERIOUS INJURY,NONE,39.09699833,-77.04292833,"(39.09699833, -77.04292833)"
MCP9390000W,170523992,Montgomery County Police,Injury Crash,08/09/2017 09:11:00 PM,Maryland (State),KEY WEST AVE,County,DARNESTOWN RD,,N/A,BICYCLIST,OTHER,CLEAR,DRY,DARK LIGHTS ON,TRAFFIC SIGNAL,NONE DETECTED,N/A,1085C866-307D-4B21-B29B-0068DE59761D,BICYCLIST,Cross/Enter at Intersection,FAILURE TO YIELD RIGHT OF WAY,AT INTERSECTION MARKED CROSSWALK,OBEYED PED. SIGNAL,N/A,Yes,SUSPECTED MINOR INJURY,N/A,39.10050492,-77.21343756,"(39.10050492, -77.21343756)"
MCP29340040,200018218,Montgomery County Police,Injury Crash,05/04/2020 05:11:00 PM,County,E JEFFERSON ST,Other Public Roadway,MONTROSE PKWY,,N/A,PEDESTRIAN,OTHER,CLEAR,DRY,DAYLIGHT,TRAFFIC SIGNAL,NONE DETECTED,NONE DETECTED,92C26D8D-EF6E-46D0-9177-FD7F06C00DA3,PEDESTRIAN,Cross/Enter at Intersection,NO IMPROPER ACTIONS,AT INTERSECTION MARKED CROSSWALK,OBEYED PED. SIGNAL,MIXED CLOTHING,No,POSSIBLE INJURY,NONE,39.051115,-77.12608667,"(39.051115, -77.12608667)"
MCP30160021,180051626,Montgomery County Police,Injury Crash,10/15/2018 02:30:00 PM,Maryland (State),GREAT SENECA HWY,County,RICHTER FARM RD,,N/A,PEDESTRIAN,SINGLE VEHICLE,RAINING,WET,DAYLIGHT,TRAFFIC SIGNAL,N/A,N/A,939400A7-F843-4A58-9D2B-B5FBF733A79C,PEDESTRIAN,Cross/Enter at Intersection,DART DASH,AT INTERSECTION MARKED CROSSWALK,DISOBEYED PED. SIGNAL,MIXED CLOTHING,Yes,POSSIBLE INJURY,NONE,39.148822,-77.27670067,"(39.148822, -77.27670067)"
MCP2927001F,16053824,Montgomery County Police,Injury Crash,10/19/2016 03:54:00 PM,Government,SLIGO CREEK PKWY,US (State),COLESVILLE RD,,N/A,BICYCLIST,SAME DIRECTION RIGHT TURN,CLEAR,DRY,DAYLIGHT,TRAFFIC SIGNAL,UNKNOWN,NONE DETECTED,4A895696-D1BD-4886-96CA-86133F1C66CD,BICYCLIST,Cross/Enter at Intersection,NO IMPROPER ACTIONS,ON ROADWAY AT CROSSWALK,OBEYED PED. SIGNAL,MIXED CLOTHING,No,POSSIBLE INJURY,MC/BIKE HELMET,39.00774318,-77.02019647,"(39.00774318, -77.02019647)"
MCP2016002K,180003811,Montgomery County Police,Injury Crash,01/23/2018 11:12:00 AM,Maryland (State),ROCKVILLE PIKE,Unknown,ENT TO FEDERAL PLAZA S.C.,,N/A,PEDESTRIAN,OTHER,CLEAR,DRY,DAYLIGHT,TRAFFIC SIGNAL,N/A,N/A,DF80F6BE-CBCF-482B-8C4D-5CFF5792D210,PEDESTRIAN,Cross/Enter at Intersection,NO IMPROPER ACTIONS,AT INTERSECTION MARKED CROSSWALK,OBEYED PED. SIGNAL,N/A,No,SUSPECTED MINOR INJURY,N/A,39.057675,-77.12007333,"(39.057675, -77.12007333)"
MCP2134000Y,17008899,Montgomery County Police,Injury Crash,02/18/2017 04:35:00 PM,,,,,PARKING LOT OF 8208 ROANOKE AVE,,PEDESTRIAN,OTHER,CLEAR,,DAYLIGHT,N/A,N/A,N/A,5393FDD0-75B2-46DD-A153-1577C1E8015B,PEDESTRIAN,Playing,UNKNOWN,OTHER,N/A,MIXED CLOTHING,Unknown,SUSPECTED SERIOUS INJURY,NONE,38.99135186,-77.00431913,"(38.99135186, -77.00431913)"
MCP11940011,15035594,MONTGOMERY,Injury Crash,07/19/2015 04:09:00 PM,Government,CLARA BARTON PKWY,County,MACARTHUR BLVD,,N/A,BICYCLIST,HEAD ON LEFT TURN,CLEAR,DRY,DAYLIGHT,STOP SIGN,NONE DETECTED,NONE DETECTED,D43675C8-1579-4A24-BB73-6ABB772685B0,BICYCLIST,Cross/Enter at Intersection,NO IMPROPER ACTIONS,AT INTERSECTION MARKED CROSSWALK,N/A,LIGHT CLOTHING,No,POSSIBLE INJURY,MC/BIKE HELMET,38.98928167,-77.19604833,"(38.98928167, -77.19604833)"
MCP2733000T,16052948,Montgomery County Police,Injury Crash,10/14/2016 10:29:00 PM,County,BETHESDA AVE,County,CLARENDON RD,,N/A,PEDESTRIAN,OTHER,CLEAR,DRY,DARK NO LIGHTS,NO CONTROLS,NONE DETECTED,NONE DETECTED,46C97C92-A879-492D-8F8F-8F5FBE247904,PEDESTRIAN,Cross/Enter not at Intersection,IN ROADWAY IMPROPERLY,ON ROADWAY NOT AT CROSSWALK,NO PED. SIGNAL,DARK CLOTHING,Yes,SUSPECTED SERIOUS INJURY,NONE,38.98078333,-77.09970333,"(38.98078333, -77.09970333)"
DD5595004C,170516151,Rockville Police Departme,Injury Crash,06/28/2017 07:48:00 AM,Municipality,E MIDDLE LA,Municipality,MONROE ST,,ROCKVILLE,PEDESTRIAN,SINGLE VEHICLE,CLEAR,DRY,DAYLIGHT,OTHER,NONE DETECTED,NONE DETECTED,E528197E-1AB6-48F5-8A0D-E59768D89E9E,PEDESTRIAN,Cross/Enter at Intersection,NO IMPROPER ACTIONS,ON ROADWAY AT CROSSWALK,NO PED. SIGNAL,DARK CLOTHING,No,SUSPECTED MINOR INJURY,NONE,39.0853365,-77.14972233,"(39.0853365, -77.14972233)"
MCP2160000C,16004056,Montgomery County Police,Injury Crash,01/23/2016 04:54:00 PM,,,,,PARKING LOT OF 24 MONTGOMERY VILLAGE AVE,,PEDESTRIAN,SINGLE VEHICLE,BLOWING SNOW,,DAYLIGHT,N/A,NONE DETECTED,NONE DETECTED,B9F679B9-108E-4191-82E2-6DDE72CCF9FE,PEDESTRIAN,Other,NOT VISIBLE,OTHER,N/A,OTHER,No,POSSIBLE INJURY,N/A,39.15543936,-77.2082448,"(39.15543936, -77.2082448)"
MCP2181004L,220019281,Montgomery County Police,Fatal Crash,05/06/2022 11:21:00 AM,County,ROCKLEDGE DR,County,DEMOCRACY BLVD,,N/A,PEDESTRIAN,OTHER,RAINING,WET,DAYLIGHT,N/A,N/A,NONE DETECTED,79303E71-FB09-4962-A39A-ED2AEDB552F8,PEDESTRIAN,Cross/Enter not at Intersection,DART DASH,ON ROADWAY NOT AT CROSSWALK,N/A,MIXED CLOTHING,Yes,FATAL INJURY,NONE,39.02436333,-77.13263667,"(39.02436333, -77.13263667)"
MCP3257000P,200034335,Montgomery County Police,Property Damage Crash,09/02/2020 01:50:00 PM,Municipality,FRIENDSHIP BLVD,Municipality,N PARK AVE,,FRIENDSHIP HEIGHTS,PEDESTRIAN,OTHER,CLEAR,DRY,DAYLIGHT,STOP SIGN,NONE DETECTED,NONE DETECTED,98716E78-8C3D-490A-9747-3BE9A2916FF3,PEDESTRIAN,Cross/Enter at Intersection,NO IMPROPER ACTIONS,AT INTERSECTION MARKED CROSSWALK,OBEYED PED. SIGNAL,MIXED CLOTHING,No,NO APPARENT INJURY,NONE,38.9636837,-77.08938367,"(38.9636837, -77.08938367)"
DD5502002Y,17010773,Rockville Police Departme,Injury Crash,02/28/2017 07:00:00 PM,Municipality,MARTINS LA,Municipality,N WASHINGTON ST,,ROCKVILLE,PEDESTRIAN,OTHER,RAINING,WET,DARK LIGHTS ON,TRAFFIC SIGNAL,NONE DETECTED,NONE DETECTED,59A22041-284C-44D8-B65A-6CB86CC12FCB,PEDESTRIAN,Cross/Enter at Intersection,NO IMPROPER ACTIONS,ON ROADWAY AT CROSSWALK,OBEYED PED. SIGNAL,MIXED CLOTHING,No,SUSPECTED MINOR INJURY,N/A,39.09098167,-77.15364333,"(39.09098167, -77.15364333)"
MCP1064005H,17011626,Montgomery County Police,Property Damage Crash,03/05/2017 10:46:00 AM,,,,,"SIDE WALK
8600 BLOCK COLESVILLE RD

SILVER SPRING, MD 20910",,BICYCLIST,OTHER,CLEAR,,DAYLIGHT,STOP SIGN,N/A,N/A,39BDEA4F-FE2F-4FF7-B5B8-107DEF8E47C1,BICYCLIST,Walking/Cycling on Sidewalk,N/A,SIDEWALK,N/A,DARK CLOTHING,No,NO APPARENT INJURY,MC/BIKE HELMET,38.99643167,-77.02789667,"(38.99643167, -77.02789667)"
MCP2909000W,15065349,Montgomery County Police,Injury Crash,12/21/2015 06:46:00 PM,County,EDGEMOOR LA,County,ARLINGTON RD,,N/A,PEDESTRIAN,OTHER,CLEAR,DRY,DARK LIGHTS ON,TRAFFIC SIGNAL,NONE DETECTED,NONE DETECTED,68DA21B4-2489-47F9-A979-B92196F4E3D0,PEDESTRIAN,Cross/Enter at Intersection,NO IMPROPER ACTIONS,AT INTERSECTION MARKED CROSSWALK,OBEYED PED. SIGNAL,LIGHT CLOTHING,No,SUSPECTED MINOR INJURY,NONE,38.98720167,-77.09895667,"(38.98720167, -77.09895667)"
MCP2563000X,190036571,Montgomery County Police,Fatal Crash,07/31/2019 04:52:00 PM,Maryland (State),OLD GEORGETOWN RD,County,BEECH AVE,,N/A,BICYCLIST,SINGLE VEHICLE,CLEAR,DRY,DAYLIGHT,N/A,NONE DETECTED,NONE DETECTED,14DD5A10-C924-4E0F-A9CD-4EDA70279A79,BICYCLIST,Walking/Riding w/Traffic,OTHER,SIDEWALK,N/A,MIXED CLOTHING,Yes,FATAL INJURY,MC/BIKE HELMET,39.01068724,-77.11552446,"(39.01068724, -77.11552446)"
MCP24270004,16006138,Montgomery County Police,Injury Crash,02/05/2016 09:30:00 PM,County,MAYOR LA,County,SLIGO AVE,,N/A,PEDESTRIAN,SINGLE VEHICLE,CLEAR,DRY,DARK LIGHTS ON,NO CONTROLS,UNKNOWN,N/A,56AC267D-1468-4F07-BC6F-873F2BE8442C,PEDESTRIAN,Cross/Enter not at Intersection,OTHER,OTHER,N/A,DARK CLOTHING,Yes,POSSIBLE INJURY,NONE,38.99231917,-77.02590019,"(38.99231917, -77.02590019)"
MCP2982004F,220042750,Montgomery County Police,Injury Crash,09/30/2022 09:05:00 PM,County,SPRING ST,County,FIRST AVE,,N/A,PEDESTRIAN,OTHER,CLEAR,WET,DARK LIGHTS ON,NO CONTROLS,NONE DETECTED,N/A,7013A708-8B0B-407A-9FBB-D3238EC49AB2,PEDESTRIAN,Cross/Enter not at Intersection,FAILURE TO YIELD RIGHT OF WAY,SHOULDER,N/A,DARK CLOTHING,Yes,POSSIBLE INJURY,NONE,38.99897853,-77.03279139,"(38.99897853, -77.03279139)"
MCP3074002W,180061167,Montgomery County Police,Injury Crash,12/07/2018 08:04:00 AM,County,TIMBERWOOD AVE,US (State),COLESVILLE RD,,N/A,PEDESTRIAN,SINGLE VEHICLE,CLEAR,DRY,DAYLIGHT,NO CONTROLS,UNKNOWN,N/A,E20863AE-0C17-4DCA-8A6B-4458C1719819,PEDESTRIAN,Cross/Enter at Intersection,NO IMPROPER ACTIONS,ON ROADWAY NOT AT CROSSWALK,NO PED. SIGNAL,DARK CLOTHING,No,POSSIBLE INJURY,NONE,39.02100667,-77.011585,"(39.02100667, -77.011585)"
MCP2722002S,170550433,Montgomery County Police,Injury Crash,12/23/2017 08:08:00 PM,Maryland (State),GEORGIA AVE,Unknown,ENT TO APTS,,N/A,PEDESTRIAN,SINGLE VEHICLE,N/A,WET,DARK LIGHTS ON,STOP SIGN,N/A,N/A,04D3E27F-2A9F-4A12-9B9A-2E1DF1C1BB34,PEDESTRIAN,Cross/Enter at Intersection,NO IMPROPER ACTIONS,AT INTERSECTION BUT NO CROSSWALK,NO PED. SIGNAL,LIGHT CLOTHING,No,POSSIBLE INJURY,NONE,39.09050167,-77.07965,"(39.09050167, -77.07965)"
EJ78530025,17010105,Gaithersburg Police Depar,Injury Crash,02/24/2017 09:24:00 PM,,GIRARD ST.,,GLORIA WAY,,N/A,BICYCLIST,STRAIGHT MOVEMENT ANGLE,CLEAR,DRY,DARK LIGHTS ON,STOP SIGN,NONE DETECTED,NONE DETECTED,376C0364-B1D5-4316-93C4-3B0B66F4FD9B,BICYCLIST,Walking/Riding w/Traffic,NO IMPROPER ACTIONS,OTHER,N/A,DARK CLOTHING,No,SUSPECTED MINOR INJURY,NONE,39.14461483,-77.18357921,"(39.14461483, -77.18357921)"
MCP2967001J,16040037,Montgomery County Police,Injury Crash,08/07/2016 04:46:00 PM,County,GROSVENOR LA,Maryland (State),ROCKVILLE PIKE,,N/A,BICYCLIST,HEAD ON,CLEAR,DRY,DAYLIGHT,TRAFFIC SIGNAL,N/A,N/A,F733B27E-F2AD-41D6-88C4-B4285CD43513,BICYCLIST,Walking/Riding against Traffic,IN ROADWAY IMPROPERLY,ON ROADWAY NOT AT CROSSWALK,N/A,MIXED CLOTHING,Yes,POSSIBLE INJURY,MC/BIKE HELMET,39.022385,-77.10254167,"(39.022385, -77.10254167)"
MCP31610053,230011087,Montgomery County Police,Injury Crash,03/06/2023 07:15:00 PM,Maryland (State),CONNECTICUT AVE,Municipality,HOWARD AVE,,KENSINGTON,PEDESTRIAN,SINGLE VEHICLE,CLEAR,DRY,DARK LIGHTS ON,NO CONTROLS,NONE DETECTED,NONE DETECTED,2A3A4AD9-B96B-448B-995F-39CD87DB5DA0,PEDESTRIAN,Cross/Enter not at Intersection,IN ROADWAY IMPROPERLY,ON ROADWAY NOT AT CROSSWALK,NO PED. SIGNAL,DARK CLOTHING,Yes,POSSIBLE INJURY,NONE,38.99981583,-77.08142567,"(38.99981583, -77.08142567)"
MCP2671002B,190060159,Montgomery County Police,Property Damage Crash,12/13/2019 06:30:00 PM,County,WAYNE AVE,US (State),GEORGIA AVE,,N/A,PEDESTRIAN,SINGLE VEHICLE,RAINING,WET,DARK LIGHTS ON,TRAFFIC SIGNAL,NONE DETECTED,NONE DETECTED,585B9975-CCA2-4D76-80E8-858ACCD51618,PEDESTRIAN,Cross/Enter at Intersection,FAILURE TO OBEY TRAFFIC SIGNS SIGNALS OR OFFICER,ON ROADWAY AT CROSSWALK,DISOBEYED PED. SIGNAL,DARK CLOTHING,Yes,NO APPARENT INJURY,NONE,38.99446114,-77.02693229,"(38.99446114, -77.02693229)"
MCP3200004H,210050607,Montgomery County Police,Injury Crash,12/13/2021 11:02:00 AM,Municipality,PLYERS MILL RD,Maryland (State),METROPOLITAN AVE,,N/A,OTHER,SINGLE VEHICLE,CLEAR,DRY,DAYLIGHT,NO CONTROLS,,NONE DETECTED,CB709E8F-111B-4219-8EB3-84F1BF89C508,OTHER,Other,OTHER,OTHER,NO PED. SIGNAL,MIXED CLOTHING,Yes,SUSPECTED MINOR INJURY,NONE,39.02931634,-77.07399464,"(39.02931634, -77.07399464)"
MCP2669000B,17000770,Montgomery County Police,Injury Crash,01/05/2017 11:50:00 AM,,,,,"PARKING LOT OF 2408 UNIVERSITY BLVD, EL CATRACHITO",,PEDESTRIAN,OTHER,CLOUDY,,DAYLIGHT,N/A,NONE DETECTED,NONE DETECTED,0EF56FC4-3A9C-4CD9-BDFA-C1FE8C346CF4,PEDESTRIAN,Standing,NO IMPROPER ACTIONS,OTHER,N/A,MIXED CLOTHING,No,SUSPECTED MINOR INJURY,NONE,39.04172,-77.050915,"(39.04172, -77.050915)"
DD5502001V,15063161,ROCKVILLE,Injury Crash,12/10/2015 05:19:00 PM,Maryland (State),ROCKVILLE PIKE,Municipality,RICHARD MONTGOMERY DR,,ROCKVILLE,PEDESTRIAN,ANGLE MEETS RIGHT TURN,CLEAR,DRY,DARK LIGHTS ON,OTHER,NONE DETECTED,NONE DETECTED,6DD461F8-A64E-4F9D-B807-21B1AAC1824B,PEDESTRIAN,Walking/Cycling on Sidewalk,NO IMPROPER ACTIONS,SIDEWALK,N/A,UNKNOWN,No,SUSPECTED MINOR INJURY,N/A,39.08007667,-77.144365,"(39.08007667, -77.144365)"
MCP271700N6,190017812,Montgomery County Police,Injury Crash,04/16/2019 03:25:00 PM,,,,,4823 RUGBY AVENUE (MCP BETHESDA DISTRICT STATION),,OTHER,OTHER,CLEAR,,DAYLIGHT,NO CONTROLS,NONE DETECTED,NONE DETECTED,14D633F9-5491-4AB8-9E2C-19A1FC8A113C,OTHER,Other,OTHER,SIDEWALK,NO PED. SIGNAL,MIXED CLOTHING,No,SUSPECTED MINOR INJURY,NONE,38.9910735,-77.09770717,"(38.9910735, -77.09770717)"
MCP31650042,220034672,Montgomery County Police,Injury Crash,08/12/2022 10:30:00 AM,County,DUSTIN RD,County,DUSTIN CT,,N/A,PEDESTRIAN,SAME DIR REND RIGHT TURN,N/A,DRY,DAYLIGHT,NO CONTROLS,NONE DETECTED,NONE DETECTED,DB339FC9-1603-41B3-9596-B7E00B218369,PEDESTRIAN,N/A,OTHER,SHOULDER,N/A,LIGHT CLOTHING,No,POSSIBLE INJURY,N/A,39.12153,-76.9171608,"(39.12153, -76.9171608)"