Report Number,Local Case Number,Agency Name,ACRS Report Type,Crash Date/Time,Route Type,Road Name,Cross-Street Type,Cross-Street Name,Off-Road Description,Municipality,Related Non-Motorist,Collision Type,Weather,Surface Condition,Light,Traffic Control,Driver Substance Abuse,Non-Motorist Substance Abuse,Person ID,Pedestrian Type,Pedestrian Movement,Pedestrian Actions,Pedestrian Location,Pedestrian Obeyed Traffic Signal,Pedestrian Visibility,At Fault,Injury Severity,Safety Equipment,Latitude,Longitude,Location
MCP2639000T,15021005,Montgomery County Police,Injury Crash,05/03/2015 11:41:00 PM,Maryland (State),GEORGIA AVE,County,REEDIE DR,,N/A,PEDESTRIAN,STRAIGHT MOVEMENT ANGLE,CLEAR,DRY,DARK LIGHTS ON,NO CONTROLS,NONE DETECTED,NONE DETECTED,ACDCCFCE-699A-492C-AFC0-29E0A22F7EF3,PEDESTRIAN,Cross/Enter not at Intersection,FAILURE TO YIELD RIGHT OF WAY,ON ROADWAY NOT AT CROSSWALK,NO PED. SIGNAL,MIXED CLOTHING,,SUSPECTED SERIOUS INJURY,N/A,39.03910167,-77.05091,"(39.03910167, -77.05091)"
MCP2358003T,170524612,Montgomery County Police,Injury Crash,08/13/2017 12:07:00 PM,,,,,DRIVEWAY 10501 DEMOCRACY LANE,,PEDESTRIAN,SINGLE VEHICLE,CLEAR,,DAYLIGHT,NO CONTROLS,,NONE DETECTED,2F08BA98-195A-413E-8A60-32D049D5D361,PEDESTRIAN,Other,OTHER,OTHER,N/A,N/A,Yes,SUSPECTED SERIOUS INJURY,N/A,39.027483,-77.166076,"(39.027483, -77.166076)"
DD5590000T,17004389,Rockville Police Departme,Injury Crash,01/25/2017 05:55:00 PM,Municipality,E MONTGOMERY AVE AT COURTHOUSE SQ,Municipality,MARYLAND AVE,,ROCKVILLE,OTHER CONVEYANCE,STRAIGHT MOVEMENT ANGLE,CLEAR,DRY,DARK LIGHTS ON,STOP SIGN,UNKNOWN,NONE DETECTED,9B63EAB9-2A22-4F9C-B775-8009EFAFA2D1,OTHER CONVEYANCE,Other,NO IMPROPER ACTIONS,OTHER,N/A,DARK CLOTHING,No,POSSIBLE INJURY,NONE,39.08435833,-77.14889667,"(39.08435833, -77.14889667)"
MCP2992001H,170538604,Montgomery County Police,Injury Crash,10/24/2017 07:15:00 PM,County,HOMECREST RD,County,LONGMEAD CROSSING DR,,N/A,PEDESTRIAN,OTHER,CLEAR,DRY,DARK NO LIGHTS,STOP SIGN,NONE DETECTED,N/A,DAF8B730-5DFC-4A2E-B92E-9FDECF481761,PEDESTRIAN,Cross/Enter at Intersection,UNKNOWN,AT INTERSECTION MARKED CROSSWALK,NO PED. SIGNAL,MIXED CLOTHING,No,SUSPECTED MINOR INJURY,NONE,39.10351633,-77.05449033,"(39.10351633, -77.05449033)"
MCP3257001Q,210014167,Montgomery County Police,Injury Crash,04/15/2021 10:48:00 PM,Maryland (State),WISCONSIN AVE,County,AVONDALE ST,,N/A,PEDESTRIAN,OTHER,CLEAR,DRY,DARK LIGHTS ON,OTHER,UNKNOWN,NONE DETECTED,1998D2EE-91D7-4324-B398-23083E3EA999,PEDESTRIAN,Cross/Enter at Intersection,NO IMPROPER ACTIONS,AT INTERSECTION MARKED CROSSWALK,OBEYED PED. SIGNAL,MIXED CLOTHING,No,SUSPECTED MINOR INJURY,NONE,38.99007513,-77.09048403,"(38.99007513, -77.09048403)"
MCP30480054,190022243,Montgomery County Police,Injury Crash,05/11/2019 12:52:00 PM,County,COUNSELMAN RD,Maryland (State),RIVER RD,,N/A,BICYCLIST,HEAD ON LEFT TURN,CLEAR,DRY,DAYLIGHT,TRAFFIC SIGNAL,N/A,N/A,AD6F2AC1-D6F2-4547-BADB-9C051A283DE1,BICYCLIST,Cross/Enter at Intersection,FAILURE TO YIELD RIGHT OF WAY,AT INTERSECTION BUT NO CROSSWALK,N/A,MIXED CLOTHING,Yes,SUSPECTED MINOR INJURY,MC/BIKE HELMET,39.01733695,-77.20770396,"(39.01733695, -77.20770396)"
MCP271700R8,190058101,Montgomery County Police,Injury Crash,12/02/2019 05:50:00 PM,County,PARKLAWN DR,County,BOILING BROOK PKWY,,N/A,PEDESTRIAN,SINGLE VEHICLE,RAINING,WET,DARK LIGHTS ON,NO CONTROLS,NONE DETECTED,NONE DETECTED,516C9671-0C18-4B39-92CC-31FA999C7B61,PEDESTRIAN,Cross/Enter not at Intersection,DART DASH,ON ROADWAY NOT AT CROSSWALK,NO PED. SIGNAL,DARK CLOTHING,Yes,SUSPECTED MINOR INJURY,NONE,39.051108,-77.10514633,"(39.051108, -77.10514633)"
MCP1174004J,200031668,Montgomery County Police,Injury Crash,08/14/2020 11:11:00 AM,,,,,PARKING LOT OF 2015 EAST WEST HWY.,,PEDESTRIAN,SINGLE VEHICLE,CLEAR,,DAYLIGHT,N/A,,NONE DETECTED,8519E1A8-E780-47C0-9B49-C03CC83E73B5,PEDESTRIAN,Getting off/on Vehicle,ENTERING EXITING PARKED STANDING VEHICLE,OTHER,NO PED. SIGNAL,LIGHT CLOTHING,Yes,SUSPECTED MINOR INJURY,N/A,38.99509287,-77.04511842,"(38.99509287, -77.04511842)"
DD5617000T,170506125,Rockville Police Departme,Injury Crash,05/05/2017 06:01:00 PM,Municipality,BAYLOR AVE,Municipality,PRINCETON PL,,ROCKVILLE,BICYCLIST,OTHER,CLOUDY,DRY,DAYLIGHT,NO CONTROLS,NONE DETECTED,N/A,09754351-FBE4-4CC3-81BE-542870901319,BICYCLIST,Cross/Enter not at Intersection,DART DASH,ON ROADWAY NOT AT CROSSWALK,N/A,LIGHT CLOTHING,Yes,SUSPECTED MINOR INJURY,NONE,39.10110833,-77.166145,"(39.10110833, -77.166145)"
MCP26070041,190008741,Montgomery County Police,Injury Crash,02/23/2019 07:20:00 PM,Maryland (State),WOODFIELD RD,County,FLOWER HILL WAY,,N/A,PEDESTRIAN,OTHER,RAINING,WET,DARK LIGHTS ON,TRAFFIC SIGNAL,NONE DETECTED,NONE DETECTED,DCD146A0-6C2D-429B-BA5E-7CE9A3058871,PEDESTRIAN,Cross/Enter at Intersection,FAILURE TO OBEY TRAFFIC SIGNS SIGNALS OR OFFICER,ON ROADWAY AT CROSSWALK,DISOBEYED PED. SIGNAL,DARK CLOTHING,Yes,SUSPECTED MINOR INJURY,NONE,39.15565333,-77.16498833,"(39.15565333, -77.16498833)"
MCP33420009,220045119,Montgomery County Police,Injury Crash,10/14/2022 06:32:00 PM,Maryland (State),NEW HAMPSHIRE AVE,County,ASHTON OAKS CT,,N/A,PEDESTRIAN,SINGLE VEHICLE,CLEAR,DRY,DARK NO LIGHTS,NO CONTROLS,NONE DETECTED,ALCOHOL PRESENT,EE675A5C-AE35-4AB1-9381-89535E31068D,PEDESTRIAN,Walking/Riding w/Traffic,DART DASH,ON ROADWAY NOT AT CROSSWALK,NO PED. SIGNAL,DARK CLOTHING,Yes,SUSPECTED SERIOUS INJURY,NONE,39.15768979,-77.01388182,"(39.15768979, -77.01388182)"
MCP32710001,200016299,Montgomery County Police,Injury Crash,04/17/2020 03:51:00 PM,Maryland (State),FREDERICK RD,Municipality,MARYLAND AVE,,GAITHERSBURG,BICYCLIST,STRAIGHT MOVEMENT ANGLE,CLEAR,DRY,DAYLIGHT,NO CONTROLS,NONE DETECTED,NONE DETECTED,339FFEDD-C723-41B8-A7C6-5929DA9533C6,BICYCLIST,Walking/Cycling on Sidewalk,NO IMPROPER ACTIONS,SIDEWALK,NO PED. SIGNAL,LIGHT CLOTHING,No,POSSIBLE INJURY,NONE,39.14500626,-77.20285304,"(39.14500626, -77.20285304)"
MCP3080002V,200040688,Montgomery County Police,Injury Crash,10/15/2020 04:28:00 PM,Maryland (State),GREAT SENECA HWY,Unknown,CLIMBING IVY DR,,N/A,PEDESTRIAN,OTHER,CLEAR,DRY,DAYLIGHT,TRAFFIC SIGNAL,NONE DETECTED,NONE DETECTED,969EC6CE-EA0B-4264-8C08-3FE9E527CF01,PEDESTRIAN,Cross/Enter at Intersection,NO IMPROPER ACTIONS,AT INTERSECTION MARKED CROSSWALK,OBEYED PED. SIGNAL,OTHER,No,POSSIBLE INJURY,NONE,39.16653148,-77.27062088,"(39.16653148, -77.27062088)"
MCP3187000N,190031148,Montgomery County Police,Injury Crash,06/30/2019 08:00:00 AM,Other Public Roadway,INDIAN SPRING RD,Maryland (State),LAYHILL RD,,N/A,PEDESTRIAN,SINGLE VEHICLE,CLEAR,DRY,DAYLIGHT,TRAFFIC SIGNAL,NONE DETECTED,NONE DETECTED,EC63F48D-F33F-44ED-BD9E-6A18F7841C2E,PEDESTRIAN,Walking/Cycling on Sidewalk,NO IMPROPER ACTIONS,SIDEWALK,NO PED. SIGNAL,LIGHT CLOTHING,No,SUSPECTED SERIOUS INJURY,NONE,39.07740667,-77.04602833,"(39.07740667, -77.04602833)"
MCP2871005Y,190017115,Montgomery County Police,Property Damage Crash,04/11/2019 05:15:00 PM,Maryland (State),ROCKVILLE PIKE,County,CEDAR LA,,N/A,BICYCLIST,SINGLE VEHICLE,N/A,DRY,DAYLIGHT,NO CONTROLS,NONE DETECTED,NONE DETECTED,C490DBA4-EF10-4011-B5AB-1CF5D351CDBD,BICYCLIST,Walking/Riding w/Traffic,NO IMPROPER ACTIONS,ON ROADWAY NOT AT CROSSWALK,N/A,UNKNOWN,No,NO APPARENT INJURY,MC/BIKE HELMET,39.00567386,-77.09762297,"(39.00567386, -77.09762297)"
MCP2064000G,15034829,MONTGOMERY,Injury Crash,07/15/2015 06:00:00 PM,County,HENDERSON AVE,County,CLARIDGE RD,,N/A,BICYCLIST,SINGLE VEHICLE,CLEAR,DRY,DAYLIGHT,N/A,UNKNOWN,NONE DETECTED,6DDFFBBB-515B-4996-921F-A73AF27CBE4E,BICYCLIST,Walking/Riding w/Traffic,UNKNOWN,ON ROADWAY NOT AT CROSSWALK,N/A,HEAD LIGHT AND REFLECTORS,Unknown,SUSPECTED MINOR INJURY,MC/BIKE HELMET,39.054887,-77.064613,"(39.054887, -77.064613)"
MCP2439000D,14064779,Montgomery County Police,Injury Crash,01/01/2015 06:00:00 PM,County,CONTOUR RD,County,HORIZON RUN RD,,N/A,PEDESTRIAN,N/A,CLEAR,DRY,DARK NO LIGHTS,NO CONTROLS,N/A,N/A,9E175636-4D5C-4C5D-A2E8-B03CD962B532,PEDESTRIAN,N/A,INATTENTIVE,ON ROADWAY AT CROSSWALK,NO PED. SIGNAL,DARK CLOTHING,,POSSIBLE INJURY,N/A,39.1552397,-77.197752,"(39.1552397, -77.197752)"
MCP3336000D,220052925,Montgomery County Police,Injury Crash,11/30/2022 05:50:00 PM,,,,,HOLY CROSS HOSPITAL PARKING LOT,,PEDESTRIAN,OTHER,CLEAR,,DARK LIGHTS ON,OTHER,NONE DETECTED,NONE DETECTED,C8894659-EBF5-4F0F-B208-2EE6D6AAC7E7,PEDESTRIAN,Cross/Enter not at Intersection,NO IMPROPER ACTIONS,OTHER,N/A,DARK CLOTHING,No,SUSPECTED MINOR INJURY,N/A,39.015,-77.035,"(39.015, -77.035)"
MCP3164005Z,220034861,Montgomery County Police,Injury Crash,08/13/2022 07:00:00 AM,US (State),GEORGIA AVE,County,BONIFANT ST,,N/A,BICYCLIST,SAME DIRECTION SIDESWIPE,CLEAR,UNKNOWN,DAYLIGHT,NO CONTROLS,UNKNOWN,UNKNOWN,59C021BD-68CA-4B4C-B81B-51BDBDC784C9,BICYCLIST,Walking/Riding w/Traffic,NO IMPROPER ACTIONS,IN BIKEWAY,N/A,UNKNOWN,No,POSSIBLE INJURY,UNKNOWN,39.04526575,-77.02301941,"(39.04526575, -77.02301941)"
MCP2546002J,180046952,Montgomery County Police,Property Damage Crash,09/19/2018 01:25:00 PM,County,E JEFFERSON ST,County,MONTROSE RD,,N/A,OTHER,OTHER,CLEAR,DRY,DAYLIGHT,OTHER,NONE DETECTED,NONE DETECTED,B96521D3-1975-4BF3-8681-1EFD8BE77771,OTHER,Other,OTHER,MEDIAN,OTHER,REFLECTIVE MATERIAL,No,NO APPARENT INJURY,REFLECTIVE CLOTHING,39.04965789,-77.126099,"(39.04965789, -77.126099)"
DD56490037,230032266,Rockville Police Departme,Injury Crash,07/06/2023 06:38:00 PM,Municipality,HALPINE RD,Municipality,E JEFFERSON ST,,ROCKVILLE,PEDESTRIAN,OTHER,N/A,DRY,DAYLIGHT,TRAFFIC SIGNAL,N/A,N/A,E41DEF8E-C0E2-4D82-A313-78F52358D659,PEDESTRIAN,Cross/Enter at Intersection,NO IMPROPER ACTIONS,ON ROADWAY AT CROSSWALK,N/A,DARK CLOTHING,No,SUSPECTED MINOR INJURY,N/A,39.0612988,-77.12503017,"(39.0612988, -77.12503017)"
MCP2001000K,16053275,Montgomery County Police,Fatal Crash,10/16/2016 08:49:00 PM,Maryland (State),NORBECK RD,County,BALTIMORE RD,,N/A,PEDESTRIAN,SINGLE VEHICLE,CLEAR,DRY,DARK LIGHTS ON,TRAFFIC SIGNAL,NONE DETECTED,ALCOHOL PRESENT,90C3335F-C3EF-4E26-90ED-619899FCD0DF,PEDESTRIAN,Cross/Enter at Intersection,DART DASH,ON ROADWAY NOT AT CROSSWALK,DISOBEYED PED. SIGNAL,DARK CLOTHING,Yes,FATAL INJURY,NONE,39.09517243,-77.11253889,"(39.09517243, -77.11253889)"
MCP3122002L,190057491,Montgomery County Police,Injury Crash,11/28/2019 11:25:00 PM,,,,,PARKING LOT OF 2304 BLUERIDGE AVE,,PEDESTRIAN,SINGLE VEHICLE,CLEAR,,DARK LIGHTS ON,N/A,ALCOHOL PRESENT,N/A,0A14531C-8E7A-4313-8A34-7685CA5D4CF4,PEDESTRIAN,Other,NO IMPROPER ACTIONS,OTHER,N/A,MIXED CLOTHING,No,SUSPECTED MINOR INJURY,N/A,39.04272545,-77.04853504,"(39.04272545, -77.04853504)"
MCP25970015,15003230,Montgomery County Police,Injury Crash,01/20/2015 05:46:00 PM,County,WAYNE AVE,County,RAMSEY AVE,,N/A,PEDESTRIAN,OTHER,CLEAR,DRY,DARK LIGHTS ON,TRAFFIC SIGNAL,NONE DETECTED,ALCOHOL PRESENT,D40E853D-4DD8-4833-9A6A-E4358E0384D7,PEDESTRIAN,Cross/Enter at Intersection,IN ROADWAY IMPROPERLY,ON ROADWAY NOT AT CROSSWALK,DISOBEYED PED. SIGNAL,DARK CLOTHING,,SUSPECTED MINOR INJURY,NONE,38.99450598,-77.02920198,"(38.99450598, -77.02920198)"
MCP94280013,16023526,Montgomery County Police,Property Damage Crash,05/12/2016 05:35:00 AM,Maryland (State),DAMASCUS RD,County,CHROME MINE RD,,N/A,IN ANIMAL-DRAWN VEH,STRAIGHT MOVEMENT ANGLE,FOGGY,N/A,DAWN,NO CONTROLS,N/A,N/A,A8C041DC-35A9-405B-8DF4-3B1CC356ABB4,IN ANIMAL-DRAWN VEH,Other,DART DASH,SHOULDER,N/A,N/A,No,NO APPARENT INJURY,N/A,39.26200167,-77.14981667,"(39.26200167, -77.14981667)"
MCP2717003Z,15059859,MONTGOMERY,Injury Crash,11/23/2015 12:45:00 PM,Maryland (State),EAST WEST HWY,County,SUNDALE DR,,N/A,PEDESTRIAN,OTHER,CLEAR,DRY,DAYLIGHT,TRAFFIC SIGNAL,NONE DETECTED,NONE DETECTED,6EFC3D70-55A5-4906-BC3F-7912DAF922F4,PEDESTRIAN,Cross/Enter at Intersection,NO IMPROPER ACTIONS,ON ROADWAY AT CROSSWALK,OBEYED PED. SIGNAL,MIXED CLOTHING,No,SUSPECTED MINOR INJURY,N/A,38.99438667,-77.04426667,"(38.99438667, -77.04426667)"
MCP2847000L,15001793,Montgomery County Police,Injury Crash,01/12/2015 10:05:00 AM,County,RANDOLPH RD,County,BUSHEY DR,,N/A,BICYCLIST,SINGLE VEHICLE,RAINING,WET,DAYLIGHT,STOP SIGN,NONE DETECTED,NONE DETECTED,54C47C1D-A838-443E-BC00-73D134CDACEE,BICYCLIST,Cross/Enter at Intersection,NO IMPROPER ACTIONS,ON ROADWAY AT CROSSWALK,NO PED. SIGNAL,MIXED CLOTHING,,POSSIBLE INJURY,UNKNOWN,39.05767333,-77.07777167,"(39.05767333, -77.07777167)"
MCP158000D4,200038226,Montgomery County Police,Injury Crash,09/29/2020 07:24:00 AM,County,MUDDY BRANCH RD,County,HARMONY HALL RD,,N/A,BICYCLIST,SINGLE VEHICLE,CLOUDY,DRY,DAYLIGHT,NO CONTROLS,NONE DETECTED,NONE DETECTED,D4C93812-2834-4666-B46C-9AFBD80AD857,BICYCLIST,Cross/Enter at Intersection,FAILURE TO OBEY TRAFFIC SIGNS SIGNALS OR OFFICER,ON ROADWAY AT CROSSWALK,DISOBEYED PED. SIGNAL,MIXED CLOTHING,Yes,SUSPECTED MINOR INJURY,NONE,39.136965,-77.20557167,"(39.136965, -77.20557167)"
MCP29520068,180018025,Montgomery County Police,Property Damage Crash,04/13/2018 11:31:00 AM,County,FENTON ST,County,NEW YORK AVE,,N/A,BICYCLIST,SAME DIRECTION SIDESWIPE,CLEAR,DRY,DAYLIGHT,STOP SIGN,NONE DETECTED,NONE DETECTED,3B61D3EE-E5A2-42A7-8587-ABBE349AA26A,BICYCLIST,Walking/Riding w/Traffic,NO IMPROPER ACTIONS,ON ROADWAY NOT AT CROSSWALK,NO PED. SIGNAL,LIGHT CLOTHING,No,NO APPARENT INJURY,MC/BIKE HELMET,38.98573331,-77.02293634,"(38.98573331, -77.02293634)"
MCP1221003K,170517373,Montgomery County Police,Injury Crash,07/05/2017 09:28:00 AM,County,GAITHER RD,County,SHADY GROVE RD,,N/A,BICYCLIST,SINGLE VEHICLE,CLOUDY,DRY,DAYLIGHT,TRAFFIC SIGNAL,NONE DETECTED,NONE DETECTED,EAB1E642-9ECF-4519-B15E-695764D71BD3,BICYCLIST,Cross/Enter at Intersection,NO IMPROPER ACTIONS,ON ROADWAY AT CROSSWALK,OBEYED PED. SIGNAL,MIXED CLOTHING,No,SUSPECTED MINOR INJURY,NONE,39.112435,-77.18808333,"(39.112435, -77.18808333)"
MCP2087000B,16054837,Montgomery County Police,Injury Crash,10/25/2016 06:58:00 AM,County,RANDOLPH RD,County,TIVOLI LAKE BLVD,,N/A,PEDESTRIAN,OTHER,CLEAR,DRY,DARK LIGHTS ON,TRAFFIC SIGNAL,UNKNOWN,NONE DETECTED,BB4E5E69-0616-4188-A7B5-60C6FDC95D4B,PEDESTRIAN,Cross/Enter at Intersection,NO IMPROPER ACTIONS,AT INTERSECTION MARKED CROSSWALK,UNKNOWN,DARK CLOTHING,No,SUSPECTED SERIOUS INJURY,NONE,39.06611114,-77.03449532,"(39.06611114, -77.03449532)"
MCP2639007N,190036442,Montgomery County Police,Property Damage Crash,07/31/2019 07:17:00 AM,Maryland (State),GEORGIA AVE,County,QUEEN MARY DR,,N/A,BICYCLIST,STRAIGHT MOVEMENT ANGLE,CLOUDY,DRY,DAYLIGHT,STOP SIGN,NONE DETECTED,NONE DETECTED,58393357-70EA-4A1C-B7D2-839329657BA8,BICYCLIST,Cross/Enter at Intersection,NO IMPROPER ACTIONS,SIDEWALK,NO PED. SIGNAL,MIXED CLOTHING,No,NO APPARENT INJURY,NONE,39.25503333,-77.22318,"(39.25503333, -77.22318)"
MCP2493000Q,15061008,MONTGOMERY,Injury Crash,11/29/2015 07:54:00 PM,Maryland (State),FREDERICK RD,County,MIDDLEBROOK RD,,N/A,PEDESTRIAN,OTHER,CLEAR,DRY,DARK NO LIGHTS,NO CONTROLS,NONE DETECTED,UNKNOWN,6A65C822-90FF-403A-8C3A-52BA7AECD544,PEDESTRIAN,Cross/Enter not at Intersection,IN ROADWAY IMPROPERLY,ON ROADWAY NOT AT CROSSWALK,NO PED. SIGNAL,DARK CLOTHING,Yes,SUSPECTED SERIOUS INJURY,N/A,39.178895,-77.23851,"(39.178895, -77.23851)"
MCP1580006G,16057394,Montgomery County Police,Injury Crash,11/07/2016 11:16:00 AM,County,SNOUFFERS SCHOOL RD,Maryland (State),WOODFIELD RD,,N/A,PEDESTRIAN,SINGLE VEHICLE,CLEAR,DRY,DAYLIGHT,NO CONTROLS,NONE DETECTED,ALCOHOL PRESENT,386103CF-67FE-4ABA-BF12-9970B2AA9C60,PEDESTRIAN,Cross/Enter not at Intersection,DART DASH,ON ROADWAY NOT AT CROSSWALK,N/A,MIXED CLOTHING,Yes,SUSPECTED SERIOUS INJURY,N/A,39.16039667,-77.16304,"(39.16039667, -77.16304)"
MCP137800C5,16046874,Montgomery County Police,Injury Crash,09/13/2016 08:37:00 AM,County,STEDWICK RD,County,MONTGOMERY VILLAGE AVE,,N/A,PEDESTRIAN,SINGLE VEHICLE,CLEAR,DRY,DAYLIGHT,NO CONTROLS,NONE DETECTED,UNKNOWN,383ADC03-E98E-49BA-B544-9A0D5DD2961C,PEDESTRIAN,Cross/Enter not at Intersection,DART DASH,ON ROADWAY NOT AT CROSSWALK,NO PED. SIGNAL,UNKNOWN,Yes,SUSPECTED MINOR INJURY,N/A,39.16975333,-77.20488333,"(39.16975333, -77.20488333)"
MCP2756000X,15046374,MONTGOMERY,Injury Crash,09/13/2015 07:19:00 PM,Maryland (State),UNIVERSITY BLVD W,County,INWOOD AVE,,N/A,PEDESTRIAN,SINGLE VEHICLE,CLEAR,DRY,DUSK,TRAFFIC SIGNAL,NONE DETECTED,NONE DETECTED,D1F0376B-A276-4DB4-AFEF-963601A0A861,PEDESTRIAN,Cross/Enter at Intersection,N/A,ON ROADWAY AT CROSSWALK,OBEYED PED. SIGNAL,LIGHT CLOTHING,No,SUSPECTED SERIOUS INJURY,N/A,39.036108,-77.036404,"(39.036108, -77.036404)"
MCP2546002H,180040021,Montgomery County Police,Fatal Crash,08/11/2018 11:30:00 PM,Maryland (State),GEORGIA AVE,Maryland (State),VEIRS MILL RD,,N/A,PEDESTRIAN,SINGLE VEHICLE,CLEAR,DRY,DARK LIGHTS ON,NO CONTROLS,NONE DETECTED,UNKNOWN,09BA6EF6-0D38-47E2-B63D-7E73FDF55718,PEDESTRIAN,Cross/Enter not at Intersection,UNKNOWN,ON ROADWAY NOT AT CROSSWALK,NO PED. SIGNAL,DARK CLOTHING,Unknown,FATAL INJURY,NONE,39.03765,-77.05047333,"(39.03765, -77.05047333)"
MCP1227001K,220001661,Montgomery County Police,Fatal Crash,01/14/2022 08:30:00 AM,Maryland (State),FREDERICK RD,County,S WESTLAND DR,,N/A,BICYCLIST,SINGLE VEHICLE,CLEAR,DRY,DAYLIGHT,TRAFFIC SIGNAL,NONE DETECTED,NONE DETECTED,1ED8B103-7F63-49BA-A233-46ABEF4895CA,BICYCLIST,Cross/Enter at Intersection,FAILURE TO OBEY TRAFFIC SIGNS SIGNALS OR OFFICER,AT INTERSECTION MARKED CROSSWALK,DISOBEYED PED. SIGNAL,MIXED CLOTHING,Yes,FATAL INJURY,NONE,39.12608939,-77.18279453,"(39.12608939, -77.18279453)"
MCP3039004G,190045636,Montgomery County Police,Injury Crash,09/23/2019 07:30:00 PM,,,,,SIDEWALK AT 8100 BLOCK OF GEORGIA AVENUE,,"BICYCLIST, PEDESTRIAN",SAME DIR REAR END,CLEAR,,DARK LIGHTS ON,NO CONTROLS,,UNKNOWN,075977C3-F02E-4A01-84A8-8370C7E5F3CC,BICYCLIST,Walking/Cycling on Sidewalk,INATTENTIVE,SIDEWALK,N/A,MIXED CLOTHING,Yes,NO APPARENT INJURY,NONE,38.99117,-77.02694,"(38.99117, -77.02694)"
MCP2361001L,200008760,Montgomery County Police,Injury Crash,02/21/2020 07:24:00 PM,County,CONTOUR RD,County,TUNSTALL DR,,N/A,PEDESTRIAN,OTHER,CLEAR,DRY,DARK LIGHTS ON,OTHER,NONE DETECTED,NONE DETECTED,E880E5B0-AE5F-4D08-9563-1C32D9BDD312,PEDESTRIAN,Cross/Enter at Intersection,NO IMPROPER ACTIONS,AT INTERSECTION MARKED CROSSWALK,OBEYED PED. SIGNAL,MIXED CLOTHING,No,SUSPECTED MINOR INJURY,NONE,39.15419667,-77.196725,"(39.15419667, -77.196725)"
MCP2348002J,17016091,Montgomery County Police,Injury Crash,03/30/2017 01:20:00 AM,Interstate (State),EISENHOWER MEMORIAL HWY,Ramp,RAMP 7 FR MD 121 WB TO IS 270 SB,,N/A,PEDESTRIAN,SINGLE VEHICLE,CLEAR,DRY,DARK NO LIGHTS,NO CONTROLS,NONE DETECTED,NONE DETECTED,4356AFCA-3494-45C8-9588-4B7EECF6B8FC,PEDESTRIAN,Other,NO IMPROPER ACTIONS,ON ROADWAY NOT AT CROSSWALK,N/A,DARK CLOTHING,No,SUSPECTED SERIOUS INJURY,N/A,39.22098667,-77.27935667,"(39.22098667, -77.27935667)"
MCP2195000P,16015880,Montgomery County Police,Injury Crash,04/01/2016 09:50:00 AM,County,SOUTHLAWN LA,County,E GUDE DR,,N/A,PEDESTRIAN,STRAIGHT MOVEMENT ANGLE,RAINING,WET,DAYLIGHT,PERSON,NONE DETECTED,NONE DETECTED,6FF96CB5-39BC-490F-ADE7-B58104D84751,PEDESTRIAN,Cross/Enter at Intersection,NO IMPROPER ACTIONS,AT INTERSECTION MARKED CROSSWALK,OBEYED PED. SIGNAL,DARK CLOTHING,No,POSSIBLE INJURY,N/A,39.09779667,-77.13708167,"(39.09779667, -77.13708167)"
MCP12050019,15040145,MONTGOMERY,Injury Crash,08/12/2015 10:16:00 AM,County,GLENDALE RD,County,CYPRESS PL,,N/A,PEDESTRIAN,OTHER,CLEAR,DRY,DAYLIGHT,OTHER,NONE DETECTED,NONE DETECTED,4C88D1C4-E536-409A-A89C-45E5B3F07085,PEDESTRIAN,Other Working,NO IMPROPER ACTIONS,ON ROADWAY NOT AT CROSSWALK,NO PED. SIGNAL,REFLECTIVE MATERIAL,No,SUSPECTED MINOR INJURY,REFLECTIVE CLOTHING,38.99092866,-77.0732975,"(38.99092866, -77.0732975)"
MCP3077000N,170540476,Montgomery County Police,Injury Crash,11/02/2017 03:46:00 PM,,,,,"PARKING LOT OF PEP BOYS
20900 FREDERICK ROAD GERMANTOWN MD, 20876",,PEDESTRIAN,SINGLE VEHICLE,CLEAR,,DAYLIGHT,N/A,N/A,N/A,D07E6FE1-ADD1-4C9E-BEDA-26F2326F7179,PEDESTRIAN,Other,NOT VISIBLE,OTHER,N/A,N/A,Yes,SUSPECTED MINOR INJURY,NONE,39.19977333,-77.246565,"(39.19977333, -77.246565)"
MCP1512001C,170550918,Montgomery County Police,Injury Crash,12/27/2017 05:46:00 PM,Maryland (State),CLOPPER RD,Municipality,METROPOLITAN GROVE RD,,GAITHERSBURG,PEDESTRIAN,SINGLE VEHICLE,CLEAR,DRY,DARK LIGHTS ON,NO CONTROLS,NONE DETECTED,NONE DETECTED,5524EE95-046C-493B-9130-132A1E0E1E67,PEDESTRIAN,Cross/Enter not at Intersection,FAILURE TO YIELD RIGHT OF WAY,ON ROADWAY NOT AT CROSSWALK,NO PED. SIGNAL,LIGHT CLOTHING,Yes,SUSPECTED MINOR INJURY,NONE,39.14486,-77.22616167,"(39.14486, -77.22616167)"
DD5611003Y,170544797,Rockville Police Departme,Injury Crash,11/25/2017 10:50:00 AM,Maryland (State),ROCKVILLE PIKE,Municipality,TALBOTT ST,,ROCKVILLE,BICYCLIST,STRAIGHT MOVEMENT ANGLE,CLEAR,DRY,DAYLIGHT,NO CONTROLS,NONE DETECTED,NONE DETECTED,56C5D5EE-3F96-4871-9018-AAF345AF13D1,BICYCLIST,Cross/Enter at Intersection,FAILURE TO YIELD RIGHT OF WAY,SIDEWALK,N/A,N/A,Yes,POSSIBLE INJURY,NONE,39.07078833,-77.13204167,"(39.07078833, -77.13204167)"