Report Number,Local Case Number,Agency Name,ACRS Report Type,Crash Date/Time,Route Type,Road Name,Cross-Street Type,Cross-Street Name,Off-Road Description,Municipality,Related Non-Motorist,Collision Type,Weather,Surface Condition,Light,Traffic Control,Driver Substance Abuse,Non-Motorist Substance Abuse,Person ID,Pedestrian Type,Pedestrian Movement,Pedestrian Actions,Pedestrian Location,Pedestrian Obeyed Traffic Signal,Pedestrian Visibility,At Fault,Injury Severity,Safety Equipment,Latitude,Longitude,Location
MCP2708001D,16045389,Montgomery County Police,Injury Crash,09/05/2016 04:13:00 PM,County,CARROLL AVE,Maryland (State),PINEY BRANCH RD,,N/A,BICYCLIST,SAME DIRECTION RIGHT TURN,CLEAR,DRY,DAYLIGHT,TRAFFIC SIGNAL,UNKNOWN,NONE DETECTED,C3A1DCBA-5FE5-480C-A249-CA8E10C6BD56,BICYCLIST,Walking/Cycling on Sidewalk,N/A,ON ROADWAY AT CROSSWALK,UNKNOWN,MIXED CLOTHING,Yes,POSSIBLE INJURY,NONE,38.99983,-76.99064,"(38.99983, -76.99064)"
MCP27080080,230007388,Montgomery County Police,Injury Crash,02/12/2023 06:00:00 PM,County,CARROLL AVE,Maryland (State),PINEY BRANCH RD,,N/A,PEDESTRIAN,HEAD ON LEFT TURN,RAINING,WET,DUSK,TRAFFIC SIGNAL,N/A,N/A,D6CE3300-5017-42DD-A7C4-F2E6CF947C6A,PEDESTRIAN,Cross/Enter at Intersection,UNKNOWN,ON ROADWAY AT CROSSWALK,UNKNOWN,UNKNOWN,Unknown,POSSIBLE INJURY,N/A,38.99994443,-76.99078522,"(38.99994443, -76.99078522)"
MCP32110035,220043805,Montgomery County Police,Injury Crash,10/07/2022 10:22:00 AM,County,STONEYBROOK DR,Government,BEACH DR,,N/A,BICYCLIST,STRAIGHT MOVEMENT ANGLE,N/A,DRY,DAYLIGHT,STOP SIGN,NONE DETECTED,N/A,398AFCD4-3443-43E8-A69A-3AD400346089,BICYCLIST,Cross/Enter at Intersection,NO IMPROPER ACTIONS,ON ROADWAY NOT AT CROSSWALK,NO PED. SIGNAL,MIXED CLOTHING,No,POSSIBLE INJURY,MC/BIKE HELMET,39.01251963,-77.06408817,"(39.01251963, -77.06408817)"
EJ7864001G,180018143,Gaithersburg Police Depar,Injury Crash,04/13/2018 09:06:00 PM,County,MONTGOMERY VILLAGE AVE,Maryland (State),MIDCOUNTY HWY,,N/A,PEDESTRIAN,SINGLE VEHICLE,N/A,N/A,DARK LIGHTS ON,N/A,NONE DETECTED,N/A,F85B5A6E-2C3E-4E43-90A4-F67B0E49B6B1,PEDESTRIAN,Cross/Enter at Intersection,DART DASH,ON ROADWAY NOT AT CROSSWALK,N/A,LIGHT CLOTHING,Yes,SUSPECTED SERIOUS INJURY,NONE,39.15709333,-77.20544667,"(39.15709333, -77.20544667)"
MCP2849003Z,210034621,Montgomery County Police,Injury Crash,09/03/2021 02:30:00 PM,,,,,PARKING LOT OF 11325 SEVEN LOCKS RD,,PEDESTRIAN,OTHER,CLEAR,,DAYLIGHT,NO CONTROLS,UNKNOWN,NONE DETECTED,A97AB61E-8B78-4DA0-8068-61EDEF2860D8,PEDESTRIAN,Standing,NO IMPROPER ACTIONS,OTHER,N/A,DARK CLOTHING,No,POSSIBLE INJURY,N/A,39.04201915,-77.15787202,"(39.04201915, -77.15787202)"
MCP9130001K,15045701,MONTGOMERY,Injury Crash,09/10/2015 08:30:00 AM,,,,,"Driveway/Sidewalk in front of 8436 10th Avenue Silver Spring, MD 20903",,PEDESTRIAN,SINGLE VEHICLE,CLEAR,,DAYLIGHT,NO CONTROLS,NONE DETECTED,NONE DETECTED,640E696F-53E0-428C-8E98-FA222D1007C9,PEDESTRIAN,Walking to/from school,NO IMPROPER ACTIONS,SIDEWALK,N/A,LIGHT CLOTHING,No,SUSPECTED MINOR INJURY,NONE,38.99539167,-76.99128333,"(38.99539167, -76.99128333)"
MCP11740020,17013679,Montgomery County Police,Injury Crash,03/17/2017 09:25:00 AM,Maryland (State),WISCONSIN AVE,County,BETHESDA AVE,,N/A,PEDESTRIAN,OTHER,CLEAR,DRY,DAYLIGHT,TRAFFIC SIGNAL,UNKNOWN,N/A,95F6080D-29A3-4E2F-BAEA-94C0415E9F73,PEDESTRIAN,Cross/Enter at Intersection,NO IMPROPER ACTIONS,AT INTERSECTION MARKED CROSSWALK,OBEYED PED. SIGNAL,DARK CLOTHING,No,SUSPECTED MINOR INJURY,NONE,38.98103486,-77.09271938,"(38.98103486, -77.09271938)"
MCP3300001V,220024084,Montgomery County Police,Injury Crash,06/05/2022 02:39:00 PM,County,LINDELL ST,County,LIVINGSTON ST,,N/A,PEDESTRIAN,OTHER,CLEAR,DRY,DAYLIGHT,NO CONTROLS,NONE DETECTED,NONE DETECTED,4B0F328F-55D2-4D5F-8004-7B1C06D61714,PEDESTRIAN,Cross/Enter not at Intersection,NOT VISIBLE,ON ROADWAY NOT AT CROSSWALK,NO PED. SIGNAL,DARK CLOTHING,No,POSSIBLE INJURY,NONE,39.0559565,-77.05680483,"(39.0559565, -77.05680483)"
MCP29730009,15020978,Montgomery County Police,Injury Crash,05/03/2015 12:00:00 AM,Maryland (State),GEORGIA AVE,Maryland (State),UNIVERSITY BLVD W,,N/A,BICYCLIST,STRAIGHT MOVEMENT ANGLE,CLEAR,DRY,DARK LIGHTS ON,NO CONTROLS,NONE DETECTED,NONE DETECTED,09D8C04D-DFC5-47B0-A49A-A12235F568DC,BICYCLIST,Walking/Riding against Traffic,NO IMPROPER ACTIONS,SIDEWALK,NO PED. SIGNAL,N/A,,POSSIBLE INJURY,NONE,39.04195667,-77.051715,"(39.04195667, -77.051715)"
MCP2534001D,16034448,Montgomery County Police,Injury Crash,07/07/2016 06:32:00 PM,,,,,PARKING LOT OF 13468 NEW HAMPSHIRE AVE,,PEDESTRIAN,SINGLE VEHICLE,CLEAR,,DAYLIGHT,N/A,NONE DETECTED,NONE DETECTED,9D410AAF-FD99-43AE-9E3B-FCD35B75495E,PEDESTRIAN,Other Working,INATTENTIVE,OTHER,N/A,MIXED CLOTHING,Yes,SUSPECTED MINOR INJURY,NONE,39.07723,-77.00289,"(39.07723, -77.00289)"
MCP137800LD,180027452,Montgomery County Police,Injury Crash,06/04/2018 01:58:00 PM,,,,,PARKING LOT OF 701 RUSSELL AVE NEXT TO SEARS AUTOMOTIVE,,PEDESTRIAN,SINGLE VEHICLE,CLOUDY,,DAYLIGHT,NO CONTROLS,NONE DETECTED,NONE DETECTED,3BCA003A-B908-46EA-8837-0B2226B10A28,PEDESTRIAN,Other,OTHER,OTHER,N/A,DARK CLOTHING,Yes,POSSIBLE INJURY,N/A,39.15233,-77.20239833,"(39.15233, -77.20239833)"
MCP3162002J,190027023,Montgomery County Police,Injury Crash,06/06/2019 11:10:00 AM,County,SEMINARY PL,County,SECOND AVE,,N/A,OTHER,OTHER,CLEAR,DRY,DAYLIGHT,PERSON,NONE DETECTED,NONE DETECTED,12FD9BC9-12D0-438C-8708-839D4CAA19DD,OTHER,Other Working,N/A,N/A,N/A,REFLECTIVE MATERIAL,No,POSSIBLE INJURY,REFLECTIVE CLOTHING,39.00928333,-77.04383333,"(39.00928333, -77.04383333)"
MCP30050055,200036016,Montgomery County Police,Injury Crash,09/14/2020 02:30:00 PM,County,ARCOLA AVE,County,KENBROOK DR,,N/A,MACHINE OPERATOR/RIDER,SINGLE VEHICLE,N/A,DRY,DAYLIGHT,STOP SIGN,NONE DETECTED,NONE DETECTED,8F35EC6B-3415-4650-9613-8CE54C76AE56,MACHINE OPERATOR/RIDER,Cross/Enter at Intersection,NO IMPROPER ACTIONS,AT INTERSECTION MARKED CROSSWALK,NO PED. SIGNAL,MIXED CLOTHING,No,POSSIBLE INJURY,NONE,39.03915333,-77.027725,"(39.03915333, -77.027725)"
MCP20010009,15043165,MONTGOMERY,Fatal Crash,08/28/2015 06:15:00 AM,Maryland (State),MASSACHUSETTS AVE,County,OSCEOLA RD,,N/A,BICYCLIST,SAME DIR REAR END,CLEAR,DRY,DAWN,N/A,NONE DETECTED,NONE DETECTED,D966313B-B6D2-4340-9624-13D9336F0002,BICYCLIST,Walking/Riding w/Traffic,UNKNOWN,SHOULDER,N/A,LIGHT CLOTHING,No,FATAL INJURY,MC/BIKE HELMET,38.96492,-77.12308833,"(38.96492, -77.12308833)"
MCP3044006C,220057586,Montgomery County Police,Injury Crash,12/28/2022 05:44:00 PM,Maryland (State),PINEY BRANCH RD,Maryland (State),UNIVERSITY BLVD E,,N/A,PEDESTRIAN,OTHER,CLEAR,DRY,DARK NO LIGHTS,TRAFFIC SIGNAL,NONE DETECTED,NONE DETECTED,17DE0E9F-2C80-4A2D-ABF0-1BBAD33B3939,PEDESTRIAN,Cross/Enter not at Intersection,FAILURE TO OBEY TRAFFIC SIGNS SIGNALS OR OFFICER,ON ROADWAY NOT AT CROSSWALK,NO PED. SIGNAL,DARK CLOTHING,Yes,SUSPECTED MINOR INJURY,NONE,38.99941732,-76.99638024,"(38.99941732, -76.99638024)"
MCP2231001Y,16019835,Montgomery County Police,Injury Crash,04/22/2016 02:57:00 PM,County,AUGUSTA LA,County,MARLYN DR,,N/A,PEDESTRIAN,SINGLE VEHICLE,CLOUDY,DRY,DAYLIGHT,NO CONTROLS,NONE DETECTED,NONE DETECTED,52FF3653-ED82-464E-AC66-6685DD1AECB1,PEDESTRIAN,Standing,NO IMPROPER ACTIONS,SHOULDER,NO PED. SIGNAL,LIGHT CLOTHING,No,POSSIBLE INJURY,NONE,38.96081869,-77.11842299,"(38.96081869, -77.11842299)"
DD5604002Z,190036284,Rockville Police Departme,Injury Crash,07/30/2019 11:10:00 AM,,,,,51 MANNAKEE STREET PARKING LOT #5,,PEDESTRIAN,OTHER,CLEAR,,DAYLIGHT,NO CONTROLS,NONE DETECTED,NONE DETECTED,50FB890C-3913-4F20-8384-DE42EA258E6F,PEDESTRIAN,Other,NO IMPROPER ACTIONS,OTHER,NO PED. SIGNAL,LIGHT CLOTHING,No,POSSIBLE INJURY,NONE,39.09963105,-77.15955905,"(39.09963105, -77.15955905)"
MCP3212002Z,210040886,Montgomery County Police,Injury Crash,10/12/2021 06:21:00 PM,County,FOREST GLEN RD,County,ADMIRALTY DR,,N/A,PEDESTRIAN,OTHER,RAINING,WET,DARK LIGHTS ON,OTHER,NONE DETECTED,NONE DETECTED,5ED8BEA2-A604-4A5F-B11E-4A5A520A8924,PEDESTRIAN,Unknown,UNKNOWN,ON ROADWAY AT CROSSWALK,NO PED. SIGNAL,MIXED CLOTHING,No,SUSPECTED SERIOUS INJURY,NONE,39.01590772,-77.03767848,"(39.01590772, -77.03767848)"
EJ7836000M,170510539,Gaithersburg Police Depar,Injury Crash,05/29/2017 04:40:00 PM,,,,,PARKING LOT IN FRONT OF 394 N SUMMIT AVENUE,,PEDESTRIAN,SINGLE VEHICLE,CLEAR,,DAYLIGHT,NO CONTROLS,N/A,N/A,DF54EEB3-ACEE-4FF0-A5CF-F7BC270065A5,PEDESTRIAN,Playing,DART DASH,N/A,N/A,MIXED CLOTHING,Yes,SUSPECTED MINOR INJURY,N/A,39.09755833,-77.206595,"(39.09755833, -77.206595)"
MCP1301001S,220014595,Montgomery County Police,Fatal Crash,04/06/2022 08:22:00 AM,County,GROSVENOR LA,Unknown,KING CHARLES WAY,,N/A,PEDESTRIAN,SINGLE VEHICLE,RAINING,WET,DAYLIGHT,NO CONTROLS,N/A,N/A,AE738545-2603-4B32-A623-996EDBBFECA5,PEDESTRIAN,Other,NO IMPROPER ACTIONS,OTHER,N/A,MIXED CLOTHING,No,NO APPARENT INJURY,N/A,39.02236167,-77.10515,"(39.02236167, -77.10515)"
MCP3169001Z,190050430,Montgomery County Police,Property Damage Crash,10/21/2019 07:30:00 AM,County,SLIGO AVE,County,MAYOR LA,,N/A,BICYCLIST,OTHER,CLEAR,DRY,DAYLIGHT,NO CONTROLS,N/A,N/A,5404E375-DE94-4A7D-A285-B5EC48C09356,BICYCLIST,Walking/Riding against Traffic,NO IMPROPER ACTIONS,AT INTERSECTION BUT NO CROSSWALK,NO PED. SIGNAL,LIGHT CLOTHING,No,NO APPARENT INJURY,MC/BIKE HELMET,38.9902735,-77.02578916,"(38.9902735, -77.02578916)"
MCP2971001T,16051636,Montgomery County Police,Injury Crash,10/06/2016 06:30:00 PM,County,LOCKWOOD DR,Unknown,ENT TO SHOPPING CENTER,,N/A,PEDESTRIAN,OTHER,N/A,DRY,DUSK,NO CONTROLS,UNKNOWN,UNKNOWN,E33F32A2-2D06-40BB-B607-97E4E29F6FDA,PEDESTRIAN,Cross/Enter not at Intersection,IN ROADWAY IMPROPERLY,ON ROADWAY NOT AT CROSSWALK,NO PED. SIGNAL,UNKNOWN,Yes,POSSIBLE INJURY,NONE,39.04089254,-76.98581055,"(39.04089254, -76.98581055)"
MCP1366006M,170539753,Montgomery County Police,Injury Crash,10/30/2017 09:55:00 AM,,,,,"SHADY GROVE METRO 

15903 SOMMERVILLE DR
 ROCKVILLE, MD 20855",,PEDESTRIAN,SINGLE VEHICLE,CLEAR,,DAYLIGHT,NO CONTROLS,UNKNOWN,N/A,6008042E-D5F3-435C-83F2-4556970F8BBC,PEDESTRIAN,Other,NO IMPROPER ACTIONS,OTHER,N/A,MIXED CLOTHING,No,SUSPECTED MINOR INJURY,N/A,39.11896,-77.16729333,"(39.11896, -77.16729333)"
MCP2396000Q,15025472,Montgomery County Police,Injury Crash,05/27/2015 09:55:00 AM,Maryland (State),CONNECTICUT AVE,County,WELLER RD,,N/A,PEDESTRIAN,STRAIGHT MOVEMENT ANGLE,CLEAR,DRY,DAYLIGHT,OTHER,NONE DETECTED,NONE DETECTED,F3396858-22EE-4ECC-91FB-FD0323AD2307,PEDESTRIAN,Cross/Enter at Intersection,OTHER,AT INTERSECTION MARKED CROSSWALK,DISOBEYED PED. SIGNAL,MIXED CLOTHING,,SUSPECTED MINOR INJURY,N/A,39.06329864,-77.07331896,"(39.06329864, -77.07331896)"
MCP2991005F,210027133,Montgomery County Police,Injury Crash,07/14/2021 11:00:00 AM,County,HEADWATERS DR,County,CARRISA LA,,N/A,PEDESTRIAN,N/A,CLEAR,DRY,DAYLIGHT,NO CONTROLS,NONE DETECTED,NONE DETECTED,BEA6B49B-5A14-4C01-8C3C-5B4E867AB33E,PEDESTRIAN,Other Working,UNKNOWN,N/A,N/A,N/A,Unknown,POSSIBLE INJURY,N/A,39.10261783,-77.01725217,"(39.10261783, -77.01725217)"
MCP9419001T,180045961,Montgomery County Police,Injury Crash,09/14/2018 02:51:00 PM,County,RANDOLPH RD,County,ROCKING HORSE RD,,N/A,PEDESTRIAN,OTHER,CLOUDY,DRY,DAYLIGHT,TRAFFIC SIGNAL,NONE DETECTED,NONE DETECTED,16EDD962-564A-414F-8442-7FE5754FDEBC,PEDESTRIAN,Cross/Enter at Intersection,DART DASH,ON ROADWAY AT CROSSWALK,UNKNOWN,MIXED CLOTHING,Unknown,POSSIBLE INJURY,NONE,39.05367667,-77.09426,"(39.05367667, -77.09426)"
MCP2351002B,180039734,Montgomery County Police,Injury Crash,08/10/2018 10:47:00 AM,County,BOU AVE,Unknown,SPUR TO CHAPMAN AVE,,N/A,BICYCLIST,OTHER,CLEAR,DRY,DAYLIGHT,YIELD SIGN,UNKNOWN,NONE DETECTED,268A5B02-7AB2-4A12-8CAF-A5EB4500125D,BICYCLIST,Walking/Riding w/Traffic,NO IMPROPER ACTIONS,ON ROADWAY AT CROSSWALK,OTHER,MIXED CLOTHING,No,SUSPECTED MINOR INJURY,UNKNOWN,39.05727446,-77.11769342,"(39.05727446, -77.11769342)"
MCP3239002T,230012730,Montgomery County Police,Injury Crash,03/16/2023 06:32:00 AM,County,TECH RD,Other Public Roadway,TECH RD,,N/A,PEDESTRIAN,OTHER,CLEAR,DRY,DARK LIGHTS ON,TRAFFIC SIGNAL,NONE DETECTED,NONE DETECTED,D8D28776-4064-4200-B0C1-818C0136ADDD,PEDESTRIAN,Cross/Enter at Intersection,NO IMPROPER ACTIONS,ON ROADWAY AT CROSSWALK,UNKNOWN,DARK CLOTHING,No,POSSIBLE INJURY,NONE,39.05830545,-76.96872152,"(39.05830545, -76.96872152)"
MCP1554003T,180063880,Montgomery County Police,Injury Crash,12/21/2018 06:26:00 PM,County,E GUDE DR,Unknown,CALHOUN DR,,N/A,PEDESTRIAN,STRAIGHT MOVEMENT ANGLE,CLEAR,WET,DARK LIGHTS ON,FLASHING TRAFFIC SIGNAL,N/A,ALCOHOL PRESENT,0828B403-962B-4147-A100-7A4411B9EEFD,PEDESTRIAN,Cross/Enter not at Intersection,DART DASH,ON ROADWAY NOT AT CROSSWALK,DISOBEYED PED. SIGNAL,DARK CLOTHING,Yes,SUSPECTED SERIOUS INJURY,N/A,39.10570667,-77.14493167,"(39.10570667, -77.14493167)"
MCP27520049,210035182,Montgomery County Police,Injury Crash,09/07/2021 07:35:00 PM,County,JONES BRIDGE RD,County,WALNUT HILL RD,,N/A,BICYCLIST,SAME DIR REAR END,CLEAR,DRY,DAWN,NO CONTROLS,,N/A,9A4B2514-272D-41C8-BB04-5A41630D4C86,BICYCLIST,Unknown,UNKNOWN,UNKNOWN,UNKNOWN,UNKNOWN,Yes,SUSPECTED MINOR INJURY,NONE,38.998664,-77.068664,"(38.998664, -77.068664)"
MCP3158001F,190026188,Montgomery County Police,Injury Crash,06/01/2019 06:52:00 PM,County,SNOUFFERS SCHOOL RD,Maryland (State),WOODFIELD RD,,N/A,PEDESTRIAN,OTHER,CLEAR,DRY,DAYLIGHT,WARNING SIGN,NONE DETECTED,NONE DETECTED,A1885F74-610F-4881-9007-17A7D44A93D1,PEDESTRIAN,Other,NO IMPROPER ACTIONS,ON ROADWAY AT CROSSWALK,N/A,DARK CLOTHING,No,POSSIBLE INJURY,NONE,39.16084,-77.163385,"(39.16084, -77.163385)"
MCP2107003N,220032576,Montgomery County Police,Injury Crash,07/29/2022 10:52:00 AM,,LONGSPUR ALLEY,,DOVEKIE AVE,,N/A,PEDESTRIAN,OTHER,CLOUDY,DRY,DAYLIGHT,NO CONTROLS,NONE DETECTED,NONE DETECTED,6E637678-FB8B-4312-9566-E6593229CD17,PEDESTRIAN,Standing,N/A,OTHER,N/A,MIXED CLOTHING,No,POSSIBLE INJURY,N/A,39.21689883,-77.2822025,"(39.21689883, -77.2822025)"
MCP291400CN,220032095,Montgomery County Police,Injury Crash,07/25/2022 10:15:00 PM,Maryland (State),16TH ST,Maryland (State),EAST WEST HWY,,N/A,OTHER,OTHER,CLEAR,N/A,DARK LIGHTS ON,TRAFFIC SIGNAL,N/A,N/A,BCE81ED3-041B-4F0D-B34B-0AFEA339E316,OTHER,Cross/Enter at Intersection,FAILURE TO OBEY TRAFFIC SIGNS SIGNALS OR OFFICER,ON ROADWAY AT CROSSWALK,DISOBEYED PED. SIGNAL,DARK CLOTHING,Yes,SUSPECTED MINOR INJURY,UNKNOWN,38.991065,-77.02728667,"(38.991065, -77.02728667)"
DD56100022,16053860,Rockville Police Departme,Injury Crash,10/19/2016 06:43:00 PM,Municipality,ASTER BLVD,Municipality,NELSON ST,,ROCKVILLE,OTHER,SAME DIR REAR END,N/A,DRY,DARK LIGHTS ON,NO CONTROLS,N/A,N/A,8AF156C3-D7ED-4B60-8F19-86055C12599D,OTHER,Other,UNKNOWN,OTHER,N/A,N/A,No,NO APPARENT INJURY,N/A,39.09565533,-77.170941,"(39.09565533, -77.170941)"
MCP31300040,210037566,Montgomery County Police,Injury Crash,09/23/2021 07:10:00 AM,Maryland (State),CONNECTICUT AVE,County,ASPEN HILL RD,,N/A,PEDESTRIAN,SINGLE VEHICLE,RAINING,WET,DAWN,TRAFFIC SIGNAL,NONE DETECTED,N/A,51872215-A92B-46BF-9B4E-C133D4ABBF50,PEDESTRIAN,Cross/Enter at Intersection,FAILURE TO OBEY TRAFFIC SIGNS SIGNALS OR OFFICER,ON ROADWAY AT CROSSWALK,DISOBEYED PED. SIGNAL,UNKNOWN,Yes,SUSPECTED MINOR INJURY,N/A,39.08033167,-77.08037,"(39.08033167, -77.08037)"
MCP229800R2,200010640,Montgomery County Police,Injury Crash,03/03/2020 06:36:00 PM,,,,,"19707 GERMANTOWN ROAD, DRIVE WAY AREA OF BANK OF AMERICA",,PEDESTRIAN,SINGLE VEHICLE,RAINING,,DARK LIGHTS ON,STOP SIGN,NONE DETECTED,NONE DETECTED,5F244E14-0E37-4807-923F-DAC403CB535A,PEDESTRIAN,Other,UNKNOWN,OTHER,N/A,UNKNOWN,Unknown,POSSIBLE INJURY,NONE,39.17858393,-77.26645455,"(39.17858393, -77.26645455)"
MCP1433002P,190048012,Montgomery County Police,Injury Crash,10/06/2019 07:30:00 PM,,,,,ENTRANCE TO FEDERAL PLAZA SHOPPING CENTER,,PEDESTRIAN,OTHER,CLOUDY,,DARK LIGHTS ON,TRAFFIC SIGNAL,NONE DETECTED,NONE DETECTED,B3B59870-6E5C-4F19-931F-C313B7AFE458,PEDESTRIAN,Cross/Enter at Intersection,NO IMPROPER ACTIONS,ON ROADWAY AT CROSSWALK,OBEYED PED. SIGNAL,DARK CLOTHING,No,POSSIBLE INJURY,NONE,39.05744564,-77.12036467,"(39.05744564, -77.12036467)"
MCP2708000T,15053446,MONTGOMERY,Injury Crash,10/21/2015 03:41:00 PM,Maryland (State),PINEY BRANCH RD,County,BARRON ST,,N/A,BICYCLIST,SAME DIR REAR END,CLEAR,DRY,DAYLIGHT,NO CONTROLS,NONE DETECTED,NONE DETECTED,3C4C8618-56E0-4077-8334-D53D62DDD8D3,BICYCLIST,Walking/Riding w/Traffic,IMPROPER PASSING,ON ROADWAY NOT AT CROSSWALK,N/A,MIXED CLOTHING,Yes,SUSPECTED MINOR INJURY,NONE,38.99899404,-76.99782282,"(38.99899404, -76.99782282)"
EJ7847000Q,15001725,Gaithersburg Police Depar,Injury Crash,01/11/2015 03:00:00 PM,,,,,"Parking lot of 18435 Lost Knife Circle, Montgomery Village, MD 20877",,PEDESTRIAN,OTHER,CLEAR,,DAYLIGHT,NO CONTROLS,N/A,N/A,FB4C7CC5-417A-4BB6-B923-CA0A8589FAEE,PEDESTRIAN,Getting off/on Vehicle,DART DASH,OTHER,N/A,LIGHT CLOTHING,,SUSPECTED MINOR INJURY,NONE,39.15674,-77.20306167,"(39.15674, -77.20306167)"
MCP3026001C,170527011,Montgomery County Police,Injury Crash,08/26/2017 12:47:00 PM,County,CEDAR LA,Maryland (State),ROCKVILLE PIKE,,N/A,BICYCLIST,OTHER,CLEAR,DRY,DAYLIGHT,TRAFFIC SIGNAL,NONE DETECTED,NONE DETECTED,9D40D505-53C0-4661-8B8C-6E91B3E6BFB0,BICYCLIST,Walking/Riding against Traffic,FAILURE TO OBEY TRAFFIC SIGNS SIGNALS OR OFFICER,ON ROADWAY AT CROSSWALK,DISOBEYED PED. SIGNAL,LIGHT CLOTHING,Yes,SUSPECTED MINOR INJURY,MC/BIKE HELMET,39.00646918,-77.09745012,"(39.00646918, -77.09745012)"
MCP2055000L,15035859,MONTGOMERY,Property Damage Crash,07/22/2015 09:30:00 AM,,,,,"Abandoned Auto Parking lot, 305 Metropolitan Grove Road Gaithersburg MD 20878",,OTHER,N/A,CLEAR,,DAYLIGHT,N/A,,NONE DETECTED,49FEAB0B-73F1-4ED5-9E4C-FCA3BB30CD99,OTHER,Push/Work on Vehicle,NO IMPROPER ACTIONS,N/A,NO PED. SIGNAL,N/A,Yes,NO APPARENT INJURY,N/A,39.14896648,-77.22641945,"(39.14896648, -77.22641945)"
MCP29300020,210046908,Montgomery County Police,Injury Crash,11/18/2021 08:15:00 PM,County,BEL PRE RD,Other Public Roadway,PARKER FARM WAY,,N/A,PEDESTRIAN,OTHER,RAINING,WET,DARK LIGHTS ON,TRAFFIC SIGNAL,NONE DETECTED,NONE DETECTED,AF171322-9C8B-4167-B9F4-9129AD0F3997,PEDESTRIAN,Cross/Enter at Intersection,NO IMPROPER ACTIONS,AT INTERSECTION MARKED CROSSWALK,OBEYED PED. SIGNAL,MIXED CLOTHING,No,SUSPECTED MINOR INJURY,N/A,39.09076333,-77.048355,"(39.09076333, -77.048355)"
DD5601002Y,170513709,Rockville Police Departme,Injury Crash,06/14/2017 07:16:00 PM,Municipality,PASTURE BROOK WAY,Municipality,WOOTTON PKWY,,ROCKVILLE,BICYCLIST,OTHER,CLEAR,DRY,DAYLIGHT,STOP SIGN,N/A,N/A,D2762516-ADF6-4E7F-80AF-50E582B10DC2,BICYCLIST,Cross/Enter at Intersection,UNKNOWN,ON ROADWAY AT CROSSWALK,N/A,MIXED CLOTHING,Unknown,SUSPECTED MINOR INJURY,MC/BIKE HELMET,39.06825333,-77.16766,"(39.06825333, -77.16766)"
DD5603005P,180015684,Rockville Police Departme,Injury Crash,03/31/2018 06:00:00 PM,,,,,1643B ROCKVILLE PIKE (PARKING LOT/STORE),,PEDESTRIAN,SINGLE VEHICLE,CLEAR,,DAYLIGHT,NO CONTROLS,NONE DETECTED,NONE DETECTED,B2DB1C33-2312-47B7-A458-3D2A4B6B51B4,PEDESTRIAN,Standing,NO IMPROPER ACTIONS,INSIDE BUILDING,N/A,DARK CLOTHING,No,SUSPECTED MINOR INJURY,N/A,39.06219902,-77.12715626,"(39.06219902, -77.12715626)"
MCP3125003G,220003457,Montgomery County Police,Injury Crash,01/26/2022 04:40:00 PM,Maryland (State),DARNESTOWN RD,County,MUDDY BRANCH RD,,N/A,PEDESTRIAN,SINGLE VEHICLE,CLEAR,DRY,DAYLIGHT,TRAFFIC SIGNAL,N/A,N/A,9FF9D603-5681-4BA8-A0E3-BED6D00D4183,PEDESTRIAN,Cross/Enter at Intersection,NO IMPROPER ACTIONS,ON ROADWAY AT CROSSWALK,OBEYED PED. SIGNAL,DARK CLOTHING,No,POSSIBLE INJURY,NONE,39.10288,-77.220805,"(39.10288, -77.220805)"
MCP242500CG,180036614,Montgomery County Police,Injury Crash,07/24/2018 09:56:00 AM,Maryland (State),PINEY BRANCH RD,Unknown,CROSSOVER,,N/A,PEDESTRIAN,SINGLE VEHICLE,RAINING,WET,DAYLIGHT,NO CONTROLS,NONE DETECTED,NONE DETECTED,C8507D34-EDAB-4401-98B8-989A71D24346,PEDESTRIAN,Cross/Enter not at Intersection,DART DASH,ON ROADWAY NOT AT CROSSWALK,UNKNOWN,DARK CLOTHING,Yes,SUSPECTED MINOR INJURY,NONE,38.999105,-76.99759667,"(38.999105, -76.99759667)"
MCP3004003D,190051575,Montgomery County Police,Injury Crash,10/26/2019 08:04:00 PM,County,WASHINGTON AVE,County,COLSTON DR,,N/A,PEDESTRIAN,OTHER,CLEAR,DRY,DARK LIGHTS ON,N/A,NONE DETECTED,NONE DETECTED,710023B6-991A-4BE0-A9B9-D70464BBD123,PEDESTRIAN,Other,FAILURE TO YIELD RIGHT OF WAY,OTHER,NO PED. SIGNAL,MIXED CLOTHING,Yes,SUSPECTED MINOR INJURY,NONE,38.99313155,-77.04768358,"(38.99313155, -77.04768358)"
MCP1433002K,190039187,Montgomery County Police,Injury Crash,08/16/2019 04:55:00 PM,Maryland (State),ROCKVILLE PIKE,Unknown,ENT TO FEDERAL PLAZA S.C.,,N/A,BICYCLIST,SAME DIRECTION RIGHT TURN,CLEAR,DRY,DAYLIGHT,TRAFFIC SIGNAL,NONE DETECTED,NONE DETECTED,1FA8ED14-9438-4D63-88DF-EAB5EB3C102A,BICYCLIST,Cross/Enter at Intersection,NO IMPROPER ACTIONS,AT INTERSECTION MARKED CROSSWALK,OBEYED PED. SIGNAL,LIGHT CLOTHING,No,SUSPECTED MINOR INJURY,NONE,39.057515,-77.120605,"(39.057515, -77.120605)"