Report Number,Local Case Number,Agency Name,ACRS Report Type,Crash Date/Time,Route Type,Road Name,Cross-Street Type,Cross-Street Name,Off-Road Description,Municipality,Related Non-Motorist,Collision Type,Weather,Surface Condition,Light,Traffic Control,Driver Substance Abuse,Non-Motorist Substance Abuse,Person ID,Pedestrian Type,Pedestrian Movement,Pedestrian Actions,Pedestrian Location,Pedestrian Obeyed Traffic Signal,Pedestrian Visibility,At Fault,Injury Severity,Safety Equipment,Latitude,Longitude,Location
MCP3040003F,190019668,Montgomery County Police,Injury Crash,04/26/2019 10:00:00 PM,,,,,DRIVEWAY OF 23001 HOWARD CHAPEL RD,,PEDESTRIAN,N/A,CLEAR,,DARK NO LIGHTS,N/A,N/A,N/A,98711C8C-DD35-4B0E-A47A-75C4C5151DB6,PEDESTRIAN,Other,NO IMPROPER ACTIONS,OTHER,N/A,MIXED CLOTHING,No,POSSIBLE INJURY,N/A,39.23350333,-77.07254667,"(39.23350333, -77.07254667)"
DD5603004V,170541834,Rockville Police Departme,Injury Crash,11/09/2017 11:35:00 AM,Municipality,MT VERNON PL,Municipality,BLANDFORD ST,,ROCKVILLE,PEDESTRIAN,OTHER,RAINING,WET,DAYLIGHT,NO CONTROLS,NONE DETECTED,NONE DETECTED,AAD1CDE3-477E-4BBF-B62B-1486F3889959,PEDESTRIAN,Standing,NO IMPROPER ACTIONS,SIDEWALK,OBEYED PED. SIGNAL,MIXED CLOTHING,No,SUSPECTED MINOR INJURY,N/A,38.99753833,-77.10968667,"(38.99753833, -77.10968667)"
DD5615003D,170508051,Rockville Police Departme,Injury Crash,05/16/2017 09:44:00 AM,Maryland (State),HUNGERFORD DR,Municipality,FREDERICK AVE #2,,ROCKVILLE,PEDESTRIAN,OTHER,CLEAR,DRY,DAYLIGHT,NO CONTROLS,NONE DETECTED,NONE DETECTED,C13115A6-3D85-4FFD-ADB1-FA97086F90C0,PEDESTRIAN,Cross/Enter not at Intersection,FAILURE TO YIELD RIGHT OF WAY,OUTSIDE RIGHT OF WAY,NO PED. SIGNAL,LIGHT CLOTHING,Yes,POSSIBLE INJURY,NONE,39.09451,-77.15309667,"(39.09451, -77.15309667)"
MCP2967002G,170527788,Montgomery County Police,Injury Crash,08/30/2017 03:44:00 PM,Maryland (State),OLD GEORGETOWN RD,Unknown,WILDWOOD SHOPPING CENTER,,N/A,PEDESTRIAN,SINGLE VEHICLE,CLEAR,DRY,DAYLIGHT,N/A,N/A,N/A,A9AE0E00-4367-4427-AB48-534D93818A0C,PEDESTRIAN,Standing,NO IMPROPER ACTIONS,ON ROADWAY NOT AT CROSSWALK,NO PED. SIGNAL,DARK CLOTHING,No,SUSPECTED SERIOUS INJURY,NONE,39.0239,-77.12417833,"(39.0239, -77.12417833)"
MCP3300001K,220006429,Montgomery County Police,Injury Crash,02/14/2022 01:57:00 PM,,,,,COMING OUT OF THE PARKING LOT OF 2601 UNIVERISTY BLVD W,,PEDESTRIAN,OTHER,CLEAR,,DAYLIGHT,NO CONTROLS,NONE DETECTED,NONE DETECTED,FA82322E-7A9C-4C07-BDEA-094BA640C279,PEDESTRIAN,Walking/Cycling on Sidewalk,NO IMPROPER ACTIONS,SIDEWALK,NO PED. SIGNAL,MIXED CLOTHING,No,POSSIBLE INJURY,NONE,39.04094983,-77.05382283,"(39.04094983, -77.05382283)"
MCP2353009R,220008992,Montgomery County Police,Injury Crash,03/02/2022 11:50:00 AM,County,CHESHIRE DR,Maryland (State),OLD GEORGETOWN RD,,N/A,PEDESTRIAN,SINGLE VEHICLE,CLOUDY,DRY,DAYLIGHT,PERSON,NONE DETECTED,NONE DETECTED,0C01E97D-0186-4594-B17A-CAE59F067250,PEDESTRIAN,Cross/Enter at Intersection,NO IMPROPER ACTIONS,ON ROADWAY AT CROSSWALK,OBEYED PED. SIGNAL,MIXED CLOTHING,No,SUSPECTED MINOR INJURY,NONE,39.0225,-77.12341833,"(39.0225, -77.12341833)"
MCP24370015,15054551,MONTGOMERY,Injury Crash,10/27/2015 03:48:00 PM,County,LIVINGSTON ST,County,TERRAPIN RD,,N/A,PEDESTRIAN,SINGLE VEHICLE,CLOUDY,DRY,DAYLIGHT,NO CONTROLS,NONE DETECTED,NONE DETECTED,25FFAC2F-5BBD-4CA0-A206-24DDE78AACE5,PEDESTRIAN,Playing,DART DASH,ON ROADWAY NOT AT CROSSWALK,NO PED. SIGNAL,MIXED CLOTHING,Yes,SUSPECTED MINOR INJURY,NONE,39.06034833,-77.05446833,"(39.06034833, -77.05446833)"
MCP20940060,16009210,Montgomery County Police,Injury Crash,02/24/2016 09:37:00 AM,,,,,"PARKING LOT OF

8215 OLD GEORGETOWN RD.",,PEDESTRIAN,OTHER,FOGGY,,DAYLIGHT,N/A,NONE DETECTED,NONE DETECTED,38ADE0AC-1BA3-4FDD-8749-0B1842924319,PEDESTRIAN,Walking to/from school,NO IMPROPER ACTIONS,OTHER,N/A,DARK CLOTHING,No,SUSPECTED MINOR INJURY,N/A,38.99301333,-77.10723,"(38.99301333, -77.10723)"
DM84580027,180051834,Takoma Park Police Depart,Injury Crash,10/16/2018 04:20:00 PM,Municipality,MAPLE AVE,Government,SLIGO CREEK PKWY,,N/A,BICYCLIST,OTHER,CLEAR,DRY,DAYLIGHT,STOP SIGN,NONE DETECTED,NONE DETECTED,D33465FA-EE2D-4C16-A0DC-57D5164A5897,BICYCLIST,Cross/Enter at Intersection,NO IMPROPER ACTIONS,ON ROADWAY AT CROSSWALK,OTHER,LIGHT CLOTHING,No,SUSPECTED MINOR INJURY,MC/BIKE HELMET,38.98616333,-77.00342667,"(38.98616333, -77.00342667)"
MCP2586004F,180056363,Montgomery County Police,Injury Crash,11/09/2018 06:31:00 PM,County,STEWART LA,County,OLD COLUMBIA PIKE,,N/A,PEDESTRIAN,OTHER,CLEAR,DRY,DARK LIGHTS ON,NO CONTROLS,UNKNOWN,NONE DETECTED,25D81DF1-1BA8-4263-A0C8-33EB50D0FC75,PEDESTRIAN,Cross/Enter at Intersection,NO IMPROPER ACTIONS,ON ROADWAY AT CROSSWALK,N/A,MIXED CLOTHING,No,POSSIBLE INJURY,N/A,39.04625267,-76.98656163,"(39.04625267, -76.98656163)"
MCP3212003W,220048827,Montgomery County Police,Injury Crash,11/05/2022 03:51:00 PM,Maryland (State),GEORGIA AVE,County,FOREST GLEN RD,,N/A,PEDESTRIAN,OTHER,CLEAR,DRY,DAYLIGHT,TRAFFIC SIGNAL,NONE DETECTED,NONE DETECTED,D59FB553-4A34-4F8B-A317-F7D1A51C5B78,PEDESTRIAN,Cross/Enter at Intersection,FAILURE TO YIELD RIGHT OF WAY,AT INTERSECTION MARKED CROSSWALK,DISOBEYED PED. SIGNAL,MIXED CLOTHING,Yes,SUSPECTED MINOR INJURY,NONE,39.01520562,-77.04259605,"(39.01520562, -77.04259605)"
DD56420002,190047941,Rockville Police Departme,Injury Crash,10/06/2019 11:52:00 AM,,,,,PARKING LOT OF 344 MARTINS LN.,,PEDESTRIAN,OTHER,CLEAR,,DAYLIGHT,NO CONTROLS,NONE DETECTED,N/A,D57D2673-A95D-4E3F-BC3E-880E0478096B,PEDESTRIAN,N/A,NO IMPROPER ACTIONS,OTHER,NO PED. SIGNAL,UNKNOWN,No,SUSPECTED MINOR INJURY,N/A,39.09104914,-77.16127881,"(39.09104914, -77.16127881)"
MCP94220013,180007337,Montgomery County Police,Injury Crash,02/12/2018 12:15:00 PM,County,WAYNE AVE,County,RAMSEY AVE,,N/A,PEDESTRIAN,SINGLE VEHICLE,CLEAR,DRY,DAYLIGHT,TRAFFIC SIGNAL,NONE DETECTED,NONE DETECTED,350EFEB6-18A7-44FE-9DE6-616440837702,PEDESTRIAN,Cross/Enter at Intersection,NO IMPROPER ACTIONS,AT INTERSECTION MARKED CROSSWALK,OBEYED PED. SIGNAL,MIXED CLOTHING,No,SUSPECTED MINOR INJURY,NONE,38.99421333,-77.02914833,"(38.99421333, -77.02914833)"
MCP2087001Z,170534160,Montgomery County Police,Injury Crash,10/01/2017 01:07:00 PM,County,MAGELLAN AVE,County,GLASGOW DR,,N/A,BICYCLIST,SINGLE VEHICLE,CLEAR,DRY,DAYLIGHT,STOP SIGN,NONE DETECTED,NONE DETECTED,CBCE76FE-0632-4C77-9CC7-4F466D9DE9EC,BICYCLIST,Cross/Enter at Intersection,FAILURE TO OBEY TRAFFIC SIGNS SIGNALS OR OFFICER,ON ROADWAY NOT AT CROSSWALK,NO PED. SIGNAL,MIXED CLOTHING,Yes,POSSIBLE INJURY,NONE,39.07089333,-77.0922,"(39.07089333, -77.0922)"
MCP3113001N,190038188,Montgomery County Police,Injury Crash,08/10/2019 05:41:00 PM,,,,,PARKING LOT OF BRIGGS CHANEY SHOPPING CENTER 13800 BLK OUTLET DRIVE,,PEDESTRIAN,OTHER,N/A,,DAYLIGHT,NO CONTROLS,N/A,N/A,AFF09474-000A-490A-BCC6-3574FB10015E,PEDESTRIAN,Walking/Riding w/Traffic,NO IMPROPER ACTIONS,OTHER,N/A,MIXED CLOTHING,No,POSSIBLE INJURY,NONE,39.082427,-76.946807,"(39.082427, -76.946807)"
MCP2861004Y,210030265,Montgomery County Police,Injury Crash,08/04/2021 03:17:00 PM,,,,,SIDEWALK BY 4710 BETHESDA AVE,,BICYCLIST,OTHER,CLEAR,,DAYLIGHT,OTHER,NONE DETECTED,NONE DETECTED,DC2DD3C2-3BDD-4E79-9E72-E91F26A4F1A8,BICYCLIST,Walking/Riding against Traffic,INATTENTIVE,SIDEWALK,NO PED. SIGNAL,DARK CLOTHING,Unknown,SUSPECTED MINOR INJURY,NONE,38.981225,-77.094355,"(38.981225, -77.094355)"
MCP2960003V,190003905,Montgomery County Police,Injury Crash,01/25/2019 08:00:00 AM,County,BEL PRE RD,County,NORTH GATE DR,,N/A,PEDESTRIAN,SINGLE VEHICLE,N/A,DRY,DAYLIGHT,FLASHING TRAFFIC SIGNAL,N/A,N/A,26D0A4F5-72D5-498A-8C8B-D6D525863768,PEDESTRIAN,Cross/Enter not at Intersection,NO IMPROPER ACTIONS,AT INTERSECTION MARKED CROSSWALK,NO PED. SIGNAL,MIXED CLOTHING,No,SUSPECTED MINOR INJURY,N/A,39.09045833,-77.05064667,"(39.09045833, -77.05064667)"
MCP243600CM,210021739,Montgomery County Police,Injury Crash,06/08/2021 07:30:00 AM,US (State),COLUMBIA PIKE,Unknown,ENT TO BURNT MILLS SHOPPING CENTER,,N/A,PEDESTRIAN,SINGLE VEHICLE,CLEAR,DRY,DAYLIGHT,STOP SIGN,NONE DETECTED,NONE DETECTED,2284F3AD-1EEE-4DA5-A3B2-E59FF816D89A,PEDESTRIAN,Cross/Enter at Intersection,NO IMPROPER ACTIONS,AT INTERSECTION MARKED CROSSWALK,OBEYED PED. SIGNAL,MIXED CLOTHING,No,SUSPECTED MINOR INJURY,NONE,39.03182785,-77.00408697,"(39.03182785, -77.00408697)"
MCP3150000C,180018782,Montgomery County Police,Injury Crash,04/17/2018 06:39:00 PM,,,,,INSIDE PARKING GARAGE LOCATED AT 1215 E. WEST HIGHWAY,,PEDESTRIAN,OTHER,CLEAR,,DARK LIGHTS ON,NO CONTROLS,N/A,N/A,622C85B5-9821-402E-B3AC-057EADEA8017,PEDESTRIAN,Other,OTHER,OTHER,NO PED. SIGNAL,LIGHT CLOTHING,No,SUSPECTED MINOR INJURY,NONE,38.99133833,-77.03088333,"(38.99133833, -77.03088333)"
MCP30000014,16043707,Montgomery County Police,Injury Crash,08/27/2016 05:28:00 PM,,,,,"PARKING LOT OF 19700 N FREDERICK ROAD, GERMANTOWN, MARYLAND 20874",,BICYCLIST,STRAIGHT MOVEMENT ANGLE,CLEAR,,DAYLIGHT,STOP SIGN,NONE DETECTED,NONE DETECTED,8E0FD06A-8F3F-4138-A101-4B97936C719D,BICYCLIST,Cross/Enter at Intersection,INATTENTIVE,ON ROADWAY AT CROSSWALK,NO PED. SIGNAL,MIXED CLOTHING,Yes,SUSPECTED SERIOUS INJURY,NONE,39.17861167,-77.23893167,"(39.17861167, -77.23893167)"
EJ7847001T,16028832,Gaithersburg Police Depar,Injury Crash,06/08/2016 05:59:00 PM,Maryland (State),DARNESTOWN RD,Municipality,TREWORTHY RD,,GAITHERSBURG,BICYCLIST,SAME DIR REAR END,CLEAR,DRY,DAYLIGHT,N/A,NONE DETECTED,NONE DETECTED,DFA08DFA-C8DC-46CA-8994-01397D1F2751,BICYCLIST,Walking/Riding w/Traffic,NO IMPROPER ACTIONS,IN BIKEWAY,N/A,REFLECTIVE MATERIAL,No,SUSPECTED MINOR INJURY,MC/BIKE HELMET,39.103445,-77.2243,"(39.103445, -77.2243)"
MCP2982001X,170503149,Montgomery County Police,Injury Crash,04/20/2017 02:22:00 PM,Maryland (State),GEORGIA AVE,County,CAMERON ST,,N/A,PEDESTRIAN,OTHER,CLEAR,DRY,DAYLIGHT,TRAFFIC SIGNAL,UNKNOWN,NONE DETECTED,4FBEB9F2-7BE0-4412-B482-041D66EF8658,PEDESTRIAN,Cross/Enter at Intersection,NO IMPROPER ACTIONS,ON ROADWAY AT CROSSWALK,NO PED. SIGNAL,DARK CLOTHING,No,SUSPECTED MINOR INJURY,NONE,38.99761097,-77.02974513,"(38.99761097, -77.02974513)"
MCP1366008T,190008300,Montgomery County Police,Injury Crash,02/21/2019 12:16:00 PM,,,,,"WASTE TRANSFER STATION PARKING LOT
16101 FREDERICK RD
ROCKVILLE, MD 20855",,PEDESTRIAN,OTHER,CLEAR,,DAYLIGHT,N/A,NONE DETECTED,NONE DETECTED,5EFF8CA1-F1E3-493D-A8ED-EF79307EE345,PEDESTRIAN,Standing,NO IMPROPER ACTIONS,OTHER,N/A,N/A,No,SUSPECTED MINOR INJURY,N/A,39.121395,-77.17047333,"(39.121395, -77.17047333)"
MCP3232001D,200032852,Montgomery County Police,Property Damage Crash,08/22/2020 06:40:00 PM,County,CASHELL RD,County,BOWIE MILL RD,,N/A,PEDESTRIAN,OTHER,CLEAR,DRY,DAYLIGHT,N/A,NONE DETECTED,NONE DETECTED,B5273266-CDE9-430A-BA77-9F9B62F5D5D5,PEDESTRIAN,Standing,IN ROADWAY IMPROPERLY,ON ROADWAY NOT AT CROSSWALK,N/A,MIXED CLOTHING,Yes,NO APPARENT INJURY,N/A,39.15479088,-77.09495999,"(39.15479088, -77.09495999)"
MCP31090019,180045118,Montgomery County Police,Injury Crash,09/10/2018 11:00:00 AM,County,FENTON ST,County,SLIGO AVE,,N/A,PEDESTRIAN,SINGLE VEHICLE,CLOUDY,N/A,DAYLIGHT,NO CONTROLS,UNKNOWN,NONE DETECTED,93323D05-F681-4B14-B08F-BAC1C9A0D8F6,PEDESTRIAN,Standing,N/A,ON ROADWAY NOT AT CROSSWALK,N/A,REFLECTIVE MATERIAL,No,POSSIBLE INJURY,REFLECTIVE CLOTHING,38.99023242,-77.02373791,"(38.99023242, -77.02373791)"
DD5607003Y,220046275,Rockville Police Departme,Injury Crash,10/21/2022 03:15:00 PM,Maryland (State),ROCKVILLE PIKE,Municipality,HALPINE RD,,ROCKVILLE,PEDESTRIAN,OTHER,CLEAR,N/A,DAYLIGHT,TRAFFIC SIGNAL,N/A,N/A,984A58CD-8658-44AE-BF36-D64622887086,PEDESTRIAN,Cross/Enter at Intersection,NO IMPROPER ACTIONS,AT INTERSECTION MARKED CROSSWALK,UNKNOWN,UNKNOWN,No,SUSPECTED MINOR INJURY,N/A,39.06174883,-77.12405417,"(39.06174883, -77.12405417)"
MCP27610020,180010217,Montgomery County Police,Injury Crash,02/27/2018 05:25:00 PM,,,,,"PARKING LOT OF
19718 GERMANTOWN ROAD (SAFEWAY)",,PEDESTRIAN,OTHER,CLEAR,,DAYLIGHT,NO CONTROLS,NONE DETECTED,NONE DETECTED,99E747E8-217B-4FA4-8BF2-067B385D1F4A,PEDESTRIAN,Other,NO IMPROPER ACTIONS,MIDBLOCK MARKED CROSSWALK,NO PED. SIGNAL,DARK CLOTHING,No,POSSIBLE INJURY,NONE,39.18079894,-77.26593375,"(39.18079894, -77.26593375)"
MCP33370018,230012087,Montgomery County Police,Injury Crash,03/12/2023 11:42:00 AM,Maryland (State),UNIVERSITY BLVD W,County,FERN ST,,N/A,PEDESTRIAN,HEAD ON,CLEAR,DRY,DAYLIGHT,N/A,NONE DETECTED,N/A,976D5CD8-5CD7-4ED6-B0A8-4FFC73420C3C,PEDESTRIAN,Walking/Riding against Traffic,IN ROADWAY IMPROPERLY,ON ROADWAY NOT AT CROSSWALK,NO PED. SIGNAL,DARK CLOTHING,Yes,SUSPECTED MINOR INJURY,NONE,39.05821733,-77.04855467,"(39.05821733, -77.04855467)"
MCP137800PQ,190006725,Montgomery County Police,Injury Crash,02/11/2019 06:14:00 PM,County,MONTGOMERY VILLAGE AVE,Unknown,CROSSOVER,,N/A,PEDESTRIAN,SINGLE VEHICLE,RAINING,WET,DARK LIGHTS ON,NO CONTROLS,NONE DETECTED,NONE DETECTED,F5784507-C623-4DD6-977A-38E9E2E3EDFF,PEDESTRIAN,Cross/Enter at Intersection,NO IMPROPER ACTIONS,AT INTERSECTION BUT NO CROSSWALK,NO PED. SIGNAL,DARK CLOTHING,No,POSSIBLE INJURY,NONE,39.16801667,-77.20546667,"(39.16801667, -77.20546667)"
MCP2846007Z,220021835,Montgomery County Police,Injury Crash,05/22/2022 03:15:00 PM,Maryland (State),GEORGIA AVE,County,BLUERIDGE AVE,,N/A,PEDESTRIAN,HEAD ON LEFT TURN,CLEAR,DRY,DAYLIGHT,PERSON,NONE DETECTED,NONE DETECTED,C59007E7-C2ED-4EE1-BED0-A0BD62A7BA59,PEDESTRIAN,Cross/Enter at Intersection,NO IMPROPER ACTIONS,ON ROADWAY AT CROSSWALK,OBEYED PED. SIGNAL,LIGHT CLOTHING,No,POSSIBLE INJURY,N/A,39.04295333,-77.05214333,"(39.04295333, -77.05214333)"
MCP23480063,210045409,Montgomery County Police,Fatal Crash,11/09/2021 03:04:00 PM,,ASBURY DRIVE,,FELLOWSHIP CIRCLE,,N/A,PEDESTRIAN,SINGLE VEHICLE,CLEAR,DRY,DAYLIGHT,STOP SIGN,NONE DETECTED,UNKNOWN,A26A5D68-AEF0-4561-9C1C-A41AA013B402,PEDESTRIAN,Cross/Enter at Intersection,IN ROADWAY IMPROPERLY,ON ROADWAY NOT AT CROSSWALK,N/A,MIXED CLOTHING,Yes,FATAL INJURY,N/A,39.15142833,-77.19793,"(39.15142833, -77.19793)"
MCP2635007P,220053567,Montgomery County Police,Property Damage Crash,12/04/2022 07:11:00 PM,Maryland (State),OLNEY LAYTONSVILLE RD,Unknown,OLNEY POST OFFICE,,N/A,OTHER CONVEYANCE,OTHER,CLEAR,DRY,DARK LIGHTS ON,STOP SIGN,N/A,N/A,3503640F-956E-4361-AF65-C3F25935FC81,OTHER CONVEYANCE,Walking/Cycling on Sidewalk,NO IMPROPER ACTIONS,SIDEWALK,NO PED. SIGNAL,MIXED CLOTHING,No,NO APPARENT INJURY,NONE,39.15531333,-77.07060833,"(39.15531333, -77.07060833)"
MCP27100029,180055748,Montgomery County Police,Injury Crash,11/06/2018 08:30:00 PM,Municipality,S SUMMIT AVE,Maryland (State),S FREDERICK RD,,N/A,PEDESTRIAN,OTHER,RAINING,WET,DARK LIGHTS ON,N/A,NONE DETECTED,N/A,3F3A054B-B5C6-479C-8569-892CD9CE838D,PEDESTRIAN,Cross/Enter not at Intersection,DART DASH,ON ROADWAY NOT AT CROSSWALK,NO PED. SIGNAL,MIXED CLOTHING,Yes,SUSPECTED MINOR INJURY,N/A,39.139655,-77.19382,"(39.139655, -77.19382)"
DD5611000B,15034736,ROCKVILLE,Injury Crash,07/15/2015 03:40:00 PM,Maryland (State),ROCKVILLE PIKE,Unknown,CONGRESSIONAL LA,,N/A,PEDESTRIAN,SINGLE VEHICLE,CLEAR,DRY,DAYLIGHT,NO CONTROLS,N/A,NONE DETECTED,B01A66B1-FEBC-4BDE-B999-7178D6C1091A,PEDESTRIAN,Other,INATTENTIVE,ON ROADWAY NOT AT CROSSWALK,N/A,LIGHT CLOTHING,No,SUSPECTED MINOR INJURY,N/A,39.06934167,-77.161965,"(39.06934167, -77.161965)"
MCP2992002M,190041453,Montgomery County Police,Injury Crash,08/29/2019 09:35:00 PM,Maryland (State),LAYHILL RD,County,BEL PRE RD,,N/A,PEDESTRIAN,OTHER,N/A,DRY,DARK NO LIGHTS,NO CONTROLS,N/A,ALCOHOL PRESENT,225036BE-DCA0-4732-A692-FB3669F00C31,PEDESTRIAN,Getting off/on Vehicle,DART DASH,OTHER,NO PED. SIGNAL,MIXED CLOTHING,Yes,SUSPECTED MINOR INJURY,N/A,39.09172333,-77.04509833,"(39.09172333, -77.04509833)"
DD5527004N,230020219,Rockville Police Departme,Injury Crash,04/27/2023 09:35:00 PM,Maryland (State),ROCKVILLE PIKE,Unknown,CONGRESSIONAL LA,,N/A,BICYCLIST,OTHER,CLEAR,DRY,DARK LIGHTS ON,TRAFFIC SIGNAL,NONE DETECTED,NONE DETECTED,4A1A94C5-1039-4AD1-AC66-B7EB069029B5,BICYCLIST,Cross/Enter at Intersection,NO IMPROPER ACTIONS,ON ROADWAY AT CROSSWALK,OBEYED PED. SIGNAL,MIXED CLOTHING,No,SUSPECTED MINOR INJURY,NONE,39.06428133,-77.12619411,"(39.06428133, -77.12619411)"
MCP2818001W,16028823,Montgomery County Police,Injury Crash,06/08/2016 05:00:00 PM,Maryland (State),GEORGIA AVE,County,CAMERON ST,,N/A,PEDESTRIAN,OTHER,CLEAR,DRY,DAYLIGHT,TRAFFIC SIGNAL,NONE DETECTED,NONE DETECTED,4FE83547-1427-491C-8EE2-43C3D39EDAEE,PEDESTRIAN,Cross/Enter at Intersection,NO IMPROPER ACTIONS,AT INTERSECTION MARKED CROSSWALK,OBEYED PED. SIGNAL,MIXED CLOTHING,No,POSSIBLE INJURY,N/A,38.99769833,-77.02968333,"(38.99769833, -77.02968333)"
MCP28770093,210026368,Montgomery County Police,Injury Crash,07/09/2021 10:20:00 AM,Maryland (State),GOLDSBORO RD,County,HAVILAND DR,,N/A,BICYCLIST,SAME DIRECTION RIGHT TURN,CLEAR,DRY,DAYLIGHT,NO CONTROLS,NONE DETECTED,NONE DETECTED,1B026946-E7C2-4E6E-960F-847955F939B6,BICYCLIST,Walking/Riding w/Traffic,NO IMPROPER ACTIONS,SHOULDER,NO PED. SIGNAL,DARK CLOTHING,No,SUSPECTED MINOR INJURY,MC/BIKE HELMET,38.9724921,-77.12281031,"(38.9724921, -77.12281031)"
MCP2848005V,170549876,Montgomery County Police,Injury Crash,12/21/2017 09:52:00 AM,Maryland (State),EAST WEST HWY,County,SUNDALE DR,,N/A,PEDESTRIAN,OTHER,N/A,DRY,DAYLIGHT,NO CONTROLS,UNKNOWN,NONE DETECTED,0F4151EB-E9CA-47FD-826B-BBFF8179E67C,PEDESTRIAN,Cross/Enter at Intersection,NO IMPROPER ACTIONS,ON ROADWAY AT CROSSWALK,OBEYED PED. SIGNAL,DARK CLOTHING,No,SUSPECTED SERIOUS INJURY,NONE,38.99553995,-77.04221606,"(38.99553995, -77.04221606)"
DD56100029,17000269,Rockville Police Departme,Injury Crash,01/02/2017 06:02:00 PM,Municipality,BROADWOOD DR,Maryland (State),VEIRS MILL RD,,N/A,PEDESTRIAN,SINGLE VEHICLE,RAINING,WET,DARK LIGHTS ON,TRAFFIC SIGNAL,N/A,N/A,23274701-58FA-4A5C-89E4-7C69F891C217,PEDESTRIAN,Cross/Enter at Intersection,NO IMPROPER ACTIONS,ON ROADWAY AT CROSSWALK,OBEYED PED. SIGNAL,DARK CLOTHING,No,POSSIBLE INJURY,NONE,39.077227,-77.1239875,"(39.077227, -77.1239875)"
MCP2564002V,220045747,Montgomery County Police,Injury Crash,10/18/2022 05:08:00 PM,County,APPLE RIDGE RD,County,SHADOW OAK DR,,N/A,OTHER CONVEYANCE,SAME DIRECTION LEFT TURN,CLEAR,DRY,DAYLIGHT,NO CONTROLS,NONE DETECTED,NONE DETECTED,E47719F6-F7E5-4C9F-A316-F02C76A6FC3E,OTHER CONVEYANCE,Cross/Enter at Intersection,INATTENTIVE,ON ROADWAY AT CROSSWALK,NO PED. SIGNAL,DARK CLOTHING,Yes,SUSPECTED SERIOUS INJURY,NONE,39.185955,-77.20237167,"(39.185955, -77.20237167)"
MCP27990016,15051296,Montgomery County Police,Property Damage Crash,10/22/2015 05:57:00 PM,County,SPARTAN RD,Unknown,TOWN CENTER DR,,N/A,BICYCLIST,STRAIGHT MOVEMENT ANGLE,RAINING,WET,DAYLIGHT,NO CONTROLS,N/A,NONE DETECTED,7B6DFF19-CF75-4CB9-A9D6-C9D7F81E44C3,BICYCLIST,Cross/Enter at Intersection,FAILURE TO YIELD RIGHT OF WAY,SIDEWALK,NO PED. SIGNAL,MIXED CLOTHING,Yes,NO APPARENT INJURY,NONE,39.15255243,-77.06085205,"(39.15255243, -77.06085205)"
MCP29420012,15040254,MONTGOMERY,Injury Crash,08/12/2015 08:17:00 PM,Maryland (State),OLD GEORGETOWN RD,Government,CENTER DR,,N/A,BICYCLIST,STRAIGHT MOVEMENT ANGLE,CLEAR,DRY,DUSK,TRAFFIC SIGNAL,NONE DETECTED,NONE DETECTED,A7C62070-4AF1-4A55-AB09-3378744720AB,BICYCLIST,Cross/Enter at Intersection,NO IMPROPER ACTIONS,ON ROADWAY AT CROSSWALK,NO PED. SIGNAL,N/A,No,SUSPECTED MINOR INJURY,MC/BIKE HELMET,39.00292738,-77.10989356,"(39.00292738, -77.10989356)"
MCP209400K9,220037173,Montgomery County Police,Injury Crash,08/28/2022 09:17:00 AM,County,OAKLYN DR,County,POTOMAC STATION LA,,N/A,BICYCLIST,HEAD ON LEFT TURN,CLEAR,DRY,DAYLIGHT,NO CONTROLS,NONE DETECTED,NONE DETECTED,C52C2D0D-7F2A-4C69-86E3-D4F763FE187F,BICYCLIST,Walking/Riding w/Traffic,NO IMPROPER ACTIONS,ON ROADWAY NOT AT CROSSWALK,N/A,MIXED CLOTHING,No,SUSPECTED SERIOUS INJURY,MC/BIKE HELMET,39.00102,-77.21083,"(39.00102, -77.21083)"
MCP2432000F,210021556,Montgomery County Police,Injury Crash,06/07/2021 05:09:00 AM,Maryland (State),MIDCOUNTY HWY,County,GOSHEN RD,,N/A,PEDESTRIAN,SINGLE VEHICLE,CLEAR,DRY,DARK NO LIGHTS,NO CONTROLS,NONE DETECTED,NONE DETECTED,AE927132-6400-48A4-8636-D26F0EB1C96D,PEDESTRIAN,Walking/Riding w/Traffic,IN ROADWAY IMPROPERLY,SHOULDER,N/A,DARK CLOTHING,Yes,SUSPECTED MINOR INJURY,NONE,39.15740667,-77.18790667,"(39.15740667, -77.18790667)"
MCP2311002B,16026138,Montgomery County Police,Injury Crash,05/26/2016 01:46:00 AM,County,MONTGOMERY VILLAGE AVE,County,WALKERS CHOICE RD,,N/A,BICYCLIST,SAME DIR REAR END,CLEAR,DRY,DARK NO LIGHTS,N/A,N/A,N/A,C2C964E2-0C7D-4B2C-8FBB-42D9302E3F2D,BICYCLIST,Walking/Riding w/Traffic,NOT VISIBLE,ON ROADWAY NOT AT CROSSWALK,N/A,DARK CLOTHING,No,SUSPECTED MINOR INJURY,N/A,39.16437333,-77.20392167,"(39.16437333, -77.20392167)"
MCP1301000Y,180041500,Montgomery County Police,Fatal Crash,08/20/2018 08:26:00 PM,Maryland (State),GEORGIA AVE,County,GLENALLAN AVE,,N/A,PEDESTRIAN,SINGLE VEHICLE,CLOUDY,DRY,DUSK,N/A,NONE DETECTED,UNKNOWN,20D5B51E-5331-47A7-9E92-BBB69042FCFC,PEDESTRIAN,Cross/Enter not at Intersection,DART DASH,N/A,NO PED. SIGNAL,MIXED CLOTHING,Yes,FATAL INJURY,N/A,39.06200287,-77.05351985,"(39.06200287, -77.05351985)"