Report Number,Local Case Number,Agency Name,ACRS Report Type,Crash Date/Time,Route Type,Road Name,Cross-Street Type,Cross-Street Name,Off-Road Description,Municipality,Related Non-Motorist,Collision Type,Weather,Surface Condition,Light,Traffic Control,Driver Substance Abuse,Non-Motorist Substance Abuse,Person ID,Pedestrian Type,Pedestrian Movement,Pedestrian Actions,Pedestrian Location,Pedestrian Obeyed Traffic Signal,Pedestrian Visibility,At Fault,Injury Severity,Safety Equipment,Latitude,Longitude,Location
MCP11820015,16009922,Montgomery County Police,Injury Crash,02/28/2016 12:38:00 PM,County,LOCUST AVE,County,ACACIA AVE,,N/A,PEDESTRIAN,HEAD ON,CLEAR,DRY,DAYLIGHT,NO CONTROLS,N/A,N/A,998BE3AB-DCFF-4807-9179-69605BE27C3C,PEDESTRIAN,Standing,NO IMPROPER ACTIONS,ON ROADWAY NOT AT CROSSWALK,NO PED. SIGNAL,LIGHT CLOTHING,No,SUSPECTED SERIOUS INJURY,N/A,39.00652833,-77.10624667,"(39.00652833, -77.10624667)"
MCP24960020,200044354,Montgomery County Police,Injury Crash,11/10/2020 10:52:00 AM,US (State),COLESVILLE RD,Unknown,SPUR TO SLIGO CREEK PKWY,,N/A,BICYCLIST,OTHER,CLEAR,DRY,DAYLIGHT,TRAFFIC SIGNAL,NONE DETECTED,NONE DETECTED,83D6C3C7-BB25-4E59-8A43-16E6EDF3F991,BICYCLIST,Cross/Enter at Intersection,NO IMPROPER ACTIONS,AT INTERSECTION MARKED CROSSWALK,OBEYED PED. SIGNAL,MIXED CLOTHING,No,POSSIBLE INJURY,MC/BIKE HELMET,39.00769202,-77.02013074,"(39.00769202, -77.02013074)"
MCP2805004G,210045575,Montgomery County Police,Injury Crash,11/10/2021 02:47:00 PM,,,,,"PL OF COSTCO, 880 RUSSELL AVE, GAITHERSBURG, MD",,PEDESTRIAN,SAME DIR REAR END,CLEAR,,DAYLIGHT,N/A,NONE DETECTED,NONE DETECTED,7ECB82FD-7F96-4A4B-BD97-82E3D8277ED7,PEDESTRIAN,Standing,NOT VISIBLE,CURB,N/A,MIXED CLOTHING,No,SUSPECTED MINOR INJURY,N/A,39.15713833,-77.214125,"(39.15713833, -77.214125)"
MCP2796002F,15058687,MONTGOMERY,Injury Crash,11/17/2015 01:47:00 PM,,,,,"Parking lot of KMart store located at 14014 Connecticut Avenue, Silver Spring",,PEDESTRIAN,SINGLE VEHICLE,CLEAR,,DAYLIGHT,N/A,N/A,NONE DETECTED,D9E844C2-E353-41E5-827A-FD615D20BA7F,PEDESTRIAN,Other,NO IMPROPER ACTIONS,OTHER,N/A,MIXED CLOTHING,No,SUSPECTED MINOR INJURY,N/A,39.08544,-77.07649167,"(39.08544, -77.07649167)"
DD5593001W,16004967,Rockville Police Departme,Injury Crash,01/30/2016 07:15:00 PM,,,,,"PARKING LOT OF 15136 FREDERICK RD (ADVANCE AUTO), ROCKVILLE, MD",,PEDESTRIAN,HEAD ON LEFT TURN,CLEAR,,DARK LIGHTS ON,N/A,UNKNOWN,NONE DETECTED,85943060-F96A-446D-BD1C-E4C02AE4D87B,PEDESTRIAN,Other,NO IMPROPER ACTIONS,OTHER,NO PED. SIGNAL,MIXED CLOTHING,No,POSSIBLE INJURY,NONE,39.10419167,-77.15767333,"(39.10419167, -77.15767333)"
MCP0487000C,15015704,Montgomery County Police,Injury Crash,04/05/2015 01:00:00 PM,Maryland (State),MUNCASTER MILL RD,Unknown,ENT TO ST. FRANCIS OF ASSISI CHURCH,,N/A,PEDESTRIAN,OTHER,CLEAR,DRY,DAYLIGHT,PERSON,N/A,NONE DETECTED,4A242512-AB4F-4736-9AAC-6F80BFF5D971,PEDESTRIAN,Standing,OTHER,AT INTERSECTION BUT NO CROSSWALK,N/A,REFLECTIVE MATERIAL,,SUSPECTED MINOR INJURY,REFLECTIVE CLOTHING,39.14059577,-77.13608265,"(39.14059577, -77.13608265)"
DD56240046,200023294,Rockville Police Departme,Injury Crash,06/18/2020 08:00:00 PM,Maryland (State),VEIRS MILL RD,Municipality,ATLANTIC AVE,,ROCKVILLE,PEDESTRIAN,OTHER,CLEAR,DRY,DAYLIGHT,TRAFFIC SIGNAL,NONE DETECTED,NONE DETECTED,8A5C5EDC-04C7-42FD-833D-E638F9292A35,PEDESTRIAN,Cross/Enter at Intersection,NO IMPROPER ACTIONS,ON ROADWAY AT CROSSWALK,OBEYED PED. SIGNAL,MIXED CLOTHING,No,POSSIBLE INJURY,NONE,39.0745207,-77.1156424,"(39.0745207, -77.1156424)"
MCP3156001J,210007829,Montgomery County Police,Injury Crash,03/02/2021 07:56:00 AM,County,CEDAR ST,County,WAYNE AVE,,N/A,PEDESTRIAN,OTHER,N/A,N/A,DAYLIGHT,TRAFFIC SIGNAL,NONE DETECTED,NONE DETECTED,2F6043FE-4B47-45D7-B84B-5B64EB51D155,PEDESTRIAN,Cross/Enter at Intersection,NOT VISIBLE,ON ROADWAY AT CROSSWALK,OBEYED PED. SIGNAL,LIGHT CLOTHING,No,SUSPECTED MINOR INJURY,NONE,38.9971621,-77.02161685,"(38.9971621, -77.02161685)"
MCP29480029,180009623,Montgomery County Police,Injury Crash,02/24/2018 05:10:00 PM,Maryland (State),GEORGIA AVE,County,PRICE AVE,,N/A,PEDESTRIAN,OTHER,RAINING,WET,DAYLIGHT,N/A,NONE DETECTED,NONE DETECTED,833B8594-1005-4A97-93F2-BCF2E1BFCB06,PEDESTRIAN,Cross/Enter at Intersection,NO IMPROPER ACTIONS,AT INTERSECTION MARKED CROSSWALK,NO PED. SIGNAL,N/A,No,SUSPECTED MINOR INJURY,NONE,39.04027,-77.05134167,"(39.04027, -77.05134167)"
MCP30380061,220050520,Montgomery County Police,Injury Crash,11/15/2022 05:25:00 PM,County,DALE DR,Maryland (State),PINEY BRANCH RD,,N/A,PEDESTRIAN,OTHER,RAINING,WET,DARK LIGHTS ON,TRAFFIC SIGNAL,NONE DETECTED,NONE DETECTED,0FB5511B-4A00-4222-88A1-EF2EA2B410DD,PEDESTRIAN,Cross/Enter at Intersection,NO IMPROPER ACTIONS,AT INTERSECTION MARKED CROSSWALK,OBEYED PED. SIGNAL,MIXED CLOTHING,No,POSSIBLE INJURY,NONE,38.99369813,-77.0090436,"(38.99369813, -77.0090436)"
MCP2565003V,17010234,Montgomery County Police,Injury Crash,02/25/2017 06:07:00 PM,Maryland (State),ROCKVILLE PIKE,County,TUCKERMAN LA,,N/A,BICYCLIST,SAME DIR REAR END,CLEAR,DRY,DARK LIGHTS ON,NO CONTROLS,NONE DETECTED,NONE DETECTED,DEF8D76B-3DEB-4AAF-9A37-3F05701EBEB5,BICYCLIST,Walking/Riding w/Traffic,N/A,ON ROADWAY NOT AT CROSSWALK,N/A,REAR REFLECTOR,No,POSSIBLE INJURY,NONE,39.02486626,-77.10308746,"(39.02486626, -77.10308746)"
MCP30760018,180006535,Montgomery County Police,Injury Crash,02/07/2018 02:25:00 PM,Maryland (State),GEORGIA AVE,County,FENWICK LA,,N/A,BICYCLIST,STRAIGHT MOVEMENT ANGLE,RAINING,WET,DAYLIGHT,NO CONTROLS,NONE DETECTED,NONE DETECTED,63DCCDF7-4C19-4625-A50C-29E8A1B43E89,BICYCLIST,Cross/Enter at Intersection,FAILURE TO YIELD RIGHT OF WAY,ON ROADWAY NOT AT CROSSWALK,NO PED. SIGNAL,LIGHT CLOTHING,Yes,POSSIBLE INJURY,REFLECTIVE CLOTHING,38.99823833,-77.0304035,"(38.99823833, -77.0304035)"
DD56330008,180042427,Rockville Police Departme,Injury Crash,08/24/2018 06:30:00 PM,Maryland (State),ROCKVILLE PIKE,Municipality,EDMONSTON DR,,ROCKVILLE,BICYCLIST,SINGLE VEHICLE,CLEAR,DRY,DAYLIGHT,N/A,NONE DETECTED,NONE DETECTED,C3854796-FCC9-4E06-A737-2D9A7F59B62F,BICYCLIST,Walking/Cycling on Sidewalk,NO IMPROPER ACTIONS,SIDEWALK,NO PED. SIGNAL,MIXED CLOTHING,No,SUSPECTED MINOR INJURY,NONE,39.0739245,-77.134849,"(39.0739245, -77.134849)"
MCP3201003M,230003047,Montgomery County Police,Injury Crash,01/19/2023 12:01:00 PM,County,MIDDLEBROOK RD,Unknown,CROSSRIDGE DR,,N/A,PEDESTRIAN,SINGLE VEHICLE,CLOUDY,WET,DAYLIGHT,STOP SIGN,NONE DETECTED,NONE DETECTED,E47690DB-0967-403B-9456-9E3F3709FB90,PEDESTRIAN,Cross/Enter at Intersection,NO IMPROPER ACTIONS,ON ROADWAY AT CROSSWALK,NO PED. SIGNAL,MIXED CLOTHING,No,POSSIBLE INJURY,NONE,39.174774,-77.259127,"(39.174774, -77.259127)"
MCP3086006J,220011438,Montgomery County Police,Injury Crash,03/17/2022 06:45:00 AM,County,SNOUFFERS SCHOOL RD,Maryland (State),WOODFIELD RD,,N/A,PEDESTRIAN,SINGLE VEHICLE,RAINING,WET,DAWN,NO CONTROLS,UNKNOWN,NONE DETECTED,9B12B793-39AF-48C4-A554-0DE0B3569509,PEDESTRIAN,Unknown,UNKNOWN,ON ROADWAY AT CROSSWALK,N/A,LIGHT CLOTHING,No,SUSPECTED MINOR INJURY,UNKNOWN,39.16204046,-77.16521098,"(39.16204046, -77.16521098)"
DD5660000D,230030125,Rockville Police Departme,Injury Crash,06/23/2023 06:05:00 PM,Maryland (State),FREDERICK RD,Municipality,KING FARM BLVD,,ROCKVILLE,PEDESTRIAN,N/A,RAINING,WET,DAYLIGHT,TRAFFIC SIGNAL,N/A,N/A,8ECB0882-7B97-49DF-A7F4-7847C43D34A0,PEDESTRIAN,Cross/Enter at Intersection,NO IMPROPER ACTIONS,ON ROADWAY AT CROSSWALK,OBEYED PED. SIGNAL,MIXED CLOTHING,No,POSSIBLE INJURY,N/A,39.11705325,-77.16883654,"(39.11705325, -77.16883654)"
DD5603003K,17003541,Rockville Police Departme,Injury Crash,01/20/2017 08:45:00 PM,Municipality,WOOTTON PKWY,Municipality,FLEET ST,,ROCKVILLE,PEDESTRIAN,STRAIGHT MOVEMENT ANGLE,RAINING,WET,DARK LIGHTS ON,NO CONTROLS,NONE DETECTED,ALCOHOL PRESENT,122EF475-F3AF-43D0-AC39-DD06C9D7F92B,PEDESTRIAN,Walking/Riding against Traffic,IN ROADWAY IMPROPERLY,ON ROADWAY NOT AT CROSSWALK,OTHER,DARK CLOTHING,Yes,POSSIBLE INJURY,NONE,39.07531839,-77.14011669,"(39.07531839, -77.14011669)"
MCP3051004S,210046678,Montgomery County Police,Injury Crash,11/17/2021 02:15:00 PM,County,RIDGEFIELD RD,County,WESTBARD AVE,,N/A,PEDESTRIAN,OTHER,CLEAR,DRY,DAYLIGHT,OTHER,NONE DETECTED,NONE DETECTED,45D7EEF5-3903-43BA-859B-8F0D79C80159,PEDESTRIAN,Cross/Enter at Intersection,UNKNOWN,ON ROADWAY AT CROSSWALK,DISOBEYED PED. SIGNAL,MIXED CLOTHING,Unknown,SUSPECTED MINOR INJURY,NONE,38.96588667,-77.10745,"(38.96588667, -77.10745)"
MCP137800GG,170501662,Montgomery County Police,Injury Crash,04/11/2017 07:53:00 PM,Municipality,BROOKS AVE,Municipality,N SUMMIT AVE,,GAITHERSBURG,BICYCLIST,STRAIGHT MOVEMENT ANGLE,CLEAR,DRY,DUSK,NO CONTROLS,NONE DETECTED,NONE DETECTED,F59087E6-5B17-4A93-B19F-4274C2147008,BICYCLIST,Walking/Cycling on Sidewalk,OTHER,SIDEWALK,N/A,DARK CLOTHING,Yes,SUSPECTED SERIOUS INJURY,NONE,39.14425704,-77.19369248,"(39.14425704, -77.19369248)"
MCP2905003G,170544293,Montgomery County Police,Injury Crash,11/22/2017 11:38:00 AM,County,ROSS RD,County,GRUBB RD,,N/A,OTHER,OTHER,CLEAR,DRY,DAYLIGHT,N/A,N/A,UNKNOWN,81B80E0D-82BC-43B1-970E-BD072AFBFF94,OTHER,Other Working,NOT VISIBLE,OTHER,N/A,UNKNOWN,Unknown,POSSIBLE INJURY,UNKNOWN,38.99452667,-77.05458833,"(38.99452667, -77.05458833)"
MCP2948001W,170529421,Montgomery County Police,Injury Crash,09/08/2017 03:43:00 PM,Maryland (State),GEORGIA AVE,County,RANDOLPH RD,,N/A,PEDESTRIAN,OTHER,CLEAR,DRY,DAYLIGHT,NO CONTROLS,N/A,NONE DETECTED,5238E767-9998-4C83-A196-2F90960BA832,PEDESTRIAN,Other,IN ROADWAY IMPROPERLY,ON ROADWAY NOT AT CROSSWALK,NO PED. SIGNAL,LIGHT CLOTHING,Yes,SUSPECTED SERIOUS INJURY,N/A,39.05910103,-77.05020905,"(39.05910103, -77.05020905)"
DD5615007W,190049636,Rockville Police Departme,Injury Crash,10/16/2019 02:57:00 PM,Municipality,HALPINE RD,Municipality,E JEFFERSON ST,,ROCKVILLE,PEDESTRIAN,OTHER,RAINING,WET,DAYLIGHT,TRAFFIC SIGNAL,NONE DETECTED,NONE DETECTED,D56ED7A6-F922-46C8-840B-79335D4EC9ED,PEDESTRIAN,Cross/Enter at Intersection,NO IMPROPER ACTIONS,DRIVEWAY ACCESS MARKED CROSSWALK,UNKNOWN,LIGHT CLOTHING,No,SUSPECTED MINOR INJURY,NONE,39.09323,-77.15333167,"(39.09323, -77.15333167)"
MCP93120011,190017182,Montgomery County Police,Injury Crash,04/12/2019 08:30:00 PM,County,NICHOLSON LA,County,HUFF CT,,N/A,PEDESTRIAN,SINGLE VEHICLE,RAINING,WET,DARK LIGHTS ON,TRAFFIC SIGNAL,UNKNOWN,NONE DETECTED,08551A0C-EE70-42F4-A9E4-1F8507E5A52F,PEDESTRIAN,Cross/Enter at Intersection,NO IMPROPER ACTIONS,AT INTERSECTION MARKED CROSSWALK,OBEYED PED. SIGNAL,MIXED CLOTHING,No,SUSPECTED MINOR INJURY,NONE,39.04486593,-77.10905421,"(39.04486593, -77.10905421)"
MCP3225001Y,210039507,Montgomery County Police,Injury Crash,10/04/2021 07:00:00 PM,,,,,"PARKING LOT OF 11406 GEORGIA AVE, SILVER SPRING, MD 20902",,PEDESTRIAN,OTHER,RAINING,,DARK LIGHTS ON,NO CONTROLS,NONE DETECTED,NONE DETECTED,8EAB7DB1-9605-4F25-B758-DE7ED1FBAC46,PEDESTRIAN,Walking/Cycling on Sidewalk,NO IMPROPER ACTIONS,SIDEWALK,N/A,MIXED CLOTHING,No,POSSIBLE INJURY,N/A,39.04179605,-77.05193546,"(39.04179605, -77.05193546)"
MCP32680015,210038606,Montgomery County Police,Injury Crash,09/29/2021 01:49:00 PM,,,,,"PARKING LOT OF ""FRYER'S ROADSIDE"" LOCATED @ 12830 NEW HAMPSHIRE AVE MD 20904",,OTHER,OTHER,CLEAR,,DAYLIGHT,NO CONTROLS,N/A,N/A,392F93F9-3121-4AB5-B3F7-4CBF384A66D4,OTHER,Standing,N/A,OTHER,N/A,LIGHT CLOTHING,No,SUSPECTED MINOR INJURY,N/A,39.06593667,-77.00082283,"(39.06593667, -77.00082283)"
DD5611001G,16032513,Rockville Police Departme,Injury Crash,06/27/2016 01:00:00 PM,Municipality,ARDENNES AVE,Municipality,WAINWRIGHT AVE,,ROCKVILLE,BICYCLIST,STRAIGHT MOVEMENT ANGLE,CLEAR,DRY,DAYLIGHT,N/A,NONE DETECTED,NONE DETECTED,492551E1-BB68-4A6D-9039-31924A4A6FBC,BICYCLIST,Walking/Riding against Traffic,IN ROADWAY IMPROPERLY,SHOULDER,N/A,MIXED CLOTHING,Yes,SUSPECTED MINOR INJURY,NONE,39.068064,-77.1184605,"(39.068064, -77.1184605)"
MCP30650022,180041130,Montgomery County Police,Injury Crash,08/18/2018 02:57:00 PM,,,,,PARKING LOT OF 11311 LOCKWOOD DR,,BICYCLIST,OTHER,CLEAR,,DAYLIGHT,N/A,NONE DETECTED,NONE DETECTED,589983C1-734D-44F2-ADD3-4BA347FD4910,BICYCLIST,Walking/Cycling on Sidewalk,NO IMPROPER ACTIONS,SIDEWALK,NO PED. SIGNAL,MIXED CLOTHING,No,POSSIBLE INJURY,NONE,39.04015667,-76.98933,"(39.04015667, -76.98933)"
MCP2286003W,210052044,Montgomery County Police,Injury Crash,12/21/2021 03:25:00 PM,,,,,IN FRONT OF 7955 TUCKERMAN LN,,PEDESTRIAN,OTHER,CLEAR,,DAYLIGHT,NO CONTROLS,NONE DETECTED,NONE DETECTED,BD10D456-4C30-46D1-949E-005057C25BC1,PEDESTRIAN,Other,N/A,ON ROADWAY NOT AT CROSSWALK,NO PED. SIGNAL,LIGHT CLOTHING,No,SUSPECTED MINOR INJURY,NONE,39.04101333,-77.15797,"(39.04101333, -77.15797)"
MCP3242000F,190050913,Montgomery County Police,Injury Crash,10/23/2019 12:17:00 PM,Maryland (State),GEORGIA AVE,County,CAMERON ST,,N/A,PEDESTRIAN,SINGLE VEHICLE,CLEAR,DRY,DAYLIGHT,TRAFFIC SIGNAL,NONE DETECTED,NONE DETECTED,CF100AD6-8D4C-4F10-89A4-0E8F0C18BFB1,PEDESTRIAN,Cross/Enter at Intersection,NO IMPROPER ACTIONS,AT INTERSECTION MARKED CROSSWALK,OBEYED PED. SIGNAL,MIXED CLOTHING,No,SUSPECTED MINOR INJURY,NONE,38.99746913,-77.02971603,"(38.99746913, -77.02971603)"
MCP20080044,170523208,Montgomery County Police,Injury Crash,08/05/2017 04:34:00 PM,,,,,"PARKING LOT OF 
6301 RIVER RD",,PEDESTRIAN,OTHER,CLEAR,,DAYLIGHT,N/A,NONE DETECTED,NONE DETECTED,4C8DB713-3960-4E4D-9A56-066D032F3552,PEDESTRIAN,Other,NO IMPROPER ACTIONS,OTHER,N/A,LIGHT CLOTHING,No,NO APPARENT INJURY,N/A,38.97602667,-77.12599833,"(38.97602667, -77.12599833)"
EJ7829001N,15057386,GAITHERSBURG,Injury Crash,11/10/2015 05:40:00 PM,Municipality,PALM SPRING DR,Municipality,PALMTREE DR,,GAITHERSBURG,PEDESTRIAN,SINGLE VEHICLE,RAINING,WET,DARK LIGHTS ON,NO CONTROLS,NONE DETECTED,NONE DETECTED,78111F0E-1331-4D51-ABF1-3A6D0256A7BB,PEDESTRIAN,Cross/Enter at Intersection,FAILURE TO YIELD RIGHT OF WAY,ON ROADWAY AT CROSSWALK,NO PED. SIGNAL,DARK CLOTHING,No,SUSPECTED MINOR INJURY,N/A,39.12377667,-77.21204167,"(39.12377667, -77.21204167)"
MCP2914004H,170508525,Montgomery County Police,Injury Crash,05/18/2017 04:40:00 PM,,,,,APARTMENT COMPLEX PARKING LOT- INTERSECTION OF HAMPSHIRE GREEN LANE AND MT. PISGAH LANE,,PEDESTRIAN,OTHER,CLEAR,,DAYLIGHT,NO CONTROLS,N/A,N/A,CF4889F1-2623-4BA9-9642-FCB122646663,PEDESTRIAN,Cross/Enter not at Intersection,DART DASH,ON ROADWAY NOT AT CROSSWALK,NO PED. SIGNAL,MIXED CLOTHING,Yes,SUSPECTED MINOR INJURY,NONE,39.015295,-76.976085,"(39.015295, -76.976085)"
DM83740019,17012288,Takoma Park Police Depart,Injury Crash,03/08/2017 07:57:00 PM,,,,,WALGREENS PARKING LOT,,PEDESTRIAN,OTHER,CLEAR,,DARK LIGHTS ON,N/A,N/A,N/A,DA5D8202-BFE7-4AA2-9C8C-9F784A37F4B6,PEDESTRIAN,Other,DART DASH,OTHER,N/A,LIGHT CLOTHING,Yes,POSSIBLE INJURY,N/A,38.98760333,-76.98608,"(38.98760333, -76.98608)"
MCP2917003Q,190008744,Montgomery County Police,Injury Crash,02/23/2019 08:10:00 PM,Maryland (State),GEORGIA AVE,County,HEATHFIELD RD,,N/A,PEDESTRIAN,SAME DIRECTION LEFT TURN,RAINING,WET,DARK NO LIGHTS,NO CONTROLS,NONE DETECTED,NONE DETECTED,60FB7AF8-EB40-4391-8E96-D7BA90690165,PEDESTRIAN,Cross/Enter at Intersection,NO IMPROPER ACTIONS,ON ROADWAY AT CROSSWALK,NO PED. SIGNAL,LIGHT CLOTHING,No,SUSPECTED MINOR INJURY,NONE,39.08792833,-77.07951167,"(39.08792833, -77.07951167)"
MCP271700V7,210017608,Montgomery County Police,Injury Crash,05/10/2021 05:50:00 PM,County,PORTER RD,County,SUNDALE DR,,N/A,BICYCLIST,OTHER,CLEAR,DRY,DAYLIGHT,NO CONTROLS,NONE DETECTED,NONE DETECTED,2A6F2A02-F86F-4D42-9C50-670CAB71DF6A,BICYCLIST,Cross/Enter not at Intersection,DART DASH,ON ROADWAY NOT AT CROSSWALK,NO PED. SIGNAL,MIXED CLOTHING,Yes,SUSPECTED MINOR INJURY,MC/BIKE HELMET,38.99185067,-77.09790933,"(38.99185067, -77.09790933)"
HA2372000X,18001064,Maryland-National Capital,Injury Crash,08/13/2018 11:19:00 AM,Government,LITTLE FALLS PKWY,County,ARLINGTON RD,,N/A,PEDESTRIAN,OTHER,CLEAR,DRY,DAYLIGHT,STOP SIGN,NONE DETECTED,UNKNOWN,8710EFF5-E9A4-4944-AE39-A9333039E9F4,PEDESTRIAN,Cross/Enter at Intersection,DART DASH,ON ROADWAY AT CROSSWALK,N/A,UNKNOWN,Yes,SUSPECTED MINOR INJURY,UNKNOWN,38.97334695,-77.10107312,"(38.97334695, -77.10107312)"
MCP22430006,15051085,MONTGOMERY,Injury Crash,10/08/2015 06:37:00 PM,County,KENNEBEC AVE,Maryland (State),FLOWER AVE,,N/A,PEDESTRIAN,OTHER,CLEAR,DRY,DAWN,STOP SIGN,UNKNOWN,NONE DETECTED,7DEC106D-64A3-4D5A-95AE-2CF5CBA2D7F8,PEDESTRIAN,Cross/Enter at Intersection,NO IMPROPER ACTIONS,ON ROADWAY AT CROSSWALK,NO PED. SIGNAL,MIXED CLOTHING,No,POSSIBLE INJURY,N/A,38.9896111,-77.00151086,"(38.9896111, -77.00151086)"
MCP003600B8,190031917,Montgomery County Police,Injury Crash,07/04/2019 10:45:00 PM,Maryland (State),GERMANTOWN RD,County,RICHTER FARM RD,,N/A,PEDESTRIAN,SINGLE VEHICLE,CLOUDY,DRY,DARK LIGHTS ON,PERSON,NONE DETECTED,NONE DETECTED,86AAA26E-C1B0-46E4-A9D0-3AC613CAB3B1,PEDESTRIAN,Standing,OTHER,ON ROADWAY AT CROSSWALK,N/A,REFLECTIVE MATERIAL,No,SUSPECTED SERIOUS INJURY,REFLECTIVE CLOTHING,39.15423749,-77.28721828,"(39.15423749, -77.28721828)"
DD55220024,15034857,ROCKVILLE,Injury Crash,07/15/2015 09:39:00 PM,Municipality,EDMONSTON DR,Municipality,VEIRS MILL SERV RD,,ROCKVILLE,BICYCLIST,STRAIGHT MOVEMENT ANGLE,CLEAR,DRY,DARK LIGHTS ON,TRAFFIC SIGNAL,ALCOHOL CONTRIBUTED,NONE DETECTED,BEB68C76-406B-4D45-A441-41F606725691,BICYCLIST,Cross/Enter at Intersection,UNKNOWN,MIDBLOCK MARKED CROSSWALK,UNKNOWN,MIXED CLOTHING,No,SUSPECTED MINOR INJURY,NONE,39.07821833,-77.13039667,"(39.07821833, -77.13039667)"
MCP2357002Q,170546200,Montgomery County Police,Injury Crash,12/02/2017 11:00:00 AM,,,,,8120 GEORGIA AVE. DRIVEWAY,,OTHER,OTHER,CLEAR,,DAYLIGHT,NO CONTROLS,NONE DETECTED,NONE DETECTED,884AB4A0-9BA9-4BFA-9E81-17CB37493F5B,OTHER,Walking/Cycling on Sidewalk,N/A,SIDEWALK,NO PED. SIGNAL,LIGHT CLOTHING,No,SUSPECTED MINOR INJURY,OTHER,38.99149167,-77.02681667,"(38.99149167, -77.02681667)"
MCP0942002Z,200027774,Montgomery County Police,Injury Crash,07/17/2020 12:25:00 PM,Maryland (State),OLD GEORGETOWN RD,County,FAIRMONT AVE,,N/A,BICYCLIST,SINGLE VEHICLE,CLEAR,DRY,DAYLIGHT,NO CONTROLS,NONE DETECTED,NONE DETECTED,075DED8C-9D1A-4ABD-9B2F-C1ECF92B44D7,BICYCLIST,Cross/Enter at Intersection,NO IMPROPER ACTIONS,AT INTERSECTION MARKED CROSSWALK,NO PED. SIGNAL,MIXED CLOTHING,No,POSSIBLE INJURY,MC/BIKE HELMET,38.98703151,-77.0979798,"(38.98703151, -77.0979798)"
MCP2923003G,170530269,Montgomery County Police,Injury Crash,09/13/2017 06:27:00 AM,County,ARCOLA AVE,County,NAIRN RD,,N/A,PEDESTRIAN,OTHER,RAINING,WET,DAWN,N/A,NONE DETECTED,NONE DETECTED,C6C980DA-C4D4-4D50-8320-84ACF62662AF,PEDESTRIAN,Cross/Enter at Intersection,NO IMPROPER ACTIONS,ON ROADWAY AT CROSSWALK,NO PED. SIGNAL,DARK CLOTHING,No,SUSPECTED SERIOUS INJURY,NONE,39.04690833,-77.04253167,"(39.04690833, -77.04253167)"
MCP2966002C,16038619,Montgomery County Police,Property Damage Crash,07/30/2016 08:54:00 PM,Maryland (State),GEORGIA AVE,Maryland (State),CONNECTICUT AVE,,N/A,PEDESTRIAN,SINGLE VEHICLE,RAINING,WET,DARK LIGHTS ON,NO CONTROLS,NONE DETECTED,NONE DETECTED,46E15E94-9B72-4C35-AE75-157C1E4DB080,PEDESTRIAN,Cross/Enter not at Intersection,DART DASH,ON ROADWAY NOT AT CROSSWALK,NO PED. SIGNAL,DARK CLOTHING,Yes,NO APPARENT INJURY,NONE,39.08308,-77.078195,"(39.08308, -77.078195)"
MCP2919005L,180060267,Montgomery County Police,Injury Crash,12/02/2018 05:29:00 PM,Maryland (State),UNIVERSITY BLVD E,County,PATTON DR,,N/A,PEDESTRIAN,OTHER,CLEAR,DRY,DARK LIGHTS ON,N/A,NONE DETECTED,NONE DETECTED,FE7F5EAE-B949-413D-B117-696B3473A989,PEDESTRIAN,Cross/Enter not at Intersection,IN ROADWAY IMPROPERLY,ON ROADWAY NOT AT CROSSWALK,NO PED. SIGNAL,UNKNOWN,Yes,SUSPECTED SERIOUS INJURY,N/A,39.00212667,-76.99577667,"(39.00212667, -76.99577667)"
MCP3123004P,220047172,Montgomery County Police,Injury Crash,10/27/2022 01:08:00 PM,County,TWINBROOK PKWY,Maryland (State),VEIRS MILL RD,,N/A,PEDESTRIAN,OTHER,CLEAR,DRY,DAYLIGHT,N/A,N/A,N/A,18088416-FA4F-4A3F-81E9-E190D9761690,PEDESTRIAN,Cross/Enter not at Intersection,DART DASH,OUTSIDE RIGHT OF WAY,NO PED. SIGNAL,MIXED CLOTHING,Yes,SUSPECTED MINOR INJURY,N/A,39.07306,-77.11221131,"(39.07306, -77.11221131)"
EJ7833002Z,170504343,Gaithersburg Police Depar,Injury Crash,04/26/2017 02:45:00 PM,County,N WESTLAND DR,Maryland (State),S FREDERICK RD,,N/A,PEDESTRIAN,OTHER,CLEAR,DRY,DAYLIGHT,STOP SIGN,NONE DETECTED,NONE DETECTED,45530A02-DA22-417B-B963-5FC2EA343932,PEDESTRIAN,Cross/Enter at Intersection,NO IMPROPER ACTIONS,AT INTERSECTION MARKED CROSSWALK,N/A,DARK CLOTHING,No,POSSIBLE INJURY,N/A,39.12802119,-77.18507051,"(39.12802119, -77.18507051)"