Report Number,Local Case Number,Agency Name,ACRS Report Type,Crash Date/Time,Route Type,Road Name,Cross-Street Type,Cross-Street Name,Off-Road Description,Municipality,Related Non-Motorist,Collision Type,Weather,Surface Condition,Light,Traffic Control,Driver Substance Abuse,Non-Motorist Substance Abuse,Person ID,Pedestrian Type,Pedestrian Movement,Pedestrian Actions,Pedestrian Location,Pedestrian Obeyed Traffic Signal,Pedestrian Visibility,At Fault,Injury Severity,Safety Equipment,Latitude,Longitude,Location
MCP2201000C,15010254,Montgomery County Police,Injury Crash,03/04/2015 08:21:00 PM,County,WAYNE AVE,County,DIXON AVE,,N/A,PEDESTRIAN,STRAIGHT MOVEMENT ANGLE,WINTRY MIX,WET,DARK LIGHTS ON,TRAFFIC SIGNAL,NONE DETECTED,NONE DETECTED,8F5516C3-46D0-4287-B4D2-EA40A30D1BCB,PEDESTRIAN,Cross/Enter not at Intersection,DART DASH,ON ROADWAY NOT AT CROSSWALK,OTHER,DARK CLOTHING,,POSSIBLE INJURY,NONE,38.99446429,-77.02791452,"(38.99446429, -77.02791452)"
MCP2799004L,180061322,Montgomery County Police,Injury Crash,12/13/2018 12:00:00 AM,County,CHERRY HILL RD,County,BROADBIRCH DR,,N/A,PEDESTRIAN,SINGLE VEHICLE,CLEAR,DRY,DARK LIGHTS ON,NO CONTROLS,ILLEGAL DRUG CONTRIBUTED,NONE DETECTED,A7BDDB32-BD6D-4D15-A8C4-EDF60BBCBD15,PEDESTRIAN,Other,OTHER,SHOULDER,N/A,DARK CLOTHING,No,SUSPECTED MINOR INJURY,NONE,39.09495667,-76.92988833,"(39.09495667, -76.92988833)"
MCP271700F8,170547868,Montgomery County Police,Injury Crash,12/11/2017 11:45:00 AM,County,ARLINGTON RD,County,ELM ST,,N/A,BICYCLIST,SINGLE VEHICLE,CLEAR,DRY,DAYLIGHT,TRAFFIC SIGNAL,NONE DETECTED,NONE DETECTED,444838CC-1183-4E8E-B64E-00D6755026CE,BICYCLIST,Walking/Riding w/Traffic,NO IMPROPER ACTIONS,OTHER,OTHER,MIXED CLOTHING,No,SUSPECTED MINOR INJURY,MC/BIKE HELMET,38.98209717,-77.09799717,"(38.98209717, -77.09799717)"
DD561500D8,220047000,Rockville Police Departme,Property Damage Crash,10/26/2022 01:45:00 PM,,,,,"PARKING LOT OF 155 ROLLINS AVE, ROCKVILLE, MARYLAND.",,OTHER,SINGLE VEHICLE,N/A,,DAYLIGHT,NO CONTROLS,NONE DETECTED,NONE DETECTED,7A7C7860-0E29-4EB4-B240-1EBABCD133DB,OTHER,Other,NO IMPROPER ACTIONS,OTHER,OTHER,DARK CLOTHING,No,NO APPARENT INJURY,NONE,39.05878197,-77.124726,"(39.05878197, -77.124726)"
MCP2969006N,190033094,Montgomery County Police,Injury Crash,07/12/2019 10:15:00 AM,,,,,4007 E NORBECK ROAD - PARKING LOT,,PEDESTRIAN,SINGLE VEHICLE,CLEAR,,DAYLIGHT,NO CONTROLS,NONE DETECTED,NONE DETECTED,35C76078-88B5-4ADE-999C-639144D5CFE2,PEDESTRIAN,Other,NO IMPROPER ACTIONS,INSIDE BUILDING,N/A,OTHER,No,POSSIBLE INJURY,OTHER,39.10971,-77.07680667,"(39.10971, -77.07680667)"
MCP2592002L,230007232,Montgomery County Police,Injury Crash,02/13/2023 09:40:00 AM,County,GOSHEN RD,County,SNOUFFERS SCHOOL RD,,N/A,PEDESTRIAN,HEAD ON LEFT TURN,CLEAR,WET,DAYLIGHT,TRAFFIC SIGNAL,NONE DETECTED,NONE DETECTED,F5DA0A76-E05C-4FFF-88FA-35556A299799,PEDESTRIAN,Standing,NO IMPROPER ACTIONS,SIDEWALK,N/A,MIXED CLOTHING,No,SUSPECTED SERIOUS INJURY,NONE,39.18786333,-77.187085,"(39.18786333, -77.187085)"
EJ7858002M,180049018,Gaithersburg Police Depar,Injury Crash,10/01/2018 12:17:00 PM,,,,,PARKING LOT 655 WATKINS MILL RD,,PEDESTRIAN,OTHER,CLEAR,,DAYLIGHT,NO CONTROLS,NONE DETECTED,NONE DETECTED,BF0782C9-F8B9-44DB-93A0-A4DCE4C8D3AC,PEDESTRIAN,Walking/Riding against Traffic,NO IMPROPER ACTIONS,OTHER,NO PED. SIGNAL,MIXED CLOTHING,No,POSSIBLE INJURY,N/A,39.15561667,-77.22110667,"(39.15561667, -77.22110667)"
MCP2546002K,180050432,Montgomery County Police,Injury Crash,10/09/2018 06:56:00 AM,Maryland (State),GEORGIA AVE,County,WENDY LA,,N/A,PEDESTRIAN,ANGLE MEETS RIGHT TURN,CLEAR,DRY,DAWN,NO CONTROLS,NONE DETECTED,NONE DETECTED,95A880DD-055C-46DD-8FA2-4A964917702C,PEDESTRIAN,Standing,NO IMPROPER ACTIONS,SIDEWALK,N/A,UNKNOWN,No,POSSIBLE INJURY,N/A,39.078979,-77.07256,"(39.078979, -77.07256)"
MCP271700KG,180045596,Montgomery County Police,Injury Crash,09/12/2018 06:10:00 PM,Maryland (State),PINEY BRANCH RD,County,FLOWER AVE,,N/A,PEDESTRIAN,OTHER,RAINING,WET,DAYLIGHT,NO CONTROLS,NONE DETECTED,NONE DETECTED,8D5B00D6-0732-4E86-8DF7-D04B1E43827F,PEDESTRIAN,Cross/Enter not at Intersection,DART DASH,ON ROADWAY NOT AT CROSSWALK,NO PED. SIGNAL,MIXED CLOTHING,Yes,SUSPECTED MINOR INJURY,NONE,38.99828933,-77.0043315,"(38.99828933, -77.0043315)"
MCP05390027,16039408,Montgomery County Police,Injury Crash,08/04/2016 08:26:00 AM,County,OREBAUGH AVE,County,ARCOLA AVE,,N/A,BICYCLIST,HEAD ON LEFT TURN,CLEAR,DRY,DAYLIGHT,NO CONTROLS,NONE DETECTED,NONE DETECTED,B41EA458-8ED1-4E6C-A6C7-623B30EB172E,BICYCLIST,Cross/Enter at Intersection,OTHER,ON ROADWAY AT CROSSWALK,NO PED. SIGNAL,MIXED CLOTHING,No,SUSPECTED SERIOUS INJURY,MC/BIKE HELMET,39.12033667,-77.09731833,"(39.12033667, -77.09731833)"
EJ7884001T,210014148,Gaithersburg Police Depar,Injury Crash,04/15/2021 08:28:00 PM,Maryland (State),S FREDERICK RD,Municipality,W DEER PARK RD,,GAITHERSBURG,PEDESTRIAN,OTHER,N/A,DRY,DARK NO LIGHTS,TRAFFIC SIGNAL,NONE DETECTED,ALCOHOL CONTRIBUTED,B832651A-9C9F-4E75-89BF-05845F911C42,PEDESTRIAN,Walking/Riding against Traffic,IN ROADWAY IMPROPERLY,ON ROADWAY NOT AT CROSSWALK,UNKNOWN,LIGHT CLOTHING,Yes,SUSPECTED MINOR INJURY,N/A,39.13239822,-77.18920265,"(39.13239822, -77.18920265)"
MCP1202001V,16055277,Montgomery County Police,Injury Crash,10/27/2016 11:00:00 AM,County,FRIENDSHIP BLVD,County,WILLARD AVE,,N/A,MACHINE OPERATOR/RIDER,STRAIGHT MOVEMENT ANGLE,CLEAR,DRY,DAYLIGHT,TRAFFIC SIGNAL,NONE DETECTED,NONE DETECTED,381BDC01-30E6-41DD-BB0C-181D7D0BC28C,MACHINE OPERATOR/RIDER,Cross/Enter at Intersection,NO IMPROPER ACTIONS,AT INTERSECTION MARKED CROSSWALK,OBEYED PED. SIGNAL,N/A,No,SUSPECTED MINOR INJURY,NONE,38.96195,-77.08886167,"(38.96195, -77.08886167)"
DD5630002D,190055176,Rockville Police Departme,Property Damage Crash,11/15/2019 06:40:00 PM,Municipality,TEMPLETON PL,Maryland (State),ROCKVILLE PIKE,,N/A,PEDESTRIAN,OTHER,CLEAR,DRY,DARK LIGHTS ON,TRAFFIC SIGNAL,NONE DETECTED,NONE DETECTED,01AEE9D0-64F7-4B93-8AA2-EFFB706991E2,PEDESTRIAN,Cross/Enter at Intersection,NO IMPROPER ACTIONS,ON ROADWAY AT CROSSWALK,OBEYED PED. SIGNAL,LIGHT CLOTHING,No,NO APPARENT INJURY,NONE,39.06675,-77.12824,"(39.06675, -77.12824)"
MCP28300019,15006537,Montgomery County Police,Injury Crash,02/09/2015 11:19:00 AM,County,GLENALLAN AVE,County,RANDOLPH RD,,N/A,PEDESTRIAN,OTHER,CLOUDY,DRY,OTHER,TRAFFIC SIGNAL,NONE DETECTED,NONE DETECTED,3BAFF79E-39D1-41F0-8642-AA55404320E8,PEDESTRIAN,Cross/Enter at Intersection,NO IMPROPER ACTIONS,ON ROADWAY AT CROSSWALK,OBEYED PED. SIGNAL,N/A,,POSSIBLE INJURY,NONE,39.06076833,-77.04522833,"(39.06076833, -77.04522833)"
MCP2094004W,15021686,Montgomery County Police,Injury Crash,05/07/2015 10:20:00 AM,,,,,"PARKING LOT OF
 11820 PARKLAWN DR",,OTHER,SINGLE VEHICLE,CLEAR,,DAYLIGHT,N/A,NONE DETECTED,NONE DETECTED,C71C405B-D4EA-4A61-A91A-7F3582F0DDB6,OTHER,N/A,N/A,INSIDE BUILDING,N/A,N/A,,SUSPECTED MINOR INJURY,N/A,39.27647167,-77.21262167,"(39.27647167, -77.21262167)"
DM8439001K,180008519,Takoma Park Police Depart,Injury Crash,02/18/2018 04:09:00 PM,Maryland (State),NEW HAMPSHIRE AVE,Municipality,HOLTON LA,,TAKOMA PARK,PEDESTRIAN,OTHER,CLEAR,DRY,DAYLIGHT,TRAFFIC SIGNAL,N/A,N/A,E7FE4403-D598-482A-9A73-E02B0CB10745,PEDESTRIAN,Cross/Enter at Intersection,NO IMPROPER ACTIONS,ON ROADWAY AT CROSSWALK,OBEYED PED. SIGNAL,LIGHT CLOTHING,No,POSSIBLE INJURY,N/A,38.98576833,-76.98817833,"(38.98576833, -76.98817833)"
MCP3037002H,190012244,Montgomery County Police,Injury Crash,03/16/2019 07:54:00 PM,,,,,"PARKING LOT OF 501 QUINCE ORCHARD RD, GAITHERSBURG, MD",,PEDESTRIAN,SINGLE VEHICLE,N/A,,DARK LIGHTS ON,N/A,UNKNOWN,NONE DETECTED,3932B4AA-1DE9-45C5-8313-77B5816147E6,PEDESTRIAN,Other,NO IMPROPER ACTIONS,OTHER,NO PED. SIGNAL,UNKNOWN,No,SUSPECTED MINOR INJURY,N/A,39.18419667,-77.26345167,"(39.18419667, -77.26345167)"
DD5606001N,15005935,Rockville Police Departme,Injury Crash,02/05/2015 06:19:00 PM,Maryland (State),HUNGERFORD DR,Service Road,N CAMPUS DR,,N/A,PEDESTRIAN,SINGLE VEHICLE,N/A,N/A,DARK LIGHTS ON,TRAFFIC SIGNAL,NONE DETECTED,NONE DETECTED,064367B1-3B0A-4BBF-9D51-30BFFB226580,PEDESTRIAN,Cross/Enter at Intersection,FAILURE TO YIELD RIGHT OF WAY,ON ROADWAY AT CROSSWALK,DISOBEYED PED. SIGNAL,DARK CLOTHING,,SUSPECTED MINOR INJURY,NONE,39.10074333,-77.15465,"(39.10074333, -77.15465)"
EJ78260041,190005219,Gaithersburg Police Depar,Injury Crash,02/02/2019 08:46:00 AM,Municipality,SIOUX LA,Municipality,BAYRIDGE DR,,GAITHERSBURG,PEDESTRIAN,OTHER,CLEAR,WET,DAYLIGHT,N/A,N/A,N/A,31980DA3-0C23-49C7-BB5A-DC7DCAC20C41,PEDESTRIAN,Cross/Enter at Intersection,NO IMPROPER ACTIONS,AT INTERSECTION BUT NO CROSSWALK,NO PED. SIGNAL,DARK CLOTHING,No,POSSIBLE INJURY,NONE,39.13107333,-77.23439667,"(39.13107333, -77.23439667)"
MCP10200043,190011413,Montgomery County Police,Injury Crash,03/12/2019 10:55:00 AM,,,,,PARKING LOT OF HOME DEPOT AT 21010 FREDERIC RD,,PEDESTRIAN,OTHER,CLEAR,,DAYLIGHT,NO CONTROLS,NONE DETECTED,NONE DETECTED,45CD6444-B5CA-4172-8903-A4E870B9A2D9,PEDESTRIAN,Other,NO IMPROPER ACTIONS,OTHER,NO PED. SIGNAL,MIXED CLOTHING,No,POSSIBLE INJURY,N/A,39.20134233,-77.2485545,"(39.20134233, -77.2485545)"
DD5615006Q,190002029,Rockville Police Departme,Injury Crash,01/13/2019 03:18:00 PM,Municipality,RESEARCH BLVD,Maryland (State),W MONTGOMERY AVE,,N/A,PEDESTRIAN,SINGLE VEHICLE,SNOW,SNOW,DAYLIGHT,NO CONTROLS,NONE DETECTED,NONE DETECTED,7F76D5EF-5F64-413C-A23F-742EDC34492F,PEDESTRIAN,Walking/Cycling on Sidewalk,NO IMPROPER ACTIONS,SIDEWALK,N/A,MIXED CLOTHING,No,POSSIBLE INJURY,NONE,39.09153833,-77.17885667,"(39.09153833, -77.17885667)"
DD56350005,180058434,Rockville Police Departme,Injury Crash,11/21/2018 03:42:00 PM,Maryland (State),E JEFFERSON ST,Municipality,MONROE ST,,ROCKVILLE,BICYCLIST,STRAIGHT MOVEMENT ANGLE,CLEAR,DRY,DAYLIGHT,TRAFFIC SIGNAL,NONE DETECTED,NONE DETECTED,DB5B991B-1B75-4542-B550-5A0C6933C4CC,BICYCLIST,Cross/Enter at Intersection,FAILURE TO YIELD RIGHT OF WAY,ON ROADWAY NOT AT CROSSWALK,OTHER,LIGHT CLOTHING,Yes,POSSIBLE INJURY,NONE,39.082399,-77.14948783,"(39.082399, -77.14948783)"
MCP2877002Q,16046916,Montgomery County Police,Injury Crash,09/13/2016 12:12:00 PM,County,ELLSWORTH DR,County,FENTON ST,,N/A,PEDESTRIAN,OTHER,CLEAR,DRY,DAYLIGHT,TRAFFIC SIGNAL,NONE DETECTED,NONE DETECTED,EAB795A3-B7B8-4C0A-815E-A31EB6E721B3,PEDESTRIAN,Cross/Enter at Intersection,NO IMPROPER ACTIONS,ON ROADWAY AT CROSSWALK,OBEYED PED. SIGNAL,MIXED CLOTHING,No,POSSIBLE INJURY,NONE,38.99681,-77.02537333,"(38.99681, -77.02537333)"
MCP2356002H,220052093,Montgomery County Police,Injury Crash,11/25/2022 12:00:00 PM,Maryland (State),W MONTGOMERY AVE,Municipality,LAIRD ST,,ROCKVILLE,PEDESTRIAN,SINGLE VEHICLE,N/A,DRY,DAYLIGHT,TRAFFIC SIGNAL,N/A,N/A,4DF15F87-7D52-48E1-B9F3-1ADCFC5ECAFA,PEDESTRIAN,Cross/Enter at Intersection,NO IMPROPER ACTIONS,AT INTERSECTION MARKED CROSSWALK,OBEYED PED. SIGNAL,UNKNOWN,No,POSSIBLE INJURY,N/A,39.08483273,-77.1624656,"(39.08483273, -77.1624656)"
DD55670007,15026057,Rockville Police Departme,Injury Crash,05/30/2015 12:10:00 AM,Municipality,CRAWFORD DR,Municipality,HIGHWOOD RD,,ROCKVILLE,PEDESTRIAN,OTHER,CLEAR,DRY,DARK NO LIGHTS,N/A,NONE DETECTED,NONE DETECTED,AF3FD26D-EAB1-43C8-9183-821CB73BAF41,PEDESTRIAN,Standing,NO IMPROPER ACTIONS,ON ROADWAY NOT AT CROSSWALK,N/A,DARK CLOTHING,,SUSPECTED MINOR INJURY,NONE,39.07411068,-77.12552547,"(39.07411068, -77.12552547)"
MCP1378007R,15048667,MONTGOMERY,Property Damage Crash,09/25/2015 03:10:00 PM,County,CHEYENNE RD,County,APACHE LA,,N/A,BICYCLIST,SINGLE VEHICLE,CLOUDY,DRY,DAYLIGHT,NO CONTROLS,NONE DETECTED,NONE DETECTED,3EB9D7BE-3842-4B65-AA36-6F9FE6C84F56,BICYCLIST,Walking/Riding w/Traffic,OTHER,ON ROADWAY NOT AT CROSSWALK,N/A,DARK CLOTHING,Yes,NO APPARENT INJURY,NONE,39.12601167,-77.24892667,"(39.12601167, -77.24892667)"
MCP209400FX,200002807,Montgomery County Police,Property Damage Crash,01/17/2020 09:38:00 AM,County,NEBEL ST,County,NICHOLSON LA,,N/A,BICYCLIST,HEAD ON LEFT TURN,CLEAR,DRY,DAYLIGHT,NO CONTROLS,NONE DETECTED,NONE DETECTED,483C4D16-5A31-4A92-9082-C3FC7FC08D2B,BICYCLIST,Other,NO IMPROPER ACTIONS,OTHER,N/A,REFLECTIVE MATERIAL,No,NO APPARENT INJURY,MC/BIKE HELMET,39.04659833,-77.10513333,"(39.04659833, -77.10513333)"
MCP2054000K,190058955,Montgomery County Police,Injury Crash,12/06/2019 09:15:00 PM,Maryland (State),16TH ST,Maryland (State),EAST WEST HWY,,N/A,PEDESTRIAN,STRAIGHT MOVEMENT ANGLE,CLEAR,DRY,DARK LIGHTS ON,TRAFFIC SIGNAL,UNKNOWN,NONE DETECTED,2FD4974C-DC42-44DB-8FED-EC3C88493B23,PEDESTRIAN,Cross/Enter at Intersection,NO IMPROPER ACTIONS,AT INTERSECTION MARKED CROSSWALK,OBEYED PED. SIGNAL,LIGHT CLOTHING,No,SUSPECTED MINOR INJURY,N/A,38.99464661,-77.03620287,"(38.99464661, -77.03620287)"
MCP2868001W,16013604,MONTGOMERY,Injury Crash,03/19/2016 09:00:00 PM,County,CORDELL AVE,County,NORFOLK AVE,,N/A,PEDESTRIAN,SINGLE VEHICLE,RAINING,WET,DARK LIGHTS ON,NO CONTROLS,NONE DETECTED,NONE DETECTED,E01B5887-E0BE-4012-BFDE-B0C8B21AFA8F,PEDESTRIAN,Cross/Enter not at Intersection,NO IMPROPER ACTIONS,CURB,NO PED. SIGNAL,MIXED CLOTHING,No,POSSIBLE INJURY,NONE,38.98868545,-77.09864974,"(38.98868545, -77.09864974)"
MCP2689001Y,16032179,Montgomery County Police,Injury Crash,06/25/2016 01:17:00 PM,,,,,IN PARKING LOT TO THE NORTH OF 12216 PARKLAWN DR,,PEDESTRIAN,SINGLE VEHICLE,CLEAR,,DAYLIGHT,NO CONTROLS,NONE DETECTED,NONE DETECTED,EF8E26EF-505B-46B7-B316-B9B2D3344893,PEDESTRIAN,Other,INATTENTIVE,OTHER,NO PED. SIGNAL,LIGHT CLOTHING,Yes,POSSIBLE INJURY,NONE,39.05756292,-77.11069152,"(39.05756292, -77.11069152)"
MCP2931004J,200035664,Montgomery County Police,Injury Crash,09/11/2020 04:07:00 PM,County,RANDOLPH RD,County,PARKLAWN DR,,N/A,BICYCLIST,OTHER,CLEAR,DRY,DAYLIGHT,OTHER,NONE DETECTED,NONE DETECTED,31716A19-5843-44C7-8107-4029696CDFD7,BICYCLIST,Cross/Enter at Intersection,N/A,ON ROADWAY AT CROSSWALK,NO PED. SIGNAL,DARK CLOTHING,No,SUSPECTED MINOR INJURY,NONE,39.05386333,-77.10594167,"(39.05386333, -77.10594167)"
MCP29230065,190061673,Montgomery County Police,Injury Crash,12/23/2019 06:01:00 PM,,,,,PARKING LOT OF 2537 ENNALLS AVENUE,,PEDESTRIAN,OTHER,CLEAR,,DARK LIGHTS ON,NO CONTROLS,UNKNOWN,NONE DETECTED,CFA039A1-ACF5-45D9-BF97-99CDA013A359,PEDESTRIAN,Standing,NO IMPROPER ACTIONS,OTHER,N/A,DARK CLOTHING,No,SUSPECTED SERIOUS INJURY,NONE,39.0398028,-77.05355168,"(39.0398028, -77.05355168)"
MCP2720003Y,190046096,Montgomery County Police,Injury Crash,09/26/2019 03:01:00 AM,Maryland (State),GEORGIA AVE,County,VERONA DR,,N/A,PEDESTRIAN,SINGLE VEHICLE,CLEAR,DRY,DARK -- UNKNOWN LIGHTING,NO CONTROLS,UNKNOWN,ALCOHOL PRESENT,C09EC55D-5D5B-49F1-A804-B1CF0E8EF76D,PEDESTRIAN,Cross/Enter not at Intersection,IN ROADWAY IMPROPERLY,ON ROADWAY NOT AT CROSSWALK,NO PED. SIGNAL,MIXED CLOTHING,Yes,SUSPECTED SERIOUS INJURY,NONE,39.07491918,-77.06742952,"(39.07491918, -77.06742952)"
MCP30900068,220034656,Montgomery County Police,Injury Crash,08/12/2022 08:41:00 AM,,,,,"PARKING LOT OF 805 RUSSELL AVE GAITHERSBURG,MD",,PEDESTRIAN,SINGLE VEHICLE,CLEAR,,DAYLIGHT,NO CONTROLS,N/A,N/A,94DBD28E-D76C-4620-9DD2-CCF6E74F5FDB,PEDESTRIAN,Other,NO IMPROPER ACTIONS,OTHER,NO PED. SIGNAL,LIGHT CLOTHING,No,POSSIBLE INJURY,N/A,39.15685,-77.21019,"(39.15685, -77.21019)"
MCP2756000X,15046374,MONTGOMERY,Injury Crash,09/13/2015 07:19:00 PM,Maryland (State),UNIVERSITY BLVD W,County,INWOOD AVE,,N/A,PEDESTRIAN,SINGLE VEHICLE,CLEAR,DRY,DUSK,TRAFFIC SIGNAL,NONE DETECTED,NONE DETECTED,E088262F-2BCD-499D-89B0-5ECAF2F1CFEE,PEDESTRIAN,Cross/Enter at Intersection,N/A,ON ROADWAY AT CROSSWALK,OBEYED PED. SIGNAL,LIGHT CLOTHING,No,SUSPECTED SERIOUS INJURY,N/A,39.036108,-77.036404,"(39.036108, -77.036404)"
MCP94040025,190020070,Montgomery County Police,Injury Crash,04/29/2019 01:30:00 PM,Maryland (State),FREDERICK RD,County,SHADY GROVE RD,,N/A,PEDESTRIAN,N/A,CLEAR,DRY,DAYLIGHT,N/A,UNKNOWN,NONE DETECTED,2DB89AC2-65C8-43A8-9C92-247ACBC606A1,PEDESTRIAN,Standing,IN ROADWAY IMPROPERLY,ON ROADWAY NOT AT CROSSWALK,DISOBEYED PED. SIGNAL,DARK CLOTHING,Yes,SUSPECTED MINOR INJURY,N/A,39.12147167,-77.17870167,"(39.12147167, -77.17870167)"
MCP2492001Q,210047847,Montgomery County Police,Injury Crash,11/24/2021 05:46:00 PM,,,,,PARKING LOT OF 20944 FREDERICK ROAD,,PEDESTRIAN,OTHER,CLEAR,,DARK LIGHTS ON,NO CONTROLS,NONE DETECTED,NONE DETECTED,DE02BBED-E3F4-4BBF-A7D0-E351DF6570E8,PEDESTRIAN,Standing,NO IMPROPER ACTIONS,OTHER,N/A,DARK CLOTHING,No,SUSPECTED SERIOUS INJURY,NONE,39.2030324,-77.24767385,"(39.2030324, -77.24767385)"
MCP21070021,180051958,Montgomery County Police,Injury Crash,10/17/2018 08:24:00 AM,County,CENTURY BLVD,County,CRYSTAL ROCK DR,,N/A,PEDESTRIAN,OTHER,CLEAR,DRY,DAYLIGHT,N/A,NONE DETECTED,NONE DETECTED,BC9EEE4B-4E99-4C3D-BD2F-7DA9A6A23B04,PEDESTRIAN,Cross/Enter not at Intersection,DART DASH,ON ROADWAY NOT AT CROSSWALK,N/A,MIXED CLOTHING,Yes,SUSPECTED MINOR INJURY,NONE,39.18287388,-77.26386979,"(39.18287388, -77.26386979)"
MCP2047001W,170535308,Montgomery County Police,Injury Crash,10/07/2017 11:37:00 AM,County,CRABBS BRANCH WAY,County,REDLAND RD,,N/A,BICYCLIST,SINGLE VEHICLE,CLEAR,DRY,DAYLIGHT,TRAFFIC SIGNAL,NONE DETECTED,NONE DETECTED,39DF6ED0-AD52-459D-9080-90E96F94BAC4,BICYCLIST,Cross/Enter at Intersection,NO IMPROPER ACTIONS,ON ROADWAY AT CROSSWALK,N/A,LIGHT CLOTHING,No,SUSPECTED MINOR INJURY,NONE,39.12088,-77.158795,"(39.12088, -77.158795)"
MCP1148001X,170525124,Montgomery County Police,Injury Crash,08/16/2017 09:53:00 AM,County,MONTGOMERY LA,County,WOODMONT AVE,,N/A,PEDESTRIAN,SINGLE VEHICLE,CLEAR,DRY,DAYLIGHT,NO CONTROLS,UNKNOWN,NONE DETECTED,4D3435C5-85E7-42E0-A884-C2D38021E9E2,PEDESTRIAN,Walking/Cycling on Sidewalk,NO IMPROPER ACTIONS,SIDEWALK,NO PED. SIGNAL,MIXED CLOTHING,No,POSSIBLE INJURY,N/A,38.983345,-77.09727,"(38.983345, -77.09727)"
MCP271700HP,180026454,Montgomery County Police,Injury Crash,05/29/2018 08:10:00 PM,County,LOCKWOOD DR,County,LOCKWOOD DR,,N/A,BICYCLIST,OTHER,CLEAR,DRY,DARK LIGHTS ON,NO CONTROLS,NONE DETECTED,NONE DETECTED,721DF811-037E-4B4A-B3B0-3BAD36865D9B,BICYCLIST,Walking/Riding w/Traffic,NO IMPROPER ACTIONS,ON ROADWAY NOT AT CROSSWALK,NO PED. SIGNAL,MIXED CLOTHING,No,SUSPECTED MINOR INJURY,MC/BIKE HELMET,39.04246367,-76.9859235,"(39.04246367, -76.9859235)"
MCP33760004,220057765,Montgomery County Police,Property Damage Crash,12/29/2022 07:44:00 PM,Maryland (State),OLNEY SANDY SPRING RD,Unknown,ENT TO SHOPPING CENTER,,N/A,BICYCLIST,OTHER,CLEAR,DRY,DARK LIGHTS ON,STOP SIGN,NONE DETECTED,NONE DETECTED,5E0F38EE-58C6-4A83-8A94-EFF537099D27,BICYCLIST,Cross/Enter at Intersection,NO IMPROPER ACTIONS,ON ROADWAY AT CROSSWALK,NO PED. SIGNAL,MIXED CLOTHING,No,NO APPARENT INJURY,NONE,39.15201462,-77.06429908,"(39.15201462, -77.06429908)"
DM8445001H,17515696,Takoma Park Police Depart,Injury Crash,06/25/2017 02:55:00 PM,,,,,"COLLISION OCCURRED WITHIN THE LOT OF 7551 NEW HAMPSHIRE AVE. TAKOMA PARK, MD - CAR WASH",,"OTHER, PEDESTRIAN",SINGLE VEHICLE,CLEAR,,DAYLIGHT,N/A,,N/A,52BCD66E-6F8F-4A72-A29E-F20BF7C956D3,PEDESTRIAN,Other,OTHER,OTHER,N/A,N/A,No,SUSPECTED MINOR INJURY,N/A,38.98556444,-76.98794156,"(38.98556444, -76.98794156)"
MCP10480023,16021115,Montgomery County Police,Property Damage Crash,04/29/2016 12:30:00 PM,County,SHADY GROVE RD,County,TRAVILLE  GATEWAY DR,,N/A,PEDESTRIAN,SINGLE VEHICLE,CLEAR,DRY,DAYLIGHT,NO CONTROLS,NONE DETECTED,NONE DETECTED,898A0534-FE0D-43F3-AA6C-AD68DA886D14,PEDESTRIAN,Cross/Enter at Intersection,NO IMPROPER ACTIONS,ON ROADWAY AT CROSSWALK,NO PED. SIGNAL,LIGHT CLOTHING,No,NO APPARENT INJURY,NONE,39.09212429,-77.20683396,"(39.09212429, -77.20683396)"
MCP23530066,180057453,Montgomery County Police,Injury Crash,11/16/2018 08:53:00 AM,County,MAYFIELD DR,County,LONE OAK DR,,N/A,PEDESTRIAN,SINGLE VEHICLE,CLOUDY,WET,DAYLIGHT,NO CONTROLS,UNKNOWN,NONE DETECTED,C5A1B403-4593-4DDB-9C4B-70FFC0959BB5,PEDESTRIAN,Cross/Enter at Intersection,NO IMPROPER ACTIONS,AT INTERSECTION MARKED CROSSWALK,NO PED. SIGNAL,LIGHT CLOTHING,No,SUSPECTED MINOR INJURY,NONE,39.02067018,-77.13102063,"(39.02067018, -77.13102063)"
MCP28750014,15038530,MONTGOMERY,Injury Crash,08/03/2015 07:58:00 PM,,,,,"Parking lot of 13097 Wisteria Dr., Germantown, MD 20874",,PEDESTRIAN,OTHER,CLEAR,,DAYLIGHT,NO CONTROLS,NONE DETECTED,NONE DETECTED,72806004-AFEA-436C-B6BE-9FA95D48BC66,PEDESTRIAN,Cross/Enter at Intersection,NO IMPROPER ACTIONS,SIDEWALK,NO PED. SIGNAL,MIXED CLOTHING,No,POSSIBLE INJURY,NONE,39.17821,-77.27214,"(39.17821, -77.27214)"
MCP2941004M,230032171,Montgomery County Police,Injury Crash,07/06/2023 10:33:00 AM,County,LINDBERGH DR,Maryland (State),WOODFIELD RD,,N/A,PEDESTRIAN,OTHER,CLEAR,DRY,DAYLIGHT,TRAFFIC SIGNAL,NONE DETECTED,NONE DETECTED,0CFDBFA4-9DF7-4824-83C7-B41408B7569A,PEDESTRIAN,Cross/Enter at Intersection,N/A,ON ROADWAY AT CROSSWALK,UNKNOWN,MIXED CLOTHING,No,SUSPECTED MINOR INJURY,NONE,39.16419167,-77.15709,"(39.16419167, -77.15709)"