Report Number,Local Case Number,Agency Name,ACRS Report Type,Crash Date/Time,Route Type,Road Name,Cross-Street Type,Cross-Street Name,Off-Road Description,Municipality,Related Non-Motorist,Collision Type,Weather,Surface Condition,Light,Traffic Control,Driver Substance Abuse,Non-Motorist Substance Abuse,Person ID,Pedestrian Type,Pedestrian Movement,Pedestrian Actions,Pedestrian Location,Pedestrian Obeyed Traffic Signal,Pedestrian Visibility,At Fault,Injury Severity,Safety Equipment,Latitude,Longitude,Location
DM8476002M,210039141,Takoma Park Police Depart,Injury Crash,10/02/2021 02:20:00 PM,,,,,PARKING LOT,,PEDESTRIAN,OTHER,CLEAR,,DAYLIGHT,NO CONTROLS,N/A,N/A,E38DDC5E-662A-4D23-9DE8-F8A29F924B91,PEDESTRIAN,Other,IN ROADWAY IMPROPERLY,OTHER,NO PED. SIGNAL,N/A,Unknown,POSSIBLE INJURY,N/A,38.98989667,-76.98924,"(38.98989667, -76.98924)"
MCP2777004Z,180062705,Montgomery County Police,Injury Crash,12/15/2018 05:40:00 PM,County,WOODMONT AVE,County,HAMPDEN LA,,N/A,PEDESTRIAN,OTHER,RAINING,WET,DARK LIGHTS ON,TRAFFIC SIGNAL,NONE DETECTED,NONE DETECTED,127ED9F2-9A58-4C6E-BA9D-83C78C196CDE,PEDESTRIAN,Cross/Enter at Intersection,NO IMPROPER ACTIONS,ON ROADWAY AT CROSSWALK,OBEYED PED. SIGNAL,DARK CLOTHING,No,POSSIBLE INJURY,NONE,38.98231333,-77.09590833,"(38.98231333, -77.09590833)"
MCP2717008H,16058916,Montgomery County Police,Injury Crash,11/15/2016 05:57:00 PM,Maryland (State),OLD GEORGETOWN RD,County,BEECH AVE,,N/A,BICYCLIST,OTHER,CLEAR,DRY,DARK LIGHTS ON,TRAFFIC SIGNAL,NONE DETECTED,NONE DETECTED,5688F534-FA23-4047-A86E-6841AF2B3A0D,BICYCLIST,Cross/Enter at Intersection,NO IMPROPER ACTIONS,ON ROADWAY AT CROSSWALK,OBEYED PED. SIGNAL,MIXED CLOTHING,No,SUSPECTED MINOR INJURY,MC/BIKE HELMET,39.01030333,-77.11492167,"(39.01030333, -77.11492167)"
MCP2750004V,200016263,Montgomery County Police,Injury Crash,04/17/2020 09:35:00 AM,,,,,12313 GEORGIA AVE,,PEDESTRIAN,STRAIGHT MOVEMENT ANGLE,CLEAR,,DAYLIGHT,NO CONTROLS,NONE DETECTED,NONE DETECTED,9CDABA14-1A2B-4247-B97C-D0985BD01B04,PEDESTRIAN,Walking/Cycling on Sidewalk,NO IMPROPER ACTIONS,SIDEWALK,N/A,MIXED CLOTHING,No,SUSPECTED MINOR INJURY,NONE,39.05927333,-77.04997333,"(39.05927333, -77.04997333)"
MCP26990016,180057058,Montgomery County Police,Injury Crash,11/14/2018 04:30:00 AM,County,PARKLAWN DR,County,WILKINS AVE,,N/A,PEDESTRIAN,SINGLE VEHICLE,CLEAR,DRY,DARK LIGHTS ON,FLASHING TRAFFIC SIGNAL,UNKNOWN,NONE DETECTED,2090ECE2-A50E-4BFF-A212-AE9D7EDBA328,PEDESTRIAN,Cross/Enter at Intersection,NO IMPROPER ACTIONS,ON ROADWAY AT CROSSWALK,UNKNOWN,MIXED CLOTHING,No,POSSIBLE INJURY,NONE,39.06124833,-77.11213667,"(39.06124833, -77.11213667)"
MCP2866005S,190049843,Montgomery County Police,Injury Crash,10/17/2019 04:19:00 PM,County,MONTROSE AVE,County,WEYMOUTH ST,,N/A,PEDESTRIAN,SINGLE VEHICLE,CLEAR,DRY,DAYLIGHT,NO CONTROLS,NONE DETECTED,NONE DETECTED,4620236A-EB75-4841-BA12-0EC10A11833C,PEDESTRIAN,Cross/Enter not at Intersection,DART DASH,ON ROADWAY NOT AT CROSSWALK,NO PED. SIGNAL,DARK CLOTHING,Yes,SUSPECTED MINOR INJURY,NONE,39.02835348,-77.09771704,"(39.02835348, -77.09771704)"
MCP23470022,190017566,Montgomery County Police,Injury Crash,04/16/2019 10:12:00 AM,County,KATHRYN RD,County,CAPLINGER RD,,N/A,PEDESTRIAN,OTHER,CLEAR,DRY,DAYLIGHT,PERSON,NONE DETECTED,NONE DETECTED,A29C5FD0-3930-4B1D-A42D-2BB50C85014B,PEDESTRIAN,Other,INATTENTIVE,OTHER,N/A,REFLECTIVE MATERIAL,Yes,SUSPECTED MINOR INJURY,REFLECTIVE CLOTHING,39.04894333,-76.99103,"(39.04894333, -76.99103)"
MCP2720006P,220015282,Montgomery County Police,Injury Crash,04/10/2022 01:45:00 PM,County,13TH ST,US (State),GEORGIA AVE,,N/A,PEDESTRIAN,SINGLE VEHICLE,CLEAR,DRY,DAYLIGHT,TRAFFIC SIGNAL,UNKNOWN,UNKNOWN,3CB68BF2-F3AF-4993-A0EA-B873A59B55CB,PEDESTRIAN,Cross/Enter at Intersection,UNKNOWN,ON ROADWAY AT CROSSWALK,OBEYED PED. SIGNAL,UNKNOWN,No,POSSIBLE INJURY,NONE,38.98732533,-77.0267463,"(38.98732533, -77.0267463)"
MCP3258001Q,210046320,Montgomery County Police,Property Damage Crash,11/15/2021 01:47:00 PM,,,,,2ND FLOOR COSTCO GARAGE AT 11160 VEIRS MILL RD,,PEDESTRIAN,STRAIGHT MOVEMENT ANGLE,CLEAR,,DAYLIGHT,NO CONTROLS,N/A,N/A,D1A3AE56-9B71-4944-9F17-A9A06A9267C0,PEDESTRIAN,Other,NO IMPROPER ACTIONS,OTHER,NO PED. SIGNAL,MIXED CLOTHING,Unknown,NO APPARENT INJURY,N/A,39.03514,-77.05408167,"(39.03514, -77.05408167)"
DM8500000X,220027533,Takoma Park Police Depart,Injury Crash,06/26/2022 05:52:00 PM,,,,,"7611 PINEY BRANCH RD, MIDDLE SCHOOL PARKING LOT.",,PEDESTRIAN,OTHER,CLEAR,,DAYLIGHT,NO CONTROLS,N/A,N/A,7C38972F-0B89-4283-8367-9FD89810BE88,PEDESTRIAN,Standing,UNKNOWN,OTHER,N/A,N/A,No,SUSPECTED MINOR INJURY,N/A,38.98549165,-77.01284714,"(38.98549165, -77.01284714)"
MCP3139000F,180028408,Montgomery County Police,Injury Crash,06/08/2018 09:26:00 PM,Maryland (State),UNIVERSITY BLVD E,Unknown,EXIT #29,,N/A,"BICYCLIST, OTHER",OTHER,CLEAR,N/A,DARK LIGHTS ON,TRAFFIC SIGNAL,N/A,N/A,1DA153F6-DF35-4A5F-9AB6-B8B6D1C3DCE6,BICYCLIST,Cross/Enter at Intersection,UNKNOWN,ON ROADWAY AT CROSSWALK,UNKNOWN,UNKNOWN,Yes,POSSIBLE INJURY,MC/BIKE HELMET,39.01608167,-77.00529833,"(39.01608167, -77.00529833)"
DM8388002P,180062956,Takoma Park Police Depart,Injury Crash,12/17/2018 01:37:00 PM,,,,,PARKING LOT 1100 UNIVERSITY BLVD,,PEDESTRIAN,N/A,CLEAR,,DAYLIGHT,NO CONTROLS,NONE DETECTED,NONE DETECTED,BF1CB116-39F2-4829-BA8B-7C69246CBD4D,PEDESTRIAN,Cross/Enter not at Intersection,NO IMPROPER ACTIONS,OTHER,NO PED. SIGNAL,MIXED CLOTHING,No,SUSPECTED MINOR INJURY,N/A,39.07586847,-77.11114121,"(39.07586847, -77.11114121)"
MCP2656004G,200001465,Montgomery County Police,Injury Crash,01/09/2020 11:30:00 AM,Maryland (State),GEORGIA AVE,County,SPRING ST,,N/A,PEDESTRIAN,OTHER,CLEAR,DRY,DAYLIGHT,N/A,N/A,N/A,688E5278-BEC7-4EA4-9C5E-B598FBD72DD7,PEDESTRIAN,Cross/Enter at Intersection,NO IMPROPER ACTIONS,SIDEWALK,NO PED. SIGNAL,MIXED CLOTHING,No,NO APPARENT INJURY,N/A,38.99906,-77.031,"(38.99906, -77.031)"
MCP31190010,180048683,Montgomery County Police,Injury Crash,09/29/2018 12:49:00 PM,County,CROSS COUNTRY LA,County,STRAWBERRY KNOLL RD,,N/A,PEDESTRIAN,SINGLE VEHICLE,CLEAR,DRY,DAYLIGHT,NO CONTROLS,NONE DETECTED,NONE DETECTED,CFE9B1CB-5E05-4237-A76D-5077D3D7D3B7,PEDESTRIAN,Other,IN ROADWAY IMPROPERLY,ON ROADWAY NOT AT CROSSWALK,N/A,DARK CLOTHING,Yes,SUSPECTED MINOR INJURY,NONE,39.1623846,-77.18265876,"(39.1623846, -77.18265876)"
MCP94290007,230012837,Montgomery County Police,Injury Crash,03/16/2023 03:31:00 PM,,,,,BUS DEPOT,,PEDESTRIAN,SINGLE VEHICLE,CLEAR,,DAYLIGHT,OTHER,N/A,N/A,57B5030D-9625-4BDA-96DD-E1F12FC8C0BF,PEDESTRIAN,N/A,IN ROADWAY IMPROPERLY,ON ROADWAY NOT AT CROSSWALK,N/A,LIGHT CLOTHING,Yes,POSSIBLE INJURY,N/A,38.99089667,-77.02791833,"(38.99089667, -77.02791833)"
MCP2897000X,16036981,Montgomery County Police,Injury Crash,07/21/2016 05:43:00 PM,Other Public Roadway,HENDERSON CORNER RD,Maryland (State),FREDERICK RD,,N/A,BICYCLIST,SINGLE VEHICLE,CLEAR,DRY,DAYLIGHT,NO CONTROLS,NONE DETECTED,NONE DETECTED,B518730B-B05D-4208-8B7D-FE08A53CE64A,BICYCLIST,Cross/Enter at Intersection,FAILURE TO YIELD RIGHT OF WAY,ON ROADWAY AT CROSSWALK,NO PED. SIGNAL,MIXED CLOTHING,Yes,POSSIBLE INJURY,NONE,39.2015799,-77.25025222,"(39.2015799, -77.25025222)"
MCP2917007Z,210026871,Montgomery County Police,Injury Crash,07/12/2021 06:23:00 PM,Maryland (State),CONNECTICUT AVE,County,WELLER RD,,N/A,PEDESTRIAN,OTHER,RAINING,WET,DAYLIGHT,TRAFFIC SIGNAL,NONE DETECTED,NONE DETECTED,FE165C69-95E3-42BA-894A-53B73B5C0E0D,PEDESTRIAN,Cross/Enter at Intersection,NO IMPROPER ACTIONS,ON ROADWAY AT CROSSWALK,OBEYED PED. SIGNAL,LIGHT CLOTHING,No,POSSIBLE INJURY,NONE,39.06332204,-77.07341997,"(39.06332204, -77.07341997)"
MCP24920009,15020994,Montgomery County Police,Injury Crash,05/03/2015 10:06:00 PM,Maryland (State),FREDERICK RD,Other Public Roadway,MAGNOLIA DR,,N/A,PEDESTRIAN,OTHER,CLEAR,DRY,DARK NO LIGHTS,NO CONTROLS,NONE DETECTED,UNKNOWN,38FD4162-7386-49B3-99B6-D916A01318CE,PEDESTRIAN,Cross/Enter not at Intersection,UNKNOWN,ON ROADWAY NOT AT CROSSWALK,NO PED. SIGNAL,DARK CLOTHING,,SUSPECTED SERIOUS INJURY,N/A,39.17761156,-77.23842904,"(39.17761156, -77.23842904)"
MCP3086009B,230033704,Montgomery County Police,Injury Crash,07/15/2023 11:55:00 AM,County,EAST VILLAGE AVE,County,WELBECK WAY,,N/A,BICYCLIST,ANGLE MEETS LEFT TURN,CLOUDY,DRY,DAYLIGHT,NO CONTROLS,NONE DETECTED,NONE DETECTED,AF741765-45A7-4F1C-9D01-462EE0784822,BICYCLIST,Cross/Enter at Intersection,NO IMPROPER ACTIONS,IN BIKEWAY,N/A,MIXED CLOTHING,No,POSSIBLE INJURY,MC/BIKE HELMET,39.18775,-77.17926167,"(39.18775, -77.17926167)"
MCP1453002D,16000517,Montgomery County Police,Injury Crash,01/04/2016 08:19:00 AM,,,,,PARKING LOT OF 20910 FREDERICK RD (WALMART),,PEDESTRIAN,SINGLE VEHICLE,CLEAR,,DAYLIGHT,STOP SIGN,NONE DETECTED,NONE DETECTED,4B1C641C-875E-4C59-9B0B-3AD7C4CBB578,PEDESTRIAN,Cross/Enter at Intersection,NO IMPROPER ACTIONS,DRIVEWAY ACCESS MARKED CROSSWALK,NO PED. SIGNAL,MIXED CLOTHING,No,SUSPECTED MINOR INJURY,NONE,39.197795,-77.25234333,"(39.197795, -77.25234333)"
MCP31360061,230014903,Montgomery County Police,Injury Crash,03/28/2023 07:05:00 AM,Maryland (State),UNIVERSITY BLVD E,County,E FRANKLIN AVE,,N/A,PEDESTRIAN,OTHER,CLEAR,DRY,DAWN,TRAFFIC SIGNAL,NONE DETECTED,NONE DETECTED,14A3A1D3-F73E-48A3-93C6-618A10828481,PEDESTRIAN,Cross/Enter at Intersection,NO IMPROPER ACTIONS,ON ROADWAY AT CROSSWALK,UNKNOWN,DARK CLOTHING,No,SUSPECTED MINOR INJURY,N/A,39.01215753,-77.00266355,"(39.01215753, -77.00266355)"
MCP2347003X,220051655,Montgomery County Police,Property Damage Crash,11/22/2022 01:07:00 PM,County,OLD COLUMBIA PIKE,County,OAKHURST DR,,N/A,PEDESTRIAN,OTHER,CLEAR,DRY,DAYLIGHT,NO CONTROLS,NONE DETECTED,NONE DETECTED,E967CCAE-C351-45F7-94D5-FB8A7E6D02F5,PEDESTRIAN,Cross/Enter at Intersection,DART DASH,AT INTERSECTION BUT NO CROSSWALK,NO PED. SIGNAL,UNKNOWN,Yes,NO APPARENT INJURY,N/A,39.10061367,-76.94156017,"(39.10061367, -76.94156017)"
MCP27890024,16002818,Montgomery County Police,Injury Crash,01/15/2016 04:00:00 PM,County,MANCHESTER RD,County,E WAYNE AVE,,N/A,PEDESTRIAN,SINGLE VEHICLE,CLEAR,DRY,DAYLIGHT,NO CONTROLS,N/A,N/A,50389101-ED99-4016-AC5C-34A12326FC6E,PEDESTRIAN,Walking/Riding w/Traffic,IN ROADWAY IMPROPERLY,OUTSIDE RIGHT OF WAY,NO PED. SIGNAL,MIXED CLOTHING,Yes,SUSPECTED MINOR INJURY,N/A,39.00258167,-77.01118333,"(39.00258167, -77.01118333)"
MCP30850013,190010007,Montgomery County Police,Injury Crash,03/03/2019 06:50:00 PM,County,CANDLELIGHT LA,County,TUCKERMAN LA,,N/A,PEDESTRIAN,SINGLE VEHICLE,RAINING,WET,DARK LIGHTS ON,N/A,UNKNOWN,NONE DETECTED,3C0F4C8D-5FE2-4CA0-BC2F-E87CE9812393,PEDESTRIAN,Cross/Enter at Intersection,NO IMPROPER ACTIONS,AT INTERSECTION BUT NO CROSSWALK,NO PED. SIGNAL,MIXED CLOTHING,No,POSSIBLE INJURY,N/A,39.04152562,-77.16875628,"(39.04152562, -77.16875628)"
MCP1151006M,170515105,Montgomery County Police,Injury Crash,06/22/2017 07:45:00 AM,Maryland (State),FREDERICK RD,Unknown,ENT TO FOX CHAPEL CENTER,,N/A,PEDESTRIAN,OTHER,CLEAR,DRY,DAYLIGHT,TRAFFIC SIGNAL,NONE DETECTED,NONE DETECTED,E2142C6E-D41F-478D-9A66-8A6DFF28DCBC,PEDESTRIAN,Cross/Enter not at Intersection,IN ROADWAY IMPROPERLY,ON ROADWAY NOT AT CROSSWALK,DISOBEYED PED. SIGNAL,MIXED CLOTHING,Yes,SUSPECTED SERIOUS INJURY,N/A,39.17847703,-77.23839954,"(39.17847703, -77.23839954)"
MCP32250018,210007430,Montgomery County Police,Injury Crash,02/26/2021 09:13:00 PM,,,,,PARKING LOT OF 2571 ENNALS AVE,,PEDESTRIAN,STRAIGHT MOVEMENT ANGLE,RAINING,,DARK LIGHTS ON,NO CONTROLS,NONE DETECTED,NONE DETECTED,2FF5F64C-7DB6-4982-A0E4-6E88191CEFB7,PEDESTRIAN,Walking/Cycling on Sidewalk,NO IMPROPER ACTIONS,SIDEWALK,NO PED. SIGNAL,UNKNOWN,No,POSSIBLE INJURY,NONE,39.03969418,-77.05452095,"(39.03969418, -77.05452095)"
MCP2859009P,210000363,Montgomery County Police,Injury Crash,01/04/2021 10:52:00 AM,,,,,"PARKING LOT OF 9901 MEDICAL CENTER DR, GAITHERSBURG, MD 20878",,PEDESTRIAN,OTHER,CLOUDY,,DAYLIGHT,NO CONTROLS,NONE DETECTED,NONE DETECTED,667318EC-2F33-4469-B2A9-75ED1384C033,PEDESTRIAN,Other,NO IMPROPER ACTIONS,OTHER,NO PED. SIGNAL,MIXED CLOTHING,No,POSSIBLE INJURY,NONE,39.09766438,-77.19954882,"(39.09766438, -77.19954882)"
MCP2203000M,15005131,Montgomery County Police,Injury Crash,02/01/2015 06:55:00 AM,Maryland (State),GEORGIA AVE,County,PRICHARD RD,,N/A,PEDESTRIAN,STRAIGHT MOVEMENT ANGLE,N/A,DRY,DARK LIGHTS ON,OTHER,NONE DETECTED,NONE DETECTED,DE59E9AD-736C-4A0C-9C77-6A5D4507DDF3,PEDESTRIAN,Cross/Enter at Intersection,FAILURE TO OBEY TRAFFIC SIGNS SIGNALS OR OFFICER,AT INTERSECTION MARKED CROSSWALK,DISOBEYED PED. SIGNAL,MIXED CLOTHING,,SUSPECTED SERIOUS INJURY,NONE,39.03660833,-77.05022833,"(39.03660833, -77.05022833)"
MCP29520022,16027591,Montgomery County Police,Injury Crash,06/02/2016 02:53:00 PM,,,,,ALLEY BEHIND LA FITNESS CONNECTING GEORGIA AVE AND DRIVEWAY TO PARKING GARAGE.,,OTHER CONVEYANCE,OTHER,CLEAR,,DAYLIGHT,NO CONTROLS,NONE DETECTED,NONE DETECTED,F9D18D7B-0CEB-4EAA-8F77-A79E76EFBDA7,OTHER CONVEYANCE,Other,NO IMPROPER ACTIONS,OTHER,NO PED. SIGNAL,LIGHT CLOTHING,No,POSSIBLE INJURY,NONE,38.99858667,-77.02928,"(38.99858667, -77.02928)"
MCP3124005D,220012752,Montgomery County Police,Injury Crash,03/24/2022 07:39:00 PM,County,AMHERST AVE,County,ELKIN ST,,N/A,PEDESTRIAN,OTHER,RAINING,WET,DARK LIGHTS ON,STOP SIGN,NONE DETECTED,NONE DETECTED,5B2A6FF9-E316-454A-827B-32EA5307C6BC,PEDESTRIAN,Unknown,UNKNOWN,UNKNOWN,N/A,MIXED CLOTHING,Unknown,SUSPECTED SERIOUS INJURY,NONE,39.04479667,-77.04799667,"(39.04479667, -77.04799667)"
MCP27800022,16048970,Montgomery County Police,Injury Crash,09/23/2016 03:09:00 PM,Maryland (State),FREDERICK RD,County,OXBRIDGE DR,,N/A,BICYCLIST,STRAIGHT MOVEMENT ANGLE,CLEAR,DRY,DAYLIGHT,STOP SIGN,NONE DETECTED,NONE DETECTED,48AA231D-9931-42D2-A198-75D6768A11C8,BICYCLIST,Walking/Riding against Traffic,IN ROADWAY IMPROPERLY,AT INTERSECTION MARKED CROSSWALK,NO PED. SIGNAL,DARK CLOTHING,Yes,POSSIBLE INJURY,NONE,39.19000833,-77.24130667,"(39.19000833, -77.24130667)"
HA2413000C,16000302,Maryland-National Capital,Property Damage Crash,03/17/2016 07:26:00 AM,,,,,PARKING LOT OF CEDAR CREEK LP AT CROSS WALK,,BICYCLIST,OTHER,CLEAR,,DAYLIGHT,NO CONTROLS,N/A,NONE DETECTED,08C62822-BA60-4126-BC4C-D7C036D7CC33,BICYCLIST,Cross/Enter at Intersection,NO IMPROPER ACTIONS,AT INTERSECTION MARKED CROSSWALK,NO PED. SIGNAL,N/A,No,NO APPARENT INJURY,N/A,39.15187644,-77.28348613,"(39.15187644, -77.28348613)"
MCP2898003M,230001208,Montgomery County Police,Property Damage Crash,01/08/2023 04:16:00 PM,,,,,PARKING LOT OF 19718 GERMANTOWN RD,,PEDESTRIAN,OTHER,CLEAR,,DUSK,N/A,N/A,N/A,C7D40300-1BB5-4B97-8AEE-8D9088442D85,PEDESTRIAN,Other,NO IMPROPER ACTIONS,N/A,OTHER,LIGHT CLOTHING,No,NO APPARENT INJURY,NONE,39.18371167,-77.26359,"(39.18371167, -77.26359)"
MCP3038005B,210039517,Montgomery County Police,Injury Crash,10/04/2021 08:06:00 PM,County,FENTON ST,County,SLIGO AVE,,N/A,PEDESTRIAN,OTHER,CLEAR,DRY,DARK LIGHTS ON,TRAFFIC SIGNAL,NONE DETECTED,NONE DETECTED,DFB15920-8562-44D6-A6CC-C1388694F245,PEDESTRIAN,Cross/Enter not at Intersection,IN ROADWAY IMPROPERLY,ON ROADWAY NOT AT CROSSWALK,UNKNOWN,N/A,Yes,POSSIBLE INJURY,N/A,38.99007051,-77.02390053,"(38.99007051, -77.02390053)"
DM8463000L,180009268,Takoma Park Police Depart,Injury Crash,02/22/2018 03:18:00 PM,,,,,"PARKING LOT OF 6300 NEW HAMPSHIRE AVE, TAKOMA PARK, MD 20912",,PEDESTRIAN,SINGLE VEHICLE,RAINING,,DAYLIGHT,N/A,UNKNOWN,N/A,63F0D7A9-9EEC-47FC-B271-8A8ADD51072B,PEDESTRIAN,Standing,OTHER,OTHER,N/A,DARK CLOTHING,No,SUSPECTED SERIOUS INJURY,N/A,38.96627446,-77.00259447,"(38.96627446, -77.00259447)"
MCP10200031,180009851,Montgomery County Police,Injury Crash,02/26/2018 09:04:00 AM,County,BOLAND FARM RD,Maryland (State),FREDERICK RD,,N/A,BICYCLIST,OTHER,CLEAR,DRY,DAYLIGHT,OTHER,NONE DETECTED,NONE DETECTED,431C6187-045B-45A6-9A44-E8243F9A54BD,BICYCLIST,Cross/Enter at Intersection,NO IMPROPER ACTIONS,ON ROADWAY AT CROSSWALK,NO PED. SIGNAL,DARK CLOTHING,No,SUSPECTED SERIOUS INJURY,UNKNOWN,39.195328,-77.2446005,"(39.195328, -77.2446005)"
MCP13970015,180025254,Montgomery County Police,Injury Crash,05/23/2018 07:59:00 AM,County,WATKINS MILL RD,County,GREENRIVER TERR,,N/A,PEDESTRIAN,OTHER,CLEAR,DRY,DAYLIGHT,PERSON,N/A,NONE DETECTED,5978E481-B408-4BB5-B52C-FF4F132BB2B8,PEDESTRIAN,Standing,NO IMPROPER ACTIONS,OTHER,N/A,REFLECTIVE MATERIAL,No,SUSPECTED MINOR INJURY,N/A,39.19040595,-77.22419858,"(39.19040595, -77.22419858)"
MCP32580020,220012119,Montgomery County Police,Injury Crash,03/21/2022 11:02:00 AM,Maryland (State),UNIVERSITY BLVD W,Maryland (State),VEIRS MILL RD,,N/A,PEDESTRIAN,STRAIGHT MOVEMENT ANGLE,CLEAR,DRY,DAYLIGHT,TRAFFIC SIGNAL,NONE DETECTED,NONE DETECTED,E3542493-6C5F-41FE-B9E6-7A0544E08872,PEDESTRIAN,Cross/Enter at Intersection,N/A,AT INTERSECTION MARKED CROSSWALK,OBEYED PED. SIGNAL,DARK CLOTHING,No,SUSPECTED MINOR INJURY,N/A,39.04006667,-77.05507667,"(39.04006667, -77.05507667)"
MCP2598003K,210035566,Montgomery County Police,Property Damage Crash,09/10/2021 09:21:00 AM,County,SUNDOWN RD,County,ZION RD,,N/A,MACHINE OPERATOR/RIDER,SAME DIRECTION SIDESWIPE,CLEAR,DRY,DAYLIGHT,NO CONTROLS,NONE DETECTED,NONE DETECTED,E866DE8A-3B12-4B6A-85CA-1B3B94747116,MACHINE OPERATOR/RIDER,Other Working,NO IMPROPER ACTIONS,ON ROADWAY NOT AT CROSSWALK,N/A,HEAD LIGHT AND REFLECTORS,No,NO APPARENT INJURY,LIGHTING,39.21569167,-77.115595,"(39.21569167, -77.115595)"
MCP3109000K,180018300,Montgomery County Police,Injury Crash,04/14/2018 08:15:00 PM,County,FAIRLAND RD,County,BEETHOVEN BLVD,,N/A,PEDESTRIAN,OTHER,CLEAR,DRY,DARK NO LIGHTS,OTHER,NONE DETECTED,NONE DETECTED,B8EB10F1-7EAB-4265-A4B5-803A518ACCEE,PEDESTRIAN,Cross/Enter at Intersection,NO IMPROPER ACTIONS,ON ROADWAY AT CROSSWALK,OBEYED PED. SIGNAL,LIGHT CLOTHING,No,POSSIBLE INJURY,NONE,39.06682333,-76.94696667,"(39.06682333, -76.94696667)"
MCP28890013,15042687,MONTGOMERY,Injury Crash,08/25/2015 08:52:00 PM,Maryland (State),UNIVERSITY BLVD W,County,CADDINGTON AVE,,N/A,PEDESTRIAN,SINGLE VEHICLE,CLEAR,DRY,DARK LIGHTS ON,TRAFFIC SIGNAL,N/A,NONE DETECTED,C42044D6-AF9D-4F5F-B40B-A3D616497D2D,PEDESTRIAN,Cross/Enter at Intersection,NO IMPROPER ACTIONS,ON ROADWAY AT CROSSWALK,OBEYED PED. SIGNAL,DARK CLOTHING,No,POSSIBLE INJURY,N/A,39.03350699,-77.02369004,"(39.03350699, -77.02369004)"
MCP3089002H,190026932,Montgomery County Police,Injury Crash,06/05/2019 07:33:00 PM,County,WAYNE AVE,County,CEDAR ST,,N/A,PEDESTRIAN,SINGLE VEHICLE,CLEAR,DRY,DAYLIGHT,TRAFFIC SIGNAL,N/A,N/A,20A11CBF-0128-46D2-868C-B93B3CAEC2D2,PEDESTRIAN,Cross/Enter at Intersection,NO IMPROPER ACTIONS,ON ROADWAY AT CROSSWALK,OBEYED PED. SIGNAL,MIXED CLOTHING,No,POSSIBLE INJURY,N/A,38.99725667,-77.02167667,"(38.99725667, -77.02167667)"
MCP2475000Q,15054234,MONTGOMERY,Injury Crash,10/25/2015 08:27:00 PM,County,BRUNETT AVE,Maryland (State),UNIVERSITY BLVD W,,N/A,BICYCLIST,STRAIGHT MOVEMENT ANGLE,CLEAR,DRY,DARK LIGHTS ON,STOP SIGN,NONE DETECTED,NONE DETECTED,9D9033FE-832A-48A6-BAF1-D368999FEE9D,BICYCLIST,Walking/Riding against Traffic,WRONG WAY RIDING OR WALKING,ON ROADWAY AT CROSSWALK,NO PED. SIGNAL,DARK CLOTHING,Yes,POSSIBLE INJURY,UNKNOWN,39.02295129,-77.01679945,"(39.02295129, -77.01679945)"
MCP2796002Y,15066796,Montgomery County Police,Injury Crash,12/29/2015 06:47:00 PM,Maryland (State),LAYHILL RD,Unknown,ENT TO SHOPPING CENTER,,N/A,PEDESTRIAN,OTHER,CLOUDY,DRY,DARK LIGHTS ON,NO CONTROLS,NONE DETECTED,NONE DETECTED,B9AFB98F-47E5-4A33-ACF4-BB3E79EA3D68,PEDESTRIAN,Cross/Enter not at Intersection,IN ROADWAY IMPROPERLY,ON ROADWAY NOT AT CROSSWALK,NO PED. SIGNAL,DARK CLOTHING,Yes,SUSPECTED MINOR INJURY,N/A,39.06159333,-77.05088667,"(39.06159333, -77.05088667)"
DD56420015,200012727,Rockville Police Departme,Injury Crash,03/15/2020 12:25:00 PM,Maryland (State),ROCKVILLE PIKE,Municipality,CHURCH ST,,ROCKVILLE,PEDESTRIAN,OTHER,CLEAR,DRY,DAYLIGHT,TRAFFIC SIGNAL,NONE DETECTED,NONE DETECTED,D38DB6E1-B338-4FB6-825C-748701308AAB,PEDESTRIAN,Cross/Enter at Intersection,NO IMPROPER ACTIONS,AT INTERSECTION MARKED CROSSWALK,OBEYED PED. SIGNAL,MIXED CLOTHING,No,SUSPECTED MINOR INJURY,N/A,39.08348,-77.1466135,"(39.08348, -77.1466135)"
MCP32120012,200003809,Montgomery County Police,Injury Crash,01/23/2020 03:47:00 PM,,,,,PRIVATE DRIVE OFF 10000 BRUNSWICK AVE,,PEDESTRIAN,OTHER,CLEAR,,DAYLIGHT,NO CONTROLS,NONE DETECTED,NONE DETECTED,52DCA9D6-297D-4611-B12D-9E8465DCAA58,PEDESTRIAN,Walking/Riding against Traffic,N/A,ON ROADWAY NOT AT CROSSWALK,NO PED. SIGNAL,MIXED CLOTHING,No,POSSIBLE INJURY,NONE,39.01943483,-77.05721367,"(39.01943483, -77.05721367)"
MCP27260033,180065335,Montgomery County Police,Injury Crash,12/31/2018 12:58:00 PM,,,,,"PARKING LOT OF 15807 FREDERICK RD, ROCKVILLE, MD 20855",,PEDESTRIAN,OTHER,RAINING,,DAYLIGHT,NO CONTROLS,N/A,N/A,9F0E99EA-A86B-42DA-A821-EAFB7CF511A8,PEDESTRIAN,Walking/Cycling on Sidewalk,NO IMPROPER ACTIONS,SIDEWALK,NO PED. SIGNAL,DARK CLOTHING,No,SUSPECTED MINOR INJURY,N/A,39.1163393,-77.2049379,"(39.1163393, -77.2049379)"