Report Number,Local Case Number,Agency Name,ACRS Report Type,Crash Date/Time,Route Type,Road Name,Cross-Street Type,Cross-Street Name,Off-Road Description,Municipality,Related Non-Motorist,Collision Type,Weather,Surface Condition,Light,Traffic Control,Driver Substance Abuse,Non-Motorist Substance Abuse,Person ID,Pedestrian Type,Pedestrian Movement,Pedestrian Actions,Pedestrian Location,Pedestrian Obeyed Traffic Signal,Pedestrian Visibility,At Fault,Injury Severity,Safety Equipment,Latitude,Longitude,Location
MCP2981003T,210028122,Montgomery County Police,Property Damage Crash,07/20/2021 09:36:00 PM,County,ARCOLA AVE,County,HOYT ST,,N/A,BICYCLIST,STRAIGHT MOVEMENT ANGLE,CLEAR,DRY,DARK LIGHTS ON,OTHER,NONE DETECTED,NONE DETECTED,84587377-007E-4997-B89B-D5379DD937F1,BICYCLIST,Cross/Enter not at Intersection,NO IMPROPER ACTIONS,ON ROADWAY AT CROSSWALK,N/A,HEAD LIGHT AND REFLECTORS,No,NO APPARENT INJURY,MC/BIKE HELMET,39.03658667,-77.02696333,"(39.03658667, -77.02696333)"
MCP3190000B,190014101,Montgomery County Police,Injury Crash,03/27/2019 07:28:00 AM,County,BEL PRE RD,County,NORTH GATE DR,,N/A,PEDESTRIAN,SINGLE VEHICLE,CLEAR,DRY,DAYLIGHT,FLASHING TRAFFIC SIGNAL,N/A,N/A,2852889C-C29F-4BD9-B37E-3ECE64BCFABA,PEDESTRIAN,Approach/Leaving Schoolbus,NO IMPROPER ACTIONS,ON ROADWAY AT CROSSWALK,OBEYED PED. SIGNAL,MIXED CLOTHING,No,SUSPECTED MINOR INJURY,N/A,39.09048141,-77.0508673,"(39.09048141, -77.0508673)"
MCP30710013,180062823,Montgomery County Police,Property Damage Crash,12/16/2018 06:01:00 PM,,,,,IN FRONT OF 11408 BROOK RUN DR,,PEDESTRIAN,OTHER,CLEAR,,DARK LIGHTS ON,NO CONTROLS,,NONE DETECTED,309B8CEE-3CB5-4976-8A54-C72814BFAEAF,PEDESTRIAN,Other,NO IMPROPER ACTIONS,SIDEWALK,N/A,N/A,Yes,NO APPARENT INJURY,NONE,39.19364333,-77.23738333,"(39.19364333, -77.23738333)"
MCP1475000Q,16015424,Montgomery County Police,Injury Crash,03/29/2016 06:00:00 PM,,,,,PARKING LOT OF 9659 LOST KNIFE ROAD,,PEDESTRIAN,OTHER,CLEAR,,DAYLIGHT,N/A,NONE DETECTED,UNKNOWN,77D47AB4-2721-4792-B33C-A907F0BE2384,PEDESTRIAN,Cross/Enter not at Intersection,IN ROADWAY IMPROPERLY,ON ROADWAY NOT AT CROSSWALK,NO PED. SIGNAL,UNKNOWN,Yes,SUSPECTED MINOR INJURY,N/A,39.153467,-77.198422,"(39.153467, -77.198422)"
MCP2031001J,180039341,Montgomery County Police,Property Damage Crash,08/08/2018 12:21:00 PM,Maryland (State),RIDGE RD,Other Public Roadway,SUNSET DR,,N/A,OTHER,SAME DIR REAR END,N/A,DRY,DAYLIGHT,NO CONTROLS,NONE DETECTED,NONE DETECTED,28D3746F-FBE2-4780-819E-49935BE99492,OTHER,Other Working,NO IMPROPER ACTIONS,OTHER,N/A,LIGHT CLOTHING,No,NO APPARENT INJURY,NONE,39.277808,-77.21266783,"(39.277808, -77.21266783)"
MCP2512005H,210001897,Montgomery County Police,Injury Crash,01/15/2021 06:44:00 PM,Municipality,KENTLANDS BLVD,Municipality,MARKET ST,,GAITHERSBURG,PEDESTRIAN,STRAIGHT MOVEMENT ANGLE,RAINING,WET,DARK LIGHTS ON,OTHER,NONE DETECTED,NONE DETECTED,38E2DD61-E1C6-449F-910C-C610AAA3DC85,PEDESTRIAN,Cross/Enter not at Intersection,NO IMPROPER ACTIONS,ON ROADWAY AT CROSSWALK,NO PED. SIGNAL,DARK CLOTHING,No,SUSPECTED MINOR INJURY,NONE,39.12321833,-77.23512833,"(39.12321833, -77.23512833)"
MCP242500B3,170526216,Montgomery County Police,Injury Crash,08/22/2017 01:47:00 PM,US (State),COLUMBIA PIKE,Unknown,BEGIN BRIDGE,,N/A,PEDESTRIAN,SINGLE VEHICLE,N/A,DRY,DAYLIGHT,NO CONTROLS,NONE DETECTED,NONE DETECTED,B669AB88-B7D9-4C8D-8A3C-0413F795826B,PEDESTRIAN,Other Working,NO IMPROPER ACTIONS,OUTSIDE RIGHT OF WAY,N/A,REFLECTIVE MATERIAL,No,SUSPECTED SERIOUS INJURY,REFLECTIVE CLOTHING,39.132875,-76.91826833,"(39.132875, -76.91826833)"
MCP29670048,200016958,Montgomery County Police,Injury Crash,04/23/2020 03:23:00 PM,Maryland (State),MONTGOMERY AVE,County,WAVERLY ST,,N/A,PEDESTRIAN,OTHER,RAINING,WET,DAYLIGHT,TRAFFIC SIGNAL,N/A,N/A,19C4CC45-22BE-43D9-AAC2-AB5243C19D2E,PEDESTRIAN,Cross/Enter at Intersection,NO IMPROPER ACTIONS,ON ROADWAY AT CROSSWALK,OBEYED PED. SIGNAL,MIXED CLOTHING,No,SUSPECTED MINOR INJURY,NONE,38.98386238,-77.09238932,"(38.98386238, -77.09238932)"
DD56280055,210050819,Rockville Police Departme,Injury Crash,12/14/2021 12:56:00 PM,,,,,PARKING LOT OF 838 ROCKVILLE PK,,PEDESTRIAN,OTHER,CLEAR,,DAYLIGHT,N/A,,NONE DETECTED,1060C3AB-7E23-4D56-AED8-DB17A6CF4527,PEDESTRIAN,Getting off/on Vehicle,OTHER,OTHER,NO PED. SIGNAL,MIXED CLOTHING,Yes,SUSPECTED SERIOUS INJURY,N/A,39.07605098,-77.13702113,"(39.07605098, -77.13702113)"
DM84030007,190025113,Takoma Park Police Depart,Injury Crash,05/26/2019 09:18:00 PM,Maryland (State),PINEY BRANCH RD,Maryland (State),PHILADELPHIA AVE,,N/A,BICYCLIST,HEAD ON LEFT TURN,CLEAR,DRY,DARK LIGHTS ON,TRAFFIC SIGNAL,NONE DETECTED,NONE DETECTED,293E1E7E-1B4E-4CD7-B0BB-DA86F434A55A,BICYCLIST,Walking/Riding w/Traffic,NOT VISIBLE,AT INTERSECTION BUT NO CROSSWALK,OTHER,DARK CLOTHING,No,SUSPECTED SERIOUS INJURY,MC/BIKE HELMET,38.9832622,-77.015505,"(38.9832622, -77.015505)"
MCP13780088,15053037,MONTGOMERY,Injury Crash,10/19/2015 02:58:00 PM,County,MONTGOMERY VILLAGE AVE,County,CLUB HOUSE RD,,N/A,PEDESTRIAN,SINGLE VEHICLE,CLEAR,DRY,DAYLIGHT,TRAFFIC SIGNAL,NONE DETECTED,NONE DETECTED,F2E845F5-2146-45F6-BC67-A49D091649B0,PEDESTRIAN,Cross/Enter at Intersection,NO IMPROPER ACTIONS,ON ROADWAY AT CROSSWALK,OBEYED PED. SIGNAL,MIXED CLOTHING,No,POSSIBLE INJURY,N/A,39.17440667,-77.20350833,"(39.17440667, -77.20350833)"
DD55020032,17015029,Rockville Police Departme,Injury Crash,03/24/2017 10:23:00 AM,Municipality,BEALL AVE #2,Maryland (State),HUNGERFORD DR,,N/A,PEDESTRIAN,OTHER,RAINING,WET,DAYLIGHT,TRAFFIC SIGNAL,NONE DETECTED,NONE DETECTED,31707E75-5632-4C54-88D5-A970910B089E,PEDESTRIAN,Cross/Enter at Intersection,NO IMPROPER ACTIONS,ON ROADWAY AT CROSSWALK,OBEYED PED. SIGNAL,MIXED CLOTHING,No,SUSPECTED MINOR INJURY,N/A,39.08728167,-77.150345,"(39.08728167, -77.150345)"
MCP20550038,220006376,Montgomery County Police,Injury Crash,02/11/2022 11:00:00 AM,Municipality,ROCKBORN ST,Municipality,STONEMASON DR,,GAITHERSBURG,PEDESTRIAN,OTHER,CLEAR,DRY,DAYLIGHT,STOP SIGN,UNKNOWN,N/A,02E137A7-F7C5-4956-BFAF-4373986879B8,PEDESTRIAN,Walking/Riding against Traffic,NO IMPROPER ACTIONS,SHOULDER,NO PED. SIGNAL,LIGHT CLOTHING,No,POSSIBLE INJURY,N/A,39.1142601,-77.2288545,"(39.1142601, -77.2288545)"
MCP32690010,210040769,Montgomery County Police,Property Damage Crash,10/12/2021 09:47:00 AM,,,,,IN PARKING LOT OF URGETN CARE LOCATED AT 15648 OLD COLUMBIA PIKE,,BICYCLIST,HEAD ON LEFT TURN,RAINING,,DAYLIGHT,NO CONTROLS,NONE DETECTED,NONE DETECTED,D556D528-412D-48C3-B077-D508DD7A1C12,BICYCLIST,Cross/Enter not at Intersection,NO IMPROPER ACTIONS,SIDEWALK,OBEYED PED. SIGNAL,DARK CLOTHING,No,NO APPARENT INJURY,NONE,39.11293117,-76.9336825,"(39.11293117, -76.9336825)"
MCP2369000P,16021573,Montgomery County Police,Property Damage Crash,05/02/2016 08:48:00 AM,County,EDEN RD,County,KATHRYN RD,,N/A,OTHER,OTHER,RAINING,N/A,DAYLIGHT,STOP SIGN,NONE DETECTED,N/A,06B985E2-B9D4-49E2-BA2A-D8690E430D74,OTHER,N/A,N/A,N/A,N/A,N/A,No,NO APPARENT INJURY,N/A,39.04995,-76.98717833,"(39.04995, -76.98717833)"
MCP1491001V,200009003,Montgomery County Police,Injury Crash,02/23/2020 12:04:00 PM,County,SEVEN LOCKS RD,County,GOYA DR,,N/A,BICYCLIST,SINGLE VEHICLE,CLEAR,DRY,DAYLIGHT,NO CONTROLS,NONE DETECTED,NONE DETECTED,068FF380-B367-4964-A2D5-C85B88A92498,BICYCLIST,Walking/Riding w/Traffic,NO IMPROPER ACTIONS,ON ROADWAY NOT AT CROSSWALK,N/A,REFLECTIVE MATERIAL,No,SUSPECTED SERIOUS INJURY,MC/BIKE HELMET,39.05562168,-77.16217279,"(39.05562168, -77.16217279)"
MCP30260083,220037721,Montgomery County Police,Injury Crash,08/31/2022 03:01:00 PM,Maryland (State),WISCONSIN AVE,Municipality,S PARK AVE,,FRIENDSHIP HEIGHTS,PEDESTRIAN,SINGLE VEHICLE,CLEAR,DRY,DAYLIGHT,NO CONTROLS,UNKNOWN,NONE DETECTED,729FB251-2109-4E8C-A1EF-F1DC4ACFD707,PEDESTRIAN,Cross/Enter not at Intersection,NO IMPROPER ACTIONS,OTHER,OTHER,REFLECTIVE MATERIAL,No,POSSIBLE INJURY,NONE,38.96451874,-77.0878088,"(38.96451874, -77.0878088)"
MCP2813001L,15058336,MONTGOMERY,Injury Crash,11/15/2015 05:15:00 PM,County,VALLEYWOOD DR,County,MEDWAY ST,,N/A,PEDESTRIAN,SINGLE VEHICLE,CLEAR,DRY,DARK LIGHTS ON,NO CONTROLS,N/A,N/A,5BABD51C-FFB9-428B-8499-50EDC28BEE22,PEDESTRIAN,Playing,INATTENTIVE,CURB,NO PED. SIGNAL,LIGHT CLOTHING,Yes,POSSIBLE INJURY,NONE,39.05404333,-77.06722167,"(39.05404333, -77.06722167)"
MCP28800011,15020169,Montgomery County Police,Injury Crash,04/29/2015 12:34:00 PM,Maryland (State),QUINCE ORCHARD RD,Municipality,FIRSTFIELD RD,,GAITHERSBURG,PEDESTRIAN,SINGLE VEHICLE,CLEAR,DRY,DAYLIGHT,TRAFFIC SIGNAL,NONE DETECTED,NONE DETECTED,985C25BB-E9D2-4B8B-9D10-7CD2D8E234F9,PEDESTRIAN,Cross/Enter at Intersection,DART DASH,ON ROADWAY NOT AT CROSSWALK,DISOBEYED PED. SIGNAL,MIXED CLOTHING,,POSSIBLE INJURY,N/A,39.14534667,-77.21987667,"(39.14534667, -77.21987667)"
MCP28160011,15021152,Montgomery County Police,Property Damage Crash,05/04/2015 05:37:00 PM,Municipality,TWINBROOK PKWY,Municipality,CHAPMAN AVE,,ROCKVILLE,BICYCLIST,SAME DIR REAR END,CLEAR,DRY,DAYLIGHT,NO CONTROLS,NONE DETECTED,NONE DETECTED,529F0C9B-A86B-4552-8C63-4D4B0D3412D0,BICYCLIST,Other,NO IMPROPER ACTIONS,SIDEWALK,N/A,REFLECTIVE MATERIAL,,NO APPARENT INJURY,MC/BIKE HELMET,39.05886,-77.11837167,"(39.05886, -77.11837167)"
DD55950039,16064756,Rockville Police Departme,Injury Crash,12/17/2016 06:37:00 PM,Municipality,ELMCROFT BLVD,Municipality,REDLAND BLVD,,ROCKVILLE,PEDESTRIAN,OTHER,CLEAR,WET,DARK LIGHTS ON,NO CONTROLS,NONE DETECTED,NONE DETECTED,C257DE12-4FE1-409F-91BC-584574B8CF76,PEDESTRIAN,Cross/Enter at Intersection,NO IMPROPER ACTIONS,ON ROADWAY AT CROSSWALK,NO PED. SIGNAL,DARK CLOTHING,No,SUSPECTED MINOR INJURY,N/A,39.11449667,-77.167116,"(39.11449667, -77.167116)"
MCP30640045,220004815,Montgomery County Police,Injury Crash,02/04/2022 06:40:00 AM,County,ARCOLA AVE,County,KENBROOK DR,,N/A,PEDESTRIAN,SINGLE VEHICLE,RAINING,WET,DARK NO LIGHTS,N/A,NONE DETECTED,NONE DETECTED,697DD1AE-47CA-4506-B8ED-84CBCE021915,PEDESTRIAN,Other,NOT VISIBLE,OTHER,OTHER,DARK CLOTHING,Unknown,SUSPECTED MINOR INJURY,NONE,39.03899833,-77.02845167,"(39.03899833, -77.02845167)"
MCP24460061,220037705,Montgomery County Police,Injury Crash,08/31/2022 02:06:00 PM,,,,,"IN THE PARKING LOT OF 6820 OLNEY LAYTONSVILLE RD. LAYTONSVILLE, MD. 20882",,BICYCLIST,OTHER,CLEAR,,DAYLIGHT,NO CONTROLS,NONE DETECTED,NONE DETECTED,35179F08-9F14-4F49-B90A-418D652B5BD3,BICYCLIST,Cross/Enter at Intersection,FAILURE TO YIELD RIGHT OF WAY,OTHER,NO PED. SIGNAL,MIXED CLOTHING,Yes,POSSIBLE INJURY,MC/BIKE HELMET,39.20394554,-77.13950048,"(39.20394554, -77.13950048)"
MCP3040003B,190016492,Montgomery County Police,Injury Crash,04/09/2019 03:23:00 PM,,,,,PARKING LOT OF 16800 GEORGIA AVE,,PEDESTRIAN,OTHER,CLEAR,,DAYLIGHT,N/A,N/A,N/A,1F756549-2C86-4435-A690-D824C4EF5743,PEDESTRIAN,Other,ENTERING EXITING PARKED STANDING VEHICLE,OTHER,N/A,UNKNOWN,No,SUSPECTED SERIOUS INJURY,N/A,39.13253102,-77.07068139,"(39.13253102, -77.07068139)"
DM8374000R,16027657,Takoma Park Police Depart,Injury Crash,06/02/2016 06:25:00 PM,Maryland (State),ETHAN ALLEN AVE,Municipality,ELM AVE,,TAKOMA PARK,BICYCLIST,HEAD ON LEFT TURN,CLEAR,DRY,DAYLIGHT,NO CONTROLS,N/A,N/A,493B6BD6-349A-4D8E-B10B-FB9C56F1C5A3,BICYCLIST,Walking/Riding w/Traffic,NO IMPROPER ACTIONS,ON ROADWAY NOT AT CROSSWALK,N/A,LIGHT CLOTHING,No,SUSPECTED MINOR INJURY,NONE,38.97596,-76.99699833,"(38.97596, -76.99699833)"
EJ78350008,16064279,Gaithersburg Police Depar,Injury Crash,12/14/2016 09:29:00 PM,Maryland (State),FREDERICK RD,Municipality,S WESTLAND DR,,GAITHERSBURG,PEDESTRIAN,OTHER,CLEAR,DRY,DARK LIGHTS ON,TRAFFIC SIGNAL,NONE DETECTED,NONE DETECTED,ABF64693-8CC0-4E20-B522-FA61D4016319,PEDESTRIAN,Cross/Enter not at Intersection,IN ROADWAY IMPROPERLY,ON ROADWAY NOT AT CROSSWALK,DISOBEYED PED. SIGNAL,MIXED CLOTHING,Yes,SUSPECTED MINOR INJURY,N/A,39.12618667,-77.18281833,"(39.12618667, -77.18281833)"
MCP29340018,15062319,MONTGOMERY,Injury Crash,12/06/2015 12:30:00 PM,Maryland (State),WISCONSIN AVE,Maryland (State),BRADLEY LA,,N/A,PEDESTRIAN,OTHER,CLEAR,DRY,DAYLIGHT,TRAFFIC SIGNAL,NONE DETECTED,NONE DETECTED,06CAC865-308A-4F07-B3BB-A6CD9FCEDD45,PEDESTRIAN,Cross/Enter at Intersection,NO IMPROPER ACTIONS,AT INTERSECTION MARKED CROSSWALK,OBEYED PED. SIGNAL,LIGHT CLOTHING,No,POSSIBLE INJURY,NONE,38.97686667,-77.09065,"(38.97686667, -77.09065)"
MCP2745002P,220033719,Montgomery County Police,Injury Crash,08/05/2022 10:39:00 PM,Maryland (State),WOODFIELD RD,County,FLOWER HILL WAY,,N/A,BICYCLIST,SAME DIR REAR END,CLEAR,DRY,DARK LIGHTS ON,NO CONTROLS,UNKNOWN,NONE DETECTED,88EBDF60-A3D0-4550-AE0D-4F440EC8E831,BICYCLIST,Unknown,UNKNOWN,ON ROADWAY NOT AT CROSSWALK,UNKNOWN,MIXED CLOTHING,No,POSSIBLE INJURY,NONE,39.1577914,-77.1623944,"(39.1577914, -77.1623944)"
MCP3121000R,180018114,Montgomery County Police,Injury Crash,04/13/2018 06:34:00 PM,County,CONTOUR RD,County,LOST KNIFE RD,,N/A,PEDESTRIAN,OTHER,CLEAR,DRY,DAYLIGHT,NO CONTROLS,NONE DETECTED,NONE DETECTED,BFFB6424-E8D2-4C98-8F32-9973FF730F3A,PEDESTRIAN,Cross/Enter not at Intersection,IN ROADWAY IMPROPERLY,ON ROADWAY NOT AT CROSSWALK,N/A,LIGHT CLOTHING,Yes,SUSPECTED MINOR INJURY,N/A,39.155415,-77.20033333,"(39.155415, -77.20033333)"
EJ7851004J,190036707,Gaithersburg Police Depar,Injury Crash,08/01/2019 02:05:00 PM,Municipality,MISTY DALE LA,Municipality,BUTTRY RD,,GAITHERSBURG,BICYCLIST,OTHER,CLEAR,DRY,DAYLIGHT,NO CONTROLS,NONE DETECTED,NONE DETECTED,0C4E276E-4311-4CB4-8102-F62F18F5F55D,BICYCLIST,Playing,NO IMPROPER ACTIONS,N/A,N/A,MIXED CLOTHING,No,POSSIBLE INJURY,NONE,39.13309628,-77.20463764,"(39.13309628, -77.20463764)"
MCP2769000N,15003271,Montgomery County Police,Injury Crash,01/20/2015 09:13:00 PM,,,,,PARKING LOT @ 237 KENTLANDS BLVD,,PEDESTRIAN,OTHER,CLEAR,,DARK LIGHTS ON,N/A,N/A,N/A,C28CC53B-7A2B-424F-810F-2D07C0BC45C8,PEDESTRIAN,Cross/Enter at Intersection,NO IMPROPER ACTIONS,OUTSIDE RIGHT OF WAY,NO PED. SIGNAL,LIGHT CLOTHING,,POSSIBLE INJURY,N/A,39.12499,-77.239035,"(39.12499, -77.239035)"
MCP3264002B,220001928,Montgomery County Police,Property Damage Crash,01/16/2022 07:51:00 AM,County,FENTON ST,County,BONIFANT ST,,N/A,OTHER,SINGLE VEHICLE,CLEAR,DRY,DARK -- UNKNOWN LIGHTING,NO CONTROLS,N/A,NONE DETECTED,AF274216-1AD5-454F-9D97-9431A8904F78,OTHER,Other,N/A,N/A,N/A,N/A,No,NO APPARENT INJURY,N/A,38.99471551,-77.02362731,"(38.99471551, -77.02362731)"
MCP2339006T,220007845,Montgomery County Police,Injury Crash,03/02/2022 04:30:00 PM,County,E GUDE DR,County,CRABBS BRANCH WAY,,N/A,BICYCLIST,OTHER,CLEAR,DRY,DAYLIGHT,TRAFFIC SIGNAL,N/A,N/A,63A84251-B207-4021-B8E3-EEF1B5D82544,BICYCLIST,Cross/Enter at Intersection,NO IMPROPER ACTIONS,ON ROADWAY AT CROSSWALK,OTHER,UNKNOWN,No,SUSPECTED MINOR INJURY,UNKNOWN,39.10646067,-77.15212727,"(39.10646067, -77.15212727)"
DM8497000W,210032942,Takoma Park Police Depart,Injury Crash,08/23/2021 08:20:00 PM,Maryland (State),UNIVERSITY BLVD E,Unknown,PRINCE GEORGES CO/L,,N/A,PEDESTRIAN,OTHER,CLEAR,DRY,DARK LIGHTS ON,NO CONTROLS,NONE DETECTED,ALCOHOL CONTRIBUTED,8305E2DF-B414-48D9-A906-AA646549D692,PEDESTRIAN,Cross/Enter not at Intersection,IN ROADWAY IMPROPERLY,ON ROADWAY NOT AT CROSSWALK,NO PED. SIGNAL,UNKNOWN,Yes,SUSPECTED SERIOUS INJURY,NONE,38.98706472,-76.98485973,"(38.98706472, -76.98485973)"
MCP2425008Y,17014637,Montgomery County Police,Injury Crash,03/22/2017 12:41:00 PM,,,,,PARKING LOT OF 25 E WAYNE AVE,,PEDESTRIAN,SINGLE VEHICLE,CLEAR,,DAYLIGHT,NO CONTROLS,NONE DETECTED,NONE DETECTED,3201A54E-8723-4229-A6F5-7E428B8FC881,PEDESTRIAN,Other,OTHER,OTHER,N/A,MIXED CLOTHING,Unknown,SUSPECTED MINOR INJURY,N/A,38.99928667,-77.00916333,"(38.99928667, -77.00916333)"
MCP2666001L,16062712,Montgomery County Police,Injury Crash,12/06/2016 11:40:00 PM,County,OLD COLUMBIA PIKE,County,FAIRLAND RD,,N/A,BICYCLIST,STRAIGHT MOVEMENT ANGLE,RAINING,WET,DARK LIGHTS ON,NO CONTROLS,NONE DETECTED,NONE DETECTED,3E235409-5213-435F-8B3E-1A045A1C1E51,BICYCLIST,Walking/Riding w/Traffic,UNKNOWN,ON ROADWAY NOT AT CROSSWALK,NO PED. SIGNAL,DARK CLOTHING,No,SUSPECTED MINOR INJURY,NONE,39.0766885,-76.95740998,"(39.0766885, -76.95740998)"
MCP28910022,16012593,MONTGOMERY,Injury Crash,03/14/2016 01:24:00 PM,,,,,"PARKING LOT OF 1939 SEMINARY RD, SILVER SPRING, MD 20910",,PEDESTRIAN,SINGLE VEHICLE,CLEAR,,DAYLIGHT,N/A,NONE DETECTED,NONE DETECTED,06A91E98-553E-4571-92EF-B15540BC355C,PEDESTRIAN,Getting off/on Vehicle,NO IMPROPER ACTIONS,OTHER,N/A,MIXED CLOTHING,No,POSSIBLE INJURY,N/A,39.00904269,-77.04148382,"(39.00904269, -77.04148382)"
MCP9442000J,16043623,Montgomery County Police,Injury Crash,08/27/2016 10:14:00 AM,Maryland (State),FREDERICK RD,Municipality,PROFESSIONAL DR,,GAITHERSBURG,BICYCLIST,OTHER,CLEAR,DRY,DAYLIGHT,NO CONTROLS,NONE DETECTED,UNKNOWN,CC5169F5-9D42-489F-BA44-D0CD6CFC49BE,BICYCLIST,Other,UNKNOWN,OTHER,N/A,LIGHT CLOTHING,No,SUSPECTED SERIOUS INJURY,NONE,39.16304833,-77.22577167,"(39.16304833, -77.22577167)"
MCP0942002J,190050694,Montgomery County Police,Injury Crash,10/22/2019 02:19:00 PM,County,WOODMONT AVE,County,ELM ST,,N/A,PEDESTRIAN,OTHER,RAINING,WET,DAYLIGHT,TRAFFIC SIGNAL,NONE DETECTED,NONE DETECTED,EED7CCD5-117A-4B62-8963-0864A6C36611,PEDESTRIAN,Cross/Enter at Intersection,NO IMPROPER ACTIONS,AT INTERSECTION MARKED CROSSWALK,OBEYED PED. SIGNAL,MIXED CLOTHING,No,POSSIBLE INJURY,NONE,38.98168833,-77.09616167,"(38.98168833, -77.09616167)"
DD5605007R,200008087,Rockville Police Departme,Property Damage Crash,02/18/2020 12:00:00 PM,Municipality,E GUDE DR,Municipality,ROTHGEB DR,,ROCKVILLE,PEDESTRIAN,OTHER,CLEAR,DRY,DAYLIGHT,TRAFFIC SIGNAL,NONE DETECTED,NONE DETECTED,4C2D7F9B-06C0-4CD0-A1C7-1F97CD8F7BA1,PEDESTRIAN,Cross/Enter at Intersection,NO IMPROPER ACTIONS,ON ROADWAY AT CROSSWALK,OBEYED PED. SIGNAL,DARK CLOTHING,No,NO APPARENT INJURY,N/A,39.09601283,-77.13369633,"(39.09601283, -77.13369633)"
MCP115100CK,210021599,Montgomery County Police,Injury Crash,06/07/2021 11:25:00 AM,,,,,PARKING LOT AREA OF 12301 MIDDLEBROOK ROAD,,PEDESTRIAN,OTHER,CLEAR,,DAYLIGHT,NO CONTROLS,NONE DETECTED,NONE DETECTED,F2C47FBA-2DBC-482C-8A5D-B82A42238FD9,PEDESTRIAN,Other,UNKNOWN,OTHER,N/A,MIXED CLOTHING,Unknown,POSSIBLE INJURY,N/A,39.17573333,-77.25416333,"(39.17573333, -77.25416333)"
DD56050033,17000408,Rockville Police Departme,Injury Crash,01/03/2017 02:41:00 PM,Maryland (State),HUNGERFORD DR,Municipality,N WASHINGTON ST,,ROCKVILLE,PEDESTRIAN,OTHER,RAINING,WET,DAYLIGHT,OTHER,NONE DETECTED,NONE DETECTED,C96FF6CE-C97E-4E0A-9128-0BF0073AE236,PEDESTRIAN,Cross/Enter at Intersection,NO IMPROPER ACTIONS,SIDEWALK,NO PED. SIGNAL,DARK CLOTHING,No,POSSIBLE INJURY,NONE,39.08999167,-77.15239333,"(39.08999167, -77.15239333)"
MCP3283000J,210013166,Montgomery County Police,Injury Crash,04/08/2021 05:40:00 PM,County,FALLS CHAPEL WAY,County,WILLOW VALLEY DR,,N/A,BICYCLIST,SINGLE VEHICLE,CLEAR,DRY,N/A,NO CONTROLS,NONE DETECTED,NONE DETECTED,02492018-8ED5-41F9-B54B-75678E86FD4D,BICYCLIST,Cross/Enter not at Intersection,FAILURE TO YIELD RIGHT OF WAY,ON ROADWAY NOT AT CROSSWALK,NO PED. SIGNAL,LIGHT CLOTHING,Yes,SUSPECTED MINOR INJURY,NONE,39.051085,-77.19096833,"(39.051085, -77.19096833)"
DD5594001C,15050873,ROCKVILLE,Injury Crash,10/07/2015 05:07:00 PM,Municipality,FOREST AVE,Municipality,HARRISON ST,,ROCKVILLE,BICYCLIST,OTHER,CLEAR,DRY,DAYLIGHT,NO CONTROLS,N/A,N/A,79DC17E3-F763-4BAB-9E5A-B547D91CE0E1,BICYCLIST,Cross/Enter not at Intersection,FAILURE TO YIELD RIGHT OF WAY,ON ROADWAY NOT AT CROSSWALK,N/A,MIXED CLOTHING,Yes,POSSIBLE INJURY,MC/BIKE HELMET,39.08396833,-77.15315667,"(39.08396833, -77.15315667)"
DD56120035,220053012,Rockville Police Departme,Injury Crash,12/01/2022 12:13:00 PM,Maryland (State),E JEFFERSON ST,Municipality,MARYLAND AVE,,ROCKVILLE,PEDESTRIAN,SINGLE VEHICLE,CLEAR,DRY,DAYLIGHT,TRAFFIC SIGNAL,NONE DETECTED,N/A,1B8BD38C-E4C3-4151-BC75-18AB3A73E95A,PEDESTRIAN,Cross/Enter at Intersection,NO IMPROPER ACTIONS,AT INTERSECTION MARKED CROSSWALK,OBEYED PED. SIGNAL,DARK CLOTHING,No,POSSIBLE INJURY,N/A,39.08273505,-77.15121389,"(39.08273505, -77.15121389)"
MCP2864002D,17003509,Montgomery County Police,Property Damage Crash,01/20/2017 04:08:00 PM,,,,,"PARKING LOT OF 6121 MONTROSE RD ROCKVILLE, MD",,PEDESTRIAN,OTHER,CLOUDY,,DAYLIGHT,NO CONTROLS,UNKNOWN,NONE DETECTED,CC450BF9-0DF0-4808-A4EB-16CDF4475F6C,PEDESTRIAN,Push/Work on Vehicle,NO IMPROPER ACTIONS,OTHER,N/A,DARK CLOTHING,No,NO APPARENT INJURY,NONE,39.05304,-77.12270833,"(39.05304, -77.12270833)"
MCP21340019,170548445,Montgomery County Police,Fatal Crash,12/13/2017 11:22:00 PM,Maryland (State),ROCKVILLE PIKE,Municipality,CHURCH ST,,ROCKVILLE,PEDESTRIAN,OTHER,CLEAR,N/A,DARK LIGHTS ON,TRAFFIC SIGNAL,NONE DETECTED,UNKNOWN,1CB56293-D757-4746-A136-0880D061E4EB,PEDESTRIAN,Cross/Enter at Intersection,FAILURE TO OBEY TRAFFIC SIGNS SIGNALS OR OFFICER,ON ROADWAY AT CROSSWALK,DISOBEYED PED. SIGNAL,UNKNOWN,Unknown,FATAL INJURY,N/A,39.08351729,-77.14680813,"(39.08351729, -77.14680813)"