Report Number,Local Case Number,Agency Name,ACRS Report Type,Crash Date/Time,Route Type,Road Name,Cross-Street Type,Cross-Street Name,Off-Road Description,Municipality,Related Non-Motorist,Collision Type,Weather,Surface Condition,Light,Traffic Control,Driver Substance Abuse,Non-Motorist Substance Abuse,Person ID,Pedestrian Type,Pedestrian Movement,Pedestrian Actions,Pedestrian Location,Pedestrian Obeyed Traffic Signal,Pedestrian Visibility,At Fault,Injury Severity,Safety Equipment,Latitude,Longitude,Location
MCP21820010,170529342,Montgomery County Police,Injury Crash,09/08/2017 07:53:00 AM,,,,,"GLENMONT METRO GARAGE
LEVEL 2, BY ROW 2C
12501 GEORGIA AVE. SILVER SPRING, MD 20902.",,BICYCLIST,STRAIGHT MOVEMENT ANGLE,CLEAR,,DAYLIGHT,NO CONTROLS,NONE DETECTED,NONE DETECTED,C042C543-E6AC-4107-9277-D47757465856,BICYCLIST,Cross/Enter at Intersection,NO IMPROPER ACTIONS,INSIDE BUILDING,NO PED. SIGNAL,MIXED CLOTHING,No,SUSPECTED MINOR INJURY,NONE,39.06579,-77.15987333,"(39.06579, -77.15987333)"
MCP2773001T,16026276,Montgomery County Police,Injury Crash,05/26/2016 07:08:00 PM,,,,,SIDE WALK IN FRONT OF PARKING LOT OF 420 UNIVERSITY BLVD E,,PEDESTRIAN,OTHER,CLEAR,,DAYLIGHT,NO CONTROLS,NONE DETECTED,NONE DETECTED,ED64C75A-46C4-474D-A408-A784AA5D1B25,PEDESTRIAN,Walking/Cycling on Sidewalk,NO IMPROPER ACTIONS,SIDEWALK,NO PED. SIGNAL,N/A,No,POSSIBLE INJURY,NONE,39.008748,-76.99865,"(39.008748, -76.99865)"
MCP1550001T,15065798,MONTGOMERY,Injury Crash,12/23/2015 05:25:00 PM,Municipality,FREDERICK AVE,Municipality,KENSINGTON PKWY,,KENSINGTON,PEDESTRIAN,OTHER,RAINING,WET,DARK LIGHTS ON,NO CONTROLS,NONE DETECTED,NONE DETECTED,16686E31-762F-4331-A2BB-39141E265109,PEDESTRIAN,Other,NO IMPROPER ACTIONS,OTHER,N/A,MIXED CLOTHING,No,SUSPECTED MINOR INJURY,N/A,39.02557667,-77.07174833,"(39.02557667, -77.07174833)"
MCP3117000X,180030357,Montgomery County Police,Injury Crash,06/20/2018 09:18:00 PM,County,LLOYD RD,County,BETTEKER LA,,N/A,OTHER,OTHER,CLEAR,DRY,DARK NO LIGHTS,NO CONTROLS,ILLEGAL DRUG PRESENT,N/A,24E774C9-F812-4953-B50D-9A0CF3AA143B,OTHER,Standing,NO IMPROPER ACTIONS,ON ROADWAY NOT AT CROSSWALK,NO PED. SIGNAL,MIXED CLOTHING,No,SUSPECTED MINOR INJURY,NONE,39.05958735,-77.20637798,"(39.05958735, -77.20637798)"
MCP3134003C,220011182,Montgomery County Police,Property Damage Crash,03/15/2022 03:51:00 PM,County,GREENCASTLE RD,County,TURBRIDGE DR,,N/A,MACHINE OPERATOR/RIDER,OTHER,CLEAR,DRY,DAYLIGHT,PERSON,N/A,NONE DETECTED,A584D558-CF59-40A9-81E5-25FE0C57337D,MACHINE OPERATOR/RIDER,Other Working,INATTENTIVE,SHOULDER,NO PED. SIGNAL,UNKNOWN,No,NO APPARENT INJURY,N/A,39.088662,-76.93069983,"(39.088662, -76.93069983)"
MCP3078003B,200024075,Montgomery County Police,Injury Crash,06/19/2020 09:00:00 PM,County,BLUHILL RD,County,CENTERHILL ST,,N/A,BICYCLIST,SAME DIRECTION SIDESWIPE,RAINING,WET,DUSK,STOP SIGN,UNKNOWN,NONE DETECTED,06BEAB1C-C42F-413B-A6AF-FB9CD4D3425E,BICYCLIST,Cross/Enter at Intersection,NO IMPROPER ACTIONS,AT INTERSECTION BUT NO CROSSWALK,NO PED. SIGNAL,MIXED CLOTHING,No,SUSPECTED MINOR INJURY,NONE,39.05286,-77.069679,"(39.05286, -77.069679)"
EJ7809000W,17007620,Gaithersburg Police Depar,Injury Crash,02/12/2017 03:34:00 AM,,,,,"117 E. DIAMOND AVE. GAITHERSBURG, MD. 20877 (CANCUN RESTAURANT / REAR PARKING LOT)",,PEDESTRIAN,SINGLE VEHICLE,CLEAR,,DARK LIGHTS ON,NO CONTROLS,ALCOHOL CONTRIBUTED,ALCOHOL PRESENT,5C03597E-91BA-46E1-92EB-24EA8930EF08,PEDESTRIAN,Unknown,UNKNOWN,OTHER,N/A,MIXED CLOTHING,No,SUSPECTED MINOR INJURY,N/A,39.14187307,-77.19475061,"(39.14187307, -77.19475061)"
MCP2717001V,15036144,MONTGOMERY,Injury Crash,07/22/2015 04:02:00 PM,County,ROCKLEDGE DR,County,WESTLAKE TERR,,N/A,PEDESTRIAN,OTHER,CLEAR,DRY,DAYLIGHT,NO CONTROLS,NONE DETECTED,NONE DETECTED,C76BC3F4-410F-4194-92D6-C06CF7262D78,PEDESTRIAN,Cross/Enter at Intersection,INATTENTIVE,AT INTERSECTION BUT NO CROSSWALK,NO PED. SIGNAL,MIXED CLOTHING,Yes,SUSPECTED MINOR INJURY,NONE,39.029205,-77.136655,"(39.029205, -77.136655)"
MCP1151002J,15010827,Montgomery County Police,Injury Crash,03/09/2015 08:19:00 AM,County,CRYSTAL ROCK DR,Maryland (State),GERMANTOWN RD,,N/A,PEDESTRIAN,OTHER,CLEAR,DRY,DAYLIGHT,NO CONTROLS,NONE DETECTED,NONE DETECTED,21E5AE0E-C781-46BF-B7C1-8BBC1DE6159D,PEDESTRIAN,Cross/Enter not at Intersection,IN ROADWAY IMPROPERLY,ON ROADWAY NOT AT CROSSWALK,NO PED. SIGNAL,MIXED CLOTHING,,POSSIBLE INJURY,N/A,39.181835,-77.26275,"(39.181835, -77.26275)"
MCP284800BX,220049624,Montgomery County Police,Injury Crash,11/10/2022 07:20:00 AM,County,RICHTER FARM RD,County,CRICKET HILL DR,,N/A,PEDESTRIAN,SINGLE VEHICLE,N/A,DRY,DAYLIGHT,STOP SIGN,UNKNOWN,NONE DETECTED,BB24A932-7FF4-4552-BEEE-5D6A233BAD6B,PEDESTRIAN,Cross/Enter at Intersection,NO IMPROPER ACTIONS,AT INTERSECTION MARKED CROSSWALK,NO PED. SIGNAL,LIGHT CLOTHING,No,POSSIBLE INJURY,N/A,39.151581,-77.281184,"(39.151581, -77.281184)"
MCP2954003P,170523918,Montgomery County Police,Injury Crash,08/09/2017 04:00:00 PM,County,FLOWER AVE,Maryland (State),PINEY BRANCH RD,,N/A,BICYCLIST,STRAIGHT MOVEMENT ANGLE,CLEAR,DRY,DAYLIGHT,NO CONTROLS,NONE DETECTED,ALCOHOL PRESENT,EB7ACDFE-964D-4344-98E1-EA2FEC9F88F5,BICYCLIST,Cross/Enter at Intersection,FAILURE TO YIELD RIGHT OF WAY,AT INTERSECTION BUT NO CROSSWALK,N/A,MIXED CLOTHING,Yes,POSSIBLE INJURY,NONE,38.99864333,-77.00348833,"(38.99864333, -77.00348833)"
MCP3026008S,220051197,Montgomery County Police,Injury Crash,11/19/2022 12:39:00 PM,County,W PARKHILL DR,County,CHANUTE DR,,N/A,PEDESTRIAN,OTHER,CLEAR,DRY,DAYLIGHT,NO CONTROLS,NONE DETECTED,NONE DETECTED,3873A2E6-7D65-4C81-BF8D-FAC16D869B7D,PEDESTRIAN,Getting off/on Vehicle,OTHER,ON ROADWAY NOT AT CROSSWALK,NO PED. SIGNAL,REFLECTIVE MATERIAL,Yes,SUSPECTED SERIOUS INJURY,REFLECTIVE CLOTHING,39.00577383,-77.09149667,"(39.00577383, -77.09149667)"
MCP28970027,210045112,Montgomery County Police,Injury Crash,11/07/2021 03:40:00 PM,County,FOREST BROOK RD,County,WARING STATION RD,,N/A,PEDESTRIAN,SINGLE VEHICLE,CLEAR,DRY,N/A,NO CONTROLS,N/A,NONE DETECTED,1E7C7B8D-B930-4E7B-A877-32903B9C045B,PEDESTRIAN,Standing,DART DASH,ON ROADWAY NOT AT CROSSWALK,N/A,MIXED CLOTHING,Yes,SUSPECTED MINOR INJURY,N/A,39.16538064,-77.25195586,"(39.16538064, -77.25195586)"
DD5653001X,220045117,Rockville Police Departme,Property Damage Crash,10/14/2022 07:30:00 AM,Municipality,MARYLAND AVE,Municipality,NEW MARK ESPLANADE,,ROCKVILLE,BICYCLIST,SINGLE VEHICLE,CLOUDY,UNKNOWN,DAYLIGHT,STOP SIGN,UNKNOWN,N/A,4E42D942-A912-4DD4-B121-CE958A966F76,BICYCLIST,Walking/Riding w/Traffic,NO IMPROPER ACTIONS,IN BIKEWAY,N/A,N/A,No,NO APPARENT INJURY,MC/BIKE HELMET,39.0788738,-77.15614325,"(39.0788738, -77.15614325)"
MCP3193003D,220023320,Montgomery County Police,Property Damage Crash,05/31/2022 06:17:00 PM,County,BLUHILL RD,County,RANDOLPH RD,,N/A,PEDESTRIAN,OTHER,CLEAR,DRY,DAYLIGHT,OTHER,NONE DETECTED,NONE DETECTED,5650B2D8-7528-419C-A869-043C0CBC6AAE,PEDESTRIAN,Cross/Enter at Intersection,NO IMPROPER ACTIONS,ON ROADWAY AT CROSSWALK,OBEYED PED. SIGNAL,UNKNOWN,No,NO APPARENT INJURY,NONE,39.05908017,-77.06501383,"(39.05908017, -77.06501383)"
DM8457000R,170533675,Takoma Park Police Depart,Injury Crash,09/28/2017 04:56:00 PM,Municipality,GRANT AVE #2,Municipality,CHESTNUT AVE,,TAKOMA PARK,"BICYCLIST, PEDESTRIAN",SAME DIRECTION RIGHT TURN,CLEAR,DRY,DAYLIGHT,NO CONTROLS,NONE DETECTED,N/A,A378C339-DE15-4FC2-BB49-0B9A80B095DF,PEDESTRIAN,Walking/Riding w/Traffic,NO IMPROPER ACTIONS,SIDEWALK,NO PED. SIGNAL,MIXED CLOTHING,No,SUSPECTED MINOR INJURY,N/A,38.98447403,-77.01421246,"(38.98447403, -77.01421246)"
MCP93010046,230006362,Montgomery County Police,Injury Crash,02/08/2023 10:05:00 AM,County,WASHINGTONIAN BLVD,Ramp,RAMP 6 FR SAM EIG HWY TO WASH. BLVD,,N/A,PEDESTRIAN,SINGLE VEHICLE,CLEAR,DRY,DAYLIGHT,NO CONTROLS,N/A,N/A,63F48CD9-23A0-4B75-B1EC-82BA16848EDE,PEDESTRIAN,Other,OTHER,OTHER,N/A,REFLECTIVE MATERIAL,Unknown,SUSPECTED MINOR INJURY,REFLECTIVE CLOTHING,39.11813701,-77.20631658,"(39.11813701, -77.20631658)"
MCP3126000P,180029099,Montgomery County Police,Injury Crash,06/12/2018 09:23:00 PM,Maryland (State),FREDERICK RD,County,SCENERY DR,,N/A,PEDESTRIAN,SINGLE VEHICLE,CLEAR,DRY,DARK LIGHTS ON,NO CONTROLS,UNKNOWN,ILLEGAL DRUG PRESENT,84D0B6BF-39C3-40E5-A3AB-2C5B64FD76C6,PEDESTRIAN,Cross/Enter at Intersection,UNKNOWN,ON ROADWAY NOT AT CROSSWALK,NO PED. SIGNAL,DARK CLOTHING,Yes,SUSPECTED SERIOUS INJURY,NONE,39.17554062,-77.23800927,"(39.17554062, -77.23800927)"
MCP3099000C,180015076,Montgomery County Police,Injury Crash,03/27/2018 08:45:00 PM,,,,,PARKING LOT IN FRONT OF GIANT FOOD LOCATED AT 20944 FREDERICK RD GERMANTOWN MD 20876,,PEDESTRIAN,OTHER,CLEAR,,OTHER,NO CONTROLS,,NONE DETECTED,F3B88AAE-F3D6-4496-BF36-9901F1BFE23B,PEDESTRIAN,Standing,NO IMPROPER ACTIONS,OTHER,N/A,N/A,No,SUSPECTED MINOR INJURY,N/A,39.20291222,-77.24689543,"(39.20291222, -77.24689543)"
MCP3143001T,200005324,Montgomery County Police,Injury Crash,01/14/2020 02:45:00 PM,,,,,WILDWOOD SHOPPING PLAZA PARKING LOT,,PEDESTRIAN,N/A,RAINING,,DAYLIGHT,NO CONTROLS,NONE DETECTED,NONE DETECTED,0AEA7410-D1FA-413E-83C3-E56007F0E597,PEDESTRIAN,Cross/Enter not at Intersection,NO IMPROPER ACTIONS,ON ROADWAY NOT AT CROSSWALK,N/A,N/A,Unknown,POSSIBLE INJURY,N/A,39.02497833,-77.12484,"(39.02497833, -77.12484)"
DD56200009,16062592,Rockville Police Departme,Injury Crash,12/06/2016 11:18:00 AM,Maryland (State),HUNGERFORD DR,Municipality,A ST,,ROCKVILLE,PEDESTRIAN,SINGLE VEHICLE,RAINING,WET,DAYLIGHT,TRAFFIC SIGNAL,UNKNOWN,NONE DETECTED,9AB1DD10-092D-4EBD-AF51-4B399B8E6EB0,PEDESTRIAN,Cross/Enter at Intersection,NO IMPROPER ACTIONS,SIDEWALK,NO PED. SIGNAL,MIXED CLOTHING,No,POSSIBLE INJURY,NONE,39.0919869,-77.15315223,"(39.0919869, -77.15315223)"
MCP2422001F,16038233,Montgomery County Police,Injury Crash,07/28/2016 05:42:00 PM,Maryland (State),WOODFIELD RD,County,AIRPARK RD,,N/A,BICYCLIST,OTHER,RAINING,WET,DAYLIGHT,YIELD SIGN,N/A,NONE DETECTED,C9E7C8D3-5EB2-4F34-9AD8-789DBFF3176D,BICYCLIST,Cross/Enter at Intersection,NO IMPROPER ACTIONS,AT INTERSECTION MARKED CROSSWALK,N/A,REFLECTIVE MATERIAL,No,SUSPECTED MINOR INJURY,N/A,39.168425,-77.155045,"(39.168425, -77.155045)"
MCP1123001D,16056831,Montgomery County Police,Injury Crash,11/04/2016 06:16:00 AM,Maryland (State),UNIVERSITY BLVD W,County,INWOOD AVE,,N/A,PEDESTRIAN,SINGLE VEHICLE,CLEAR,DRY,DARK LIGHTS ON,TRAFFIC SIGNAL,UNKNOWN,NONE DETECTED,02EB5EA1-D1E4-412C-A02A-DF3FB8C15212,PEDESTRIAN,Cross/Enter at Intersection,FAILURE TO YIELD RIGHT OF WAY,AT INTERSECTION MARKED CROSSWALK,DISOBEYED PED. SIGNAL,MIXED CLOTHING,Yes,SUSPECTED SERIOUS INJURY,NONE,39.03623167,-77.03778167,"(39.03623167, -77.03778167)"
MCP3160003D,220011176,Montgomery County Police,Injury Crash,03/15/2022 03:23:00 PM,Maryland (State),EAST WEST HWY,Government,BEACH DR,,N/A,BICYCLIST,STRAIGHT MOVEMENT ANGLE,CLEAR,DRY,DAYLIGHT,FLASHING TRAFFIC SIGNAL,NONE DETECTED,NONE DETECTED,A5FAD599-CE6C-4B29-80EC-02135AB8F3B2,BICYCLIST,Cross/Enter at Intersection,UNKNOWN,SHOULDER,UNKNOWN,MIXED CLOTHING,No,SUSPECTED SERIOUS INJURY,MC/BIKE HELMET,38.99323167,-77.06343333,"(38.99323167, -77.06343333)"
MCP30580036,190052818,Montgomery County Police,Injury Crash,11/02/2019 04:25:00 PM,Maryland (State),DARNESTOWN RD,County,JONES LA,,N/A,BICYCLIST,HEAD ON LEFT TURN,CLEAR,DRY,DAYLIGHT,NO CONTROLS,NONE DETECTED,NONE DETECTED,17E43519-AF52-4263-A66E-71628737CF3A,BICYCLIST,Cross/Enter at Intersection,NO IMPROPER ACTIONS,AT INTERSECTION BUT NO CROSSWALK,NO PED. SIGNAL,MIXED CLOTHING,No,SUSPECTED SERIOUS INJURY,MC/BIKE HELMET,39.11395333,-77.26745667,"(39.11395333, -77.26745667)"
MCP1205003Y,180007498,Montgomery County Police,Injury Crash,02/13/2018 10:35:00 AM,County,BROOKVILLE RD,Unknown,ENT ARMY MED CTR,,N/A,BICYCLIST,HEAD ON LEFT TURN,CLEAR,DRY,DAYLIGHT,TRAFFIC SIGNAL,NONE DETECTED,NONE DETECTED,4E751561-8EF4-4DBC-8D45-0987CBBB6212,BICYCLIST,Walking/Riding w/Traffic,NO IMPROPER ACTIONS,ON ROADWAY AT CROSSWALK,OBEYED PED. SIGNAL,UNKNOWN,No,SUSPECTED MINOR INJURY,MC/BIKE HELMET,39.00247,-77.05305333,"(39.00247, -77.05305333)"
MCP2941003D,190023030,Montgomery County Police,Injury Crash,05/15/2019 11:02:00 PM,Maryland (State),EAST WEST HWY,County,BLAIR MILL RD,,N/A,PEDESTRIAN,N/A,CLEAR,DRY,DUSK,OTHER,NONE DETECTED,NONE DETECTED,890C0F1D-3E80-4862-B5AD-B1217D49EB30,PEDESTRIAN,Cross/Enter at Intersection,NO IMPROPER ACTIONS,AT INTERSECTION MARKED CROSSWALK,OBEYED PED. SIGNAL,MIXED CLOTHING,No,POSSIBLE INJURY,NONE,38.98902667,-77.0279,"(38.98902667, -77.0279)"
MCP3034003W,190060536,Montgomery County Police,Injury Crash,12/16/2019 08:26:00 AM,Maryland (State),WISCONSIN AVE,County,WISCONSIN CIR,,N/A,PEDESTRIAN,N/A,RAINING,WET,DAYLIGHT,TRAFFIC SIGNAL,NONE DETECTED,NONE DETECTED,109F257D-98E7-404F-84E4-381A92D3BD73,PEDESTRIAN,Cross/Enter at Intersection,NO IMPROPER ACTIONS,ON ROADWAY AT CROSSWALK,OBEYED PED. SIGNAL,DARK CLOTHING,No,POSSIBLE INJURY,NONE,38.96203833,-77.086235,"(38.96203833, -77.086235)"
MCP30020030,180061734,Montgomery County Police,Injury Crash,12/10/2018 05:20:00 PM,Government,LITTLE FALLS PKWY,County,ARLINGTON RD,,N/A,PEDESTRIAN,OTHER,CLEAR,DRY,DARK LIGHTS ON,NO CONTROLS,NONE DETECTED,NONE DETECTED,EF4FEA7C-2502-40EA-8234-FE6B876B3F19,PEDESTRIAN,Cross/Enter not at Intersection,FAILURE TO YIELD RIGHT OF WAY,ON ROADWAY AT CROSSWALK,NO PED. SIGNAL,DARK CLOTHING,Yes,SUSPECTED MINOR INJURY,NONE,38.97350833,-77.10131167,"(38.97350833, -77.10131167)"
MCP21870013,220025540,Montgomery County Police,Injury Crash,06/14/2022 09:50:00 AM,County,FIELDS RD,Municipality,RIO BLVD,,GAITHERSBURG,PEDESTRIAN,OTHER,CLEAR,DRY,DAYLIGHT,TRAFFIC SIGNAL,NONE DETECTED,NONE DETECTED,BD85CAF7-6D76-482A-96AA-6C571F2E7154,PEDESTRIAN,Cross/Enter not at Intersection,FAILURE TO YIELD RIGHT OF WAY,ON ROADWAY NOT AT CROSSWALK,NO PED. SIGNAL,MIXED CLOTHING,Yes,SUSPECTED MINOR INJURY,NONE,39.11546,-77.20414833,"(39.11546, -77.20414833)"
MCP12510010,17000585,Montgomery County Police,Injury Crash,01/04/2017 01:45:00 PM,Maryland (State),RIVER RD,County,BRADLEY BLVD,,N/A,BICYCLIST,HEAD ON LEFT TURN,CLEAR,DRY,DAYLIGHT,TRAFFIC SIGNAL,NONE DETECTED,NONE DETECTED,2853495C-7C37-42AD-8831-E52924D95BC7,BICYCLIST,Cross/Enter at Intersection,NO IMPROPER ACTIONS,AT INTERSECTION BUT NO CROSSWALK,UNKNOWN,REFLECTIVE MATERIAL,No,SUSPECTED MINOR INJURY,MC/BIKE HELMET,39.00204464,-77.18083799,"(39.00204464, -77.18083799)"
DD5620004P,190049453,Rockville Police Departme,Property Damage Crash,10/15/2019 01:50:00 PM,Municipality,ANDERSON AVE,Municipality,MANNAKEE ST,,ROCKVILLE,OTHER,STRAIGHT MOVEMENT ANGLE,CLEAR,DRY,DAYLIGHT,STOP SIGN,NONE DETECTED,N/A,0AF2C8E9-A24F-4BC4-B42A-913071C6B817,OTHER,N/A,N/A,INSIDE BUILDING,N/A,N/A,No,NO APPARENT INJURY,N/A,39.08694417,-77.1672065,"(39.08694417, -77.1672065)"
MCP2991004J,200032494,Montgomery County Police,Injury Crash,08/20/2020 09:00:00 AM,,OLD BALTIMORE ROAD,,WINTER MORNING WAY,,N/A,PEDESTRIAN,SINGLE VEHICLE,N/A,DRY,DAYLIGHT,NO CONTROLS,NONE DETECTED,NONE DETECTED,090BA119-7EE3-41AD-80DD-DC71673C8034,PEDESTRIAN,Cross/Enter at Intersection,NO IMPROPER ACTIONS,ON ROADWAY AT CROSSWALK,N/A,LIGHT CLOTHING,No,POSSIBLE INJURY,N/A,39.1422915,-77.05742067,"(39.1422915, -77.05742067)"
MCP2001001S,220027189,Montgomery County Police,Fatal Crash,06/24/2022 04:30:00 AM,Maryland (State),GEORGIA AVE,County,ROSSMOOR BLVD,,N/A,PEDESTRIAN,SINGLE VEHICLE,CLEAR,DRY,DARK NO LIGHTS,NO CONTROLS,NONE DETECTED,N/A,47FBE4D0-CEC8-4C4C-900A-7D45E68A1A18,PEDESTRIAN,Cross/Enter not at Intersection,IN ROADWAY IMPROPERLY,ON ROADWAY NOT AT CROSSWALK,NO PED. SIGNAL,DARK CLOTHING,Yes,FATAL INJURY,N/A,39.09968167,-77.07761667,"(39.09968167, -77.07761667)"
MCP29050017,15034795,MONTGOMERY,Property Damage Crash,07/15/2015 03:51:00 PM,County,PERSIMMON TREE RD,County,SAUNDERS LA,,N/A,BICYCLIST,SAME DIRECTION SIDESWIPE,CLEAR,DRY,DAYLIGHT,NO CONTROLS,NONE DETECTED,NONE DETECTED,4228B66E-7424-47B1-AFE7-A5D9EC71A9CD,BICYCLIST,Walking/Riding w/Traffic,UNKNOWN,ON ROADWAY NOT AT CROSSWALK,N/A,LIGHT CLOTHING,Unknown,NO APPARENT INJURY,MC/BIKE HELMET,38.99170667,-77.17801333,"(38.99170667, -77.17801333)"
DD5624002M,190023541,Rockville Police Departme,Injury Crash,05/18/2019 03:11:00 PM,Municipality,BALTIMORE RD,Municipality,WOODBURN RD,,ROCKVILLE,PEDESTRIAN,OTHER,CLEAR,DRY,DAYLIGHT,NO CONTROLS,UNKNOWN,NONE DETECTED,F639F111-9422-445F-8736-3EB9E9222845,PEDESTRIAN,Unknown,UNKNOWN,ON ROADWAY NOT AT CROSSWALK,N/A,MIXED CLOTHING,Unknown,SUSPECTED MINOR INJURY,N/A,39.08389553,-77.13346669,"(39.08389553, -77.13346669)"
MCP2892006B,190019056,Montgomery County Police,Injury Crash,04/23/2019 05:16:00 PM,County,SEMINARY RD,County,WARREN ST,,N/A,PEDESTRIAN,OTHER,CLEAR,DRY,DAYLIGHT,OTHER,NONE DETECTED,NONE DETECTED,FF909D17-9457-4564-AAC3-35FF7F091DA8,PEDESTRIAN,Cross/Enter at Intersection,DART DASH,ON ROADWAY AT CROSSWALK,N/A,DARK CLOTHING,No,POSSIBLE INJURY,NONE,39.01063611,-77.04838361,"(39.01063611, -77.04838361)"
MCP3246001F,220019023,Montgomery County Police,Injury Crash,05/04/2022 09:37:00 PM,Maryland (State),LAYHILL RD,County,GLENALLAN AVE,,N/A,PEDESTRIAN,OTHER,CLEAR,DRY,DARK LIGHTS ON,STOP SIGN,NONE DETECTED,NONE DETECTED,DDDD3956-29F0-4E9D-8077-1155303449E4,PEDESTRIAN,Cross/Enter at Intersection,OTHER,DRIVEWAY ACCESS MARKED CROSSWALK,NO PED. SIGNAL,DARK CLOTHING,No,SUSPECTED MINOR INJURY,N/A,39.0651185,-77.04827733,"(39.0651185, -77.04827733)"
MCP2675001D,17007959,Montgomery County Police,Injury Crash,02/13/2017 09:49:00 PM,County,REEDIE DR,Maryland (State),GEORGIA AVE,,N/A,PEDESTRIAN,SINGLE VEHICLE,CLEAR,DRY,DARK LIGHTS ON,TRAFFIC SIGNAL,NONE DETECTED,NONE DETECTED,24F2D624-4838-4284-8D49-6E15F8AAD356,PEDESTRIAN,Cross/Enter at Intersection,NO IMPROPER ACTIONS,AT INTERSECTION MARKED CROSSWALK,OBEYED PED. SIGNAL,MIXED CLOTHING,No,SUSPECTED MINOR INJURY,N/A,39.03864883,-77.05099359,"(39.03864883, -77.05099359)"
MCP2612000T,15016657,Montgomery County Police,Injury Crash,04/10/2015 06:01:00 PM,,,,,Parking lot of 13701 Georgia Ave,,PEDESTRIAN,OTHER,CLOUDY,,DAYLIGHT,NO CONTROLS,NONE DETECTED,NONE DETECTED,7E4FBCCA-9BA0-4E57-8896-4438B59B6C07,PEDESTRIAN,Push/Work on Vehicle,NO IMPROPER ACTIONS,OTHER,NO PED. SIGNAL,OTHER,,SUSPECTED MINOR INJURY,N/A,39.080295,-77.07336,"(39.080295, -77.07336)"
MCP28050044,210013780,Montgomery County Police,Injury Crash,04/13/2021 12:15:00 PM,,,,,"PL OF 18816 WALKERS CHOICE RD, MONTGOMERY VILLAGE, MD 20886",,PEDESTRIAN,SINGLE VEHICLE,CLOUDY,,DAYLIGHT,NO CONTROLS,NONE DETECTED,NONE DETECTED,4AC974E0-58A7-4E55-B410-1A0ED2A59FD9,PEDESTRIAN,Standing,OTHER,OTHER,N/A,DARK CLOTHING,Yes,SUSPECTED MINOR INJURY,N/A,39.16459195,-77.20568755,"(39.16459195, -77.20568755)"
MCP0036003X,16018262,Montgomery County Police,Injury Crash,04/14/2016 01:44:00 PM,,,,,ON OBSERVATION DR AT 20200 OBSERVATION DR ON THE CAMPUS OF MONTGOMERY COLLEGE,,BICYCLIST,STRAIGHT MOVEMENT ANGLE,CLEAR,,DAYLIGHT,YIELD SIGN,NONE DETECTED,NONE DETECTED,33CDB54A-1A1B-4B4C-9B91-C157573536C2,BICYCLIST,Cross/Enter at Intersection,NO IMPROPER ACTIONS,ON ROADWAY AT CROSSWALK,NO PED. SIGNAL,MIXED CLOTHING,No,SUSPECTED SERIOUS INJURY,NONE,39.18691667,-77.24864667,"(39.18691667, -77.24864667)"
MCP3112002D,190027724,Montgomery County Police,Injury Crash,06/02/2019 11:30:00 AM,County,DANIEL RD,County,WYNDALE RD,,N/A,BICYCLIST,OTHER,UNKNOWN,UNKNOWN,DAYLIGHT,STOP SIGN,UNKNOWN,NONE DETECTED,9B542971-DCFF-45FF-A95D-975372620C10,BICYCLIST,Walking/Riding w/Traffic,NO IMPROPER ACTIONS,ON ROADWAY NOT AT CROSSWALK,NO PED. SIGNAL,UNKNOWN,No,SUSPECTED MINOR INJURY,MC/BIKE HELMET,38.98528268,-77.05698994,"(38.98528268, -77.05698994)"
MCP30930013,180049326,Montgomery County Police,Injury Crash,10/02/2018 07:03:00 PM,Municipality,DORSET AVE,Municipality,SURREY ST,,SOMERSET,PEDESTRIAN,N/A,N/A,DRY,DUSK,STOP SIGN,N/A,N/A,F3FF5CC8-4504-4B4C-B2F0-055B80E356B3,PEDESTRIAN,Cross/Enter at Intersection,NO IMPROPER ACTIONS,ON ROADWAY NOT AT CROSSWALK,UNKNOWN,LIGHT CLOTHING,No,POSSIBLE INJURY,NONE,38.97400645,-77.08780796,"(38.97400645, -77.08780796)"
MCP25980022,180058978,Montgomery County Police,Injury Crash,11/25/2018 05:01:00 PM,County,BONIFANT ST,US (State),GEORGIA AVE,,N/A,PEDESTRIAN,STRAIGHT MOVEMENT ANGLE,CLEAR,DRY,DARK LIGHTS ON,NO CONTROLS,NONE DETECTED,NONE DETECTED,05032B3E-FEC6-4EC7-B089-C4375E9BA1D4,PEDESTRIAN,Cross/Enter not at Intersection,INATTENTIVE,ON ROADWAY NOT AT CROSSWALK,N/A,DARK CLOTHING,Yes,POSSIBLE INJURY,NONE,38.99346635,-77.0261458,"(38.99346635, -77.0261458)"
MCP2687001T,17013092,Montgomery County Police,Injury Crash,03/13/2017 01:25:00 PM,County,ARLINGTON RD,County,ELM ST,,N/A,PEDESTRIAN,OTHER,CLEAR,DRY,DAYLIGHT,PERSON,NONE DETECTED,N/A,FD67E159-D78C-4915-9A81-CB72479A0F53,PEDESTRIAN,Cross/Enter at Intersection,NO IMPROPER ACTIONS,AT INTERSECTION MARKED CROSSWALK,OBEYED PED. SIGNAL,LIGHT CLOTHING,No,POSSIBLE INJURY,NONE,38.98206798,-77.09851563,"(38.98206798, -77.09851563)"