Report Number,Local Case Number,Agency Name,ACRS Report Type,Crash Date/Time,Route Type,Road Name,Cross-Street Type,Cross-Street Name,Off-Road Description,Municipality,Related Non-Motorist,Collision Type,Weather,Surface Condition,Light,Traffic Control,Driver Substance Abuse,Non-Motorist Substance Abuse,Person ID,Pedestrian Type,Pedestrian Movement,Pedestrian Actions,Pedestrian Location,Pedestrian Obeyed Traffic Signal,Pedestrian Visibility,At Fault,Injury Severity,Safety Equipment,Latitude,Longitude,Location
MCP3218001Q,210024842,Montgomery County Police,Injury Crash,06/28/2021 07:23:00 PM,Maryland (State),UNIVERSITY BLVD W,Government,SLIGO CREEK PKWY,,N/A,BICYCLIST,STRAIGHT MOVEMENT ANGLE,CLEAR,DRY,DAYLIGHT,TRAFFIC SIGNAL,NONE DETECTED,NONE DETECTED,1C4DCAD5-CA1A-4396-975E-AD4D1952F454,BICYCLIST,Cross/Enter at Intersection,NO IMPROPER ACTIONS,IN BIKEWAY,OBEYED PED. SIGNAL,LIGHT CLOTHING,No,POSSIBLE INJURY,MC/BIKE HELMET,39.03638017,-77.03056433,"(39.03638017, -77.03056433)"
MCP1301000G,15053502,MONTGOMERY,Fatal Crash,10/21/2015 06:57:00 PM,Maryland (State),RIVER RD,County,SPRINGFIELD DR,,N/A,PEDESTRIAN,SINGLE VEHICLE,CLEAR,DRY,DARK LIGHTS ON,TRAFFIC SIGNAL,NONE DETECTED,UNKNOWN,3432E867-65D8-4DBE-94A0-E1A0C7E10EB8,PEDESTRIAN,Cross/Enter at Intersection,UNKNOWN,ON ROADWAY AT CROSSWALK,UNKNOWN,MIXED CLOTHING,Unknown,FATAL INJURY,N/A,38.96981966,-77.11203933,"(38.96981966, -77.11203933)"
MCP2719001Y,170532901,Montgomery County Police,Injury Crash,09/24/2017 06:30:00 PM,County,SHOREFIELD RD,Maryland (State),GEORGIA AVE,,N/A,PEDESTRIAN,OTHER,CLEAR,DRY,DUSK,OTHER,NONE DETECTED,NONE DETECTED,2FCF8946-174B-4DD9-AB56-75B444752902,PEDESTRIAN,Cross/Enter at Intersection,NO IMPROPER ACTIONS,ON ROADWAY AT CROSSWALK,OBEYED PED. SIGNAL,LIGHT CLOTHING,No,SUSPECTED SERIOUS INJURY,NONE,39.05288333,-77.0515,"(39.05288333, -77.0515)"
MCP29300021,210049298,Montgomery County Police,Injury Crash,12/04/2021 08:30:00 PM,,,,,PARKING LOT AT 12301 GEORGIA AVE (MCDONALDS),,PEDESTRIAN,OTHER,CLEAR,,DARK LIGHTS ON,NO CONTROLS,UNKNOWN,NONE DETECTED,4C488E43-F17C-4A4D-B621-C17ABFC2DB02,PEDESTRIAN,Other,UNKNOWN,OTHER,N/A,MIXED CLOTHING,No,POSSIBLE INJURY,NONE,39.05915086,-77.04962114,"(39.05915086, -77.04962114)"
MCP23570024,170501222,Montgomery County Police,Injury Crash,04/09/2017 10:09:00 AM,US (State),GEORGIA AVE,County,SILVER SPRING AVE,,N/A,PEDESTRIAN,SAME DIR REAR END,CLEAR,N/A,DAYLIGHT,TRAFFIC SIGNAL,NONE DETECTED,N/A,374CE382-C6E1-471D-9343-2C19A17A408B,PEDESTRIAN,N/A,N/A,SIDEWALK,N/A,N/A,No,NO APPARENT INJURY,N/A,38.99150667,-77.02683833,"(38.99150667, -77.02683833)"
DD5630000B,180035731,Rockville Police Departme,Injury Crash,07/19/2018 11:35:00 AM,Municipality,MONROE ST,Municipality,FLEET ST,,ROCKVILLE,PEDESTRIAN,OTHER,CLEAR,DRY,DAYLIGHT,TRAFFIC SIGNAL,NONE DETECTED,NONE DETECTED,7CBC03F4-C555-4A5A-BC96-2707699892AE,PEDESTRIAN,Cross/Enter at Intersection,N/A,ON ROADWAY AT CROSSWALK,OBEYED PED. SIGNAL,MIXED CLOTHING,No,SUSPECTED MINOR INJURY,NONE,39.08073411,-77.14995772,"(39.08073411, -77.14995772)"
MCP31560011,190048989,Montgomery County Police,Injury Crash,10/12/2019 01:03:00 AM,Maryland (State),16TH ST,Maryland (State),EAST WEST HWY,,N/A,PEDESTRIAN,SINGLE VEHICLE,CLEAR,DRY,DARK LIGHTS ON,TRAFFIC SIGNAL,UNKNOWN,NONE DETECTED,2BA8C315-B7A3-49EE-8C45-FA01C96C839F,PEDESTRIAN,Cross/Enter at Intersection,FAILURE TO OBEY TRAFFIC SIGNS SIGNALS OR OFFICER,ON ROADWAY AT CROSSWALK,NO PED. SIGNAL,DARK CLOTHING,Yes,SUSPECTED MINOR INJURY,NONE,38.99460544,-77.03637746,"(38.99460544, -77.03637746)"
MCP1309000Z,170540675,Montgomery County Police,Injury Crash,11/03/2017 01:15:00 PM,County,SHAKESPEARE BLVD,Maryland (State),FREDERICK RD,,N/A,PEDESTRIAN,OTHER,CLEAR,DRY,DAYLIGHT,NO CONTROLS,NONE DETECTED,NONE DETECTED,E2B78726-07A4-455B-AA06-06DA61850847,PEDESTRIAN,Cross/Enter not at Intersection,IN ROADWAY IMPROPERLY,ON ROADWAY NOT AT CROSSWALK,NO PED. SIGNAL,LIGHT CLOTHING,Yes,SUSPECTED MINOR INJURY,N/A,39.19820167,-77.2457,"(39.19820167, -77.2457)"
MCP2798005C,220050333,Montgomery County Police,Injury Crash,11/15/2022 04:28:00 PM,County,FATHER HURLEY BLVD,County,CRYSTAL ROCK DR,,N/A,PEDESTRIAN,OTHER,N/A,DRY,DAYLIGHT,TRAFFIC SIGNAL,NONE DETECTED,NONE DETECTED,C35513A4-313B-47D6-AD11-327FD2F303C4,PEDESTRIAN,Cross/Enter at Intersection,NO IMPROPER ACTIONS,AT INTERSECTION MARKED CROSSWALK,OBEYED PED. SIGNAL,MIXED CLOTHING,No,POSSIBLE INJURY,NONE,39.18486333,-77.2605,"(39.18486333, -77.2605)"
MCP25150008,15059340,MONTGOMERY,Injury Crash,11/20/2015 04:30:00 PM,County,BARTON MANOR LA,Maryland (State),OLNEY LAYTONSVILLE RD,,N/A,PEDESTRIAN,N/A,CLEAR,DRY,DAYLIGHT,STOP SIGN,NONE DETECTED,NONE DETECTED,7FAB2C91-94CB-4D0C-8A8D-59432FD2E655,PEDESTRIAN,Standing,INATTENTIVE,ON ROADWAY NOT AT CROSSWALK,N/A,MIXED CLOTHING,No,SUSPECTED MINOR INJURY,NONE,39.20126667,-77.136455,"(39.20126667, -77.136455)"
DD56420029,210046901,Rockville Police Departme,Injury Crash,11/18/2021 07:13:00 PM,Municipality,MARYLAND AVE,Municipality,E MIDDLE LA,,ROCKVILLE,PEDESTRIAN,STRAIGHT MOVEMENT ANGLE,RAINING,WET,DARK LIGHTS ON,TRAFFIC SIGNAL,NONE DETECTED,NONE DETECTED,99716B2C-8BF8-4BE5-9DEC-1DA41FA94DEA,PEDESTRIAN,Cross/Enter at Intersection,NOT VISIBLE,ON ROADWAY AT CROSSWALK,OBEYED PED. SIGNAL,DARK CLOTHING,No,SUSPECTED MINOR INJURY,N/A,39.08494882,-77.15093401,"(39.08494882, -77.15093401)"
MCP9134000G,16060824,Montgomery County Police,Injury Crash,11/26/2016 10:57:00 PM,County,WAYNE AVE,US (State),GEORGIA AVE,,N/A,PEDESTRIAN,OTHER,CLEAR,DRY,DARK LIGHTS ON,TRAFFIC SIGNAL,NONE DETECTED,ALCOHOL PRESENT,A8332BA4-EACB-4534-A1EF-AFFBFE2487BF,PEDESTRIAN,Cross/Enter at Intersection,IN ROADWAY IMPROPERLY,ON ROADWAY AT CROSSWALK,DISOBEYED PED. SIGNAL,DARK CLOTHING,Yes,SUSPECTED MINOR INJURY,NONE,38.99450833,-77.02728667,"(38.99450833, -77.02728667)"
MCP158000BH,190025744,Montgomery County Police,Injury Crash,05/30/2019 10:22:00 AM,,,,,"15740 SHADY GROVE RD,  HOME DEPOT STORE PARKING LOT",,PEDESTRIAN,OTHER,CLEAR,,DAYLIGHT,N/A,NONE DETECTED,NONE DETECTED,413A20BC-D49C-47CD-B5E8-24B483D86EFB,PEDESTRIAN,Other,NO IMPROPER ACTIONS,OTHER,N/A,MIXED CLOTHING,No,SUSPECTED MINOR INJURY,N/A,39.11479667,-77.18677833,"(39.11479667, -77.18677833)"
MCP2940000W,16048893,Montgomery County Police,Injury Crash,09/23/2016 08:31:00 AM,Maryland (State),WISCONSIN AVE,County,BETHESDA AVE,,N/A,PEDESTRIAN,OTHER,CLEAR,DRY,DAYLIGHT,TRAFFIC SIGNAL,NONE DETECTED,NONE DETECTED,C1CB4330-3F61-4945-8D6F-B6F749F23562,PEDESTRIAN,Cross/Enter at Intersection,NO IMPROPER ACTIONS,AT INTERSECTION MARKED CROSSWALK,OBEYED PED. SIGNAL,LIGHT CLOTHING,No,POSSIBLE INJURY,NONE,38.98105467,-77.09281325,"(38.98105467, -77.09281325)"
MCP3099001G,190022361,Montgomery County Police,Injury Crash,05/12/2019 11:16:00 AM,County,MIDDLEBROOK RD,County,FATHER HURLEY BLVD,,N/A,PEDESTRIAN,SINGLE VEHICLE,RAINING,WET,DAYLIGHT,TRAFFIC SIGNAL,NONE DETECTED,NONE DETECTED,5DFC8F70-891D-4F73-B98C-5012375D76DA,PEDESTRIAN,Cross/Enter at Intersection,IN ROADWAY IMPROPERLY,AT INTERSECTION MARKED CROSSWALK,DISOBEYED PED. SIGNAL,MIXED CLOTHING,Yes,POSSIBLE INJURY,N/A,39.1841141,-77.27354314,"(39.1841141, -77.27354314)"
DD5605003M,170508663,Rockville Police Departme,Injury Crash,05/19/2017 12:35:00 PM,Municipality,N WASHINGTON ST,Municipality,MARTINS LA,,ROCKVILLE,PEDESTRIAN,OTHER,CLEAR,DRY,DAYLIGHT,TRAFFIC SIGNAL,NONE DETECTED,NONE DETECTED,C6E84E59-1114-49DE-9C65-4823196E1D1B,PEDESTRIAN,Cross/Enter at Intersection,NO IMPROPER ACTIONS,ON ROADWAY AT CROSSWALK,OBEYED PED. SIGNAL,MIXED CLOTHING,No,POSSIBLE INJURY,N/A,39.09087417,-77.15379283,"(39.09087417, -77.15379283)"
MCP13780047,15004900,Montgomery County Police,Injury Crash,01/30/2015 06:09:00 PM,,,,,DRIVEWAY ENTRANCE TO 390 N. SUMMIT AVE,,PEDESTRIAN,SINGLE VEHICLE,CLEAR,,DARK LIGHTS ON,NO CONTROLS,NONE DETECTED,NONE DETECTED,DE93EAB7-9CAF-4AF4-BFB2-359B65F1B81B,PEDESTRIAN,Cross/Enter at Intersection,NO IMPROPER ACTIONS,DRIVEWAY ACCESS MARKED CROSSWALK,NO PED. SIGNAL,DARK CLOTHING,,SUSPECTED MINOR INJURY,N/A,39.14908,-77.19287667,"(39.14908, -77.19287667)"
MCP31650032,210037948,Montgomery County Police,Injury Crash,09/25/2021 11:20:00 AM,County,GREENCASTLE RD,County,OLD COLUMBIA PIKE,,N/A,PEDESTRIAN,SINGLE VEHICLE,CLEAR,DRY,DAYLIGHT,N/A,NONE DETECTED,NONE DETECTED,2186FD23-E5A8-4679-999B-9016B262655A,PEDESTRIAN,Cross/Enter not at Intersection,INATTENTIVE,ON ROADWAY NOT AT CROSSWALK,NO PED. SIGNAL,LIGHT CLOTHING,No,POSSIBLE INJURY,NONE,39.09803833,-76.94348833,"(39.09803833, -76.94348833)"
MCP31690016,190032641,Montgomery County Police,Injury Crash,07/09/2019 07:24:00 PM,County,DILSTON RD,County,AVENEL RD,,N/A,BICYCLIST,OTHER,CLEAR,DRY,DAYLIGHT,NO CONTROLS,NONE DETECTED,N/A,18C88018-8D95-4C5E-9ADE-221E38B2D503,BICYCLIST,Cross/Enter not at Intersection,DART DASH,ON ROADWAY NOT AT CROSSWALK,N/A,DARK CLOTHING,Yes,SUSPECTED SERIOUS INJURY,NONE,39.01231692,-76.98125379,"(39.01231692, -76.98125379)"
MCP3109005F,210016670,Montgomery County Police,Injury Crash,05/04/2021 08:28:00 AM,US (State),COLESVILLE RD,Government,SLIGO CREEK PKWY,,N/A,BICYCLIST,STRAIGHT MOVEMENT ANGLE,CLEAR,DRY,DAYLIGHT,TRAFFIC SIGNAL,NONE DETECTED,NONE DETECTED,45E53F3E-82B1-48E0-B292-E6E498F073F4,BICYCLIST,Cross/Enter at Intersection,NO IMPROPER ACTIONS,ON ROADWAY AT CROSSWALK,OBEYED PED. SIGNAL,DARK CLOTHING,No,POSSIBLE INJURY,MC/BIKE HELMET,39.00775,-77.01983133,"(39.00775, -77.01983133)"
MCP2348002Z,170529727,Montgomery County Police,Injury Crash,09/10/2017 02:46:00 PM,,,,,PARKING LOT OF 2201 RANDOLPH RD,,PEDESTRIAN,SINGLE VEHICLE,CLEAR,,DAYLIGHT,NO CONTROLS,NONE DETECTED,NONE DETECTED,80B97B78-5A47-49EE-8DBF-D46FFA064ABF,PEDESTRIAN,Other,NO IMPROPER ACTIONS,OTHER,NO PED. SIGNAL,MIXED CLOTHING,No,SUSPECTED MINOR INJURY,N/A,39.05990167,-77.04767167,"(39.05990167, -77.04767167)"
MCP27550015,180000043,Montgomery County Police,Injury Crash,01/05/2018 05:26:00 AM,County,ARCOLA AVE,County,NAIRN RD,,N/A,PEDESTRIAN,SINGLE VEHICLE,N/A,DRY,DARK -- UNKNOWN LIGHTING,N/A,UNKNOWN,UNKNOWN,38A814BB-1425-49C4-9B46-48CE617C9561,PEDESTRIAN,Unknown,IN ROADWAY IMPROPERLY,ON ROADWAY NOT AT CROSSWALK,NO PED. SIGNAL,OTHER,Yes,POSSIBLE INJURY,N/A,39.04717746,-77.04195857,"(39.04717746, -77.04195857)"
MCP3112002Z,190039192,Montgomery County Police,Injury Crash,08/16/2019 05:54:00 PM,Maryland (State),WISCONSIN AVE,County,MIDDLETON LA,,N/A,PEDESTRIAN,OTHER,N/A,DRY,DAYLIGHT,NO CONTROLS,NONE DETECTED,NONE DETECTED,FA7EDD0F-F3B0-40A1-B656-2E6B78FD6463,PEDESTRIAN,Cross/Enter at Intersection,NO IMPROPER ACTIONS,ON ROADWAY AT CROSSWALK,NO PED. SIGNAL,MIXED CLOTHING,No,SUSPECTED SERIOUS INJURY,N/A,38.98683767,-77.09462283,"(38.98683767, -77.09462283)"
MCP2094007Z,17010504,Montgomery County Police,Injury Crash,02/27/2017 02:11:00 PM,,,,,"PARKING LOT OF 

10100 RIVER RD",,PEDESTRIAN,OTHER,CLOUDY,,DAYLIGHT,N/A,NONE DETECTED,NONE DETECTED,6BD704BD-F065-44EB-8F8E-FA33E5FF54FD,PEDESTRIAN,Other,NO IMPROPER ACTIONS,OTHER,N/A,MIXED CLOTHING,No,SUSPECTED SERIOUS INJURY,N/A,39.01692,-77.20789333,"(39.01692, -77.20789333)"
DD561500CL,220023561,Rockville Police Departme,Injury Crash,06/02/2022 09:00:00 AM,,,,,"PARKING LOT OF 250 RICHARD MONTGOMERY DR ROCKVILLE, MARYLAND",,PEDESTRIAN,SINGLE VEHICLE,CLEAR,,DAYLIGHT,NO CONTROLS,NONE DETECTED,NONE DETECTED,DE2EADF2-BF90-4131-931B-1536125F0A9C,PEDESTRIAN,Walking to/from school,DART DASH,OTHER,N/A,LIGHT CLOTHING,No,POSSIBLE INJURY,NONE,39.07936509,-77.14508319,"(39.07936509, -77.14508319)"
MCP289200D0,220049701,Montgomery County Police,Injury Crash,11/10/2022 03:45:00 PM,,,,,SIDEWALK ADJACENT TO THE 7-11 PARKING LOT,,PEDESTRIAN,SINGLE VEHICLE,CLEAR,,DAYLIGHT,N/A,NONE DETECTED,NONE DETECTED,16B4244D-15B3-4B6F-8DF2-34A753005E3A,PEDESTRIAN,Cross/Enter at Intersection,NO IMPROPER ACTIONS,SIDEWALK,NO PED. SIGNAL,MIXED CLOTHING,No,POSSIBLE INJURY,NONE,39.02042767,-77.01280721,"(39.02042767, -77.01280721)"
DD5631001H,180059461,Rockville Police Departme,Injury Crash,11/28/2018 12:30:00 PM,Municipality,E MIDDLE LA,Municipality,MARYLAND AVE,,ROCKVILLE,PEDESTRIAN,OTHER,CLEAR,DRY,DAYLIGHT,STOP SIGN,NONE DETECTED,NONE DETECTED,DA0BEF07-CF36-42F7-8289-9B531FC4987D,PEDESTRIAN,Cross/Enter at Intersection,NO IMPROPER ACTIONS,ON ROADWAY AT CROSSWALK,NO PED. SIGNAL,MIXED CLOTHING,No,SUSPECTED MINOR INJURY,NONE,39.08479667,-77.15058,"(39.08479667, -77.15058)"
MCP3358000G,230019203,Montgomery County Police,Injury Crash,04/22/2023 10:10:00 AM,Municipality,LELAND ST,Municipality,OAK LA,,CHEVY CHASE #4,BICYCLIST,STRAIGHT MOVEMENT ANGLE,CLEAR,DRY,DAYLIGHT,STOP SIGN,N/A,N/A,EBACE963-7760-4A4E-9499-DC20CF6734C8,BICYCLIST,Cross/Enter at Intersection,FAILURE TO OBEY TRAFFIC SIGNS SIGNALS OR OFFICER,ON ROADWAY NOT AT CROSSWALK,N/A,N/A,Yes,SUSPECTED MINOR INJURY,MC/BIKE HELMET,38.9851545,-77.08398083,"(38.9851545, -77.08398083)"
MCP3187000C,190015298,Montgomery County Police,Injury Crash,04/03/2019 05:12:00 PM,County,REEDIE DR,Maryland (State),GEORGIA AVE,,N/A,PEDESTRIAN,OTHER,CLEAR,DRY,DAYLIGHT,TRAFFIC SIGNAL,N/A,N/A,3361E4B0-CCB2-4C78-BE18-E669B30DCD3A,PEDESTRIAN,Cross/Enter at Intersection,N/A,ON ROADWAY AT CROSSWALK,OBEYED PED. SIGNAL,MIXED CLOTHING,No,SUSPECTED SERIOUS INJURY,NONE,39.03858355,-77.05104015,"(39.03858355, -77.05104015)"
MCP2665001Y,17010766,Montgomery County Police,Injury Crash,02/28/2017 06:39:00 PM,County,GROSVENOR LA,Unknown,BEGIN BRIDGE,,N/A,BICYCLIST,SAME DIR REAR END,RAINING,WET,DARK LIGHTS ON,NO CONTROLS,N/A,N/A,A273D197-92B5-4361-B8D8-D322647CB970,BICYCLIST,Walking/Riding w/Traffic,NOT VISIBLE,OTHER,N/A,DARK CLOTHING,No,SUSPECTED MINOR INJURY,MC/BIKE HELMET,39.02257,-77.10677167,"(39.02257, -77.10677167)"
MCP3195001Y,21000093,Montgomery County Police,Injury Crash,03/03/2021 08:16:00 PM,County,PLUM ORCHARD DR,County,CHERRY HILL RD,,N/A,PEDESTRIAN,STRAIGHT MOVEMENT ANGLE,N/A,DRY,DARK LIGHTS ON,TRAFFIC SIGNAL,NONE DETECTED,NONE DETECTED,7AAF61D1-E83C-4A16-9525-5E214AE01EBB,PEDESTRIAN,Cross/Enter at Intersection,NO IMPROPER ACTIONS,ON ROADWAY AT CROSSWALK,OBEYED PED. SIGNAL,DARK CLOTHING,No,POSSIBLE INJURY,NONE,39.0525918,-76.95317796,"(39.0525918, -76.95317796)"
MCP2348002M,170511431,Montgomery County Police,Injury Crash,06/02/2017 08:22:00 PM,County,AMHERST AVE,County,BLUERIDGE AVE,,N/A,PEDESTRIAN,SINGLE VEHICLE,CLEAR,DRY,DAYLIGHT,N/A,NONE DETECTED,NONE DETECTED,EA8A3B91-14E3-4C48-B9B9-ED068A02844E,PEDESTRIAN,Cross/Enter at Intersection,NO IMPROPER ACTIONS,ON ROADWAY AT CROSSWALK,NO PED. SIGNAL,MIXED CLOTHING,No,SUSPECTED MINOR INJURY,N/A,39.04333616,-77.0478715,"(39.04333616, -77.0478715)"
MCP2812001S,15064832,Montgomery County Police,Injury Crash,12/18/2015 11:40:00 PM,Maryland (State),GEORGIA AVE,County,SPRING ST,,N/A,PEDESTRIAN,SINGLE VEHICLE,CLEAR,DRY,DARK LIGHTS ON,TRAFFIC SIGNAL,N/A,N/A,EA145D40-83EC-4E85-A363-91A17B1DA7E5,PEDESTRIAN,Cross/Enter at Intersection,DART DASH,ON ROADWAY AT CROSSWALK,DISOBEYED PED. SIGNAL,UNKNOWN,Unknown,SUSPECTED MINOR INJURY,N/A,38.99944794,-77.03172594,"(38.99944794, -77.03172594)"
MCP27170030,15048327,MONTGOMERY,Injury Crash,09/23/2015 07:37:00 PM,Maryland (State),EAST WEST HWY,Maryland (State),BROOKVILLE RD,,N/A,BICYCLIST,OTHER,CLEAR,DRY,DARK NO LIGHTS,NO CONTROLS,NONE DETECTED,NONE DETECTED,0759C71A-CD01-4D79-B220-EC19BC6C8D85,BICYCLIST,Cross/Enter at Intersection,NO IMPROPER ACTIONS,SIDEWALK,NO PED. SIGNAL,MIXED CLOTHING,No,SUSPECTED MINOR INJURY,MC/BIKE HELMET,38.99202106,-77.07198858,"(38.99202106, -77.07198858)"
MCP2937003N,200008940,Montgomery County Police,Injury Crash,02/22/2020 11:21:00 PM,County,MAYOR LA,County,THAYER AVE,,N/A,PEDESTRIAN,SINGLE VEHICLE,CLEAR,DRY,DARK LIGHTS ON,NO CONTROLS,NONE DETECTED,NONE DETECTED,633C7111-1012-4D20-B835-345DAC5A7920,PEDESTRIAN,Other Working,NO IMPROPER ACTIONS,ON ROADWAY NOT AT CROSSWALK,NO PED. SIGNAL,DARK CLOTHING,No,SUSPECTED MINOR INJURY,NONE,38.99279534,-77.0259186,"(38.99279534, -77.0259186)"
MCP2016003Z,190011248,Montgomery County Police,Injury Crash,03/11/2019 01:28:00 PM,,,,,PARKING LOT OF BED BATH AND BEYOND- 1519 ROCKVILLE PIKE,,PEDESTRIAN,SINGLE VEHICLE,CLEAR,,DAYLIGHT,N/A,N/A,N/A,A06B3A2F-6598-48F0-9DB3-B0B1F4A56D43,PEDESTRIAN,Other,NO IMPROPER ACTIONS,OTHER,N/A,LIGHT CLOTHING,No,SUSPECTED SERIOUS INJURY,N/A,38.953,-77.338,"(38.953, -77.338)"
MCP2016006D,220034152,Montgomery County Police,Injury Crash,08/09/2022 10:33:00 AM,Maryland (State),ROCKVILLE PIKE,Unknown,HUBBARD DR,,N/A,PEDESTRIAN,SINGLE VEHICLE,CLEAR,DRY,DAYLIGHT,TRAFFIC SIGNAL,N/A,N/A,176F2EAC-AD6D-4A69-8AD0-4E5166E67CAA,PEDESTRIAN,Cross/Enter at Intersection,NO IMPROPER ACTIONS,ON ROADWAY AT CROSSWALK,OBEYED PED. SIGNAL,LIGHT CLOTHING,No,SUSPECTED MINOR INJURY,N/A,39.07815,-77.13951167,"(39.07815, -77.13951167)"
MCP27470014,15039852,MONTGOMERY,Injury Crash,08/10/2015 08:45:00 PM,Maryland (State),GEORGIA AVE,Maryland (State),CONNECTICUT AVE,,N/A,PEDESTRIAN,STRAIGHT MOVEMENT ANGLE,CLOUDY,WET,DARK LIGHTS ON,NO CONTROLS,NONE DETECTED,NONE DETECTED,5F2768FD-35AD-4114-8C9D-1168AAFDC609,PEDESTRIAN,Cross/Enter at Intersection,DART DASH,ON ROADWAY AT CROSSWALK,NO PED. SIGNAL,MIXED CLOTHING,No,SUSPECTED MINOR INJURY,N/A,39.0841,-77.08213833,"(39.0841, -77.08213833)"
MCP137800PJ,190002358,Montgomery County Police,Injury Crash,01/15/2019 07:02:00 PM,,,,,PARKING LOT OF 457  FREDERICK RD,,PEDESTRIAN,SINGLE VEHICLE,CLEAR,,DARK LIGHTS ON,NO CONTROLS,NONE DETECTED,NONE DETECTED,695291B1-2CD8-4722-A382-8914FBD0FDF3,PEDESTRIAN,Walking/Cycling on Sidewalk,NO IMPROPER ACTIONS,SIDEWALK,NO PED. SIGNAL,DARK CLOTHING,No,SUSPECTED MINOR INJURY,NONE,39.148535,-77.206375,"(39.148535, -77.206375)"
MCP31840009,190013073,Montgomery County Police,Injury Crash,03/21/2019 04:40:00 PM,,,,,LEVEL ONE PARKING GARAGE AT 921 WAYNE AVE,,PEDESTRIAN,SINGLE VEHICLE,N/A,,DAYLIGHT,N/A,NONE DETECTED,NONE DETECTED,A2EFE772-24F6-49E7-B9F8-3D0EF595D7E0,PEDESTRIAN,Other,NO IMPROPER ACTIONS,OTHER,NO PED. SIGNAL,MIXED CLOTHING,No,SUSPECTED MINOR INJURY,NONE,39.02058744,-76.97661733,"(39.02058744, -76.97661733)"
MCP2351001G,170534931,Montgomery County Police,Injury Crash,10/05/2017 02:38:00 PM,County,PARKLAWN DR,County,RANDOLPH RD,,N/A,PEDESTRIAN,OTHER,CLEAR,DRY,DAYLIGHT,TRAFFIC SIGNAL,NONE DETECTED,N/A,56D8D182-0807-42B3-96CD-69B3A9B11A3D,PEDESTRIAN,Cross/Enter at Intersection,N/A,AT INTERSECTION MARKED CROSSWALK,N/A,N/A,No,POSSIBLE INJURY,OTHER,39.06397,-77.117405,"(39.06397, -77.117405)"
MCP2881002N,170532825,Montgomery County Police,Injury Crash,09/24/2017 12:32:00 PM,County,MIDDLEBROOK RD,County,RIDGECREST DR,,N/A,PEDESTRIAN,SINGLE VEHICLE,N/A,DRY,DAYLIGHT,N/A,N/A,N/A,637172D6-7C46-45C2-9EE6-052C9A2743FC,PEDESTRIAN,Cross/Enter at Intersection,NO IMPROPER ACTIONS,ON ROADWAY AT CROSSWALK,NO PED. SIGNAL,N/A,Unknown,POSSIBLE INJURY,N/A,39.18454167,-77.26312833,"(39.18454167, -77.26312833)"
MCP1595001L,210031950,Montgomery County Police,Injury Crash,08/16/2021 06:21:00 PM,,,,,PARKING LOT OF 11215 GEORGIA AVENUE,,PEDESTRIAN,OTHER,CLEAR,,DARK LIGHTS ON,NO CONTROLS,NONE DETECTED,NONE DETECTED,450DD2ED-B1B0-4E38-965F-252A6F424E97,PEDESTRIAN,Other,NO IMPROPER ACTIONS,OTHER,NO PED. SIGNAL,MIXED CLOTHING,No,POSSIBLE INJURY,NONE,39.03912235,-77.05016286,"(39.03912235, -77.05016286)"
MCP2723003W,180058224,Montgomery County Police,Injury Crash,11/20/2018 02:00:00 PM,,,,,"PARKING LOT, 18010 GEORGIA AVENUE (MCDONALDS)",,PEDESTRIAN,SINGLE VEHICLE,CLEAR,,DAYLIGHT,NO CONTROLS,UNKNOWN,N/A,94576445-CB65-400D-B044-E161CD5BAF37,PEDESTRIAN,Other,ENTERING EXITING PARKED STANDING VEHICLE,OTHER,N/A,LIGHT CLOTHING,No,SUSPECTED MINOR INJURY,N/A,39.15215516,-77.06707679,"(39.15215516, -77.06707679)"
MCP2290002G,19059497,Montgomery County Police,Injury Crash,12/10/2019 01:10:00 PM,County,SHADY GROVE RD,County,COMPRINT CT,,N/A,PEDESTRIAN,SINGLE VEHICLE,RAINING,WET,DAYLIGHT,TRAFFIC SIGNAL,NONE DETECTED,NONE DETECTED,C3641830-2FCB-49F0-85B1-36507FAE3505,PEDESTRIAN,Cross/Enter not at Intersection,FAILURE TO OBEY TRAFFIC SIGNS SIGNALS OR OFFICER,ON ROADWAY NOT AT CROSSWALK,DISOBEYED PED. SIGNAL,MIXED CLOTHING,Yes,SUSPECTED MINOR INJURY,NONE,39.11886667,-77.18166,"(39.11886667, -77.18166)"
MCP30110021,170550221,Montgomery County Police,Injury Crash,12/22/2017 05:49:00 PM,Maryland (State),OLD GEORGETOWN RD,County,BEECH AVE,,N/A,PEDESTRIAN,SINGLE VEHICLE,RAINING,WET,DARK LIGHTS ON,TRAFFIC SIGNAL,NONE DETECTED,NONE DETECTED,E847391A-5087-485E-BE33-1D227D6CB979,PEDESTRIAN,Cross/Enter at Intersection,FAILURE TO OBEY TRAFFIC SIGNS SIGNALS OR OFFICER,ON ROADWAY AT CROSSWALK,DISOBEYED PED. SIGNAL,MIXED CLOTHING,Yes,SUSPECTED MINOR INJURY,NONE,39.00971833,-77.11476667,"(39.00971833, -77.11476667)"
DD5648000S,220024140,Rockville Police Departme,Injury Crash,06/06/2022 01:06:00 AM,,,,,2232 VEIRS MILL RD,,PEDESTRIAN,OTHER,CLEAR,,DARK LIGHTS ON,NO CONTROLS,UNKNOWN,ALCOHOL PRESENT,B233B25F-B1D7-4B47-AF42-28E4BB85E71E,PEDESTRIAN,Getting off/on Vehicle,UNKNOWN,OTHER,UNKNOWN,UNKNOWN,No,POSSIBLE INJURY,UNKNOWN,39.0764055,-77.11770133,"(39.0764055, -77.11770133)"