Report Number,Local Case Number,Agency Name,ACRS Report Type,Crash Date/Time,Route Type,Road Name,Cross-Street Type,Cross-Street Name,Off-Road Description,Municipality,Related Non-Motorist,Collision Type,Weather,Surface Condition,Light,Traffic Control,Driver Substance Abuse,Non-Motorist Substance Abuse,Person ID,Pedestrian Type,Pedestrian Movement,Pedestrian Actions,Pedestrian Location,Pedestrian Obeyed Traffic Signal,Pedestrian Visibility,At Fault,Injury Severity,Safety Equipment,Latitude,Longitude,Location
MCP15750061,170545427,Montgomery County Police,Injury Crash,11/28/2017 03:45:00 PM,County,SHADY GROVE RD,County,DARNESTOWN RD,,N/A,BICYCLIST,STRAIGHT MOVEMENT ANGLE,CLEAR,DRY,DAYLIGHT,TRAFFIC SIGNAL,NONE DETECTED,NONE DETECTED,DBFBE688-8FB5-4654-B195-829CBEE6B0FD,BICYCLIST,Cross/Enter at Intersection,NO IMPROPER ACTIONS,ON ROADWAY AT CROSSWALK,OBEYED PED. SIGNAL,DARK CLOTHING,No,POSSIBLE INJURY,NONE,39.09298509,-77.19645984,"(39.09298509, -77.19645984)"
MCP2639009S,200039102,Montgomery County Police,Injury Crash,10/05/2020 06:49:00 AM,Maryland (State),UNIVERSITY BLVD W,County,AMHERST AVE,,N/A,PEDESTRIAN,STRAIGHT MOVEMENT ANGLE,RAINING,WET,DARK LIGHTS ON,NO CONTROLS,NONE DETECTED,NONE DETECTED,9119BC50-44B1-4DC7-852E-6ECCBBB6E424,PEDESTRIAN,Cross/Enter not at Intersection,DART DASH,ON ROADWAY NOT AT CROSSWALK,NO PED. SIGNAL,DARK CLOTHING,Yes,POSSIBLE INJURY,NONE,39.04047,-77.04836,"(39.04047, -77.04836)"
MCP10480015,16001954,Montgomery County Police,Injury Crash,01/11/2016 03:20:00 PM,County,SHADY GROVE RD,Municipality,GAITHER RD,,ROCKVILLE,PEDESTRIAN,SINGLE VEHICLE,CLEAR,DRY,DAYLIGHT,TRAFFIC SIGNAL,NONE DETECTED,NONE DETECTED,AE31FB1B-2200-4977-BE05-546F0AF4FDE6,PEDESTRIAN,Cross/Enter at Intersection,NO IMPROPER ACTIONS,AT INTERSECTION MARKED CROSSWALK,OBEYED PED. SIGNAL,LIGHT CLOTHING,No,POSSIBLE INJURY,N/A,39.11768833,-77.18371,"(39.11768833, -77.18371)"
MCP003600CW,200004646,Montgomery County Police,Injury Crash,01/28/2020 03:10:00 PM,,,,,PARKING LOT/BUS PICKUP KINGSVIEW MIDDLE SCHOOL 18909 KINGSVIEW RD,,PEDESTRIAN,SINGLE VEHICLE,CLOUDY,,DAYLIGHT,N/A,NONE DETECTED,NONE DETECTED,D37BE65D-0BAA-457C-A556-27FD256CA0BE,PEDESTRIAN,Standing,INATTENTIVE,CURB,N/A,DARK CLOTHING,No,POSSIBLE INJURY,NONE,39.16660067,-77.28542633,"(39.16660067, -77.28542633)"
MCP3029001M,170539828,Montgomery County Police,Injury Crash,10/30/2017 04:45:00 PM,County,CARTERS GROVE DR,Unknown,CARTERS GROVE CT,,N/A,PEDESTRIAN,OTHER,CLEAR,DRY,DAYLIGHT,NO CONTROLS,NONE DETECTED,NONE DETECTED,132B64B4-8BEE-4976-A7EF-E3DCC69BBF24,PEDESTRIAN,Cross/Enter at Intersection,NO IMPROPER ACTIONS,OTHER,NO PED. SIGNAL,LIGHT CLOTHING,No,POSSIBLE INJURY,NONE,39.06088695,-76.97171152,"(39.06088695, -76.97171152)"
DD5634000Z,180064599,Rockville Police Departme,Injury Crash,12/26/2018 06:00:00 PM,Maryland (State),HUNGERFORD DR,Municipality,N WASHINGTON ST,,ROCKVILLE,PEDESTRIAN,OTHER,CLOUDY,DRY,DARK LIGHTS ON,TRAFFIC SIGNAL,NONE DETECTED,NONE DETECTED,30FD3B1A-7979-486C-9098-FB27FA26910A,PEDESTRIAN,Cross/Enter at Intersection,NO IMPROPER ACTIONS,ON ROADWAY AT CROSSWALK,OBEYED PED. SIGNAL,DARK CLOTHING,No,POSSIBLE INJURY,NONE,39.0920635,-77.15303667,"(39.0920635, -77.15303667)"
EJ78370016,16055702,Gaithersburg Police Depar,Injury Crash,10/29/2016 06:35:00 AM,Maryland (State),QUINCE ORCHARD RD,Other Public Roadway,MCDONALD CHAPEL DR,,N/A,PEDESTRIAN,SINGLE VEHICLE,N/A,DRY,DARK NO LIGHTS,TRAFFIC SIGNAL,N/A,N/A,DEE2BC25-0DB0-4DAB-99E3-AC5AB7DB3E1B,PEDESTRIAN,Cross/Enter at Intersection,UNKNOWN,ON ROADWAY NOT AT CROSSWALK,DISOBEYED PED. SIGNAL,DARK CLOTHING,Yes,SUSPECTED MINOR INJURY,N/A,39.11978638,-77.25077994,"(39.11978638, -77.25077994)"
MCP31650026,200029443,Montgomery County Police,Property Damage Crash,07/29/2020 01:40:00 PM,County,CASTLE BLVD,County,BRIGGS CHANEY RD,,N/A,BICYCLIST,STRAIGHT MOVEMENT ANGLE,CLEAR,DRY,DAYLIGHT,TRAFFIC SIGNAL,NONE DETECTED,NONE DETECTED,E0582C0B-57B0-4767-B4C2-D2A7B051F74D,BICYCLIST,Cross/Enter at Intersection,NO IMPROPER ACTIONS,ON ROADWAY AT CROSSWALK,OBEYED PED. SIGNAL,MIXED CLOTHING,No,NO APPARENT INJURY,NONE,39.08163167,-76.94646667,"(39.08163167, -76.94646667)"
MCP13010008,15014790,Montgomery County Police,Injury Crash,03/31/2015 03:55:00 PM,Maryland (State),GERMANTOWN RD,County,WISTERIA DR,,N/A,PEDESTRIAN,SINGLE VEHICLE,CLEAR,DRY,DAYLIGHT,TRAFFIC SIGNAL,NONE DETECTED,UNKNOWN,09C7949C-8800-4518-B85E-2FB63DB656C0,PEDESTRIAN,Unknown,DART DASH,ON ROADWAY NOT AT CROSSWALK,DISOBEYED PED. SIGNAL,MIXED CLOTHING,,SUSPECTED SERIOUS INJURY,N/A,39.17727,-77.269535,"(39.17727, -77.269535)"
MCP3029000N,170500472,Montgomery County Police,Injury Crash,04/05/2017 08:15:00 AM,County,HEWITT AVE,Maryland (State),GEORGIA AVE,,N/A,PEDESTRIAN,OTHER,CLEAR,DRY,DAYLIGHT,NO CONTROLS,UNKNOWN,N/A,45EBF403-7E71-49BC-AE53-9DB968368749,PEDESTRIAN,Standing,NO IMPROPER ACTIONS,OTHER,NO PED. SIGNAL,N/A,No,SUSPECTED MINOR INJURY,N/A,39.07924957,-77.06777215,"(39.07924957, -77.06777215)"
MCP3022000R,17510254,Montgomery County Police,Property Damage Crash,05/27/2017 04:45:00 PM,,,,,PARKING LOT OF 19900 BLOCK OF CENTURY BLVD,,PEDESTRIAN,OTHER,CLEAR,,DAYLIGHT,STOP SIGN,N/A,N/A,DE111010-87A4-402B-AD00-5AF6F7A5E5BF,PEDESTRIAN,Unknown,UNKNOWN,AT INTERSECTION BUT NO CROSSWALK,N/A,N/A,Unknown,NO APPARENT INJURY,N/A,39.18317167,-77.26259167,"(39.18317167, -77.26259167)"
MCP158000BJ,190026998,Montgomery County Police,Injury Crash,06/06/2019 07:40:00 AM,County,CENTER CT,County,MONTGOMERY VILLAGE AVE,,N/A,BICYCLIST,SINGLE VEHICLE,CLOUDY,WET,DAYLIGHT,STOP SIGN,NONE DETECTED,NONE DETECTED,C4EC57A8-7B17-45DF-9309-5D525F2493ED,BICYCLIST,Cross/Enter at Intersection,NO IMPROPER ACTIONS,ON ROADWAY AT CROSSWALK,NO PED. SIGNAL,MIXED CLOTHING,No,SUSPECTED MINOR INJURY,NONE,39.16800667,-77.205625,"(39.16800667, -77.205625)"
MCP32000015,190061927,Montgomery County Police,Injury Crash,12/24/2019 12:13:00 PM,Maryland (State),METROPOLITAN AVE,Municipality,ST PAUL ST,,KENSINGTON,PEDESTRIAN,OTHER,CLEAR,DRY,DAYLIGHT,STOP SIGN,NONE DETECTED,NONE DETECTED,A9ACE87A-D9CC-4560-8828-D0E759FCFB17,PEDESTRIAN,Cross/Enter at Intersection,NO IMPROPER ACTIONS,ON ROADWAY AT CROSSWALK,NO PED. SIGNAL,LIGHT CLOTHING,No,POSSIBLE INJURY,N/A,39.02754783,-77.07218683,"(39.02754783, -77.07218683)"
MCP2923000N,15032224,MONTGOMERY,Injury Crash,06/30/2015 04:25:00 PM,County,S WESTLAND DR,Maryland (State),FREDERICK RD,,N/A,PEDESTRIAN,OTHER,CLEAR,DRY,DAYLIGHT,NO CONTROLS,UNKNOWN,UNKNOWN,01834BB0-DCCB-466C-8167-EBD6BA7FEDB3,PEDESTRIAN,Cross/Enter not at Intersection,IN ROADWAY IMPROPERLY,ON ROADWAY NOT AT CROSSWALK,NO PED. SIGNAL,N/A,No,SUSPECTED MINOR INJURY,N/A,39.12641176,-77.18231857,"(39.12641176, -77.18231857)"
MCP13500016,16064970,Montgomery County Police,Injury Crash,12/19/2016 07:56:00 AM,,,,,PARKING LOT KINGSVIEW MIDDLE SCHOOL @ 16600 RAVEN ROCK DR,,PEDESTRIAN,OTHER,CLEAR,,DAYLIGHT,N/A,NONE DETECTED,N/A,A8F5654F-E5AF-4151-8152-C5226B78AC6C,PEDESTRIAN,Getting off/on Vehicle,ENTERING EXITING PARKED STANDING VEHICLE,OTHER,N/A,N/A,No,POSSIBLE INJURY,N/A,39.12687,-77.247905,"(39.12687, -77.247905)"
DD5610000V,15016000,Rockville Police Departme,Injury Crash,04/07/2015 07:53:00 AM,Maryland (State),ROCKVILLE PIKE,Maryland (State),VEIRS MILL RD,,N/A,BICYCLIST,SINGLE VEHICLE,RAINING,WET,DAYLIGHT,YIELD SIGN,N/A,N/A,CF5B8CFF-2B1E-48BC-B24B-7000ED9E408A,BICYCLIST,Cross/Enter at Intersection,UNKNOWN,AT INTERSECTION MARKED CROSSWALK,OBEYED PED. SIGNAL,MIXED CLOTHING,,SUSPECTED SERIOUS INJURY,N/A,39.07707333,-77.13926333,"(39.07707333, -77.13926333)"
MCP2765005S,210024808,Montgomery County Police,Injury Crash,06/28/2021 04:15:00 PM,,,,,PARKING LOT NEAREST 16220 FREDERICK AVE,,PEDESTRIAN,OTHER,CLEAR,,DAYLIGHT,NO CONTROLS,,NONE DETECTED,75095143-7117-485A-BF93-A72DF51F5D08,PEDESTRIAN,Getting off/on Vehicle,OTHER,OTHER,NO PED. SIGNAL,LIGHT CLOTHING,Yes,SUSPECTED SERIOUS INJURY,NONE,39.12106,-77.17743667,"(39.12106, -77.17743667)"
MCP30180049,220000180,Montgomery County Police,Injury Crash,01/02/2022 04:49:00 PM,Maryland (State),GEORGIA AVE,County,REEDIE DR,,N/A,PEDESTRIAN,OTHER,CLEAR,DRY,DAYLIGHT,TRAFFIC SIGNAL,NONE DETECTED,NONE DETECTED,7B6421A8-59F8-47CB-A1C5-532050BED017,PEDESTRIAN,Cross/Enter at Intersection,NO IMPROPER ACTIONS,AT INTERSECTION MARKED CROSSWALK,OBEYED PED. SIGNAL,LIGHT CLOTHING,No,POSSIBLE INJURY,NONE,39.03879333,-77.05089667,"(39.03879333, -77.05089667)"
MCP2864001C,15054855,MONTGOMERY,Injury Crash,10/28/2015 06:44:00 PM,County,PARKLAWN DR,County,BRAXFIELD CT,,N/A,PEDESTRIAN,HEAD ON LEFT TURN,RAINING,WET,DARK NO LIGHTS,STOP SIGN,NONE DETECTED,NONE DETECTED,920199CC-0F5D-47F3-92BB-DE8CDDB3E5F7,PEDESTRIAN,Cross/Enter at Intersection,NO IMPROPER ACTIONS,AT INTERSECTION MARKED CROSSWALK,NO PED. SIGNAL,MIXED CLOTHING,No,SUSPECTED MINOR INJURY,N/A,39.056465,-77.10794333,"(39.056465, -77.10794333)"
MCP295200DT,230030880,Montgomery County Police,Injury Crash,06/28/2023 10:47:00 AM,Maryland (State),EAST WEST HWY,Maryland (State),COLESVILLE RD,,N/A,PEDESTRIAN,SINGLE VEHICLE,CLOUDY,DRY,DAYLIGHT,TRAFFIC SIGNAL,NONE DETECTED,NONE DETECTED,3DA635D7-64A5-4873-85D4-51E41A1E884C,PEDESTRIAN,Cross/Enter at Intersection,NO IMPROPER ACTIONS,ON ROADWAY AT CROSSWALK,OBEYED PED. SIGNAL,DARK CLOTHING,No,POSSIBLE INJURY,N/A,38.99377984,-77.03230618,"(38.99377984, -77.03230618)"
MCP29420030,170530773,Montgomery County Police,Injury Crash,09/15/2017 03:20:00 PM,,,,,3715 UNIVERSITY BLVD W PARKING LOT OF CVS,,BICYCLIST,OTHER,CLEAR,,N/A,NO CONTROLS,NONE DETECTED,NONE DETECTED,B0326D29-31D4-443D-A768-E1A3C95DA8AA,BICYCLIST,Walking/Riding w/Traffic,NO IMPROPER ACTIONS,OTHER,N/A,MIXED CLOTHING,No,POSSIBLE INJURY,MC/BIKE HELMET,39.03354,-77.073625,"(39.03354, -77.073625)"
MCP3226000J,200016137,Montgomery County Police,Injury Crash,04/15/2020 02:00:00 PM,,,,,"PARKING LOT AT ALDI. 2223 BEL PRE RD, SILVER SPRING, MD 20906",,PEDESTRIAN,SINGLE VEHICLE,CLEAR,,DAYLIGHT,NO CONTROLS,UNKNOWN,N/A,E6FDB5F3-2843-4C04-B966-B8A7084F0FC9,PEDESTRIAN,Standing,NO IMPROPER ACTIONS,OTHER,N/A,UNKNOWN,No,SUSPECTED MINOR INJURY,NONE,39.09163296,-77.0472753,"(39.09163296, -77.0472753)"
MCP2405000B,15025529,Montgomery County Police,Injury Crash,05/27/2015 03:03:00 PM,US (State),GEORGIA AVE,Unknown,STRUC #15078,,N/A,BICYCLIST,STRAIGHT MOVEMENT ANGLE,CLEAR,DRY,DAYLIGHT,STOP SIGN,NONE DETECTED,N/A,262591AE-B112-4046-A80A-1365D56FC58B,BICYCLIST,Cross/Enter at Intersection,NO IMPROPER ACTIONS,ON ROADWAY AT CROSSWALK,NO PED. SIGNAL,DARK CLOTHING,,SUSPECTED MINOR INJURY,MC/BIKE HELMET,38.98887725,-77.02685237,"(38.98887725, -77.02685237)"
MCP3005006X,220050517,Montgomery County Police,Injury Crash,11/15/2022 05:05:00 PM,Maryland (State),GEORGIA AVE,County,URBANA DR,,N/A,BICYCLIST,SINGLE VEHICLE,RAINING,WET,DARK NO LIGHTS,TRAFFIC SIGNAL,NONE DETECTED,NONE DETECTED,D97C630E-4535-4A67-B418-2D248E1C1AC5,BICYCLIST,Cross/Enter at Intersection,UNKNOWN,ON ROADWAY AT CROSSWALK,UNKNOWN,MIXED CLOTHING,Unknown,POSSIBLE INJURY,NONE,39.06127,-77.05244167,"(39.06127, -77.05244167)"
MCP271700TQ,210007143,Montgomery County Police,Injury Crash,02/24/2021 05:50:00 PM,Municipality,DORSET AVE,Government,LITTLE FALLS PKWY,,N/A,BICYCLIST,OTHER,CLEAR,DRY,DARK LIGHTS ON,STOP SIGN,NONE DETECTED,NONE DETECTED,001E9B06-8BC9-4488-A8F2-A21AFC9EFA05,BICYCLIST,Cross/Enter at Intersection,NO IMPROPER ACTIONS,ON ROADWAY AT CROSSWALK,NO PED. SIGNAL,MIXED CLOTHING,No,SUSPECTED MINOR INJURY,MC/BIKE HELMET,38.96878033,-77.10200367,"(38.96878033, -77.10200367)"
MCP2348003S,180025738,Montgomery County Police,Injury Crash,05/25/2018 04:33:00 PM,Maryland (State),VEIRS MILL RD,Unknown,SPUR TO MD 193,,N/A,PEDESTRIAN,SINGLE VEHICLE,CLEAR,DRY,DAYLIGHT,NO CONTROLS,NONE DETECTED,NONE DETECTED,AC2645B4-5207-4099-9429-06580CB16D90,PEDESTRIAN,Cross/Enter not at Intersection,IN ROADWAY IMPROPERLY,ON ROADWAY NOT AT CROSSWALK,NO PED. SIGNAL,MIXED CLOTHING,Yes,SUSPECTED MINOR INJURY,N/A,39.040785,-77.057075,"(39.040785, -77.057075)"
MCP0113001N,170533371,Montgomery County Police,Injury Crash,09/27/2017 09:26:00 AM,County,JONES BRIDGE RD,County,JONES MILL RD,,N/A,PEDESTRIAN,SINGLE VEHICLE,CLEAR,DRY,DAYLIGHT,TRAFFIC SIGNAL,NONE DETECTED,NONE DETECTED,F556ADEF-C1F1-4325-BF1F-A26017DE8677,PEDESTRIAN,Cross/Enter at Intersection,FAILURE TO OBEY TRAFFIC SIGNS SIGNALS OR OFFICER,ON ROADWAY AT CROSSWALK,DISOBEYED PED. SIGNAL,UNKNOWN,Yes,SUSPECTED MINOR INJURY,NONE,38.99802833,-77.06607667,"(38.99802833, -77.06607667)"
MCP2270001J,230026452,Montgomery County Police,Injury Crash,06/02/2023 07:45:00 AM,County,MARYKNOLL AVE,Maryland (State),WILSON LA,,N/A,BICYCLIST,SINGLE VEHICLE,CLEAR,DRY,DAYLIGHT,STOP SIGN,NONE DETECTED,NONE DETECTED,C69F5774-1D11-431A-9EC8-766448297D9E,BICYCLIST,Cross/Enter at Intersection,DART DASH,AT INTERSECTION MARKED CROSSWALK,NO PED. SIGNAL,MIXED CLOTHING,Yes,SUSPECTED MINOR INJURY,MC/BIKE HELMET,38.98696833,-77.13395833,"(38.98696833, -77.13395833)"
MCP2001001G,200045803,Montgomery County Police,Fatal Crash,11/20/2020 05:16:00 AM,Maryland (State),ROCKVILLE PIKE,County,GROSVENOR LA,,N/A,PEDESTRIAN,SINGLE VEHICLE,CLEAR,DRY,DARK LIGHTS ON,OTHER,NONE DETECTED,N/A,6F258D73-FB16-43ED-A9A7-0542E55FCC2A,PEDESTRIAN,Cross/Enter at Intersection,UNKNOWN,ON ROADWAY AT CROSSWALK,UNKNOWN,DARK CLOTHING,Yes,FATAL INJURY,OTHER,39.02256036,-77.10278445,"(39.02256036, -77.10278445)"
MCP3244001P,220014019,Montgomery County Police,Injury Crash,04/02/2022 10:03:00 AM,County,WAYNE AVE,US (State),GEORGIA AVE,,N/A,OTHER,OTHER,CLEAR,DRY,DAYLIGHT,TRAFFIC SIGNAL,NONE DETECTED,ALCOHOL PRESENT,F2E49F52-6FFE-4BED-8ACC-7F60A103DE47,OTHER,Cross/Enter at Intersection,FAILURE TO YIELD RIGHT OF WAY,ON ROADWAY AT CROSSWALK,DISOBEYED PED. SIGNAL,MIXED CLOTHING,Yes,POSSIBLE INJURY,NONE,38.9944405,-77.02643267,"(38.9944405, -77.02643267)"
MCP2559003K,190045569,Montgomery County Police,Injury Crash,09/23/2019 01:41:00 PM,,,,,PARKING LOT OF 12197 DARNESTOWN RD,,PEDESTRIAN,OTHER,CLEAR,,DAYLIGHT,N/A,N/A,N/A,7ED8FCA8-B471-435B-9CF0-287EB6CA785B,PEDESTRIAN,Other,NO IMPROPER ACTIONS,OTHER,N/A,MIXED CLOTHING,No,POSSIBLE INJURY,NONE,39.11773333,-77.25130167,"(39.11773333, -77.25130167)"
MCP2905004D,180059538,Montgomery County Police,Injury Crash,11/28/2018 05:16:00 PM,County,WOODMONT AVE,County,BATTERY LA,,N/A,PEDESTRIAN,SINGLE VEHICLE,CLEAR,DRY,DARK LIGHTS ON,TRAFFIC SIGNAL,N/A,N/A,941D0C60-61F0-4A6D-9122-083CF7ADAF13,PEDESTRIAN,Cross/Enter not at Intersection,NOT VISIBLE,ON ROADWAY NOT AT CROSSWALK,OBEYED PED. SIGNAL,DARK CLOTHING,Yes,POSSIBLE INJURY,NONE,38.9927614,-77.09704548,"(38.9927614, -77.09704548)"
MCP1565003C,190007165,Montgomery County Police,Injury Crash,02/14/2019 06:31:00 AM,County,PARKLAND DR,County,ASPEN HILL RD,,N/A,PEDESTRIAN,OTHER,CLEAR,DRY,DARK LIGHTS ON,TRAFFIC SIGNAL,NONE DETECTED,NONE DETECTED,0A797E9D-D5A8-4772-AACB-3F705B39AF81,PEDESTRIAN,Cross/Enter at Intersection,NO IMPROPER ACTIONS,ON ROADWAY AT CROSSWALK,OBEYED PED. SIGNAL,DARK CLOTHING,No,SUSPECTED SERIOUS INJURY,N/A,39.07909,-77.08739667,"(39.07909, -77.08739667)"
MCP2592002R,230017399,Montgomery County Police,Injury Crash,04/12/2023 09:40:00 AM,,,,,PARKING LOT IN FRONT OF 20202 SPRING HAVEN CT,,PEDESTRIAN,OTHER,CLEAR,,DAYLIGHT,N/A,NONE DETECTED,N/A,85AB09EF-79BB-4ED5-AAB9-8EA07FE02650,PEDESTRIAN,Standing,UNKNOWN,OTHER,N/A,N/A,Unknown,POSSIBLE INJURY,N/A,39.18890517,-77.19099817,"(39.18890517, -77.19099817)"
MCP3220003F,220055228,Montgomery County Police,Injury Crash,12/12/2022 03:10:00 PM,,,,,PARKING LOT OF 880 RUSSELL AVE,,PEDESTRIAN,SINGLE VEHICLE,CLEAR,,DAYLIGHT,NO CONTROLS,UNKNOWN,UNKNOWN,A4D302A7-D73C-4CDA-B597-7A766267ED6D,PEDESTRIAN,Standing,NO IMPROPER ACTIONS,OTHER,NO PED. SIGNAL,UNKNOWN,Unknown,SUSPECTED MINOR INJURY,NONE,39.15647387,-77.21351338,"(39.15647387, -77.21351338)"
MCP2837001F,170504783,Montgomery County Police,Injury Crash,04/28/2017 05:57:00 PM,County,TRAVILLE  GATEWAY DR,County,SHADY GROVE RD,,N/A,BICYCLIST,ANGLE MEETS RIGHT TURN,N/A,DRY,DAYLIGHT,TRAFFIC SIGNAL,NONE DETECTED,N/A,ED73E468-2AAD-4384-A998-47B03B9EEACB,BICYCLIST,Cross/Enter at Intersection,NO IMPROPER ACTIONS,AT INTERSECTION MARKED CROSSWALK,N/A,N/A,No,POSSIBLE INJURY,MC/BIKE HELMET,39.09124667,-77.204485,"(39.09124667, -77.204485)"
MCP1022002N,15023984,Montgomery County Police,Injury Crash,05/19/2015 01:26:00 PM,,,,,"PARKING LOT IN FRONT OF WALMART 20910 FREDERICK RD GERMANTOWN, MD 20874",,PEDESTRIAN,OTHER,CLEAR,,DAYLIGHT,NO CONTROLS,NONE DETECTED,NONE DETECTED,65A30961-69BD-4BBE-B484-E4533E8D6C78,PEDESTRIAN,Other,NO IMPROPER ACTIONS,ON ROADWAY AT CROSSWALK,NO PED. SIGNAL,MIXED CLOTHING,,SUSPECTED SERIOUS INJURY,N/A,39.19894333,-77.251515,"(39.19894333, -77.251515)"
DM8453000N,17006006,Takoma Park Police Depart,Injury Crash,02/03/2017 06:21:00 PM,Maryland (State),CARROLL AVE,Municipality,MANOR CIR,,TAKOMA PARK,PEDESTRIAN,OTHER,CLEAR,DRY,DARK LIGHTS ON,NO CONTROLS,NONE DETECTED,NONE DETECTED,C5A949BB-070A-461D-A7AB-160E5356B3B8,PEDESTRIAN,Cross/Enter not at Intersection,DART DASH,N/A,NO PED. SIGNAL,N/A,Yes,POSSIBLE INJURY,N/A,38.97959931,-77.00479656,"(38.97959931, -77.00479656)"
MCP15500018,15020472,Montgomery County Police,Injury Crash,04/30/2015 07:19:00 PM,Municipality,FREDERICK PL,Municipality,FREDERICK AVE,,KENSINGTON,PEDESTRIAN,SINGLE VEHICLE,CLOUDY,N/A,DAYLIGHT,N/A,NONE DETECTED,NONE DETECTED,77710985-FE06-4BE3-B3C4-F1C8408BAB45,PEDESTRIAN,Standing,N/A,OTHER,N/A,N/A,,SUSPECTED SERIOUS INJURY,N/A,39.020775,-77.07114333,"(39.020775, -77.07114333)"
MCP07040012,170515873,Montgomery County Police,Injury Crash,06/26/2017 06:12:00 PM,Maryland (State),WISCONSIN AVE,County,BETHESDA AVE,,N/A,PEDESTRIAN,SINGLE VEHICLE,CLEAR,DRY,DAYLIGHT,TRAFFIC SIGNAL,NONE DETECTED,NONE DETECTED,05DD9F06-F8AA-4741-B1C4-12BF6B0A7126,PEDESTRIAN,Cross/Enter at Intersection,NO IMPROPER ACTIONS,AT INTERSECTION MARKED CROSSWALK,OBEYED PED. SIGNAL,LIGHT CLOTHING,No,SUSPECTED MINOR INJURY,N/A,38.98352333,-77.093235,"(38.98352333, -77.093235)"
MCP2552005G,230013787,Montgomery County Police,Injury Crash,03/21/2023 09:51:00 PM,County,SHADY GROVE RD,County,BRIARDALE RD,,N/A,BICYCLIST,SAME DIR REAR END,CLEAR,DRY,DARK LIGHTS ON,NO CONTROLS,UNKNOWN,NONE DETECTED,6229535D-57C0-4810-B59E-3B121845FA3F,BICYCLIST,Walking/Riding w/Traffic,NO IMPROPER ACTIONS,ON ROADWAY NOT AT CROSSWALK,N/A,LIGHT CLOTHING,No,SUSPECTED MINOR INJURY,NONE,39.13441178,-77.15753169,"(39.13441178, -77.15753169)"
MCP2968000M,15029204,Montgomery County Police,Injury Crash,06/15/2015 07:48:00 PM,Municipality,COLLEGE PKWY,Municipality,YALE PL,,ROCKVILLE,BICYCLIST,OTHER,CLEAR,DRY,DAYLIGHT,NO CONTROLS,N/A,N/A,697EF1FF-45B4-4515-A180-85F8D404C0E4,BICYCLIST,Cross/Enter at Intersection,IN ROADWAY IMPROPERLY,ON ROADWAY NOT AT CROSSWALK,NO PED. SIGNAL,DARK CLOTHING,,SUSPECTED MINOR INJURY,UNKNOWN,39.10149155,-77.16103792,"(39.10149155, -77.16103792)"
MCP13780041,15003408,Montgomery County Police,Injury Crash,01/21/2015 02:56:00 PM,County,PLUM CREEK DR,County,WHIRLWIND CT,,N/A,PEDESTRIAN,SINGLE VEHICLE,CLOUDY,SNOW,DAYLIGHT,N/A,NONE DETECTED,NONE DETECTED,06E7FF4D-1018-4C92-AF64-25B1B56BA345,PEDESTRIAN,Walking/Riding w/Traffic,NO IMPROPER ACTIONS,ON ROADWAY NOT AT CROSSWALK,N/A,DARK CLOTHING,,POSSIBLE INJURY,N/A,39.19406667,-77.16626167,"(39.19406667, -77.16626167)"
MCP2720002P,17011450,Montgomery County Police,Injury Crash,03/05/2017 02:48:00 AM,County,WINDMILL LA,County,ROSSITER CT,,N/A,PEDESTRIAN,SINGLE VEHICLE,CLEAR,DRY,DARK -- UNKNOWN LIGHTING,NO CONTROLS,UNKNOWN,NONE DETECTED,7D14A6BC-F8DA-4650-A86B-09BCFF7DEC8B,PEDESTRIAN,Other,NO IMPROPER ACTIONS,SHOULDER,N/A,N/A,No,SUSPECTED MINOR INJURY,NONE,39.09209167,-77.06885333,"(39.09209167, -77.06885333)"
MCP2891007S,190015784,Montgomery County Police,Injury Crash,04/05/2019 06:20:00 AM,Maryland (State),BURLINGTON AVE,US (State),GEORGIA AVE,,N/A,PEDESTRIAN,SINGLE VEHICLE,RAINING,WET,DARK LIGHTS ON,TRAFFIC SIGNAL,NONE DETECTED,NONE DETECTED,5FFC6858-3C3B-487D-A302-77D45DFCD950,PEDESTRIAN,Cross/Enter at Intersection,NO IMPROPER ACTIONS,ON ROADWAY AT CROSSWALK,OBEYED PED. SIGNAL,DARK CLOTHING,No,POSSIBLE INJURY,NONE,38.98728667,-77.02627833,"(38.98728667, -77.02627833)"
MCP2617009T,210045236,Montgomery County Police,Injury Crash,11/08/2021 03:00:00 PM,County,RANDOLPH RD,County,TIVOLI LAKE BLVD,,N/A,PEDESTRIAN,OTHER,CLEAR,DRY,DAYLIGHT,TRAFFIC SIGNAL,NONE DETECTED,NONE DETECTED,61898023-1DBF-4B9B-82E0-913E2FA1E2BC,PEDESTRIAN,Cross/Enter at Intersection,NO IMPROPER ACTIONS,AT INTERSECTION MARKED CROSSWALK,OBEYED PED. SIGNAL,LIGHT CLOTHING,No,POSSIBLE INJURY,NONE,39.06626375,-77.0346701,"(39.06626375, -77.0346701)"