Report Number,Local Case Number,Agency Name,ACRS Report Type,Crash Date/Time,Route Type,Road Name,Cross-Street Type,Cross-Street Name,Off-Road Description,Municipality,Related Non-Motorist,Collision Type,Weather,Surface Condition,Light,Traffic Control,Driver Substance Abuse,Non-Motorist Substance Abuse,Person ID,Pedestrian Type,Pedestrian Movement,Pedestrian Actions,Pedestrian Location,Pedestrian Obeyed Traffic Signal,Pedestrian Visibility,At Fault,Injury Severity,Safety Equipment,Latitude,Longitude,Location
DD5644001X,210046642,Rockville Police Departme,Property Damage Crash,11/17/2021 11:15:00 AM,,,,,315 NORTH WASHINGTON STREET PARKING LOT,,OTHER,OTHER,CLEAR,,DAYLIGHT,NO CONTROLS,NONE DETECTED,NONE DETECTED,BCE7513D-428F-4AAB-9A22-B0746E4E218D,OTHER,N/A,NO IMPROPER ACTIONS,INSIDE BUILDING,N/A,N/A,No,NO APPARENT INJURY,N/A,39.08926376,-77.15318746,"(39.08926376, -77.15318746)"
MCP1534000H,220004555,Montgomery County Police,Injury Crash,02/02/2022 02:50:00 PM,Maryland (State),FREDERICK RD,County,FOREMAN BLVD,,N/A,PEDESTRIAN,OTHER,CLEAR,DRY,DAYLIGHT,TRAFFIC SIGNAL,NONE DETECTED,N/A,010AA54B-4F37-4F9C-AAE1-F3728B1DC091,PEDESTRIAN,Cross/Enter at Intersection,N/A,ON ROADWAY AT CROSSWALK,OBEYED PED. SIGNAL,LIGHT CLOTHING,No,POSSIBLE INJURY,N/A,39.22804167,-77.266165,"(39.22804167, -77.266165)"
MCP9366000N,16055445,Montgomery County Police,Injury Crash,10/28/2016 02:35:00 AM,Maryland (State),GEORGIA AVE,County,EMORY CHURCH RD,,N/A,PEDESTRIAN,SAME DIR REAR END,CLEAR,WET,DARK LIGHTS ON,N/A,ALCOHOL PRESENT,NONE DETECTED,443B5E67-CF52-435D-B8F2-86FC80A9C561,PEDESTRIAN,Standing,NO IMPROPER ACTIONS,CURB,N/A,DARK CLOTHING,No,SUSPECTED MINOR INJURY,NONE,39.13212667,-77.07039667,"(39.13212667, -77.07039667)"
MCP3078004B,210043992,Montgomery County Police,Injury Crash,10/31/2021 08:08:00 PM,,,,,109 HEIL ROAD,,PEDESTRIAN,N/A,CLEAR,,DARK NO LIGHTS,NO CONTROLS,NONE DETECTED,NONE DETECTED,68513824-C7E6-4E22-895D-778A21961867,PEDESTRIAN,Standing,NO IMPROPER ACTIONS,OTHER,N/A,LIGHT CLOTHING,No,POSSIBLE INJURY,NONE,39.09790333,-77.00586833,"(39.09790333, -77.00586833)"
DD56140008,16004277,Rockville Police Departme,Injury Crash,01/26/2016 08:05:00 PM,Maryland (State),ROCKVILLE PIKE,Unknown,CROSSOVER,,N/A,PEDESTRIAN,OTHER,CLEAR,WET,DARK LIGHTS ON,NO CONTROLS,NONE DETECTED,NONE DETECTED,2FA336A0-9EC9-4289-8CC1-D4FC8A4C3454,PEDESTRIAN,Other,IN ROADWAY IMPROPERLY,ON ROADWAY NOT AT CROSSWALK,NO PED. SIGNAL,MIXED CLOTHING,Yes,SUSPECTED MINOR INJURY,NONE,39.07353667,-77.13403167,"(39.07353667, -77.13403167)"
DD55950081,190052823,Rockville Police Departme,Injury Crash,11/02/2019 05:45:00 PM,Maryland (State),ROCKVILLE PIKE,Municipality,TWINBROOK PKWY,,ROCKVILLE,BICYCLIST,SINGLE VEHICLE,CLEAR,DRY,DAYLIGHT,TRAFFIC SIGNAL,UNKNOWN,NONE DETECTED,0B8BDC18-685A-4B63-87BC-838AE5E1E3D1,BICYCLIST,Other,NO IMPROPER ACTIONS,ON ROADWAY AT CROSSWALK,OBEYED PED. SIGNAL,MIXED CLOTHING,No,SUSPECTED MINOR INJURY,NONE,39.05887808,-77.12129145,"(39.05887808, -77.12129145)"
MCP3271002H,220040006,Montgomery County Police,Injury Crash,09/14/2022 04:15:00 PM,Maryland (State),GOLDSBORO RD,County,MILLWOOD RD,,N/A,BICYCLIST,OPPOSITE DIR BOTH LEFT TURN,CLEAR,DRY,DAYLIGHT,STOP SIGN,NONE DETECTED,NONE DETECTED,91193DA0-41D2-4512-ADAC-7F797B9BFC0E,BICYCLIST,Cross/Enter at Intersection,NO IMPROPER ACTIONS,AT INTERSECTION BUT NO CROSSWALK,NO PED. SIGNAL,MIXED CLOTHING,No,SUSPECTED MINOR INJURY,MC/BIKE HELMET,38.97408943,-77.1199701,"(38.97408943, -77.1199701)"
MCP28880008,15019744,Montgomery County Police,Injury Crash,04/27/2015 10:24:00 PM,County,LOCKWOOD DR,Unknown,ENT TO SHOPPING CENTER,,N/A,PEDESTRIAN,OTHER,CLEAR,DRY,DARK LIGHTS ON,NO CONTROLS,N/A,ALCOHOL PRESENT,12A9FA0A-6023-4FBE-82C5-30F98B23AFD2,PEDESTRIAN,Other,DART DASH,ON ROADWAY NOT AT CROSSWALK,NO PED. SIGNAL,DARK CLOTHING,,POSSIBLE INJURY,NONE,39.04130167,-76.98569833,"(39.04130167, -76.98569833)"
MCP29590009,15022132,Montgomery County Police,Injury Crash,05/09/2015 03:05:00 PM,County,BLUHILL RD,County,RANDOLPH RD,,N/A,PEDESTRIAN,SINGLE VEHICLE,CLEAR,DRY,DAYLIGHT,NO CONTROLS,NONE DETECTED,NONE DETECTED,DB5113B9-D4CB-40F3-9EC6-BD96ED4B270E,PEDESTRIAN,Cross/Enter not at Intersection,INATTENTIVE,ON ROADWAY NOT AT CROSSWALK,NO PED. SIGNAL,DARK CLOTHING,,POSSIBLE INJURY,NONE,39.05903334,-77.06491828,"(39.05903334, -77.06491828)"
DD5620005S,200043351,Rockville Police Departme,Injury Crash,11/03/2020 08:15:00 AM,,,,,15215 SHADY GROVE RD PARKING LOT,,PEDESTRIAN,SINGLE VEHICLE,CLEAR,,DAYLIGHT,N/A,NONE DETECTED,NONE DETECTED,ABD63D38-9CED-40A7-B8AA-A114E53D9535,PEDESTRIAN,Other,NO IMPROPER ACTIONS,OTHER,N/A,LIGHT CLOTHING,No,SUSPECTED MINOR INJURY,NONE,39.06686833,-77.06137333,"(39.06686833, -77.06137333)"
MCP271700CB,170514564,Montgomery County Police,Injury Crash,06/19/2017 03:20:00 PM,County,WILLARD AVE,Municipality,FRIENDSHIP BLVD,,FRIENDSHIP HEIGHTS,PEDESTRIAN,SINGLE VEHICLE,RAINING,WET,DAYLIGHT,TRAFFIC SIGNAL,NONE DETECTED,NONE DETECTED,70BC6326-D619-43AC-BA52-5115C234FB2D,PEDESTRIAN,Cross/Enter at Intersection,NO IMPROPER ACTIONS,ON ROADWAY NOT AT CROSSWALK,OBEYED PED. SIGNAL,MIXED CLOTHING,No,SUSPECTED MINOR INJURY,NONE,38.96221333,-77.08931583,"(38.96221333, -77.08931583)"
MCP2863002K,220050388,Montgomery County Police,Injury Crash,11/14/2022 07:55:00 PM,County,LOST KNIFE RD,County,CONTOUR RD,,N/A,PEDESTRIAN,N/A,CLEAR,DRY,DARK -- UNKNOWN LIGHTING,STOP SIGN,NONE DETECTED,NONE DETECTED,EBA31F8B-5B29-47C8-BAFB-DCA402E41993,PEDESTRIAN,Cross/Enter at Intersection,NO IMPROPER ACTIONS,ON ROADWAY NOT AT CROSSWALK,NO PED. SIGNAL,DARK CLOTHING,No,SUSPECTED MINOR INJURY,N/A,39.15386833,-77.199695,"(39.15386833, -77.199695)"
MCP2738004G,230000835,Montgomery County Police,Injury Crash,01/05/2023 11:54:00 PM,County,RENICK LA,County,KERWOOD RD,,N/A,PEDESTRIAN,OTHER,N/A,N/A,DARK LIGHTS ON,NO CONTROLS,N/A,N/A,D49BE916-C3AF-47B6-BE28-2F92B2124693,PEDESTRIAN,Walking/Riding w/Traffic,NO IMPROPER ACTIONS,CURB,N/A,DARK CLOTHING,Unknown,SUSPECTED MINOR INJURY,N/A,39.05364017,-76.99193467,"(39.05364017, -76.99193467)"
EJ7837003Y,190038861,Gaithersburg Police Depar,Injury Crash,08/14/2019 05:10:00 PM,County,SHADY GROVE RD,Ramp,RAMP 3 FR SHADY GROVE RD EB TO IS 270 NB,,N/A,PEDESTRIAN,SINGLE VEHICLE,CLEAR,DRY,DAYLIGHT,NO CONTROLS,N/A,N/A,8C86550E-FA63-4509-9445-D144DE604BAA,PEDESTRIAN,Cross/Enter at Intersection,NO IMPROPER ACTIONS,AT INTERSECTION BUT NO CROSSWALK,NO PED. SIGNAL,LIGHT CLOTHING,No,SUSPECTED MINOR INJURY,NONE,39.11354167,-77.18659,"(39.11354167, -77.18659)"
MCP13780084,15051294,MONTGOMERY,Injury Crash,10/09/2015 05:47:00 PM,Maryland (State),FREDERICK RD,Municipality,CHRISTOPHER AVE,,GAITHERSBURG,BICYCLIST,SINGLE VEHICLE,CLOUDY,DRY,DAYLIGHT,NO CONTROLS,NONE DETECTED,NONE DETECTED,1252C8A6-4CD9-4A27-9A7B-E8927B23BDEC,BICYCLIST,Walking/Cycling on Sidewalk,WRONG WAY RIDING OR WALKING,ON ROADWAY NOT AT CROSSWALK,NO PED. SIGNAL,MIXED CLOTHING,Yes,SUSPECTED MINOR INJURY,NONE,39.15746722,-77.21754134,"(39.15746722, -77.21754134)"
MCP3328001G,230001561,Montgomery County Police,Injury Crash,01/10/2023 05:40:00 PM,County,RANDOLPH RD,County,KEMP MILL RD,,N/A,PEDESTRIAN,OTHER,CLEAR,DRY,DARK LIGHTS ON,TRAFFIC SIGNAL,UNKNOWN,UNKNOWN,E12F4DD3-23B3-431D-9B74-1D8E2AB26FB7,PEDESTRIAN,Cross/Enter at Intersection,FAILURE TO OBEY TRAFFIC SIGNS SIGNALS OR OFFICER,AT INTERSECTION MARKED CROSSWALK,DISOBEYED PED. SIGNAL,MIXED CLOTHING,Yes,SUSPECTED SERIOUS INJURY,NONE,39.06641242,-77.03036487,"(39.06641242, -77.03036487)"
MCP2290000M,170509799,Montgomery County Police,Injury Crash,05/25/2017 12:05:00 PM,,,,,PARKING LOT OF 12089 ROCKVILLE PIKE,,PEDESTRIAN,SINGLE VEHICLE,CLOUDY,,DAYLIGHT,NO CONTROLS,NONE DETECTED,NONE DETECTED,EE4F8BE4-3A3C-454D-8017-CCB72BAF907A,PEDESTRIAN,Other,NO IMPROPER ACTIONS,N/A,N/A,MIXED CLOTHING,No,SUSPECTED SERIOUS INJURY,N/A,39.05568424,-77.11784363,"(39.05568424, -77.11784363)"
MCP3125002L,210001108,Montgomery County Police,Injury Crash,01/09/2021 03:20:00 PM,County,MARY CASSATT DR,County,SEVEN LOCKS RD,,N/A,PEDESTRIAN,SINGLE VEHICLE,CLEAR,DRY,DAYLIGHT,NO CONTROLS,NONE DETECTED,NONE DETECTED,66B67C25-C4F1-4E40-B9A9-C166F3D62AB7,PEDESTRIAN,Cross/Enter at Intersection,NO IMPROPER ACTIONS,AT INTERSECTION BUT NO CROSSWALK,N/A,DARK CLOTHING,No,SUSPECTED MINOR INJURY,NONE,39.04669833,-77.16098167,"(39.04669833, -77.16098167)"
MCP1323001N,220002521,Montgomery County Police,Property Damage Crash,01/20/2022 02:30:00 PM,Maryland (State),COLESVILLE RD,Maryland (State),EAST WEST HWY,,N/A,BICYCLIST,SAME DIRECTION SIDESWIPE,CLOUDY,WET,DAYLIGHT,TRAFFIC SIGNAL,NONE DETECTED,NONE DETECTED,FA4F0B13-20B2-4B19-B9A4-2D548F3E562E,BICYCLIST,Cross/Enter at Intersection,UNKNOWN,ON ROADWAY AT CROSSWALK,UNKNOWN,DARK CLOTHING,Unknown,NO APPARENT INJURY,MC/BIKE HELMET,38.99419,-77.03125333,"(38.99419, -77.03125333)"
MCP2689009D,230012380,Montgomery County Police,Injury Crash,03/14/2023 08:57:00 AM,County,WILD OLIVE DR,County,DEVILWOOD DR,,N/A,BICYCLIST,STRAIGHT MOVEMENT ANGLE,CLEAR,DRY,DAYLIGHT,NO CONTROLS,NONE DETECTED,NONE DETECTED,9364025F-5BBB-498D-93BD-F4CB4783ECFD,BICYCLIST,Walking/Riding w/Traffic,NO IMPROPER ACTIONS,ON ROADWAY NOT AT CROSSWALK,NO PED. SIGNAL,LIGHT CLOTHING,No,SUSPECTED MINOR INJURY,MC/BIKE HELMET,39.05452817,-77.1751345,"(39.05452817, -77.1751345)"
MCP2866000W,15008034,Montgomery County Police,Injury Crash,02/18/2015 03:33:00 PM,,,,,"PARKING LOT OF 4968 WYACONDA ROAD, ROCKVILLE, MD",,PEDESTRIAN,OTHER,CLEAR,,DAYLIGHT,NO CONTROLS,NONE DETECTED,NONE DETECTED,60E0E977-F1BD-4412-B92C-C27CC8DABF68,PEDESTRIAN,Push/Work on Vehicle,OTHER,OTHER,N/A,DARK CLOTHING,,SUSPECTED MINOR INJURY,NONE,39.044955,-77.099185,"(39.044955, -77.099185)"
MCP2008008Z,210049574,Montgomery County Police,Injury Crash,12/06/2021 05:08:00 PM,Other Public Roadway,MONTROSE PKWY,County,HOYA ST,,N/A,PEDESTRIAN,OTHER,CLOUDY,DRY,DARK LIGHTS ON,TRAFFIC SIGNAL,NONE DETECTED,NONE DETECTED,D4DEB07B-CA3C-4FE7-8CA5-C791D8B8A6B4,PEDESTRIAN,Cross/Enter at Intersection,NO IMPROPER ACTIONS,ON ROADWAY AT CROSSWALK,OBEYED PED. SIGNAL,MIXED CLOTHING,No,SUSPECTED MINOR INJURY,NONE,39.05206667,-77.11865333,"(39.05206667, -77.11865333)"
EJ78930016,220028119,Gaithersburg Police Depar,Injury Crash,06/30/2022 12:33:00 PM,,,,,PARKING LOT OF 880 RUSSELL AVENUE,,PEDESTRIAN,OTHER,CLEAR,,DAYLIGHT,NO CONTROLS,NONE DETECTED,NONE DETECTED,8E077D76-5F2F-46F9-ADDB-3AC9E65BC196,PEDESTRIAN,Standing,NO IMPROPER ACTIONS,OTHER,N/A,MIXED CLOTHING,No,POSSIBLE INJURY,N/A,39.15587113,-77.21361772,"(39.15587113, -77.21361772)"
MCP3093002W,200026554,Montgomery County Police,Injury Crash,07/08/2020 06:45:00 PM,County,GRUBB RD,Unknown,WASH DC LINE,,N/A,BICYCLIST,N/A,N/A,DRY,DAYLIGHT,N/A,N/A,N/A,E4942679-9114-4109-A921-5AAC69410E31,BICYCLIST,Other,IMPROPER PASSING,N/A,N/A,N/A,Unknown,POSSIBLE INJURY,MC/BIKE HELMET,38.99148833,-77.04744833,"(38.99148833, -77.04744833)"
MCP1181000W,19001952,Montgomery County Police,Injury Crash,04/28/2019 07:52:00 PM,County,MEADOW MIST RD,Other Public Roadway,MEADOW MIST RD (BACK),,N/A,PEDESTRIAN,OTHER,CLEAR,DRY,DAYLIGHT,NO CONTROLS,NONE DETECTED,NONE DETECTED,48D32FF4-D1BC-43D1-ABD5-D48773652D1D,PEDESTRIAN,Playing,DART DASH,OTHER,NO PED. SIGNAL,MIXED CLOTHING,Yes,SUSPECTED MINOR INJURY,N/A,39.23093667,-77.243555,"(39.23093667, -77.243555)"
MCP2966001Q,16013189,MONTGOMERY,Injury Crash,03/17/2016 03:45:00 PM,,,,,2921 N LEISURE WORLD BLVD,,PEDESTRIAN,SINGLE VEHICLE,CLEAR,,DAYLIGHT,NO CONTROLS,N/A,NONE DETECTED,59DF52AE-8FED-45DB-86B1-BEF5586E0C95,PEDESTRIAN,Getting off/on Vehicle,OTHER,OTHER,N/A,LIGHT CLOTHING,No,SUSPECTED MINOR INJURY,NONE,39.05828333,-77.04810667,"(39.05828333, -77.04810667)"
MCP3171000V,190026764,Montgomery County Police,Injury Crash,06/04/2019 09:02:00 PM,,,,,"HOME DEPOT PARKING LOT
 21010 FREDERICK RD GERMANTOWN MD",,PEDESTRIAN,SINGLE VEHICLE,CLEAR,,DARK LIGHTS ON,N/A,NONE DETECTED,NONE DETECTED,DDAA6793-157D-4CB0-BF55-1789966836AC,PEDESTRIAN,Unknown,NO IMPROPER ACTIONS,AT INTERSECTION BUT NO CROSSWALK,NO PED. SIGNAL,N/A,No,POSSIBLE INJURY,N/A,39.201165,-77.24834333,"(39.201165, -77.24834333)"
MCP3086000M,170537350,Montgomery County Police,Injury Crash,10/18/2017 08:00:00 AM,Other Public Roadway,BAY BERRY DR,Maryland (State),CLOPPER RD,,N/A,PEDESTRIAN,SINGLE VEHICLE,CLEAR,DRY,DAYLIGHT,STOP SIGN,UNKNOWN,NONE DETECTED,C7DA580A-F8FC-45A9-8969-AC588F3BB78B,PEDESTRIAN,Cross/Enter at Intersection,NO IMPROPER ACTIONS,AT INTERSECTION BUT NO CROSSWALK,NO PED. SIGNAL,UNKNOWN,No,SUSPECTED MINOR INJURY,UNKNOWN,39.1581598,-77.27337956,"(39.1581598, -77.27337956)"
MCP2347001Z,180048866,Montgomery County Police,Injury Crash,09/30/2018 02:51:00 PM,,CHERRY HILL ROAD,,PROSPERITY DRIVE,,N/A,BICYCLIST,SAME DIRECTION LEFT TURN,CLEAR,DRY,DAYLIGHT,NO CONTROLS,NONE DETECTED,NONE DETECTED,4299F155-AD13-448E-A478-93BBF258F56D,BICYCLIST,Other,OTHER,ON ROADWAY NOT AT CROSSWALK,OTHER,UNKNOWN,Yes,SUSPECTED MINOR INJURY,MC/BIKE HELMET,39.06115333,-76.95790333,"(39.06115333, -76.95790333)"
DD5594000P,15004227,Rockville Police Departme,Injury Crash,01/26/2015 06:25:00 PM,Municipality,MONROE ST,Maryland (State),E JEFFERSON ST,,N/A,PEDESTRIAN,OTHER,SNOW,WET,DARK LIGHTS ON,TRAFFIC SIGNAL,NONE DETECTED,NONE DETECTED,B323E55E-FC12-48F0-94E8-D1747624025D,PEDESTRIAN,Cross/Enter at Intersection,NO IMPROPER ACTIONS,ON ROADWAY AT CROSSWALK,OBEYED PED. SIGNAL,MIXED CLOTHING,,POSSIBLE INJURY,N/A,39.082715,-77.15589167,"(39.082715, -77.15589167)"
MCP3220002R,220024808,Montgomery County Police,Injury Crash,06/09/2022 04:22:00 PM,,,,,PARKING LOT OF 15 METROPOLITAN GROVE RD,,PEDESTRIAN,SAME DIR REAR END,CLEAR,,DAYLIGHT,NO CONTROLS,NONE DETECTED,NONE DETECTED,4A7B955C-3CEC-4411-9B1D-A42B4B6D8895,PEDESTRIAN,Standing,INATTENTIVE,ON ROADWAY NOT AT CROSSWALK,NO PED. SIGNAL,LIGHT CLOTHING,Yes,POSSIBLE INJURY,NONE,39.148023,-77.22563867,"(39.148023, -77.22563867)"
MCP2931000T,15059747,MONTGOMERY,Injury Crash,11/22/2015 08:05:00 PM,,,,,Exit heading onto southbound Rockville Pike from Congressional Plaza,,PEDESTRIAN,OTHER,CLEAR,,DARK LIGHTS ON,N/A,N/A,N/A,EBB16B67-3116-4FD2-A02D-F98C7B15CB8D,PEDESTRIAN,Standing,NO IMPROPER ACTIONS,MEDIAN,N/A,MIXED CLOTHING,No,SUSPECTED MINOR INJURY,N/A,39.065325,-77.12755667,"(39.065325, -77.12755667)"
MCP2676001Q,15061648,MONTGOMERY,Injury Crash,12/02/2015 10:44:00 PM,County,MIDCOUNTY HWY,Maryland (State),WOODFIELD RD,,N/A,PEDESTRIAN,OTHER,N/A,DRY,DARK NO LIGHTS,NO CONTROLS,N/A,N/A,D62B14F8-463B-4614-BC02-0AF98F52E704,PEDESTRIAN,Other,DART DASH,OTHER,OTHER,DARK CLOTHING,Yes,SUSPECTED MINOR INJURY,NONE,39.15505667,-77.18051076,"(39.15505667, -77.18051076)"
MCP31110017,190030622,Montgomery County Police,Injury Crash,06/27/2019 08:00:00 AM,Maryland (State),CONNECTICUT AVE,Maryland (State),EAST WEST HWY,,N/A,BICYCLIST,SAME DIR REAR END,CLEAR,DRY,DAYLIGHT,TRAFFIC SIGNAL,NONE DETECTED,NONE DETECTED,1A37D215-9964-448C-8E15-9CA3B24D1B0F,BICYCLIST,Walking/Riding w/Traffic,INATTENTIVE,ON ROADWAY NOT AT CROSSWALK,N/A,MIXED CLOTHING,Yes,POSSIBLE INJURY,MC/BIKE HELMET,38.98814517,-77.07924283,"(38.98814517, -77.07924283)"
MCP32870013,210019100,Montgomery County Police,Injury Crash,05/20/2021 07:00:00 PM,,,,,PARKING LOT OF 7919 TUCKERMAN LN,,PEDESTRIAN,SINGLE VEHICLE,CLEAR,,DUSK,NO CONTROLS,N/A,N/A,4A372518-5354-4D0C-8535-B099996822D3,PEDESTRIAN,Other Working,NO IMPROPER ACTIONS,OTHER,N/A,MIXED CLOTHING,No,POSSIBLE INJURY,N/A,39.04071029,-77.15659808,"(39.04071029, -77.15659808)"
MCP2820003K,190027225,Montgomery County Police,Injury Crash,06/07/2019 12:42:00 PM,,N LEISURE WORLD BLVD,,HYDE PARK DR,,N/A,PEDESTRIAN,SINGLE VEHICLE,N/A,N/A,DAYLIGHT,NO CONTROLS,NONE DETECTED,NONE DETECTED,AF6984CF-29D4-4D54-8B1F-1443DF92D74C,PEDESTRIAN,Walking/Riding against Traffic,NO IMPROPER ACTIONS,SIDEWALK,N/A,LIGHT CLOTHING,No,POSSIBLE INJURY,N/A,39.10735833,-77.07343167,"(39.10735833, -77.07343167)"
MCP3290001W,230005368,Montgomery County Police,Injury Crash,02/02/2023 06:48:00 AM,Maryland (State),PINEY BRANCH RD,County,MISSISSIPPI AVE,,N/A,PEDESTRIAN,OTHER,CLEAR,DRY,DARK LIGHTS ON,NO CONTROLS,NONE DETECTED,NONE DETECTED,B8874FA0-967C-4276-850D-34B20E69EF8F,PEDESTRIAN,Cross/Enter at Intersection,UNKNOWN,ON ROADWAY AT CROSSWALK,NO PED. SIGNAL,DARK CLOTHING,No,POSSIBLE INJURY,NONE,38.98916667,-77.01190833,"(38.98916667, -77.01190833)"
MCP1205000X,15007751,Montgomery County Police,Injury Crash,02/16/2015 02:38:00 PM,,,,,PARKING LOT OF 7809 WISCONSIN AVENUE.,,PEDESTRIAN,OTHER,SNOW,,DAYLIGHT,NO CONTROLS,NONE DETECTED,NONE DETECTED,E084AFBE-5A57-461E-9EF1-B15BD4F35470,PEDESTRIAN,Other,OTHER,OTHER,N/A,MIXED CLOTHING,,SUSPECTED SERIOUS INJURY,N/A,38.98441833,-77.09423667,"(38.98441833, -77.09423667)"
MCP12050029,16043818,Montgomery County Police,Injury Crash,08/28/2016 01:32:00 PM,County,LELAND ST,County,GLENDALE RD,,N/A,BICYCLIST,STRAIGHT MOVEMENT ANGLE,CLEAR,DRY,DAYLIGHT,STOP SIGN,NONE DETECTED,NONE DETECTED,32E7554B-A37F-4057-AB7B-20ABADBD0D23,BICYCLIST,Cross/Enter at Intersection,FAILURE TO OBEY TRAFFIC SIGNS SIGNALS OR OFFICER,AT INTERSECTION BUT NO CROSSWALK,N/A,MIXED CLOTHING,Yes,SUSPECTED MINOR INJURY,MC/BIKE HELMET,38.98666421,-77.07461447,"(38.98666421, -77.07461447)"
MCP29230010,15047518,MONTGOMERY,Injury Crash,09/19/2015 10:01:00 AM,County,ARCOLA AVE,County,KEMP MILL RD,,N/A,BICYCLIST,OTHER,N/A,DRY,DAYLIGHT,NO CONTROLS,,NONE DETECTED,434472ED-3291-4964-93A2-870D24C82D8C,BICYCLIST,Walking/Riding w/Traffic,NO IMPROPER ACTIONS,ON ROADWAY NOT AT CROSSWALK,N/A,REFLECTIVE MATERIAL,No,POSSIBLE INJURY,MC/BIKE HELMET,39.04669419,-77.03098297,"(39.04669419, -77.03098297)"
MCP2617002Z,17000437,Montgomery County Police,Injury Crash,01/03/2017 06:10:00 PM,County,LINDEN AVE,County,POOKS HILL RD,,N/A,PEDESTRIAN,OTHER,CLEAR,WET,DARK NO LIGHTS,STOP SIGN,NONE DETECTED,NONE DETECTED,908AAFD6-C38F-4B4A-A8B2-A9F6B619B21F,PEDESTRIAN,Cross/Enter at Intersection,NO IMPROPER ACTIONS,ON ROADWAY AT CROSSWALK,OBEYED PED. SIGNAL,LIGHT CLOTHING,No,POSSIBLE INJURY,NONE,39.01438167,-77.106065,"(39.01438167, -77.106065)"
MCP28750026,16047208,Montgomery County Police,Injury Crash,09/14/2016 07:30:00 PM,County,CLOPPERS MILL DR,Maryland (State),GREAT SENECA HWY,,N/A,BICYCLIST,OTHER,CLEAR,DRY,DUSK,TRAFFIC SIGNAL,NONE DETECTED,NONE DETECTED,F3C7C14C-C2A9-4FD5-AEB8-B7B7976EFF99,BICYCLIST,Walking/Cycling on Sidewalk,IN ROADWAY IMPROPERLY,ON ROADWAY AT CROSSWALK,OTHER,DARK CLOTHING,Yes,SUSPECTED SERIOUS INJURY,N/A,39.14877147,-77.27639437,"(39.14877147, -77.27639437)"
DM8463000L,180009268,Takoma Park Police Depart,Injury Crash,02/22/2018 03:18:00 PM,,,,,"PARKING LOT OF 6300 NEW HAMPSHIRE AVE, TAKOMA PARK, MD 20912",,PEDESTRIAN,SINGLE VEHICLE,RAINING,,DAYLIGHT,N/A,UNKNOWN,N/A,25AC5FF6-7020-4665-B6E0-1589CEBCE5FD,PEDESTRIAN,Standing,OTHER,OTHER,N/A,DARK CLOTHING,No,SUSPECTED SERIOUS INJURY,N/A,38.96627446,-77.00259447,"(38.96627446, -77.00259447)"
MCP3199000D,190042167,Montgomery County Police,Property Damage Crash,09/03/2019 03:20:00 PM,County,PEACH ORCHARD RD,County,BRIGGS CHANEY RD,,N/A,OTHER,STRAIGHT MOVEMENT ANGLE,CLEAR,DRY,DAYLIGHT,STOP SIGN,NONE DETECTED,NONE DETECTED,BCFAD8E1-1F6E-4D34-B010-2D06289659EA,OTHER,Other,NO IMPROPER ACTIONS,INSIDE BUILDING,N/A,N/A,No,NO APPARENT INJURY,N/A,39.09575167,-76.96978833,"(39.09575167, -76.96978833)"
MCP28820023,170525535,Montgomery County Police,Injury Crash,08/18/2017 02:55:00 PM,,,,,PARKING LOT IN FRONT OF 19552 CRYSTAL ROCK DRIVE,,BICYCLIST,SINGLE VEHICLE,CLEAR,,DAYLIGHT,N/A,NONE DETECTED,NONE DETECTED,30CB36A0-91F0-4487-950C-4A059417B60C,BICYCLIST,Playing,INATTENTIVE,OTHER,N/A,MIXED CLOTHING,Yes,SUSPECTED MINOR INJURY,NONE,39.17810167,-77.26309833,"(39.17810167, -77.26309833)"
MCP271700L4,180053259,Montgomery County Police,Injury Crash,10/24/2018 01:30:00 PM,,,,,801  ELLSWORTH DRIVE (FENTON STREET PARKING GARAGE),,PEDESTRIAN,OTHER,CLEAR,,DAYLIGHT,NO CONTROLS,NONE DETECTED,NONE DETECTED,C9857EE8-D632-45CB-A875-F18BA9DE62C0,PEDESTRIAN,Other,NO IMPROPER ACTIONS,OTHER,NO PED. SIGNAL,MIXED CLOTHING,No,SUSPECTED MINOR INJURY,NONE,38.997237,-77.02585,"(38.997237, -77.02585)"
MCP1301000H,15061863,MONTGOMERY,Injury Crash,12/03/2015 09:47:00 PM,Maryland (State),ROCKVILLE PIKE,Municipality,EDMONSTON DR,,ROCKVILLE,PEDESTRIAN,SAME DIRECTION SIDESWIPE,CLEAR,DRY,DARK LIGHTS ON,N/A,ALCOHOL PRESENT,N/A,86C13B3E-6898-4CC8-89A9-78CE341A4C49,PEDESTRIAN,Other Working,NO IMPROPER ACTIONS,OTHER,N/A,DARK CLOTHING,No,SUSPECTED SERIOUS INJURY,REFLECTIVE CLOTHING,39.0777754,-77.13333607,"(39.0777754, -77.13333607)"
MCP28480033,16033490,Montgomery County Police,Injury Crash,07/02/2016 07:57:00 AM,County,MACARTHUR BLVD,County,TOMLINSON AVE,,N/A,BICYCLIST,HEAD ON LEFT TURN,CLEAR,N/A,DAYLIGHT,NO CONTROLS,NONE DETECTED,NONE DETECTED,39692AC2-1098-4AC4-91B8-188A7EE2F353,BICYCLIST,Cross/Enter not at Intersection,NO IMPROPER ACTIONS,ON ROADWAY NOT AT CROSSWALK,NO PED. SIGNAL,LIGHT CLOTHING,No,SUSPECTED MINOR INJURY,MC/BIKE HELMET,38.97353333,-77.15563,"(38.97353333, -77.15563)"