Report Number,Local Case Number,Agency Name,ACRS Report Type,Crash Date/Time,Route Type,Road Name,Cross-Street Type,Cross-Street Name,Off-Road Description,Municipality,Related Non-Motorist,Collision Type,Weather,Surface Condition,Light,Traffic Control,Driver Substance Abuse,Non-Motorist Substance Abuse,Person ID,Pedestrian Type,Pedestrian Movement,Pedestrian Actions,Pedestrian Location,Pedestrian Obeyed Traffic Signal,Pedestrian Visibility,At Fault,Injury Severity,Safety Equipment,Latitude,Longitude,Location
MCP2291005S,220006216,Montgomery County Police,Injury Crash,02/12/2022 04:11:00 PM,Maryland (State),OLD GEORGETOWN RD,County,BEECH AVE,,N/A,BICYCLIST,HEAD ON LEFT TURN,CLEAR,DRY,DAYLIGHT,TRAFFIC SIGNAL,NONE DETECTED,NONE DETECTED,DEE0F2C1-D29C-450F-9CD6-2A278036DD0C,BICYCLIST,Standing,NO IMPROPER ACTIONS,SIDEWALK,OBEYED PED. SIGNAL,MIXED CLOTHING,No,SUSPECTED SERIOUS INJURY,MC/BIKE HELMET,39.01002068,-77.11475414,"(39.01002068, -77.11475414)"
MCP29780010,16014332,MONTGOMERY,Injury Crash,03/23/2016 11:45:00 AM,Maryland (State),ROCKVILLE PIKE,Maryland (State),FIRST ST,,N/A,BICYCLIST,STRAIGHT MOVEMENT ANGLE,CLEAR,DRY,DAYLIGHT,STOP SIGN,UNKNOWN,NONE DETECTED,3AD24FDE-36B0-4BE9-904F-0ECF731E7499,BICYCLIST,Walking/Cycling on Sidewalk,NO IMPROPER ACTIONS,DRIVEWAY ACCESS MARKED CROSSWALK,NO PED. SIGNAL,N/A,No,SUSPECTED MINOR INJURY,UNKNOWN,39.07634285,-77.138502,"(39.07634285, -77.138502)"
MCP3085001W,190053496,Montgomery County Police,Injury Crash,11/06/2019 04:09:00 PM,County,MACARTHUR BLVD,County,81ST ST,,N/A,BICYCLIST,HEAD ON LEFT TURN,CLEAR,DRY,DAYLIGHT,NO CONTROLS,NONE DETECTED,NONE DETECTED,1FAAF9B7-C38B-4969-A9A9-17DDB9AE3B53,BICYCLIST,Walking/Cycling on Sidewalk,NO IMPROPER ACTIONS,SIDEWALK,NO PED. SIGNAL,MIXED CLOTHING,Yes,SUSPECTED MINOR INJURY,MC/BIKE HELMET,38.97459833,-77.16567333,"(38.97459833, -77.16567333)"
MCP2339006S,220008272,Montgomery County Police,Injury Crash,02/25/2022 04:06:00 PM,Municipality,PICCARD DR,Municipality,GAITHER RD,,ROCKVILLE,"OTHER, PEDESTRIAN",OTHER,CLEAR,DRY,DAYLIGHT,TRAFFIC SIGNAL,NONE DETECTED,NONE DETECTED,E6DFE4E6-83D0-41AD-868F-3EB9BECC3D7B,PEDESTRIAN,Cross/Enter at Intersection,NO IMPROPER ACTIONS,ON ROADWAY AT CROSSWALK,UNKNOWN,UNKNOWN,No,SUSPECTED MINOR INJURY,NONE,39.115235,-77.17854167,"(39.115235, -77.17854167)"
MCP2639008Z,200008439,Montgomery County Police,Injury Crash,02/20/2020 07:57:00 AM,County,ARCOLA AVE,County,LAMBERTON DR,,N/A,BICYCLIST,HEAD ON LEFT TURN,CLOUDY,DRY,DAYLIGHT,NO CONTROLS,NONE DETECTED,NONE DETECTED,8A8F995B-92D6-4640-AE8E-9524B35A12D6,BICYCLIST,Walking/Riding w/Traffic,IMPROPER PASSING,SHOULDER,N/A,MIXED CLOTHING,Yes,POSSIBLE INJURY,MC/BIKE HELMET,39.04224,-77.02996333,"(39.04224, -77.02996333)"
MCP29370047,220016211,Montgomery County Police,Injury Crash,04/16/2022 09:45:00 PM,County,GREENCASTLE RD,County,OLD COLUMBIA PIKE,,N/A,PEDESTRIAN,SINGLE VEHICLE,CLEAR,DRY,DARK LIGHTS ON,TRAFFIC SIGNAL,NONE DETECTED,NONE DETECTED,83A637B8-93DF-4E81-8A97-3E6E5BFFA445,PEDESTRIAN,Cross/Enter at Intersection,NO IMPROPER ACTIONS,AT INTERSECTION MARKED CROSSWALK,OBEYED PED. SIGNAL,DARK CLOTHING,No,SUSPECTED MINOR INJURY,N/A,39.09836809,-76.9442578,"(39.09836809, -76.9442578)"
MCP30190047,210048774,Montgomery County Police,Injury Crash,12/01/2021 04:00:00 PM,County,BETHESDA AVE,County,ARLINGTON RD,,N/A,PEDESTRIAN,OTHER,CLEAR,DRY,DUSK,NO CONTROLS,N/A,N/A,2EE74486-5529-42CE-BEEB-3CCD7641E6D9,PEDESTRIAN,Other,N/A,SIDEWALK,N/A,UNKNOWN,No,POSSIBLE INJURY,N/A,38.980945,-77.0974,"(38.980945, -77.0974)"
MCP3373000Q,230025500,Montgomery County Police,Injury Crash,05/27/2023 04:21:00 PM,County,DARCY FOREST DR,County,KIMBALL PL,,N/A,PEDESTRIAN,SINGLE VEHICLE,CLEAR,DRY,DAYLIGHT,STOP SIGN,UNKNOWN,NONE DETECTED,059CA498-1B53-40A6-A980-A6610603B312,PEDESTRIAN,Other,NO IMPROPER ACTIONS,ON ROADWAY AT CROSSWALK,NO PED. SIGNAL,MIXED CLOTHING,No,SUSPECTED MINOR INJURY,NONE,39.0166488,-77.04753807,"(39.0166488, -77.04753807)"
MCP3372000X,230026533,Montgomery County Police,Injury Crash,06/02/2023 05:05:00 PM,,,,,13677 CONNECTICUT AVENUE SILVER SPRING MD,,PEDESTRIAN,OTHER,CLEAR,,DAYLIGHT,NO CONTROLS,NONE DETECTED,NONE DETECTED,76673102-EA1B-478D-ACA0-66D08C03439D,PEDESTRIAN,Other,NO IMPROPER ACTIONS,OTHER,NO PED. SIGNAL,DARK CLOTHING,No,SUSPECTED MINOR INJURY,NONE,39.07865333,-77.07957317,"(39.07865333, -77.07957317)"
MCP3007002F,170535765,Montgomery County Police,Injury Crash,10/10/2017 08:15:00 AM,County,BEL PRE RD,Maryland (State),GEORGIA AVE,,N/A,PEDESTRIAN,SINGLE VEHICLE,N/A,DRY,DAYLIGHT,N/A,N/A,N/A,00F23021-79CB-4733-A375-A2D832DE66C1,PEDESTRIAN,Cross/Enter not at Intersection,DART DASH,ON ROADWAY NOT AT CROSSWALK,NO PED. SIGNAL,UNKNOWN,Yes,SUSPECTED MINOR INJURY,NONE,39.09347325,-77.07867265,"(39.09347325, -77.07867265)"
EJ7878001N,200029758,Gaithersburg Police Depar,Injury Crash,07/31/2020 07:00:00 PM,Municipality,CHESTNUT ST,Municipality,E DIAMOND AVE,,GAITHERSBURG,PEDESTRIAN,SAME DIR REAR END,CLEAR,DRY,DAYLIGHT,RAILWAY CROSSING DEVICE,N/A,N/A,17594BD1-665A-4C85-B685-D9D22B6481D1,PEDESTRIAN,Other,OTHER,ON ROADWAY NOT AT CROSSWALK,NO PED. SIGNAL,LIGHT CLOTHING,Yes,POSSIBLE INJURY,N/A,39.142222,-77.20310799,"(39.142222, -77.20310799)"
MCP2934004M,220022524,Montgomery County Police,Injury Crash,05/26/2022 03:03:00 PM,County,TILDEN LA,Unknown,ENT SCHOOL,,N/A,BICYCLIST,OTHER,CLOUDY,DRY,DAYLIGHT,NO CONTROLS,NONE DETECTED,NONE DETECTED,A6E19EC5-8F8D-4547-A883-B0C14E9966BF,BICYCLIST,Cross/Enter at Intersection,NO IMPROPER ACTIONS,ON ROADWAY AT CROSSWALK,NO PED. SIGNAL,DARK CLOTHING,No,POSSIBLE INJURY,MC/BIKE HELMET,39.04364167,-77.13082667,"(39.04364167, -77.13082667)"
EJ78440014,220000415,Gaithersburg Police Depar,Injury Crash,01/04/2022 03:30:00 PM,,W WATKINS MILL RD,,SB I-270 EXIT RAMP,,N/A,BICYCLIST,STRAIGHT MOVEMENT ANGLE,CLEAR,DRY,DAYLIGHT,TRAFFIC SIGNAL,NONE DETECTED,NONE DETECTED,387D2082-1F64-4AA6-8268-704CEFBA9137,BICYCLIST,Walking/Riding w/Traffic,NO IMPROPER ACTIONS,ON ROADWAY AT CROSSWALK,OBEYED PED. SIGNAL,N/A,No,SUSPECTED MINOR INJURY,UNKNOWN,39.15660815,-77.22456573,"(39.15660815, -77.22456573)"
DD5645001M,220005078,Rockville Police Departme,Injury Crash,02/05/2022 09:20:00 PM,Municipality,HALPINE RD,Maryland (State),ROCKVILLE PIKE,,N/A,PEDESTRIAN,SINGLE VEHICLE,CLEAR,DRY,DARK LIGHTS ON,TRAFFIC SIGNAL,N/A,NONE DETECTED,7877268B-A189-494D-AB34-E098FC4801F0,PEDESTRIAN,Cross/Enter at Intersection,NO IMPROPER ACTIONS,ON ROADWAY AT CROSSWALK,OBEYED PED. SIGNAL,MIXED CLOTHING,No,POSSIBLE INJURY,NONE,39.0619688,-77.12399478,"(39.0619688, -77.12399478)"
MCP22910015,15023665,Montgomery County Police,Injury Crash,05/17/2015 05:49:00 PM,,,,,entrance/driveway to 4601 N.Park Avenue (The Elizabeth Apartments),,PEDESTRIAN,OTHER,CLEAR,,DAYLIGHT,N/A,NONE DETECTED,NONE DETECTED,C4D96C75-B143-4126-AC1F-305A9427F23A,PEDESTRIAN,Standing,OTHER,CURB,N/A,N/A,,POSSIBLE INJURY,N/A,38.96341667,-77.09098333,"(38.96341667, -77.09098333)"
MCP3039001D,170530806,Montgomery County Police,Injury Crash,09/15/2017 05:00:00 PM,County,MACARTHUR BLVD,Interstate (State),CABIN JOHN PKWY,,N/A,BICYCLIST,STRAIGHT MOVEMENT ANGLE,CLEAR,DRY,DAYLIGHT,NO CONTROLS,N/A,NONE DETECTED,04DC723C-6E43-41CD-B493-8B64CCFDEE55,BICYCLIST,Walking/Riding w/Traffic,NO IMPROPER ACTIONS,ON ROADWAY NOT AT CROSSWALK,N/A,REFLECTIVE MATERIAL,No,SUSPECTED MINOR INJURY,MC/BIKE HELMET,38.97268905,-77.14882851,"(38.97268905, -77.14882851)"
MCP3161003C,210042969,Montgomery County Police,Injury Crash,10/25/2021 03:03:00 PM,Maryland (State),ROCKVILLE PIKE,County,CEDAR LA,,N/A,PEDESTRIAN,SINGLE VEHICLE,CLEAR,DRY,DAYLIGHT,NO CONTROLS,NONE DETECTED,NONE DETECTED,8B35DAE4-7417-4A97-8807-1DE8C94C9404,PEDESTRIAN,Cross/Enter not at Intersection,IN ROADWAY IMPROPERLY,ON ROADWAY NOT AT CROSSWALK,NO PED. SIGNAL,DARK CLOTHING,Yes,SUSPECTED SERIOUS INJURY,NONE,38.99746667,-77.10965833,"(38.99746667, -77.10965833)"
MCP26010009,15056452,MONTGOMERY,Injury Crash,11/05/2015 08:48:00 PM,Maryland (State),EAST WEST HWY,Unknown,ENT TO SHOPPING CENTER,,N/A,PEDESTRIAN,OTHER,FOGGY,WET,DARK LIGHTS ON,TRAFFIC SIGNAL,N/A,NONE DETECTED,45C1F4C9-29EA-45C1-91B9-0ADB27248E10,PEDESTRIAN,Cross/Enter at Intersection,FAILURE TO OBEY TRAFFIC SIGNS SIGNALS OR OFFICER,ON ROADWAY AT CROSSWALK,DISOBEYED PED. SIGNAL,DARK CLOTHING,Yes,SUSPECTED MINOR INJURY,N/A,38.99282158,-77.03160524,"(38.99282158, -77.03160524)"
MCP3139002P,210030134,Montgomery County Police,Injury Crash,08/03/2021 03:15:00 PM,,,,,10113 NEW HAMPSHIRE AVE PARKING LOT,,PEDESTRIAN,SINGLE VEHICLE,CLEAR,,DAYLIGHT,STOP SIGN,N/A,N/A,82BB03D1-A371-4111-B560-1D28C6C36A16,PEDESTRIAN,Cross/Enter not at Intersection,NO IMPROPER ACTIONS,DRIVEWAY ACCESS MARKED CROSSWALK,N/A,MIXED CLOTHING,No,POSSIBLE INJURY,NONE,39.02086126,-76.97547974,"(39.02086126, -76.97547974)"
MCP2871008D,220054106,Montgomery County Police,Injury Crash,12/07/2022 04:17:00 PM,,,,,PARKING LOT OF 4860 BOILING BROOK PKWY,,MACHINE OPERATOR/RIDER,STRAIGHT MOVEMENT ANGLE,CLEAR,,DARK LIGHTS ON,NO CONTROLS,NONE DETECTED,NONE DETECTED,4A718F1A-AEEF-4F66-BDFB-3C997E5EE01B,MACHINE OPERATOR/RIDER,Cross/Enter at Intersection,FAILURE TO YIELD RIGHT OF WAY,OTHER,NO PED. SIGNAL,MIXED CLOTHING,Yes,SUSPECTED MINOR INJURY,NONE,39.04691333,-77.09962833,"(39.04691333, -77.09962833)"
MCP3003003C,190008966,Montgomery County Police,Injury Crash,02/25/2019 12:58:00 PM,County,EDSON LA,Unknown,STRAND DR,,N/A,PEDESTRIAN,SINGLE VEHICLE,CLEAR,DRY,DAYLIGHT,STOP SIGN,NONE DETECTED,NONE DETECTED,C18914F9-82C4-4459-91D2-10B42D1EBF3A,PEDESTRIAN,Cross/Enter at Intersection,UNKNOWN,AT INTERSECTION BUT NO CROSSWALK,N/A,MIXED CLOTHING,No,SUSPECTED MINOR INJURY,N/A,39.04055833,-77.11537333,"(39.04055833, -77.11537333)"
MCP23390048,190019768,Montgomery County Police,Injury Crash,04/27/2019 03:33:00 PM,County,RANDOLPH RD,County,PARKLAWN DR,,N/A,OTHER,SINGLE VEHICLE,N/A,DRY,DAYLIGHT,TRAFFIC SIGNAL,NONE DETECTED,N/A,7D20A872-FF93-46B0-B472-17F85956D8D8,OTHER,N/A,N/A,N/A,N/A,N/A,No,SUSPECTED MINOR INJURY,N/A,39.0535975,-77.10567826,"(39.0535975, -77.10567826)"
MCP3137000J,180056836,Montgomery County Police,Injury Crash,11/12/2018 07:58:00 PM,Maryland (State),UNIVERSITY BLVD E,County,E FRANKLIN AVE,,N/A,PEDESTRIAN,SINGLE VEHICLE,RAINING,WET,DARK LIGHTS ON,TRAFFIC SIGNAL,NONE DETECTED,NONE DETECTED,135DE0D8-DCB3-47B7-A37E-749F0999ECFC,PEDESTRIAN,Cross/Enter at Intersection,NO IMPROPER ACTIONS,AT INTERSECTION MARKED CROSSWALK,OBEYED PED. SIGNAL,DARK CLOTHING,No,POSSIBLE INJURY,N/A,39.01213633,-77.00261201,"(39.01213633, -77.00261201)"
MCP3276000T,210013552,Montgomery County Police,Injury Crash,04/11/2021 07:59:00 PM,Maryland (State),COLESVILLE RD,Maryland (State),EAST WEST HWY,,N/A,PEDESTRIAN,SINGLE VEHICLE,RAINING,WET,DARK LIGHTS ON,TRAFFIC SIGNAL,ALCOHOL PRESENT,NONE DETECTED,8FD2B0F9-5425-4565-BBA4-6BD814D40EB0,PEDESTRIAN,Cross/Enter at Intersection,NO IMPROPER ACTIONS,ON ROADWAY AT CROSSWALK,OBEYED PED. SIGNAL,MIXED CLOTHING,No,SUSPECTED MINOR INJURY,N/A,38.99339134,-77.03212156,"(38.99339134, -77.03212156)"
MCP1170001R,170503352,Montgomery County Police,Injury Crash,04/21/2017 01:13:00 PM,,,,,PARKING LOT OF 13827 OUTLET DRIVE,,PEDESTRIAN,OTHER,CLEAR,,DAYLIGHT,NO CONTROLS,UNKNOWN,NONE DETECTED,24BA7FE5-B5C5-495C-A47C-555A0FE7D7B0,PEDESTRIAN,Other,NO IMPROPER ACTIONS,OTHER,N/A,MIXED CLOTHING,No,SUSPECTED MINOR INJURY,N/A,39.08218948,-76.94643974,"(39.08218948, -76.94643974)"
MCP2894005H,190006431,Montgomery County Police,Injury Crash,02/09/2019 02:07:00 PM,,,,,"4816 BOILING BROOK PKWY, GOODWILL PARKING LOT",,PEDESTRIAN,SAME DIR REAR END,CLEAR,,DAYLIGHT,NO CONTROLS,,NONE DETECTED,E14B945C-EEB9-410D-BB1E-FC3A2A0B29EE,PEDESTRIAN,Other,NO IMPROPER ACTIONS,OTHER,N/A,MIXED CLOTHING,No,POSSIBLE INJURY,N/A,39.04524333,-77.11300833,"(39.04524333, -77.11300833)"
MCP3153001W,190060807,Montgomery County Police,Injury Crash,12/17/2019 06:04:00 PM,Maryland (State),GEORGIA AVE,County,PLYERS MILL RD,,N/A,PEDESTRIAN,STRAIGHT MOVEMENT ANGLE,N/A,WET,DARK LIGHTS ON,TRAFFIC SIGNAL,NONE DETECTED,NONE DETECTED,6C1B503D-9E0E-4011-9D5F-1C9FC8B0AF9B,PEDESTRIAN,Walking/Riding w/Traffic,NO IMPROPER ACTIONS,ON ROADWAY AT CROSSWALK,OBEYED PED. SIGNAL,DARK CLOTHING,No,POSSIBLE INJURY,N/A,39.02998149,-77.04775969,"(39.02998149, -77.04775969)"
MCP2997000H,16033735,Montgomery County Police,Injury Crash,07/03/2016 10:40:00 PM,County,BEL PRE RD,County,GRAND PRE RD,,N/A,PEDESTRIAN,OTHER,CLEAR,DRY,DARK LIGHTS ON,STOP SIGN,NONE DETECTED,NONE DETECTED,D337CBFA-E5F8-493B-9869-54EFC9B267DC,PEDESTRIAN,Cross/Enter at Intersection,NO IMPROPER ACTIONS,AT INTERSECTION BUT NO CROSSWALK,NO PED. SIGNAL,MIXED CLOTHING,No,SUSPECTED SERIOUS INJURY,NONE,39.09353987,-77.07777679,"(39.09353987, -77.07777679)"
MCP3282000W,210039076,Montgomery County Police,Injury Crash,10/01/2021 11:42:00 PM,Maryland (State),GREAT SENECA HWY,County,WISTERIA DR,,N/A,PEDESTRIAN,OTHER,N/A,DRY,DARK LIGHTS ON,N/A,NONE DETECTED,UNKNOWN,8A672DE9-5D4B-4876-8BAA-FD02ECD1D3DD,PEDESTRIAN,Standing,IN ROADWAY IMPROPERLY,ON ROADWAY NOT AT CROSSWALK,NO PED. SIGNAL,MIXED CLOTHING,Yes,POSSIBLE INJURY,NONE,39.17073726,-77.26243425,"(39.17073726, -77.26243425)"
MCP3048002Z,180016053,Montgomery County Police,Injury Crash,04/03/2018 08:15:00 AM,,,,,PARKING LOT IN FRONT OF 6920 ARLINGTON RD,,PEDESTRIAN,OTHER,CLEAR,,DAYLIGHT,NO CONTROLS,NONE DETECTED,NONE DETECTED,86956F6D-6596-401E-A8F1-501C3D9114B5,PEDESTRIAN,Other,NO IMPROPER ACTIONS,OTHER,NO PED. SIGNAL,MIXED CLOTHING,No,POSSIBLE INJURY,N/A,38.97707667,-77.09704667,"(38.97707667, -77.09704667)"
MCP2720005B,200046356,Montgomery County Police,Injury Crash,11/23/2020 10:16:00 PM,County,BEL PRE RD,County,RIPPLING BROOK DR,,N/A,OTHER CONVEYANCE,STRAIGHT MOVEMENT ANGLE,CLEAR,DRY,DARK LIGHTS ON,NO CONTROLS,NONE DETECTED,NONE DETECTED,20AE42FA-475C-4A0A-8C23-17D00F80BC41,OTHER CONVEYANCE,Cross/Enter at Intersection,FAILURE TO YIELD RIGHT OF WAY,ON ROADWAY AT CROSSWALK,NO PED. SIGNAL,MIXED CLOTHING,Yes,POSSIBLE INJURY,NONE,39.09031333,-77.05370333,"(39.09031333, -77.05370333)"
MCP2767008V,210001648,Montgomery County Police,Injury Crash,01/13/2021 05:40:00 PM,County,RANDOLPH RD,County,HEURICH RD,,N/A,BICYCLIST,SINGLE VEHICLE,CLEAR,DRY,DUSK,NO CONTROLS,UNKNOWN,NONE DETECTED,5BC95A45-7042-4825-9138-8FA5D048F7C9,BICYCLIST,Cross/Enter at Intersection,NO IMPROPER ACTIONS,ON ROADWAY NOT AT CROSSWALK,NO PED. SIGNAL,DARK CLOTHING,No,POSSIBLE INJURY,NONE,39.06225291,-77.04188665,"(39.06225291, -77.04188665)"
MCP2987001H,17000541,Montgomery County Police,Injury Crash,01/04/2017 07:00:00 AM,Maryland (State),PINEY BRANCH RD,Other Public Roadway,CARROLL AVE,,N/A,PEDESTRIAN,OTHER,CLEAR,DRY,OTHER,OTHER,UNKNOWN,NONE DETECTED,1752C0D3-37E6-45EA-BA80-0D28FF93DEE6,PEDESTRIAN,Cross/Enter at Intersection,NO IMPROPER ACTIONS,ON ROADWAY AT CROSSWALK,NO PED. SIGNAL,MIXED CLOTHING,No,SUSPECTED MINOR INJURY,NONE,39.00118899,-76.98752046,"(39.00118899, -76.98752046)"
MCP29170040,190014236,Montgomery County Police,Injury Crash,03/27/2019 07:25:00 PM,,WHISPERING PINES DRIVE,,WHISPERING PINES COURT,,N/A,PEDESTRIAN,OTHER,CLEAR,DRY,DUSK,NO CONTROLS,NONE DETECTED,NONE DETECTED,1DF9FFA7-DB1A-4DDA-A3BE-18870273992F,PEDESTRIAN,Playing,DART DASH,ON ROADWAY NOT AT CROSSWALK,NO PED. SIGNAL,DARK CLOTHING,Yes,POSSIBLE INJURY,NONE,39.08778667,-77.06369,"(39.08778667, -77.06369)"
MCP27180018,15036367,MONTGOMERY,Injury Crash,07/23/2015 06:19:00 PM,County,TWINBROOK PKWY,County,PARKLAWN DR,,N/A,BICYCLIST,OTHER,CLEAR,DRY,DAYLIGHT,TRAFFIC SIGNAL,N/A,N/A,C5DD4A55-457D-4350-ADA2-631FA3686883,BICYCLIST,Cross/Enter at Intersection,NO IMPROPER ACTIONS,AT INTERSECTION MARKED CROSSWALK,OBEYED PED. SIGNAL,MIXED CLOTHING,No,POSSIBLE INJURY,NONE,39.061535,-77.11639667,"(39.061535, -77.11639667)"
MCP27230052,200035305,Montgomery County Police,Injury Crash,09/09/2020 09:45:00 AM,,,,,18100 VILLAGE CENTER DRIVE,,PEDESTRIAN,SINGLE VEHICLE,CLOUDY,,DAYLIGHT,NO CONTROLS,NONE DETECTED,NONE DETECTED,D36AD02D-1B06-4F31-9E4E-4F100C7187D5,PEDESTRIAN,Standing,NO IMPROPER ACTIONS,SIDEWALK,N/A,MIXED CLOTHING,No,SUSPECTED MINOR INJURY,N/A,39.15281833,-77.06443167,"(39.15281833, -77.06443167)"
MCP22990008,16044954,Montgomery County Police,Injury Crash,09/02/2016 06:23:00 PM,,,,,"MONTGOMERY COUNTY PARKING LOT 20
8212 COLONIAL LANE SILVER SPRING, MD",,OTHER CONVEYANCE,SINGLE VEHICLE,CLEAR,,DAYLIGHT,N/A,NONE DETECTED,N/A,69070CA7-9E68-4664-AA78-4BCDA510CE29,OTHER CONVEYANCE,Other,UNKNOWN,ON ROADWAY NOT AT CROSSWALK,N/A,OTHER,Yes,POSSIBLE INJURY,NONE,38.99172607,-77.02797085,"(38.99172607, -77.02797085)"
MCP1151009Y,190045030,Montgomery County Police,Injury Crash,09/20/2019 06:25:00 AM,County,CLARKSBURG RD,County,MOXLEY RD,,N/A,PEDESTRIAN,SAME DIRECTION SIDESWIPE,CLEAR,DRY,DARK NO LIGHTS,N/A,UNKNOWN,NONE DETECTED,C909767E-8F52-42CA-9D0A-A157AB00603E,PEDESTRIAN,Walking/Riding w/Traffic,NOT VISIBLE,ON ROADWAY NOT AT CROSSWALK,N/A,DARK CLOTHING,Yes,SUSPECTED SERIOUS INJURY,N/A,39.31167578,-77.23862919,"(39.31167578, -77.23862919)"
MCP1020001N,16040706,Montgomery County Police,Injury Crash,08/11/2016 12:28:00 PM,,,,,PARKING LOT OF 20938 FREDERICK RD,,PEDESTRIAN,OTHER,CLEAR,,DAYLIGHT,NO CONTROLS,NONE DETECTED,NONE DETECTED,43E937B6-DEC5-43E1-82BB-D32F0B9DD022,PEDESTRIAN,Other,NO IMPROPER ACTIONS,OTHER,N/A,MIXED CLOTHING,No,SUSPECTED MINOR INJURY,N/A,39.20270667,-77.24945167,"(39.20270667, -77.24945167)"
MCP3023003J,190058985,Montgomery County Police,Injury Crash,12/07/2019 06:45:00 AM,Maryland (State),GEORGIA AVE,Unknown,SPUR FR BEL PRE RD,,N/A,PEDESTRIAN,SINGLE VEHICLE,CLEAR,DRY,DAWN,PERSON,NONE DETECTED,NONE DETECTED,78FE6F7E-7278-4D89-9FE5-6229B3379D43,PEDESTRIAN,Cross/Enter at Intersection,NO IMPROPER ACTIONS,AT INTERSECTION MARKED CROSSWALK,N/A,MIXED CLOTHING,Yes,POSSIBLE INJURY,NONE,39.092865,-77.080142,"(39.092865, -77.080142)"
DD5624003Q,200000635,Rockville Police Departme,Injury Crash,01/04/2020 04:15:00 PM,,,,,IN PARKING LOT OF 1902 VIERS MILL ROAD,,PEDESTRIAN,OTHER,RAINING,,DARK LIGHTS ON,NO CONTROLS,NONE DETECTED,NONE DETECTED,418D6B68-7BE9-43F2-9003-95F0FA7AA155,PEDESTRIAN,Other,NO IMPROPER ACTIONS,OTHER,NO PED. SIGNAL,MIXED CLOTHING,No,POSSIBLE INJURY,NONE,39.07612117,-77.11713417,"(39.07612117, -77.11713417)"
MCP3209001T,200042007,Montgomery County Police,Injury Crash,10/30/2020 06:14:00 PM,County,BLAIR RD,County,JUNIPER ST,,N/A,BICYCLIST,STRAIGHT MOVEMENT ANGLE,CLEAR,DRY,DUSK,STOP SIGN,UNKNOWN,NONE DETECTED,A046A21D-8CB8-4161-8EC8-7B62431A41D8,BICYCLIST,Cross/Enter at Intersection,FAILURE TO YIELD RIGHT OF WAY,AT INTERSECTION BUT NO CROSSWALK,NO PED. SIGNAL,LIGHT CLOTHING,No,POSSIBLE INJURY,NONE,38.98272912,-77.02240396,"(38.98272912, -77.02240396)"
MCP26770014,170515744,Montgomery County Police,Injury Crash,06/25/2017 10:02:00 PM,County,SCENERY DR,Maryland (State),FREDERICK RD,,N/A,BICYCLIST,STRAIGHT MOVEMENT ANGLE,CLEAR,N/A,DARK LIGHTS ON,STOP SIGN,N/A,N/A,D10CAD68-7BB1-4040-9FC0-A2BA7537D10D,BICYCLIST,Cross/Enter at Intersection,IN ROADWAY IMPROPERLY,AT INTERSECTION MARKED CROSSWALK,DISOBEYED PED. SIGNAL,MIXED CLOTHING,Yes,SUSPECTED MINOR INJURY,NONE,39.17546992,-77.23792076,"(39.17546992, -77.23792076)"
MCP2991003W,190040989,Montgomery County Police,Injury Crash,08/26/2019 08:20:00 PM,County,HINES RD,County,WELLFLEET DR,,N/A,PEDESTRIAN,SINGLE VEHICLE,CLEAR,DRY,DARK LIGHTS ON,N/A,N/A,N/A,C404D28E-0035-45B1-A0A7-C8CF71E68B88,PEDESTRIAN,Cross/Enter at Intersection,NO IMPROPER ACTIONS,AT INTERSECTION MARKED CROSSWALK,NO PED. SIGNAL,DARK CLOTHING,No,POSSIBLE INJURY,NONE,39.14143267,-77.07796833,"(39.14143267, -77.07796833)"
DD5527002C,190032022,Rockville Police Departme,Injury Crash,07/05/2019 05:39:00 PM,Maryland (State),ROCKVILLE PIKE,Municipality,RICHARD MONTGOMERY DR,,ROCKVILLE,PEDESTRIAN,OTHER,CLEAR,DRY,DAYLIGHT,TRAFFIC SIGNAL,NONE DETECTED,NONE DETECTED,7EF70D20-CF0A-4472-93A1-DC310B7B08C7,PEDESTRIAN,Cross/Enter at Intersection,NO IMPROPER ACTIONS,ON ROADWAY AT CROSSWALK,OBEYED PED. SIGNAL,MIXED CLOTHING,No,SUSPECTED MINOR INJURY,NONE,39.08034822,-77.14412258,"(39.08034822, -77.14412258)"
MCP04050004,15058162,Montgomery County Police,Injury Crash,11/14/2015 02:45:00 PM,,11902 RUSTIC FARM COURT,,RUSTIC FARM COURT,,N/A,PEDESTRIAN,SINGLE VEHICLE,CLEAR,DRY,DAYLIGHT,NO CONTROLS,NONE DETECTED,N/A,CF636CCD-EBEC-4A4F-B84B-CA039B94FC40,PEDESTRIAN,Playing,NOT VISIBLE,ON ROADWAY NOT AT CROSSWALK,N/A,OTHER,Unknown,SUSPECTED SERIOUS INJURY,N/A,39.171015,-77.24577167,"(39.171015, -77.24577167)"
MCP2617006J,180059336,Montgomery County Police,Property Damage Crash,11/27/2018 06:20:00 PM,Maryland (State),OLNEY LAYTONSVILLE RD,Unknown,SPUR FR MD 97,,N/A,PEDESTRIAN,OTHER,CLEAR,DRY,DARK LIGHTS ON,NO CONTROLS,NONE DETECTED,ALCOHOL PRESENT,93BF5695-ABF6-4243-91E9-E7D826E624E9,PEDESTRIAN,Cross/Enter not at Intersection,DART DASH,MEDIAN,NO PED. SIGNAL,DARK CLOTHING,Yes,NO APPARENT INJURY,NONE,39.15363833,-77.06758333,"(39.15363833, -77.06758333)"