Report Number,Local Case Number,Agency Name,ACRS Report Type,Crash Date/Time,Route Type,Road Name,Cross-Street Type,Cross-Street Name,Off-Road Description,Municipality,Related Non-Motorist,Collision Type,Weather,Surface Condition,Light,Traffic Control,Driver Substance Abuse,Non-Motorist Substance Abuse,Person ID,Pedestrian Type,Pedestrian Movement,Pedestrian Actions,Pedestrian Location,Pedestrian Obeyed Traffic Signal,Pedestrian Visibility,At Fault,Injury Severity,Safety Equipment,Latitude,Longitude,Location
DD5648001P,230004285,Rockville Police Departme,Property Damage Crash,01/26/2023 01:36:00 PM,,,,,PARKING LOT OF 824 ROCKVILLE PIKE,,PEDESTRIAN,OTHER,CLOUDY,,DAYLIGHT,N/A,UNKNOWN,NONE DETECTED,B850DEC6-6318-4BA1-8D68-3A47DA08E6DB,PEDESTRIAN,Other,NO IMPROPER ACTIONS,OTHER,NO PED. SIGNAL,DARK CLOTHING,No,NO APPARENT INJURY,NONE,39.07652084,-77.13802343,"(39.07652084, -77.13802343)"
MCP25940040,180030195,Montgomery County Police,Injury Crash,06/14/2018 08:00:00 PM,County,PEACEFUL LA,County,MORNINGSIDE DR,,N/A,PEDESTRIAN,N/A,CLEAR,DRY,DAYLIGHT,NO CONTROLS,UNKNOWN,NONE DETECTED,F9F33A53-7E7C-4D76-802A-60E8F21767AA,PEDESTRIAN,N/A,OTHER,OTHER,N/A,OTHER,No,SUSPECTED MINOR INJURY,NONE,39.1491525,-77.06667567,"(39.1491525, -77.06667567)"
MCP9301000R,15067125,Montgomery County Police,Injury Crash,12/31/2015 01:40:00 PM,Maryland (State),QUINCE ORCHARD RD,Municipality,FIRSTFIELD RD,,GAITHERSBURG,PEDESTRIAN,SINGLE VEHICLE,N/A,DRY,DAYLIGHT,TRAFFIC SIGNAL,NONE DETECTED,N/A,6A4BB574-EFF1-4687-9E69-39822CA0310F,PEDESTRIAN,Getting off/on Vehicle,DART DASH,AT INTERSECTION BUT NO CROSSWALK,NO PED. SIGNAL,DARK CLOTHING,Yes,SUSPECTED SERIOUS INJURY,N/A,39.14588333,-77.22,"(39.14588333, -77.22)"
MCP2914002D,16002013,Montgomery County Police,Injury Crash,01/11/2016 07:43:00 PM,Maryland (State),NEW HAMPSHIRE AVE,County,OAKVIEW DR,,N/A,PEDESTRIAN,OTHER,CLEAR,N/A,DARK LIGHTS ON,TRAFFIC SIGNAL,N/A,N/A,4F771404-E990-4F1C-9F4C-6263A51035C3,PEDESTRIAN,Cross/Enter at Intersection,NO IMPROPER ACTIONS,AT INTERSECTION MARKED CROSSWALK,OBEYED PED. SIGNAL,DARK CLOTHING,No,SUSPECTED MINOR INJURY,NONE,39.01540339,-76.97794229,"(39.01540339, -76.97794229)"
MCP2565005G,180031935,Montgomery County Police,Injury Crash,06/28/2018 08:00:00 PM,Maryland (State),BRADLEY BLVD,County,ARLINGTON RD,,N/A,PEDESTRIAN,SINGLE VEHICLE,N/A,DRY,DUSK,TRAFFIC SIGNAL,NONE DETECTED,NONE DETECTED,2C4EB5CE-CD7D-4D11-B8C1-D569EF3B6B18,PEDESTRIAN,Cross/Enter at Intersection,IN ROADWAY IMPROPERLY,ON ROADWAY NOT AT CROSSWALK,OBEYED PED. SIGNAL,LIGHT CLOTHING,Yes,POSSIBLE INJURY,NONE,38.97816333,-77.09871667,"(38.97816333, -77.09871667)"
MCP3161000J,180052192,Montgomery County Police,Injury Crash,10/18/2018 01:28:00 PM,Maryland (State),OLD GEORGETOWN RD,County,TILDEN LA,,N/A,BICYCLIST,STRAIGHT MOVEMENT ANGLE,CLEAR,DRY,DAYLIGHT,TRAFFIC SIGNAL,NONE DETECTED,NONE DETECTED,6AA9F48C-CE12-41F9-B8D9-B523045B4C05,BICYCLIST,Unknown,UNKNOWN,ON ROADWAY AT CROSSWALK,DISOBEYED PED. SIGNAL,LIGHT CLOTHING,Yes,SUSPECTED MINOR INJURY,NONE,39.04475341,-77.12065004,"(39.04475341, -77.12065004)"
MCP271700VW,210035169,Montgomery County Police,Injury Crash,09/07/2021 06:45:00 PM,County,FEATHERWOOD ST,County,OLD COLUMBIA PIKE,,N/A,PEDESTRIAN,OTHER,CLEAR,DRY,DAYLIGHT,NO CONTROLS,NONE DETECTED,NONE DETECTED,3A4A27C5-EE1E-47D3-985E-8A862F578BDC,PEDESTRIAN,Cross/Enter not at Intersection,DART DASH,ON ROADWAY NOT AT CROSSWALK,NO PED. SIGNAL,MIXED CLOTHING,Yes,SUSPECTED MINOR INJURY,NONE,39.05852167,-76.972864,"(39.05852167, -76.972864)"
MCP94420023,210025732,Montgomery County Police,Injury Crash,06/23/2021 07:00:00 AM,,,,,PARKING LOT OF 19351 DUNBRIDGE WAY,,PEDESTRIAN,OTHER,CLEAR,,DAYLIGHT,N/A,N/A,N/A,6D99C991-8713-476D-856B-902B8AFA6F69,PEDESTRIAN,Other,NO IMPROPER ACTIONS,OTHER,N/A,UNKNOWN,No,SUSPECTED MINOR INJURY,N/A,39.17341333,-77.212455,"(39.17341333, -77.212455)"
MCP9318002M,220042999,Montgomery County Police,Injury Crash,10/02/2022 07:56:00 PM,Maryland (State),NEW HAMPSHIRE AVE,County,OAKVIEW DR,,N/A,PEDESTRIAN,OTHER,CLEAR,DRY,DUSK,TRAFFIC SIGNAL,NONE DETECTED,NONE DETECTED,7E2B7696-7811-4B7C-B121-E4F730DA09F0,PEDESTRIAN,Cross/Enter at Intersection,NO IMPROPER ACTIONS,AT INTERSECTION MARKED CROSSWALK,OBEYED PED. SIGNAL,UNKNOWN,No,POSSIBLE INJURY,N/A,39.01535162,-76.97773867,"(39.01535162, -76.97773867)"
MCP3086003D,190054343,Montgomery County Police,Injury Crash,11/11/2019 01:45:00 PM,County,MIDCOUNTY HWY,County,WASHINGTON GROVE LA,,N/A,BICYCLIST,OTHER,CLEAR,DRY,DAYLIGHT,TRAFFIC SIGNAL,NONE DETECTED,NONE DETECTED,7E2A8F49-8608-4D81-8ACE-F9F075CFD743,BICYCLIST,Cross/Enter at Intersection,NO IMPROPER ACTIONS,AT INTERSECTION MARKED CROSSWALK,OBEYED PED. SIGNAL,DARK CLOTHING,No,SUSPECTED MINOR INJURY,NONE,39.14750167,-77.16900817,"(39.14750167, -77.16900817)"
MCP3254001Y,220020677,Montgomery County Police,Injury Crash,05/15/2022 12:32:00 PM,County,MATENY RD,Maryland (State),GREAT SENECA HWY,,N/A,BICYCLIST,OTHER,CLEAR,DRY,DAYLIGHT,TRAFFIC SIGNAL,NONE DETECTED,NONE DETECTED,711D2483-9E85-4E98-BA2E-3322C1F79B19,BICYCLIST,Cross/Enter at Intersection,NO IMPROPER ACTIONS,ON ROADWAY AT CROSSWALK,OBEYED PED. SIGNAL,N/A,No,SUSPECTED MINOR INJURY,MC/BIKE HELMET,39.14622307,-77.27464274,"(39.14622307, -77.27464274)"
MCP1221004S,180013625,Montgomery County Police,Injury Crash,03/19/2018 08:48:00 AM,,,,,PARKING LOT OF 100 TSCHIFFELY SQUARE RD,,PEDESTRIAN,SINGLE VEHICLE,CLEAR,,DAYLIGHT,NO CONTROLS,NONE DETECTED,NONE DETECTED,C6EBDEAA-6365-4BF8-82DB-C73A9E3EEFF7,PEDESTRIAN,Walking to/from school,NO IMPROPER ACTIONS,OTHER,NO PED. SIGNAL,MIXED CLOTHING,No,SUSPECTED MINOR INJURY,N/A,39.11766833,-77.24671667,"(39.11766833, -77.24671667)"
MCP1170002J,190054027,Montgomery County Police,Injury Crash,11/09/2019 12:59:00 PM,County,GREENCASTLE RD,County,BROWNSTONE DR,,N/A,PEDESTRIAN,SINGLE VEHICLE,CLEAR,DRY,DAYLIGHT,N/A,NONE DETECTED,N/A,1724C550-4B69-4C7C-9B92-95718739E804,PEDESTRIAN,Other,OTHER,OTHER,OTHER,OTHER,Yes,SUSPECTED SERIOUS INJURY,NONE,39.11322833,-76.93093333,"(39.11322833, -76.93093333)"
MCP2970002V,170513352,Montgomery County Police,Injury Crash,06/13/2017 08:31:00 AM,Maryland (State),UNIVERSITY BLVD W,Unknown,CROSSOVER,,N/A,PEDESTRIAN,SINGLE VEHICLE,CLEAR,DRY,DAYLIGHT,STOP SIGN,N/A,N/A,953F056A-E4D2-4EAB-BBD7-180DBD00EC37,PEDESTRIAN,Cross/Enter at Intersection,DART DASH,AT INTERSECTION BUT NO CROSSWALK,NO PED. SIGNAL,DARK CLOTHING,Yes,SUSPECTED MINOR INJURY,NONE,39.03638333,-77.027125,"(39.03638333, -77.027125)"
HA24160005,16001227,Maryland-National Capital,Injury Crash,09/27/2016 05:41:00 AM,US (State),COLESVILLE RD,Government,SLIGO CREEK PKWY,,N/A,PEDESTRIAN,OTHER,RAINING,WET,DARK LIGHTS ON,TRAFFIC SIGNAL,NONE DETECTED,N/A,2F5ED632-B301-4C7D-B88D-71C518E2A69E,PEDESTRIAN,Cross/Enter at Intersection,NO IMPROPER ACTIONS,ON ROADWAY AT CROSSWALK,OBEYED PED. SIGNAL,HEAD LIGHT,No,SUSPECTED MINOR INJURY,LIGHTING,39.00761292,-77.02021122,"(39.00761292, -77.02021122)"
MCP3064004C,220007560,Montgomery County Police,Injury Crash,02/21/2022 10:45:00 AM,County,SHOREFIELD RD,Maryland (State),GEORGIA AVE,,N/A,PEDESTRIAN,SINGLE VEHICLE,CLEAR,DRY,DAYLIGHT,TRAFFIC SIGNAL,NONE DETECTED,NONE DETECTED,643E452F-611A-4871-BEF1-5B414644148E,PEDESTRIAN,Cross/Enter at Intersection,UNKNOWN,AT INTERSECTION BUT NO CROSSWALK,UNKNOWN,MIXED CLOTHING,Unknown,POSSIBLE INJURY,NONE,39.05301805,-77.05083386,"(39.05301805, -77.05083386)"
MCP21070017,170523851,Montgomery County Police,Injury Crash,08/10/2017 11:05:00 AM,Maryland (State),BEALLSVILLE RD,County,SELLMAN RD,,N/A,MACHINE OPERATOR/RIDER,OTHER,CLEAR,DRY,DAYLIGHT,NO CONTROLS,NONE DETECTED,NONE DETECTED,615971BA-6A17-418C-81B4-3533ABF3A8A0,MACHINE OPERATOR/RIDER,Other,FAILURE TO YIELD RIGHT OF WAY,OTHER,N/A,LIGHT CLOTHING,Yes,SUSPECTED MINOR INJURY,N/A,39.22051263,-77.37774298,"(39.22051263, -77.37774298)"
MCP3271001G,210042535,Montgomery County Police,Injury Crash,10/22/2021 04:30:00 PM,Maryland (State),WISCONSIN AVE,County,CORDELL AVE,,N/A,BICYCLIST,SINGLE VEHICLE,CLEAR,DRY,DAYLIGHT,TRAFFIC SIGNAL,NONE DETECTED,NONE DETECTED,AC0D7082-0C84-4E53-97F3-05BD35BF9AF6,BICYCLIST,Cross/Enter at Intersection,NO IMPROPER ACTIONS,AT INTERSECTION MARKED CROSSWALK,OBEYED PED. SIGNAL,DARK CLOTHING,No,POSSIBLE INJURY,NONE,38.99102878,-77.09559958,"(38.99102878, -77.09559958)"
MCP1323001H,210038560,Montgomery County Police,Injury Crash,09/29/2021 11:14:00 AM,US (State),GEORGIA AVE,County,BLAIR RD,,N/A,BICYCLIST,SAME DIRECTION SIDESWIPE,CLEAR,DRY,DAYLIGHT,TRAFFIC SIGNAL,NONE DETECTED,NONE DETECTED,6F12AE92-464F-4C92-B812-E06E1152E146,BICYCLIST,Walking/Riding w/Traffic,ENTERING EXITING PARKED STANDING VEHICLE,CURB,N/A,LIGHT CLOTHING,Yes,SUSPECTED MINOR INJURY,MC/BIKE HELMET,38.98482,-77.02689333,"(38.98482, -77.02689333)"
MCP26660028,180022518,Montgomery County Police,Injury Crash,05/06/2018 06:45:00 PM,,,,,PARKING LOT OF 13838 OUTLET DRIVE,,PEDESTRIAN,SINGLE VEHICLE,CLEAR,,DAYLIGHT,NO CONTROLS,UNKNOWN,UNKNOWN,F2A26B6B-0130-4BE6-9CF0-20EA23515B26,PEDESTRIAN,Other,NO IMPROPER ACTIONS,OTHER,NO PED. SIGNAL,MIXED CLOTHING,No,SUSPECTED MINOR INJURY,NONE,39.08344702,-76.94571018,"(39.08344702, -76.94571018)"
DD5601002Q,17012008,Rockville Police Departme,Injury Crash,03/07/2017 01:45:00 PM,Municipality,WOOTTON PKWY,Municipality,SEVEN LOCKS RD,,ROCKVILLE,BICYCLIST,OTHER,CLEAR,DRY,DAYLIGHT,TRAFFIC SIGNAL,N/A,N/A,27A9C2D0-0873-4EC4-96A0-7665BEDE37D4,BICYCLIST,Walking/Riding against Traffic,UNKNOWN,ON ROADWAY AT CROSSWALK,UNKNOWN,REFLECTIVE MATERIAL,Unknown,SUSPECTED MINOR INJURY,MC/BIKE HELMET,39.06696392,-77.16167092,"(39.06696392, -77.16167092)"
MCP2853002V,16066624,Montgomery County Police,Injury Crash,12/27/2016 05:40:00 PM,Maryland (State),NEW HAMPSHIRE AVE,County,OAKVIEW DR,,N/A,PEDESTRIAN,SINGLE VEHICLE,CLEAR,DRY,DARK LIGHTS ON,TRAFFIC SIGNAL,N/A,N/A,AECE3FB1-ABBF-419C-A198-D6BE4B0CFCF4,PEDESTRIAN,Cross/Enter at Intersection,FAILURE TO YIELD RIGHT OF WAY,AT INTERSECTION MARKED CROSSWALK,DISOBEYED PED. SIGNAL,DARK CLOTHING,Yes,SUSPECTED SERIOUS INJURY,N/A,39.01562167,-76.97778333,"(39.01562167, -76.97778333)"
MCP2212002F,170522534,Montgomery County Police,Injury Crash,08/02/2017 02:36:00 PM,County,PLUM ORCHARD DR,County,BROADBIRCH DR,,N/A,PEDESTRIAN,OTHER,CLEAR,DRY,DAYLIGHT,STOP SIGN,NONE DETECTED,NONE DETECTED,A035EDE6-ADB7-48DB-B7B4-9E8EB30792D5,PEDESTRIAN,Cross/Enter at Intersection,NO IMPROPER ACTIONS,MIDBLOCK MARKED CROSSWALK,NO PED. SIGNAL,LIGHT CLOTHING,No,SUSPECTED MINOR INJURY,N/A,39.05551761,-76.95732951,"(39.05551761, -76.95732951)"
MCP2851002M,170545426,Montgomery County Police,Injury Crash,11/28/2017 05:33:00 PM,County,FATHER HURLEY BLVD,Unknown,BRIARCLIFF TERR,,N/A,PEDESTRIAN,SINGLE VEHICLE,CLEAR,DRY,DARK LIGHTS ON,NO CONTROLS,UNKNOWN,NONE DETECTED,E9D76539-8572-450C-A00F-1FBE3D52C8A4,PEDESTRIAN,Cross/Enter at Intersection,NO IMPROPER ACTIONS,SIDEWALK,NO PED. SIGNAL,MIXED CLOTHING,No,POSSIBLE INJURY,N/A,39.18559167,-77.26051167,"(39.18559167, -77.26051167)"
MCP28690032,180064933,Montgomery County Police,Injury Crash,12/28/2018 05:15:00 PM,County,REEDIE DR,County,FERN ST,,N/A,PEDESTRIAN,OTHER,N/A,WET,DARK LIGHTS ON,TRAFFIC SIGNAL,N/A,N/A,B3520C2A-38E7-4745-8FFA-2186DE1DC3D4,PEDESTRIAN,Cross/Enter not at Intersection,IN ROADWAY IMPROPERLY,ON ROADWAY NOT AT CROSSWALK,OBEYED PED. SIGNAL,LIGHT CLOTHING,Yes,POSSIBLE INJURY,N/A,39.03874,-77.04916167,"(39.03874, -77.04916167)"
MCP2875001R,16013916,MONTGOMERY,Injury Crash,03/21/2016 08:25:00 PM,County,CRYSTAL ROCK DR,County,MIDDLEBROOK RD,,N/A,PEDESTRIAN,OTHER,CLEAR,DRY,DARK LIGHTS ON,TRAFFIC SIGNAL,UNKNOWN,NONE DETECTED,1F2A83CA-EAF3-47CB-B4B6-2021AC110960,PEDESTRIAN,Cross/Enter at Intersection,NO IMPROPER ACTIONS,SIDEWALK,OBEYED PED. SIGNAL,MIXED CLOTHING,No,NO APPARENT INJURY,N/A,39.17714,-77.26406833,"(39.17714, -77.26406833)"
MCP2298010D,220028163,Montgomery County Police,Injury Crash,06/30/2022 04:06:00 PM,County,BASSWOOD HILL DR,County,CHESTNUT GLEN RD,,N/A,OTHER PEDALCYCLIST,SINGLE VEHICLE,CLEAR,DRY,DAYLIGHT,NO CONTROLS,NONE DETECTED,NONE DETECTED,A400E03F-5381-4279-AF49-7B03538A1159,OTHER PEDALCYCLIST,Playing,N/A,OTHER,N/A,LIGHT CLOTHING,No,POSSIBLE INJURY,MC/BIKE HELMET,39.24493833,-77.18666,"(39.24493833, -77.18666)"
MCP2395002F,230024407,Montgomery County Police,Injury Crash,05/21/2023 08:50:00 PM,County,DARNESTOWN RD,County,YEARLING DR,,N/A,PEDESTRIAN,SINGLE VEHICLE,CLEAR,DRY,DARK -- UNKNOWN LIGHTING,NO CONTROLS,NONE DETECTED,NONE DETECTED,208CCDB8-4C30-4F78-8797-CC31CB033644,PEDESTRIAN,Cross/Enter not at Intersection,IN ROADWAY IMPROPERLY,ON ROADWAY NOT AT CROSSWALK,NO PED. SIGNAL,DARK CLOTHING,Yes,SUSPECTED MINOR INJURY,NONE,39.09914367,-77.21122667,"(39.09914367, -77.21122667)"
MCP3009004Y,220034335,Montgomery County Police,Injury Crash,08/10/2022 10:01:00 AM,County,SHAKESPEARE BLVD,Maryland (State),FREDERICK RD,,N/A,PEDESTRIAN,OTHER,CLEAR,DRY,DAYLIGHT,TRAFFIC SIGNAL,N/A,N/A,7C543FBE-FD30-4867-8D59-7C037C865897,PEDESTRIAN,Cross/Enter at Intersection,N/A,ON ROADWAY AT CROSSWALK,UNKNOWN,LIGHT CLOTHING,No,POSSIBLE INJURY,N/A,39.198223,-77.245012,"(39.198223, -77.245012)"
EJ78520018,15064548,GAITHERSBURG,Injury Crash,12/17/2015 06:36:00 PM,Municipality,BOOTH ST,Municipality,KENTLANDS BLVD,,GAITHERSBURG,PEDESTRIAN,HEAD ON LEFT TURN,FOGGY,WET,DARK LIGHTS ON,STOP SIGN,NONE DETECTED,NONE DETECTED,1F5EACAB-907B-4C5D-8204-5C438E54178E,PEDESTRIAN,Cross/Enter at Intersection,UNKNOWN,UNKNOWN,UNKNOWN,DARK CLOTHING,Unknown,POSSIBLE INJURY,NONE,39.12469833,-77.24017833,"(39.12469833, -77.24017833)"
EJ7829001N,15057386,GAITHERSBURG,Injury Crash,11/10/2015 05:40:00 PM,Municipality,PALM SPRING DR,Municipality,PALMTREE DR,,GAITHERSBURG,PEDESTRIAN,SINGLE VEHICLE,RAINING,WET,DARK LIGHTS ON,NO CONTROLS,NONE DETECTED,NONE DETECTED,56E96419-7E87-418E-9E15-E50886C20558,PEDESTRIAN,Cross/Enter at Intersection,FAILURE TO YIELD RIGHT OF WAY,ON ROADWAY AT CROSSWALK,NO PED. SIGNAL,DARK CLOTHING,No,SUSPECTED MINOR INJURY,NONE,39.12377667,-77.21204167,"(39.12377667, -77.21204167)"
DM8336001G,180000956,Takoma Park Police Depart,Property Damage Crash,01/07/2018 07:30:00 AM,Municipality,RITCHIE AVE,Municipality,MAPLE AVE,,TAKOMA PARK,OTHER,SINGLE VEHICLE,CLEAR,DRY,DAYLIGHT,N/A,NONE DETECTED,N/A,351D97BC-392B-4A74-982A-938DC1438D47,OTHER,Other,NO IMPROPER ACTIONS,SIDEWALK,N/A,N/A,No,NO APPARENT INJURY,N/A,38.98356833,-77.00642,"(38.98356833, -77.00642)"
EJ78750021,210029,Gaithersburg Police Depar,Property Damage Crash,07/31/2021 09:03:00 PM,Maryland (State),GREAT SENECA HWY,Municipality,LAKELANDS DR,,GAITHERSBURG,PEDESTRIAN,OTHER,CLEAR,DRY,DARK LIGHTS ON,N/A,N/A,N/A,FE010DED-0A0D-4619-BFD2-0898BD241066,PEDESTRIAN,Other,IN ROADWAY IMPROPERLY,OTHER,N/A,UNKNOWN,Yes,NO APPARENT INJURY,N/A,39.12208107,-77.22855244,"(39.12208107, -77.22855244)"
MCP3077001C,190046017,Montgomery County Police,Injury Crash,09/25/2019 04:36:00 PM,Maryland (State),GREAT SENECA HWY,County,MATENY RD,,N/A,BICYCLIST,OTHER,CLEAR,DRY,DAYLIGHT,NO CONTROLS,N/A,N/A,2463397E-4B02-4D31-8863-951E5486BB04,BICYCLIST,Cross/Enter at Intersection,OTHER,ON ROADWAY AT CROSSWALK,OTHER,DARK CLOTHING,Yes,POSSIBLE INJURY,NONE,39.16442333,-77.27305167,"(39.16442333, -77.27305167)"
MCP30060049,190028002,Montgomery County Police,Injury Crash,06/12/2019 09:25:00 AM,Maryland (State),VEIRS MILL RD,County,CLARIDGE RD,,N/A,PEDESTRIAN,SINGLE VEHICLE,CLEAR,DRY,DAYLIGHT,TRAFFIC SIGNAL,NONE DETECTED,NONE DETECTED,A0A1FAD0-EE78-42D8-AE7A-0E25B5ED24AD,PEDESTRIAN,Cross/Enter at Intersection,NO IMPROPER ACTIONS,ON ROADWAY AT CROSSWALK,OBEYED PED. SIGNAL,DARK CLOTHING,No,SUSPECTED MINOR INJURY,N/A,39.04920667,-77.07006,"(39.04920667, -77.07006)"
HA2419000M,19002069,Maryland-National Capital,Property Damage Crash,08/05/2019 09:21:00 PM,,,,,JESUP BLAIR LOCAL PARK GRASS AREA,,OTHER,SINGLE VEHICLE,N/A,,DARK LIGHTS ON,NO CONTROLS,,NONE DETECTED,685699A4-BAA0-4AF2-9F45-CE2C72628DF9,OTHER,Other,OTHER,CURB,N/A,N/A,Yes,NO APPARENT INJURY,N/A,38.98493069,-77.02534704,"(38.98493069, -77.02534704)"
MCP2951001W,16055567,Montgomery County Police,Injury Crash,10/28/2016 05:04:00 PM,,,,,PARKING LOT OF GIANT FOODS,,PEDESTRIAN,N/A,CLEAR,,DAYLIGHT,NO CONTROLS,NONE DETECTED,NONE DETECTED,D945F8C0-C5D4-4B3E-A765-FD71A80F03FE,PEDESTRIAN,Cross/Enter at Intersection,N/A,ON ROADWAY AT CROSSWALK,NO PED. SIGNAL,MIXED CLOTHING,No,POSSIBLE INJURY,N/A,39.10181938,-77.07583889,"(39.10181938, -77.07583889)"
MCP3093001B,180055536,Montgomery County Police,Injury Crash,11/05/2018 06:40:00 PM,County,NICHOLSON LA,County,NICHOLSON CT,,N/A,PEDESTRIAN,N/A,RAINING,WET,DARK LIGHTS ON,TRAFFIC SIGNAL,N/A,N/A,FE17AA39-C1F6-462C-830B-A68C238F1FA1,PEDESTRIAN,Cross/Enter at Intersection,NO IMPROPER ACTIONS,ON ROADWAY AT CROSSWALK,OBEYED PED. SIGNAL,DARK CLOTHING,No,POSSIBLE INJURY,NONE,39.04532667,-77.105245,"(39.04532667, -77.105245)"
MCP2456001L,17015273,Montgomery County Police,Property Damage Crash,03/25/2017 12:44:00 PM,,,,,PARKING LOT OF 8805 FLOWER AVENUE,,OTHER,OTHER,CLEAR,,DAYLIGHT,NO CONTROLS,NONE DETECTED,N/A,AF540C38-D32B-449A-9FF6-A0CDA070321F,OTHER,N/A,N/A,OTHER,N/A,N/A,No,NO APPARENT INJURY,N/A,38.99980667,-77.00371833,"(38.99980667, -77.00371833)"
MCP21950045,210013509,Montgomery County Police,Injury Crash,04/11/2021 12:48:00 PM,County,BACALL LA,County,TRAVILAH RD,,N/A,PEDESTRIAN,OTHER,CLEAR,DRY,DAYLIGHT,NO CONTROLS,UNKNOWN,NONE DETECTED,E0C6DB29-86BE-4C10-ACF8-A14B216ADD3D,PEDESTRIAN,Walking/Riding w/Traffic,UNKNOWN,ON ROADWAY NOT AT CROSSWALK,NO PED. SIGNAL,LIGHT CLOTHING,Unknown,SUSPECTED MINOR INJURY,NONE,39.06319229,-77.27022872,"(39.06319229, -77.27022872)"
MCP11210033,170538396,Montgomery County Police,Injury Crash,10/23/2017 07:04:00 PM,County,SNOUFFERS SCHOOL RD,Maryland (State),WOODFIELD RD,,N/A,PEDESTRIAN,SINGLE VEHICLE,CLOUDY,DRY,DARK NO LIGHTS,NO CONTROLS,NONE DETECTED,UNKNOWN,EDAF6FDE-4F16-49CB-AB46-5D344A68E200,PEDESTRIAN,Cross/Enter not at Intersection,IN ROADWAY IMPROPERLY,ON ROADWAY NOT AT CROSSWALK,N/A,DARK CLOTHING,Yes,POSSIBLE INJURY,NONE,39.16079333,-77.16329,"(39.16079333, -77.16329)"
HA2317000C,19000547,Maryland-National Capital,Injury Crash,03/08/2019 06:19:00 PM,Maryland (State),WISCONSIN AVE,County,LELAND ST,,N/A,PEDESTRIAN,N/A,SNOW,WET,DARK LIGHTS ON,TRAFFIC SIGNAL,N/A,N/A,F3FB2D96-4004-480E-9EF9-FBA9E3990FBB,PEDESTRIAN,Cross/Enter at Intersection,NO IMPROPER ACTIONS,ON ROADWAY AT CROSSWALK,OBEYED PED. SIGNAL,MIXED CLOTHING,No,SUSPECTED MINOR INJURY,N/A,38.98012453,-77.09207376,"(38.98012453, -77.09207376)"
EJ7884002Z,210041391,Gaithersburg Police Depar,Injury Crash,10/15/2021 04:32:00 PM,Maryland (State),CLOPPER RD,Municipality,W WATKINS MILL RD,,GAITHERSBURG,PEDESTRIAN,OTHER,CLEAR,DRY,DAYLIGHT,TRAFFIC SIGNAL,N/A,NONE DETECTED,CD379948-DD29-4BB6-B015-85146CF2EC6F,PEDESTRIAN,Cross/Enter at Intersection,IN ROADWAY IMPROPERLY,CURB,DISOBEYED PED. SIGNAL,MIXED CLOTHING,Yes,SUSPECTED MINOR INJURY,NONE,39.14769317,-77.23312198,"(39.14769317, -77.23312198)"
DD5653000K,210052830,Rockville Police Departme,Injury Crash,12/27/2021 06:35:00 PM,Municipality,MONROE ST,Unknown,ROAD END,,N/A,PEDESTRIAN,OTHER,N/A,DRY,DARK NO LIGHTS,NO CONTROLS,UNKNOWN,N/A,519B501D-D7C4-4AE9-80A8-ED834B05512E,PEDESTRIAN,Walking/Riding w/Traffic,NOT VISIBLE,ON ROADWAY NOT AT CROSSWALK,NO PED. SIGNAL,MIXED CLOTHING,Yes,SUSPECTED MINOR INJURY,NONE,39.07266369,-77.15461948,"(39.07266369, -77.15461948)"
MCP2683003V,190034341,Montgomery County Police,Injury Crash,07/19/2019 03:53:00 PM,County,LAKE SHORE DR,County,DOCENA DR,,N/A,PEDESTRIAN,OTHER,CLEAR,DRY,DAYLIGHT,OTHER,NONE DETECTED,NONE DETECTED,20B49DDD-511A-4656-88A4-6EBD920D9B1B,PEDESTRIAN,Approach/Leaving Schoolbus,NO IMPROPER ACTIONS,IN SCHOOL BUS ZONE,OTHER,N/A,No,SUSPECTED MINOR INJURY,NONE,39.16032833,-77.20080167,"(39.16032833, -77.20080167)"
EJ78520010,15030791,Gaithersburg Police Depar,Injury Crash,06/24/2015 12:23:00 PM,Maryland (State),S FREDERICK RD,Municipality,CEDAR AVE,,GAITHERSBURG,PEDESTRIAN,SAME DIR REAR END,N/A,DRY,DAYLIGHT,OTHER,UNKNOWN,N/A,F0BBBE0E-D1D8-400F-B753-C3300E5EAA75,PEDESTRIAN,Other Working,NO IMPROPER ACTIONS,OTHER,N/A,REFLECTIVE MATERIAL,,SUSPECTED SERIOUS INJURY,REFLECTIVE CLOTHING,39.13965546,-77.196486,"(39.13965546, -77.196486)"
MCP3079003J,210014260,Montgomery County Police,Injury Crash,04/16/2021 05:08:00 PM,,,,,IN PARKING LOT OF 19700 BLK CRYSTAL ROCK DR,,PEDESTRIAN,OTHER,CLEAR,,DAYLIGHT,NO CONTROLS,NONE DETECTED,N/A,B42F4A6D-4D08-4390-A091-8EA96A08F96C,PEDESTRIAN,Getting off/on Vehicle,NO IMPROPER ACTIONS,OTHER,N/A,UNKNOWN,No,SUSPECTED MINOR INJURY,NONE,39.17947398,-77.25986635,"(39.17947398, -77.25986635)"
MCP2353007M,190037499,Montgomery County Police,Injury Crash,08/06/2019 03:20:00 PM,County,MACON RD,County,ROCKING HORSE RD,,N/A,PEDESTRIAN,SAME DIRECTION SIDESWIPE,CLOUDY,DRY,DAYLIGHT,NO CONTROLS,NONE DETECTED,NONE DETECTED,F834FDD8-8E97-4AEC-969D-6C4E05ADA87E,PEDESTRIAN,Walking/Cycling on Sidewalk,NO IMPROPER ACTIONS,SIDEWALK,N/A,MIXED CLOTHING,No,SUSPECTED MINOR INJURY,NONE,39.05159833,-77.09651,"(39.05159833, -77.09651)"