Report Number,Local Case Number,Agency Name,ACRS Report Type,Crash Date/Time,Route Type,Road Name,Cross-Street Type,Cross-Street Name,Off-Road Description,Municipality,Related Non-Motorist,Collision Type,Weather,Surface Condition,Light,Traffic Control,Driver Substance Abuse,Non-Motorist Substance Abuse,Person ID,Pedestrian Type,Pedestrian Movement,Pedestrian Actions,Pedestrian Location,Pedestrian Obeyed Traffic Signal,Pedestrian Visibility,At Fault,Injury Severity,Safety Equipment,Latitude,Longitude,Location
MCP2780002M,17014453,Montgomery County Police,Property Damage Crash,03/21/2017 02:54:00 PM,Maryland (State),FREDERICK RD,County,SHAKESPEARE BLVD,,N/A,PEDESTRIAN,OTHER,CLOUDY,DRY,DAYLIGHT,TRAFFIC SIGNAL,NONE DETECTED,NONE DETECTED,CBD39D23-F8A4-4FD7-B72C-BF33ED5E1882,PEDESTRIAN,Cross/Enter at Intersection,NO IMPROPER ACTIONS,ON ROADWAY AT CROSSWALK,OBEYED PED. SIGNAL,MIXED CLOTHING,No,NO APPARENT INJURY,NONE,39.19849667,-77.24467333,"(39.19849667, -77.24467333)"
MCP2791001D,15034093,MONTGOMERY,Property Damage Crash,07/10/2015 08:43:00 PM,County,FENTON ST,County,SLIGO AVE,,N/A,PEDESTRIAN,SINGLE VEHICLE,N/A,DRY,DARK LIGHTS ON,TRAFFIC SIGNAL,NONE DETECTED,N/A,88181B3E-A081-4E21-B250-C0E0B94DDD29,PEDESTRIAN,Cross/Enter at Intersection,N/A,AT INTERSECTION MARKED CROSSWALK,OBEYED PED. SIGNAL,UNKNOWN,No,NO APPARENT INJURY,NONE,38.99015314,-77.02397704,"(38.99015314, -77.02397704)"
MCP2351001G,170534931,Montgomery County Police,Injury Crash,10/05/2017 02:38:00 PM,County,PARKLAWN DR,County,RANDOLPH RD,,N/A,PEDESTRIAN,OTHER,CLEAR,DRY,DAYLIGHT,TRAFFIC SIGNAL,NONE DETECTED,NONE DETECTED,07E5E1EA-91CC-4558-AC07-EFDB787CFB45,PEDESTRIAN,Cross/Enter at Intersection,UNKNOWN,AT INTERSECTION MARKED CROSSWALK,UNKNOWN,MIXED CLOTHING,Unknown,POSSIBLE INJURY,N/A,39.06397,-77.117405,"(39.06397, -77.117405)"
MCP3119003W,220046941,Montgomery County Police,Injury Crash,10/26/2022 06:55:00 AM,Other Public Roadway,APPLE RIDGE RD,Unknown,BUHRSTONE DR,,N/A,PEDESTRIAN,OTHER,RAINING,WET,DUSK,OTHER,NONE DETECTED,NONE DETECTED,AA595B69-9E9E-4B48-B611-B9DFB4E4E688,PEDESTRIAN,Walking to/from school,NOT VISIBLE,UNKNOWN,UNKNOWN,DARK CLOTHING,Yes,SUSPECTED MINOR INJURY,NONE,39.14620767,-77.17068367,"(39.14620767, -77.17068367)"
MCP2198006P,190056969,Montgomery County Police,Injury Crash,11/25/2019 05:54:00 PM,Municipality,PERRY PKWY,Unknown,STRUC OV CSX R/R,,N/A,PEDESTRIAN,SINGLE VEHICLE,CLEAR,DRY,DARK LIGHTS ON,NO CONTROLS,N/A,N/A,8DE9918C-4AB2-49CB-AA4D-EE687ADAC673,PEDESTRIAN,Cross/Enter not at Intersection,DART DASH,ON ROADWAY NOT AT CROSSWALK,NO PED. SIGNAL,MIXED CLOTHING,Yes,SUSPECTED SERIOUS INJURY,NONE,39.14672667,-77.21423667,"(39.14672667, -77.21423667)"
MCP3174003W,230013623,Montgomery County Police,Injury Crash,03/21/2023 06:56:00 AM,County,ROTHBURY DR,County,ARROWHEAD RD,,N/A,PEDESTRIAN,SINGLE VEHICLE,CLEAR,DRY,DARK LIGHTS ON,STOP SIGN,NONE DETECTED,NONE DETECTED,6BF906CF-4C47-4664-B92E-3A2FDE261AAB,PEDESTRIAN,Cross/Enter at Intersection,NO IMPROPER ACTIONS,ON ROADWAY AT CROSSWALK,NO PED. SIGNAL,MIXED CLOTHING,No,POSSIBLE INJURY,N/A,39.18499833,-77.193835,"(39.18499833, -77.193835)"
MCP2835000Z,15066183,MONTGOMERY,Injury Crash,12/25/2015 11:00:00 PM,,,,,PARKING LOT BEHIND 8105 EAST WEST HWY,,PEDESTRIAN,HEAD ON,CLEAR,,DARK LIGHTS ON,NO CONTROLS,NONE DETECTED,NONE DETECTED,9EB27A18-61F3-4C3E-886A-97F777D6AF88,PEDESTRIAN,Other,NO IMPROPER ACTIONS,OTHER,NO PED. SIGNAL,MIXED CLOTHING,No,SUSPECTED MINOR INJURY,NONE,38.99828114,-77.0416005,"(38.99828114, -77.0416005)"
MCP2710002W,190030397,Montgomery County Police,Injury Crash,06/25/2019 07:00:00 PM,County,EMORY GROVE RD,Maryland (State),WOODFIELD RD,,N/A,PEDESTRIAN,OTHER,N/A,DRY,DUSK,TRAFFIC SIGNAL,NONE DETECTED,NONE DETECTED,634BEB84-C339-430C-9C28-D47F088BB7A4,PEDESTRIAN,Cross/Enter at Intersection,NO IMPROPER ACTIONS,ON ROADWAY AT CROSSWALK,OBEYED PED. SIGNAL,N/A,No,SUSPECTED MINOR INJURY,N/A,39.15274521,-77.17336421,"(39.15274521, -77.17336421)"
MCP27530027,170504937,Montgomery County Police,Injury Crash,04/29/2017 01:42:00 PM,,,,,IN FRONT OF 3834 INTERNATIONAL DRIVE,,PEDESTRIAN,OTHER,CLEAR,,DAYLIGHT,NO CONTROLS,NONE DETECTED,NONE DETECTED,53376429-D91A-4848-B6C8-E9B2E4D8047B,PEDESTRIAN,Cross/Enter not at Intersection,UNKNOWN,ON ROADWAY NOT AT CROSSWALK,NO PED. SIGNAL,DARK CLOTHING,No,SUSPECTED MINOR INJURY,N/A,39.10255333,-77.07530833,"(39.10255333, -77.07530833)"
MCP3035001J,170526353,Montgomery County Police,Injury Crash,08/21/2017 05:00:00 PM,Maryland (State),BRADLEY BLVD,County,YORK LA,,N/A,BICYCLIST,SINGLE VEHICLE,CLEAR,DRY,DAYLIGHT,NO CONTROLS,N/A,N/A,3F5FED51-86E1-40EC-91F5-2895D54CD6B2,BICYCLIST,Walking/Cycling on Sidewalk,UNKNOWN,SHOULDER,UNKNOWN,HEAD LIGHT AND REFLECTORS,No,SUSPECTED MINOR INJURY,MC/BIKE HELMET,38.98858538,-77.11566299,"(38.98858538, -77.11566299)"
MCP2740003L,170526849,Montgomery County Police,Property Damage Crash,08/25/2017 05:20:00 PM,,,,,PARKING LOT OF 10753 COLUMBIA PIKE,,BICYCLIST,STRAIGHT MOVEMENT ANGLE,CLEAR,,DAYLIGHT,NO CONTROLS,NONE DETECTED,NONE DETECTED,1575BA22-9088-4CD7-A12B-0F344659BD12,BICYCLIST,Other,NO IMPROPER ACTIONS,SIDEWALK,N/A,LIGHT CLOTHING,No,NO APPARENT INJURY,MC/BIKE HELMET,39.03207667,-77.00383333,"(39.03207667, -77.00383333)"
MCP3121002G,190048939,Montgomery County Police,Property Damage Crash,10/11/2019 07:50:00 PM,County,WALKERS CHOICE RD,County,LAKE LANDING RD,,N/A,PEDESTRIAN,SINGLE VEHICLE,CLEAR,DRY,DARK LIGHTS ON,TRAFFIC SIGNAL,UNKNOWN,NONE DETECTED,1AE34311-0563-4631-A417-BA827EDBD59A,PEDESTRIAN,Cross/Enter at Intersection,NO IMPROPER ACTIONS,ON ROADWAY AT CROSSWALK,OBEYED PED. SIGNAL,MIXED CLOTHING,No,NO APPARENT INJURY,NONE,39.16144578,-77.20209489,"(39.16144578, -77.20209489)"
MCP3274000H,210008468,Montgomery County Police,Injury Crash,03/06/2021 01:30:00 PM,Municipality,N PARK AVE,Municipality,SHOEMAKER FARM LA,,FRIENDSHIP HEIGHTS,PEDESTRIAN,SAME DIR REAR END,CLEAR,DRY,DAYLIGHT,NO CONTROLS,NONE DETECTED,NONE DETECTED,9D055FDE-D440-44E5-B9AD-D0DC9F932F92,PEDESTRIAN,Standing,NO IMPROPER ACTIONS,OTHER,OTHER,DARK CLOTHING,No,SUSPECTED MINOR INJURY,NONE,38.96343567,-77.09180917,"(38.96343567, -77.09180917)"
MCP3328001R,230014499,Montgomery County Police,Injury Crash,03/25/2023 06:00:00 PM,Maryland (State),GEORGIA AVE,County,MASON ST,,N/A,PEDESTRIAN,OTHER,CLOUDY,WET,DAYLIGHT,NO CONTROLS,NONE DETECTED,NONE DETECTED,E998BBAD-142F-43D6-89EF-C301D80AAE7B,PEDESTRIAN,Cross/Enter at Intersection,DART DASH,ON ROADWAY AT CROSSWALK,NO PED. SIGNAL,DARK CLOTHING,No,SUSPECTED MINOR INJURY,NONE,39.055404,-77.050068,"(39.055404, -77.050068)"
MCP2761003T,220044472,Montgomery County Police,Injury Crash,10/11/2022 04:20:00 PM,County,RICHTER FARM RD,Maryland (State),GERMANTOWN RD,,N/A,PEDESTRIAN,OTHER,CLEAR,DRY,DAYLIGHT,NO CONTROLS,UNKNOWN,NONE DETECTED,4F1F54A0-02E2-472F-B39F-9FEADBAB38F7,PEDESTRIAN,Other Working,NO IMPROPER ACTIONS,OTHER,N/A,MIXED CLOTHING,No,POSSIBLE INJURY,N/A,39.15365908,-77.28666362,"(39.15365908, -77.28666362)"
MCP02510012,16054086,Montgomery County Police,Injury Crash,10/20/2016 07:07:00 PM,,,,,"PARKING LOT OF 20910 FREDERICK RD. GERMANTOWN, MD. 20876",,PEDESTRIAN,SINGLE VEHICLE,CLEAR,,DARK LIGHTS ON,NO CONTROLS,NONE DETECTED,NONE DETECTED,2877D29B-3F0F-4027-82DD-DAFD3E61D6B1,PEDESTRIAN,Other,INATTENTIVE,OTHER,N/A,MIXED CLOTHING,Yes,SUSPECTED MINOR INJURY,N/A,39.19856833,-77.25118,"(39.19856833, -77.25118)"
MCP3224000G,200016841,Montgomery County Police,Injury Crash,04/22/2020 08:28:00 PM,County,OLD COLUMBIA PIKE,Unknown,AMBERSTONE CT,,N/A,PEDESTRIAN,HEAD ON LEFT TURN,CLEAR,DRY,DARK LIGHTS ON,NO CONTROLS,NONE DETECTED,NONE DETECTED,647504E2-FE2D-4604-960C-631CDA04BE38,PEDESTRIAN,Cross/Enter at Intersection,NO IMPROPER ACTIONS,AT INTERSECTION BUT NO CROSSWALK,NO PED. SIGNAL,MIXED CLOTHING,No,POSSIBLE INJURY,N/A,39.05413699,-76.97366375,"(39.05413699, -76.97366375)"
MCP24720022,16051572,Montgomery County Police,Injury Crash,10/07/2016 11:59:00 AM,Maryland (State),CONNECTICUT AVE,County,CHEVY CHASE LAKE DR,,N/A,BICYCLIST,ANGLE MEETS RIGHT TURN,CLOUDY,DRY,DAYLIGHT,TRAFFIC SIGNAL,UNKNOWN,NONE DETECTED,16BA0C78-0072-4417-B3B2-45003857AA94,BICYCLIST,Cross/Enter at Intersection,NO IMPROPER ACTIONS,ON ROADWAY AT CROSSWALK,OBEYED PED. SIGNAL,MIXED CLOTHING,No,POSSIBLE INJURY,MC/BIKE HELMET,38.99406333,-77.07679667,"(38.99406333, -77.07679667)"
MCP3127001F,190061427,Montgomery County Police,Injury Crash,12/20/2019 10:45:00 PM,,ROSE AVE,,GRAND PARK AVE,,N/A,PEDESTRIAN,STRAIGHT MOVEMENT ANGLE,CLEAR,DRY,DARK LIGHTS ON,STOP SIGN,NONE DETECTED,NONE DETECTED,8035D13D-015B-4B12-B137-4C95D8E3748A,PEDESTRIAN,Cross/Enter at Intersection,NO IMPROPER ACTIONS,AT INTERSECTION MARKED CROSSWALK,NO PED. SIGNAL,DARK CLOTHING,No,POSSIBLE INJURY,NONE,39.05103333,-77.117765,"(39.05103333, -77.117765)"
MCP2698000R,15018521,Montgomery County Police,Injury Crash,04/20/2015 02:20:00 PM,,,,,"3470 Olney Laytonsville Rd (Ledos Pizza)
Olney, MD 20832  - Occurred in parking retail parking lot.",,PEDESTRIAN,SINGLE VEHICLE,CLEAR,,DAYLIGHT,NO CONTROLS,NONE DETECTED,NONE DETECTED,44A52EB6-C7DF-4985-ACFD-316C686A3156,PEDESTRIAN,Cross/Enter not at Intersection,UNKNOWN,N/A,N/A,LIGHT CLOTHING,,POSSIBLE INJURY,N/A,39.15321833,-77.06855,"(39.15321833, -77.06855)"
MCP3004000C,16007966,Montgomery County Police,Injury Crash,02/17/2016 12:39:00 PM,,,,,"10401 GROSVENOR PLACE ROCKVILLE, MD 20852
INCIDENT OCCURED IN GROSVENOR MARKET'S  PARKING LOT",,PEDESTRIAN,OTHER,CLEAR,,DAYLIGHT,N/A,NONE DETECTED,NONE DETECTED,6E807B2D-C0E7-48E9-A07E-B5AEFDF4B9B7,PEDESTRIAN,Other,NOT VISIBLE,OTHER,NO PED. SIGNAL,MIXED CLOTHING,No,SUSPECTED MINOR INJURY,NONE,39.02716042,-77.10655689,"(39.02716042, -77.10655689)"
DM8457000R,170533675,Takoma Park Police Depart,Injury Crash,09/28/2017 04:56:00 PM,Municipality,GRANT AVE #2,Municipality,CHESTNUT AVE,,TAKOMA PARK,"BICYCLIST, PEDESTRIAN",SAME DIRECTION RIGHT TURN,CLEAR,DRY,DAYLIGHT,NO CONTROLS,NONE DETECTED,NONE DETECTED,CB273999-5726-44C6-A8DA-081244AC4C30,BICYCLIST,Walking/Riding w/Traffic,NOT VISIBLE,ON ROADWAY NOT AT CROSSWALK,NO PED. SIGNAL,DARK CLOTHING,Unknown,SUSPECTED MINOR INJURY,MC/BIKE HELMET,38.98447403,-77.01421246,"(38.98447403, -77.01421246)"
MCP271700D9,170533084,Montgomery County Police,Property Damage Crash,09/25/2017 05:50:00 PM,County,TUCKERMAN LA,County,MARCLIFF RD,,N/A,BICYCLIST,OTHER,CLEAR,DRY,DAYLIGHT,NO CONTROLS,NONE DETECTED,NONE DETECTED,A8FE41B5-5B95-433E-B3A9-C71C1449B2E0,BICYCLIST,Other,FAILURE TO YIELD RIGHT OF WAY,SHOULDER,NO PED. SIGNAL,MIXED CLOTHING,No,NO APPARENT INJURY,MC/BIKE HELMET,39.03626933,-77.13243633,"(39.03626933, -77.13243633)"
EJ78260034,180011319,Gaithersburg Police Depar,Injury Crash,03/06/2018 07:20:00 AM,,TEACHERS WAY,,N SUMMIT AVE,,N/A,PEDESTRIAN,OTHER,CLOUDY,DRY,DAYLIGHT,STOP SIGN,N/A,N/A,AB9F4CD6-8A11-49D9-B805-C2C5429574A8,PEDESTRIAN,Cross/Enter at Intersection,NO IMPROPER ACTIONS,AT INTERSECTION MARKED CROSSWALK,NO PED. SIGNAL,MIXED CLOTHING,No,POSSIBLE INJURY,NONE,39.14313995,-77.19301924,"(39.14313995, -77.19301924)"
MCP22860049,220017425,Montgomery County Police,Injury Crash,04/22/2022 04:18:00 PM,Maryland (State),HUNGERFORD DR,Municipality,FREDERICK AVE #2,,ROCKVILLE,BICYCLIST,STRAIGHT MOVEMENT ANGLE,CLEAR,DRY,DAYLIGHT,TRAFFIC SIGNAL,NONE DETECTED,NONE DETECTED,D098FA50-E4A0-4B41-8801-50E0B4720F29,BICYCLIST,Cross/Enter at Intersection,FAILURE TO YIELD RIGHT OF WAY,ON ROADWAY AT CROSSWALK,DISOBEYED PED. SIGNAL,DARK CLOTHING,Yes,SUSPECTED SERIOUS INJURY,NONE,39.09421333,-77.15311833,"(39.09421333, -77.15311833)"
MCP29640051,210036415,Montgomery County Police,Injury Crash,09/15/2021 05:12:00 PM,Maryland (State),FREDERICK RD,County,SHAWNEE LA,,N/A,BICYCLIST,SAME DIRECTION RIGHT TURN,N/A,DRY,DAYLIGHT,N/A,NONE DETECTED,NONE DETECTED,A401CE3F-0538-4D59-BB27-361C5004BC3A,BICYCLIST,Walking/Riding w/Traffic,IMPROPER PASSING,ON ROADWAY NOT AT CROSSWALK,N/A,MIXED CLOTHING,Yes,SUSPECTED MINOR INJURY,MC/BIKE HELMET,39.23025266,-77.26853445,"(39.23025266, -77.26853445)"
MCP2866003Z,170525191,Montgomery County Police,Injury Crash,08/16/2017 05:40:00 PM,Maryland (State),OLD GEORGETOWN RD,County,BATTERY LA,,N/A,BICYCLIST,STRAIGHT MOVEMENT ANGLE,CLEAR,DRY,DAYLIGHT,TRAFFIC SIGNAL,NONE DETECTED,NONE DETECTED,C4C4A38D-B951-4599-B8C1-27F9683C26F8,BICYCLIST,Walking/Riding against Traffic,WRONG WAY RIDING OR WALKING,AT INTERSECTION MARKED CROSSWALK,OBEYED PED. SIGNAL,MIXED CLOTHING,Yes,POSSIBLE INJURY,NONE,38.99046667,-77.10370833,"(38.99046667, -77.10370833)"
MCP2933000S,15062717,MONTGOMERY,Injury Crash,12/08/2015 03:00:00 PM,County,WHITTIER BLVD,County,LANDON LA,,N/A,PEDESTRIAN,OTHER,CLEAR,DRY,DAYLIGHT,STOP SIGN,N/A,NONE DETECTED,E5D1741E-AB16-4726-983F-0AFBFE3C118A,PEDESTRIAN,Cross/Enter at Intersection,NO IMPROPER ACTIONS,AT INTERSECTION MARKED CROSSWALK,NO PED. SIGNAL,DARK CLOTHING,No,SUSPECTED MINOR INJURY,N/A,38.98529965,-77.12677002,"(38.98529965, -77.12677002)"
EJ7886000T,210043401,Gaithersburg Police Depar,Injury Crash,10/27/2021 02:30:00 PM,,,,,"87 BUREAU DRIVE, GAITHERSBURG, MD 20878",,OTHER,OTHER,CLEAR,,DAYLIGHT,N/A,N/A,N/A,45108DE0-CAB1-4206-A943-EE2FE9BA9960,OTHER,Push/Work on Vehicle,N/A,N/A,N/A,REFLECTIVE MATERIAL,No,POSSIBLE INJURY,REFLECTIVE CLOTHING,39.14430513,-77.21514398,"(39.14430513, -77.21514398)"
MCP30680046,220029582,Montgomery County Police,Injury Crash,07/10/2022 10:26:00 AM,County,MACARTHUR BLVD,County,EGGERT DR,,N/A,BICYCLIST,OTHER,CLEAR,DRY,DAYLIGHT,N/A,N/A,N/A,58F06212-0F48-4129-A2F9-947AE42C594F,BICYCLIST,Walking/Riding w/Traffic,NO IMPROPER ACTIONS,SHOULDER,N/A,LIGHT CLOTHING,Yes,SUSPECTED MINOR INJURY,MC/BIKE HELMET,38.97599333,-77.18048333,"(38.97599333, -77.18048333)"
MCP2936003M,200005204,Montgomery County Police,Injury Crash,01/31/2020 06:55:00 PM,County,TUCKERMAN LA,Unknown,EXT FR SUBWAY,,N/A,PEDESTRIAN,OTHER,CLEAR,DRY,DARK LIGHTS ON,STOP SIGN,NONE DETECTED,NONE DETECTED,96C3AEED-A2B5-4718-B1A7-D2DD84D93C71,PEDESTRIAN,Cross/Enter at Intersection,NO IMPROPER ACTIONS,ON ROADWAY AT CROSSWALK,NO PED. SIGNAL,DARK CLOTHING,No,SUSPECTED SERIOUS INJURY,NONE,39.02751333,-77.10128333,"(39.02751333, -77.10128333)"
MCP3190002M,210030914,Montgomery County Police,Injury Crash,08/09/2021 10:42:00 AM,,,,,14000 GEORGIA AVE (HOME DEPOT PARKING LOT),,PEDESTRIAN,OTHER,CLEAR,,DAYLIGHT,NO CONTROLS,UNKNOWN,NONE DETECTED,3A662C4A-5B9C-4564-929D-C1E41872883F,PEDESTRIAN,Other,NOT VISIBLE,OTHER,OTHER,LIGHT CLOTHING,No,SUSPECTED MINOR INJURY,NONE,39.08429974,-77.07955183,"(39.08429974, -77.07955183)"
MCP3093003L,220003482,Montgomery County Police,Injury Crash,01/26/2022 07:08:00 PM,Municipality,ARMORY AVE,Municipality,HOWARD AVE,,KENSINGTON,PEDESTRIAN,OTHER,CLEAR,DRY,DARK LIGHTS ON,N/A,N/A,N/A,5DB408C3-DD7E-42A0-87D8-4C32A88EE708,PEDESTRIAN,Cross/Enter at Intersection,NO IMPROPER ACTIONS,ON ROADWAY AT CROSSWALK,N/A,N/A,No,POSSIBLE INJURY,NONE,39.02786204,-77.07455551,"(39.02786204, -77.07455551)"
MCP33200013,220044963,Montgomery County Police,Injury Crash,10/13/2022 09:42:00 PM,Maryland (State),COLESVILLE RD,Maryland (State),EAST WEST HWY,,N/A,PEDESTRIAN,OTHER,RAINING,WET,DARK LIGHTS ON,TRAFFIC SIGNAL,NONE DETECTED,NONE DETECTED,6F1AC3AE-CD28-4B88-BDE0-4EAB0EB95A51,PEDESTRIAN,Cross/Enter at Intersection,NO IMPROPER ACTIONS,ON ROADWAY AT CROSSWALK,OBEYED PED. SIGNAL,MIXED CLOTHING,No,SUSPECTED MINOR INJURY,NONE,38.99355427,-77.03212944,"(38.99355427, -77.03212944)"
MCP3255000H,200034151,Montgomery County Police,Injury Crash,09/01/2020 10:30:00 AM,,,,,PARKING LOT OF MCDONALDS AT 19388 MONTGOMERY VILLAGE AVE,,BICYCLIST,SINGLE VEHICLE,CLOUDY,,DAYLIGHT,NO CONTROLS,NONE DETECTED,NONE DETECTED,86A3D50B-DF58-44F3-9066-23CDB76F6B81,BICYCLIST,Walking/Cycling on Sidewalk,NO IMPROPER ACTIONS,OTHER,N/A,DARK CLOTHING,No,SUSPECTED MINOR INJURY,NONE,39.17381667,-77.20373833,"(39.17381667, -77.20373833)"
MCP2777003Q,170535372,Montgomery County Police,Injury Crash,10/07/2017 07:14:00 PM,County,HAMPDEN LA,County,WOODMONT AVE,,N/A,PEDESTRIAN,SINGLE VEHICLE,CLEAR,DRY,DARK LIGHTS ON,TRAFFIC SIGNAL,NONE DETECTED,ALCOHOL PRESENT,2C54ED8A-D6B9-4F2C-A33F-6D9D80ACEA34,PEDESTRIAN,Cross/Enter at Intersection,NO IMPROPER ACTIONS,AT INTERSECTION MARKED CROSSWALK,OBEYED PED. SIGNAL,LIGHT CLOTHING,No,POSSIBLE INJURY,NONE,38.98249667,-77.096145,"(38.98249667, -77.096145)"
EJ7869003B,220004545,Gaithersburg Police Depar,Injury Crash,02/02/2022 03:00:00 PM,,,,,"474 N FREDERICK AVE GAITHERSBURG, MD 20878",,PEDESTRIAN,OTHER,CLEAR,,DAYLIGHT,N/A,NONE DETECTED,NONE DETECTED,40688F48-3C0C-4F50-9C82-6751344D39ED,PEDESTRIAN,Getting off/on Vehicle,ENTERING EXITING PARKED STANDING VEHICLE,OTHER,N/A,MIXED CLOTHING,Yes,SUSPECTED MINOR INJURY,NONE,39.14864952,-77.20825275,"(39.14864952, -77.20825275)"
MCP2195003R,190058596,Montgomery County Police,Injury Crash,12/05/2019 11:32:00 AM,,,,,PARKING LOT OF 850 E GUDE DR,,PEDESTRIAN,OTHER,CLEAR,,DAYLIGHT,NO CONTROLS,NONE DETECTED,NONE DETECTED,B9AA6A78-DB2D-4349-9A8B-FF1D8377A7A1,PEDESTRIAN,Getting off/on Vehicle,ENTERING EXITING PARKED STANDING VEHICLE,N/A,N/A,MIXED CLOTHING,No,SUSPECTED MINOR INJURY,NONE,39.100655,-77.13931167,"(39.100655, -77.13931167)"
MCP2825000M,15062229,MONTGOMERY,Injury Crash,12/05/2015 10:34:00 PM,Maryland (State),GEORGIA AVE,County,PLYERS MILL RD,,N/A,PEDESTRIAN,OTHER,CLEAR,DRY,DARK LIGHTS ON,TRAFFIC SIGNAL,NONE DETECTED,NONE DETECTED,4B0651D8-73E8-4E5F-86FA-2E51FBFE318E,PEDESTRIAN,Cross/Enter at Intersection,NO IMPROPER ACTIONS,ON ROADWAY AT CROSSWALK,OBEYED PED. SIGNAL,DARK CLOTHING,No,SUSPECTED MINOR INJURY,N/A,39.03007749,-77.04779506,"(39.03007749, -77.04779506)"
MCP26120048,210041716,Montgomery County Police,Injury Crash,10/17/2021 08:48:00 PM,County,RIPPLING BROOK DR,County,BEL PRE RD,,N/A,BICYCLIST,OTHER,CLEAR,DRY,DARK LIGHTS ON,STOP SIGN,NONE DETECTED,NONE DETECTED,A4FADE77-C494-4BD0-AE22-B7CB0F300F55,BICYCLIST,Cross/Enter at Intersection,UNKNOWN,ON ROADWAY AT CROSSWALK,NO PED. SIGNAL,DARK CLOTHING,Yes,POSSIBLE INJURY,NONE,39.090145,-77.05401167,"(39.090145, -77.05401167)"
MCP9417000Y,15054976,MONTGOMERY,Injury Crash,10/29/2015 12:00:00 PM,County,EDSON LA,County,WOODGLEN DR,,N/A,PEDESTRIAN,OTHER,CLEAR,DRY,DAYLIGHT,PERSON,UNKNOWN,NONE DETECTED,8E2C6FE6-BDC9-48D8-9028-0FCB2F766DB5,PEDESTRIAN,Standing,NO IMPROPER ACTIONS,OTHER,N/A,REFLECTIVE MATERIAL,No,POSSIBLE INJURY,REFLECTIVE CLOTHING,39.04020833,-77.11192667,"(39.04020833, -77.11192667)"
MCP28130031,170501672,Montgomery County Police,Property Damage Crash,04/11/2017 08:30:00 PM,County,PRICE AVE,Maryland (State),GEORGIA AVE,,N/A,PEDESTRIAN,SINGLE VEHICLE,CLOUDY,DRY,DARK LIGHTS ON,STOP SIGN,N/A,N/A,12561E84-13FE-4BCD-BFBE-F870C9AF2C21,PEDESTRIAN,Cross/Enter at Intersection,NO IMPROPER ACTIONS,ON ROADWAY AT CROSSWALK,NO PED. SIGNAL,LIGHT CLOTHING,No,NO APPARENT INJURY,N/A,39.04013006,-77.05117196,"(39.04013006, -77.05117196)"
MCP2450002L,190027276,Montgomery County Police,Injury Crash,06/06/2019 08:50:00 AM,,,,,PARKING LOT OF 8720 CARROLL AVE,,PEDESTRIAN,OTHER,UNKNOWN,,DAYLIGHT,NO CONTROLS,N/A,N/A,3843ABC5-0954-46F8-B7E7-0A52E9532133,PEDESTRIAN,Walking to/from school,UNKNOWN,OTHER,NO PED. SIGNAL,UNKNOWN,No,POSSIBLE INJURY,N/A,38.997,-76.99190833,"(38.997, -76.99190833)"
EJ7858003N,190028031,Gaithersburg Police Depar,Injury Crash,06/12/2019 12:36:00 PM,Municipality,FAIRBANKS BLVD,Municipality,BARKLEY PL,,GAITHERSBURG,BICYCLIST,SINGLE VEHICLE,CLEAR,DRY,DAYLIGHT,STOP SIGN,NONE DETECTED,NONE DETECTED,0A607A0D-E59F-4657-81E4-9A903620F111,BICYCLIST,Walking/Cycling on Sidewalk,FAILURE TO YIELD RIGHT OF WAY,SIDEWALK,N/A,LIGHT CLOTHING,Yes,SUSPECTED MINOR INJURY,NONE,39.13214833,-77.19136167,"(39.13214833, -77.19136167)"
MCP30580033,190049692,Montgomery County Police,Injury Crash,10/16/2019 07:00:00 PM,County,SEVEN LOCKS RD,County,GOYA DR,,N/A,PEDESTRIAN,OTHER,CLOUDY,WET,DARK LIGHTS ON,NO CONTROLS,NONE DETECTED,NONE DETECTED,882D6A32-BCD3-45EA-8091-E46CD8267E77,PEDESTRIAN,Cross/Enter at Intersection,INATTENTIVE,ON ROADWAY AT CROSSWALK,NO PED. SIGNAL,DARK CLOTHING,Yes,SUSPECTED MINOR INJURY,NONE,39.05513667,-77.16234833,"(39.05513667, -77.16234833)"
MCP9390000L,16010150,Montgomery County Police,Injury Crash,02/29/2016 06:53:00 PM,Maryland (State),CLOPPER RD,Municipality,METROPOLITAN GROVE RD,,GAITHERSBURG,PEDESTRIAN,OTHER,CLEAR,DRY,DARK LIGHTS ON,TRAFFIC SIGNAL,N/A,N/A,3BB2A7F7-F150-4FCA-B19A-2253460EDB75,PEDESTRIAN,Cross/Enter at Intersection,FAILURE TO OBEY TRAFFIC SIGNS SIGNALS OR OFFICER,AT INTERSECTION MARKED CROSSWALK,DISOBEYED PED. SIGNAL,DARK CLOTHING,Yes,SUSPECTED MINOR INJURY,N/A,39.14603767,-77.22830772,"(39.14603767, -77.22830772)"