Report Number,Local Case Number,Agency Name,ACRS Report Type,Crash Date/Time,Route Type,Road Name,Cross-Street Type,Cross-Street Name,Off-Road Description,Municipality,Related Non-Motorist,Collision Type,Weather,Surface Condition,Light,Traffic Control,Driver Substance Abuse,Non-Motorist Substance Abuse,Person ID,Pedestrian Type,Pedestrian Movement,Pedestrian Actions,Pedestrian Location,Pedestrian Obeyed Traffic Signal,Pedestrian Visibility,At Fault,Injury Severity,Safety Equipment,Latitude,Longitude,Location
MCP1227000K,16054657,Montgomery County Police,Fatal Crash,10/24/2016 06:54:00 AM,Maryland (State),GEORGIA AVE,County,REGINA DR,,N/A,PEDESTRIAN,SINGLE VEHICLE,CLOUDY,DRY,DARK -- UNKNOWN LIGHTING,NO CONTROLS,NONE DETECTED,NONE DETECTED,0D9AA61B-7405-4034-B274-E5206B3C58A7,PEDESTRIAN,Cross/Enter not at Intersection,UNKNOWN,ON ROADWAY NOT AT CROSSWALK,NO PED. SIGNAL,DARK CLOTHING,Unknown,FATAL INJURY,NONE,39.07359011,-77.06593752,"(39.07359011, -77.06593752)"
MCP3199003Y,220028752,Montgomery County Police,Injury Crash,07/05/2022 07:23:00 AM,Maryland (State),GEORGIA AVE,County,HEWITT AVE,,N/A,PEDESTRIAN,STRAIGHT MOVEMENT ANGLE,N/A,DRY,DAYLIGHT,TRAFFIC SIGNAL,NONE DETECTED,NONE DETECTED,EE98A67C-A490-4549-88D0-8B7FE7C4D2EE,PEDESTRIAN,Cross/Enter at Intersection,NO IMPROPER ACTIONS,ON ROADWAY AT CROSSWALK,OBEYED PED. SIGNAL,MIXED CLOTHING,No,SUSPECTED MINOR INJURY,NONE,39.07748667,-77.07118333,"(39.07748667, -77.07118333)"
MCP115100BG,190059445,Montgomery County Police,Injury Crash,12/10/2019 08:30:00 AM,County,MIDDLEBROOK RD,Unknown,ENT TO BUSINESS,,N/A,PEDESTRIAN,OTHER,CLOUDY,WET,DAYLIGHT,NO CONTROLS,UNKNOWN,NONE DETECTED,2DA10919-577C-47F6-82C3-B782B6675207,PEDESTRIAN,Cross/Enter at Intersection,UNKNOWN,AT INTERSECTION BUT NO CROSSWALK,NO PED. SIGNAL,DARK CLOTHING,No,SUSPECTED MINOR INJURY,N/A,39.1758385,-77.25480717,"(39.1758385, -77.25480717)"
MCP29740029,190012698,Montgomery County Police,Injury Crash,03/19/2019 05:29:00 PM,Maryland (State),NEW HAMPSHIRE AVE,County,DILSTON RD,,N/A,PEDESTRIAN,OTHER,CLEAR,DRY,DAYLIGHT,N/A,NONE DETECTED,NONE DETECTED,37E5E796-5B9D-4B6F-9A26-0B44FBD2E05B,PEDESTRIAN,Cross/Enter at Intersection,UNKNOWN,AT INTERSECTION MARKED CROSSWALK,UNKNOWN,N/A,Unknown,POSSIBLE INJURY,NONE,39.01135722,-76.97907602,"(39.01135722, -76.97907602)"
MCP271700BM,170502817,Montgomery County Police,Property Damage Crash,04/18/2017 04:45:00 PM,,,,,4707 HIGHLAND AVENUE (MONTGOMERY COUNTY PUBLIC PARKING LOT),,PEDESTRIAN,SINGLE VEHICLE,CLEAR,,DAYLIGHT,NO CONTROLS,NONE DETECTED,NONE DETECTED,1331B814-8EB3-4CDE-AED8-C3D8FE5E744F,PEDESTRIAN,Other,OTHER,OTHER,N/A,MIXED CLOTHING,No,NO APPARENT INJURY,NONE,38.991755,-77.09430183,"(38.991755, -77.09430183)"
MCP1301000T,170514720,Montgomery County Police,Fatal Crash,06/20/2017 10:44:00 AM,County,MIDDLEBROOK RD,Maryland (State),GREAT SENECA HWY,,N/A,PEDESTRIAN,STRAIGHT MOVEMENT ANGLE,CLEAR,DRY,DAYLIGHT,TRAFFIC SIGNAL,"NONE DETECTED, UNKNOWN",UNKNOWN,DEE50186-51C2-489F-B613-5AA3966B8C5B,PEDESTRIAN,Other,NO IMPROPER ACTIONS,MEDIAN,N/A,MIXED CLOTHING,No,FATAL INJURY,NONE,39.17493347,-77.26046741,"(39.17493347, -77.26046741)"
MCP229800LW,180061068,Montgomery County Police,Injury Crash,12/06/2018 05:43:00 PM,Maryland (State),FREDERICK RD,Unknown,ENT TO FOX CHAPEL CENTER,,N/A,PEDESTRIAN,OTHER,CLOUDY,DRY,DARK LIGHTS ON,TRAFFIC SIGNAL,NONE DETECTED,NONE DETECTED,270C43B8-0A84-498E-AE61-5B51B0C51963,PEDESTRIAN,Cross/Enter at Intersection,NO IMPROPER ACTIONS,ON ROADWAY AT CROSSWALK,OBEYED PED. SIGNAL,MIXED CLOTHING,No,POSSIBLE INJURY,NONE,39.17849817,-77.238437,"(39.17849817, -77.238437)"
HA24750003,20000308,Maryland-National Capital,Injury Crash,01/24/2020 02:30:00 PM,Municipality,DORSET AVE,Government,LITTLE FALLS PKWY,,N/A,BICYCLIST,SAME DIR REND LEFT TURN,N/A,DRY,DAYLIGHT,TRAFFIC SIGNAL,UNKNOWN,N/A,465E831D-70E4-40CB-9833-3ABA4207C975,BICYCLIST,Walking/Riding w/Traffic,NO IMPROPER ACTIONS,AT INTERSECTION BUT NO CROSSWALK,OBEYED PED. SIGNAL,REFLECTIVE MATERIAL,No,SUSPECTED MINOR INJURY,MC/BIKE HELMET,38.96878235,-77.10061474,"(38.96878235, -77.10061474)"
MCP3053003C,190031796,Montgomery County Police,Injury Crash,07/03/2019 10:18:00 PM,Maryland (State),UNIVERSITY BLVD W,Government,SLIGO CREEK PKWY,,N/A,PEDESTRIAN,SAME DIRECTION RIGHT TURN,CLEAR,DRY,DARK -- UNKNOWN LIGHTING,TRAFFIC SIGNAL,N/A,N/A,D98059CB-142E-4D53-87F4-E81E014B8A80,PEDESTRIAN,Cross/Enter at Intersection,N/A,ON ROADWAY AT CROSSWALK,OBEYED PED. SIGNAL,MIXED CLOTHING,No,POSSIBLE INJURY,NONE,39.03647056,-77.03046303,"(39.03647056, -77.03046303)"
MCP26900011,15038336,MONTGOMERY,Property Damage Crash,08/02/2015 06:17:00 PM,,,,,"Parking lot of 12015 Georgia Ave. Silver Spring, MD 20902 (H Mart)",,PEDESTRIAN,SINGLE VEHICLE,CLEAR,,DAYLIGHT,NO CONTROLS,NONE DETECTED,NONE DETECTED,BCA93E48-00E8-4CE8-ACB4-6BCCC537B183,PEDESTRIAN,Other,NO IMPROPER ACTIONS,OTHER,NO PED. SIGNAL,DARK CLOTHING,No,NO APPARENT INJURY,NONE,39.052185,-77.05019832,"(39.052185, -77.05019832)"
MCP2966003R,180004324,Montgomery County Police,Injury Crash,01/25/2018 06:39:00 PM,Maryland (State),VEIRS MILL RD,County,ARBUTUS AVE,,N/A,PEDESTRIAN,OTHER,CLEAR,DRY,DARK NO LIGHTS,NO CONTROLS,N/A,NONE DETECTED,45D1C1A4-5365-40C0-AE6C-C10AB6084446,PEDESTRIAN,Cross/Enter not at Intersection,OTHER,OTHER,NO PED. SIGNAL,DARK CLOTHING,No,POSSIBLE INJURY,NONE,39.06672131,-77.10066877,"(39.06672131, -77.10066877)"
MCP26670013,15043390,MONTGOMERY,Injury Crash,08/29/2015 09:55:00 AM,,,,,acess road between 30 N Summit Ave and 32 N Summit Ave,,PEDESTRIAN,OTHER,CLEAR,,DAYLIGHT,NO CONTROLS,NONE DETECTED,NONE DETECTED,C3FDEE48-ACF6-4608-9360-BDABE1A5C36E,PEDESTRIAN,Other Working,NOT VISIBLE,OTHER,N/A,MIXED CLOTHING,Yes,SUSPECTED MINOR INJURY,NONE,39.14350816,-77.19279528,"(39.14350816, -77.19279528)"
EJ7837004Z,20012459,Gaithersburg Police Depar,Injury Crash,03/13/2020 06:30:00 PM,,,,,DRIVEWAY OF 302 SUMMIT HALL RD,,PEDESTRIAN,SINGLE VEHICLE,CLEAR,,DUSK,NO CONTROLS,N/A,N/A,E7E95277-1D2A-46BA-9FE7-065C7D828A46,PEDESTRIAN,Walking/Cycling on Sidewalk,N/A,SIDEWALK,N/A,LIGHT CLOTHING,No,SUSPECTED MINOR INJURY,NONE,39.12967272,-77.19785541,"(39.12967272, -77.19785541)"
MCP28920081,200008163,Montgomery County Police,Injury Crash,02/18/2020 06:32:00 PM,Maryland (State),COLESVILLE RD,County,SECOND AVE,,N/A,PEDESTRIAN,SINGLE VEHICLE,N/A,DRY,DARK LIGHTS ON,TRAFFIC SIGNAL,NONE DETECTED,NONE DETECTED,3A80F036-C235-44C4-8EE7-F81D02BF3AFF,PEDESTRIAN,Cross/Enter at Intersection,IN ROADWAY IMPROPERLY,ON ROADWAY AT CROSSWALK,DISOBEYED PED. SIGNAL,DARK CLOTHING,Yes,POSSIBLE INJURY,NONE,38.99484564,-77.03025644,"(38.99484564, -77.03025644)"
EJ7882000W,210013988,Gaithersburg Police Depar,Injury Crash,04/14/2021 08:37:00 PM,County,LOST KNIFE RD,County,ODENDHAL AVE,,N/A,PEDESTRIAN,OTHER,RAINING,WET,DARK LIGHTS ON,TRAFFIC SIGNAL,NONE DETECTED,NONE DETECTED,9617B277-2329-43B8-BC92-CE65EE1AF90A,PEDESTRIAN,Cross/Enter at Intersection,NO IMPROPER ACTIONS,AT INTERSECTION MARKED CROSSWALK,OBEYED PED. SIGNAL,DARK CLOTHING,No,SUSPECTED MINOR INJURY,NONE,39.15244545,-77.19853331,"(39.15244545, -77.19853331)"
MCP3059007Y,220021726,Montgomery County Police,Injury Crash,05/21/2022 05:44:00 PM,County,SENECA FOREST CIR,County,SENECA FOREST CIR,,N/A,OTHER,SAME DIR REAR END,CLEAR,DRY,DAYLIGHT,NO CONTROLS,,NONE DETECTED,504541DA-8575-446D-839E-846040927047,OTHER,Other,NO IMPROPER ACTIONS,OTHER,N/A,N/A,No,SUSPECTED SERIOUS INJURY,N/A,39.20750333,-77.234685,"(39.20750333, -77.234685)"
MCP137800Z3,210043711,Montgomery County Police,Injury Crash,10/29/2021 04:06:00 PM,,,,,PARKING LOT OF 12611B WISTERIA DR,,OTHER,SINGLE VEHICLE,RAINING,,DAYLIGHT,NO CONTROLS,NONE DETECTED,NONE DETECTED,977A4758-8D85-41CF-968F-D014CC94C6F6,OTHER,Other,OTHER,OTHER,N/A,UNKNOWN,Yes,POSSIBLE INJURY,N/A,39.17071333,-77.26153333,"(39.17071333, -77.26153333)"
MCP137800Z6,210045261,Montgomery County Police,Injury Crash,11/08/2021 05:55:00 PM,County,HEWITT AVE,Maryland (State),GEORGIA AVE,,N/A,PEDESTRIAN,SINGLE VEHICLE,CLEAR,DRY,DARK LIGHTS ON,TRAFFIC SIGNAL,NONE DETECTED,NONE DETECTED,222AFC0D-3DC6-4465-8C71-3D5556EF22F5,PEDESTRIAN,Cross/Enter at Intersection,UNKNOWN,ON ROADWAY AT CROSSWALK,UNKNOWN,DARK CLOTHING,No,POSSIBLE INJURY,NONE,39.0775901,-77.07068374,"(39.0775901, -77.07068374)"
MCP1233002C,180027204,Montgomery County Police,Injury Crash,06/02/2018 07:44:00 PM,,,,,DRIVE WAY OF 10625 CONNECTICUT AVE.,,PEDESTRIAN,N/A,CLOUDY,,DAYLIGHT,NO CONTROLS,NONE DETECTED,NONE DETECTED,0606246C-B190-49DC-8EF5-5971C0163C4F,PEDESTRIAN,Walking/Cycling on Sidewalk,NO IMPROPER ACTIONS,SIDEWALK,N/A,N/A,No,POSSIBLE INJURY,N/A,39.03041167,-77.07531,"(39.03041167, -77.07531)"
DD5638001N,200025271,Rockville Police Departme,Injury Crash,06/29/2020 12:13:00 PM,Municipality,HALPINE RD,Maryland (State),ROCKVILLE PIKE,,N/A,PEDESTRIAN,OTHER,CLEAR,DRY,DAYLIGHT,TRAFFIC SIGNAL,NONE DETECTED,N/A,31791864-0A99-49BF-9971-65F5BB0141C3,PEDESTRIAN,Cross/Enter at Intersection,NO IMPROPER ACTIONS,ON ROADWAY AT CROSSWALK,OBEYED PED. SIGNAL,MIXED CLOTHING,No,SUSPECTED SERIOUS INJURY,N/A,39.06203667,-77.123875,"(39.06203667, -77.123875)"
DD56420002,190047941,Rockville Police Departme,Injury Crash,10/06/2019 11:52:00 AM,,,,,PARKING LOT OF 344 MARTINS LN.,,PEDESTRIAN,OTHER,CLEAR,,DAYLIGHT,NO CONTROLS,NONE DETECTED,N/A,506213E0-BF1D-4FF9-89CD-872860B4D3BE,PEDESTRIAN,N/A,NO IMPROPER ACTIONS,OTHER,N/A,UNKNOWN,No,SUSPECTED MINOR INJURY,N/A,39.09104914,-77.16127881,"(39.09104914, -77.16127881)"
EJ78790028,220030495,Gaithersburg Police Depar,Injury Crash,07/15/2022 09:20:00 PM,Municipality,E DIAMOND AVE,Municipality,PARK AVE,,GAITHERSBURG,PEDESTRIAN,SINGLE VEHICLE,CLEAR,DRY,DARK LIGHTS ON,NO CONTROLS,NONE DETECTED,UNKNOWN,BF9E980C-2AEF-4ABA-8E87-DB7DE0633917,PEDESTRIAN,Cross/Enter not at Intersection,IN ROADWAY IMPROPERLY,ON ROADWAY NOT AT CROSSWALK,NO PED. SIGNAL,MIXED CLOTHING,Yes,SUSPECTED SERIOUS INJURY,NONE,39.13991223,-77.19555445,"(39.13991223, -77.19555445)"
MCP2877008D,200027890,Montgomery County Police,Injury Crash,07/18/2020 11:11:00 AM,Municipality,PRINCETON AVE,County,MACARTHUR BLVD,,N/A,BICYCLIST,OTHER,CLEAR,DRY,DAYLIGHT,STOP SIGN,NONE DETECTED,NONE DETECTED,9ED5D003-AED8-45A9-856A-A1CC854EF3B1,BICYCLIST,Cross/Enter at Intersection,NO IMPROPER ACTIONS,SIDEWALK,NO PED. SIGNAL,MIXED CLOTHING,No,POSSIBLE INJURY,MC/BIKE HELMET,38.96927855,-77.14065418,"(38.96927855, -77.14065418)"
DM8477000M,200010750,Takoma Park Police Depart,Injury Crash,03/04/2020 10:59:00 AM,,,,,PARKING LOT OF 7-11 LOCATED @ 900 MERRIMAC DRIVE TAKOMA PARK MD 20912,,PEDESTRIAN,OTHER,CLEAR,,DAYLIGHT,N/A,NONE DETECTED,NONE DETECTED,221C4D27-9A45-44AF-B456-1CF9BC5B2C16,PEDESTRIAN,Other,NOT VISIBLE,OTHER,N/A,MIXED CLOTHING,Unknown,POSSIBLE INJURY,N/A,38.992468,-76.992599,"(38.992468, -76.992599)"
DD5614000J,16017902,Rockville Police Departme,Injury Crash,04/12/2016 03:40:00 PM,Maryland (State),ROCKVILLE PIKE,Municipality,WOOTTON PKWY,,ROCKVILLE,BICYCLIST,STRAIGHT MOVEMENT ANGLE,CLEAR,DRY,DAYLIGHT,NO CONTROLS,NONE DETECTED,NONE DETECTED,5501E3B2-8913-4C41-A5CA-B40C49BA344C,BICYCLIST,Walking/Cycling on Sidewalk,NO IMPROPER ACTIONS,SIDEWALK,NO PED. SIGNAL,LIGHT CLOTHING,No,SUSPECTED MINOR INJURY,MC/BIKE HELMET,39.07647,-77.13926,"(39.07647, -77.13926)"
EJ78470021,16040457,Gaithersburg Police Depar,Injury Crash,08/10/2016 12:05:00 AM,Municipality,S SUMMIT AVE,Municipality,E DIAMOND AVE,,GAITHERSBURG,PEDESTRIAN,SINGLE VEHICLE,CLEAR,DRY,DARK LIGHTS ON,TRAFFIC SIGNAL,NONE DETECTED,NONE DETECTED,62637BD7-7EA1-403E-B9FB-FCAB354F8A76,PEDESTRIAN,Cross/Enter at Intersection,DART DASH,AT INTERSECTION MARKED CROSSWALK,OBEYED PED. SIGNAL,DARK CLOTHING,Unknown,SUSPECTED MINOR INJURY,NONE,39.14178833,-77.19426,"(39.14178833, -77.19426)"
DD5617000V,170512462,Rockville Police Departme,Injury Crash,06/08/2017 10:45:00 AM,Municipality,RESEARCH CT,Municipality,RESEARCH BLVD,,ROCKVILLE,PEDESTRIAN,N/A,CLEAR,N/A,DAYLIGHT,N/A,UNKNOWN,UNKNOWN,FE8E7145-9E4F-43A0-BE3E-61ECCEBE8427,PEDESTRIAN,Cross/Enter not at Intersection,UNKNOWN,ON ROADWAY NOT AT CROSSWALK,N/A,N/A,Unknown,SUSPECTED MINOR INJURY,NONE,39.10516667,-77.19007833,"(39.10516667, -77.19007833)"
MCP29860013,16047292,Montgomery County Police,Injury Crash,09/15/2016 07:05:00 AM,County,SPRING ST,US (State),COLESVILLE RD,,N/A,PEDESTRIAN,STRAIGHT MOVEMENT ANGLE,N/A,DRY,DAYLIGHT,TRAFFIC SIGNAL,NONE DETECTED,NONE DETECTED,4BB88918-2414-4644-B56C-8B6EC6C70219,PEDESTRIAN,Other,NO IMPROPER ACTIONS,AT INTERSECTION MARKED CROSSWALK,OBEYED PED. SIGNAL,LIGHT CLOTHING,No,POSSIBLE INJURY,NONE,38.9989,-77.025975,"(38.9989, -77.025975)"
DD5633006J,220004821,Rockville Police Departme,Injury Crash,02/04/2022 07:20:00 AM,County,ROTHGEB DR,Municipality,ROTHGEB DR (BACK),,ROCKVILLE,PEDESTRIAN,SINGLE VEHICLE,N/A,DRY,DAYLIGHT,N/A,UNKNOWN,NONE DETECTED,B172C407-17F8-4E18-9D37-8D9A2AB8E0AA,PEDESTRIAN,Walking/Cycling on Sidewalk,NO IMPROPER ACTIONS,SIDEWALK,NO PED. SIGNAL,DARK CLOTHING,No,POSSIBLE INJURY,NONE,39.09748875,-77.13356118,"(39.09748875, -77.13356118)"
DM8386001H,210034743,Takoma Park Police Depart,Injury Crash,09/04/2021 06:30:00 PM,Municipality,HOLTON LA,Maryland (State),NEW HAMPSHIRE AVE,,N/A,MACHINE OPERATOR/RIDER,SAME DIRECTION RIGHT TURN,CLEAR,DRY,DAYLIGHT,TRAFFIC SIGNAL,NONE DETECTED,NONE DETECTED,B2C6EA83-8EB7-44BF-96D2-C7EB206F9ADC,MACHINE OPERATOR/RIDER,Cross/Enter at Intersection,NO IMPROPER ACTIONS,ON ROADWAY AT CROSSWALK,OBEYED PED. SIGNAL,MIXED CLOTHING,No,SUSPECTED MINOR INJURY,N/A,38.98152167,-77.01008,"(38.98152167, -77.01008)"
MCP3232000F,200009619,Montgomery County Police,Property Damage Crash,02/26/2020 06:49:00 PM,County,BUSHEY DR,County,RANDOLPH RD,,N/A,PEDESTRIAN,OTHER,RAINING,WET,DARK LIGHTS ON,N/A,N/A,N/A,7B2061AB-6513-4FB9-82F2-2BD4F0DD2A04,PEDESTRIAN,Cross/Enter at Intersection,NO IMPROPER ACTIONS,AT INTERSECTION MARKED CROSSWALK,NO PED. SIGNAL,N/A,No,NO APPARENT INJURY,N/A,39.05764833,-77.077665,"(39.05764833, -77.077665)"
MCP2853005W,190014812,Montgomery County Police,Injury Crash,03/30/2019 07:40:00 PM,County,RENFREW RD,County,LANARK WAY,,N/A,PEDESTRIAN,N/A,CLEAR,DRY,DARK NO LIGHTS,NO CONTROLS,N/A,N/A,D77E886A-27F8-429F-92FD-20128B390B20,PEDESTRIAN,Playing,UNKNOWN,OTHER,NO PED. SIGNAL,MIXED CLOTHING,Unknown,POSSIBLE INJURY,N/A,39.02220868,-77.02329109,"(39.02220868, -77.02329109)"
MCP1121001Q,16065527,Montgomery County Police,Injury Crash,12/21/2016 06:34:00 PM,County,FLOWER HILL WAY,Maryland (State),WOODFIELD RD,,N/A,PEDESTRIAN,OTHER,CLEAR,DRY,DARK LIGHTS ON,N/A,NONE DETECTED,NONE DETECTED,A9340A6D-CA45-4EB5-AA18-BC476D3653D2,PEDESTRIAN,Cross/Enter not at Intersection,IN ROADWAY IMPROPERLY,ON ROADWAY NOT AT CROSSWALK,N/A,MIXED CLOTHING,Yes,POSSIBLE INJURY,NONE,39.15577167,-77.16505333,"(39.15577167, -77.16505333)"
MCP2372001P,190011587,Montgomery County Police,Injury Crash,03/13/2019 08:20:00 AM,,,,,"PARKING LOT OF WESTWOOD SHOPPING CENTER, LOCATED AT 5400 WESTBARD AVENUE, BETHESDA, MD 20816",,PEDESTRIAN,STRAIGHT MOVEMENT ANGLE,CLEAR,,DAYLIGHT,NO CONTROLS,UNKNOWN,NONE DETECTED,4C756BF3-DC08-4A85-9D95-6B43A5470651,PEDESTRIAN,Walking/Cycling on Sidewalk,NO IMPROPER ACTIONS,DRIVEWAY ACCESS MARKED CROSSWALK,NO PED. SIGNAL,LIGHT CLOTHING,No,POSSIBLE INJURY,N/A,38.96522422,-77.10743878,"(38.96522422, -77.10743878)"
MCP32610010,220035561,Montgomery County Police,Injury Crash,08/17/2022 09:45:00 PM,County,GOSHEN RD,County,EMORY GROVE RD,,N/A,PEDESTRIAN,OTHER,CLEAR,DRY,DARK LIGHTS ON,N/A,N/A,N/A,2DED0BD1-E00E-46FF-B6CE-F5776E7C6E64,PEDESTRIAN,Cross/Enter not at Intersection,IN ROADWAY IMPROPERLY,ON ROADWAY NOT AT CROSSWALK,NO PED. SIGNAL,DARK CLOTHING,Yes,POSSIBLE INJURY,NONE,39.14966192,-77.1578232,"(39.14966192, -77.1578232)"
MCP15950005,15011709,Montgomery County Police,Injury Crash,03/14/2015 12:34:00 AM,Maryland (State),GEORGIA AVE,County,ENNALLS AVE,,N/A,PEDESTRIAN,SINGLE VEHICLE,RAINING,WET,DARK LIGHTS ON,NO CONTROLS,NONE DETECTED,UNKNOWN,15AC7B49-4BA4-4FF6-94B9-9CB234FBB13D,PEDESTRIAN,Cross/Enter not at Intersection,UNKNOWN,ON ROADWAY NOT AT CROSSWALK,NO PED. SIGNAL,DARK CLOTHING,,SUSPECTED SERIOUS INJURY,NONE,39.04081129,-77.05160379,"(39.04081129, -77.05160379)"
MCP2565004G,170516450,Montgomery County Police,Injury Crash,06/29/2017 03:37:00 PM,Maryland (State),MONTGOMERY AVE,County,PEARL ST,,N/A,PEDESTRIAN,STRAIGHT MOVEMENT ANGLE,CLEAR,DRY,DAYLIGHT,NO CONTROLS,NONE DETECTED,NONE DETECTED,15886DF1-3371-4749-A017-CCFB6259BBE7,PEDESTRIAN,Walking/Cycling on Sidewalk,NO IMPROPER ACTIONS,OTHER,NO PED. SIGNAL,LIGHT CLOTHING,No,POSSIBLE INJURY,NONE,38.98397573,-77.09136084,"(38.98397573, -77.09136084)"
MCP3270000J,200039204,Montgomery County Police,Injury Crash,10/05/2020 04:22:00 PM,,,,,PARKING LOT 3661 TURBRIDGE DRIVE,,PEDESTRIAN,SINGLE VEHICLE,CLEAR,,DAYLIGHT,N/A,,N/A,78E38193-A853-43AB-A026-AB5AB25A4620,PEDESTRIAN,Getting off/on Vehicle,ENTERING EXITING PARKED STANDING VEHICLE,OTHER,N/A,LIGHT CLOTHING,Yes,SUSPECTED MINOR INJURY,NONE,39.0912075,-76.931871,"(39.0912075, -76.931871)"
DD5583000N,15041103,ROCKVILLE,Injury Crash,08/17/2015 01:28:00 PM,,,,,PARKING LOT OF THE GIANT FOODS 625 HUNGERFORD DR ROCKVILLE,,PEDESTRIAN,SINGLE VEHICLE,CLEAR,,DAYLIGHT,N/A,NONE DETECTED,NONE DETECTED,8AAF039C-42B9-43F7-9666-A6F1FDDF0A76,PEDESTRIAN,Other,NO IMPROPER ACTIONS,OTHER,N/A,MIXED CLOTHING,No,SUSPECTED MINOR INJURY,N/A,39.09248235,-77.15241194,"(39.09248235, -77.15241194)"
DD559500C4,220047526,Rockville Police Departme,Injury Crash,10/29/2022 12:42:00 PM,,,,,EXIT TO THE BUSINESS LOCATED AT 1801 ROCKVILLE PIKE,,PEDESTRIAN,OTHER,N/A,,DAYLIGHT,NO CONTROLS,NONE DETECTED,NONE DETECTED,5DAD5893-2DDD-4EAC-B74B-267A7B592985,PEDESTRIAN,Other,NO IMPROPER ACTIONS,N/A,NO PED. SIGNAL,LIGHT CLOTHING,No,SUSPECTED MINOR INJURY,NONE,39.0599005,-77.12279267,"(39.0599005, -77.12279267)"
MCP3153004C,220025898,Montgomery County Police,Injury Crash,06/15/2022 12:11:00 PM,Maryland (State),LAYHILL RD,Ramp,RAMP 2 FR MD 200 WB TO MD 182,,N/A,BICYCLIST,STRAIGHT MOVEMENT ANGLE,CLEAR,DRY,DAYLIGHT,TRAFFIC SIGNAL,NONE DETECTED,NONE DETECTED,90171B6E-A3A8-43E8-9A9A-E437246981E7,BICYCLIST,Walking/Riding w/Traffic,NO IMPROPER ACTIONS,IN BIKEWAY,OBEYED PED. SIGNAL,MIXED CLOTHING,No,SUSPECTED MINOR INJURY,MC/BIKE HELMET,39.10011367,-77.04173487,"(39.10011367, -77.04173487)"
MCP3039004Y,200023798,Montgomery County Police,Property Damage Crash,06/17/2020 06:00:00 PM,US (State),GEORGIA AVE,Unknown,NW EASTERN AVE (DC MAINT),,N/A,PEDESTRIAN,OTHER,RAINING,WET,DAYLIGHT,TRAFFIC SIGNAL,UNKNOWN,NONE DETECTED,B7BD4AA3-489E-4D20-90B6-226F4C70048A,PEDESTRIAN,Cross/Enter at Intersection,NO IMPROPER ACTIONS,AT INTERSECTION BUT NO CROSSWALK,OBEYED PED. SIGNAL,MIXED CLOTHING,No,NO APPARENT INJURY,N/A,38.99099,-77.028035,"(38.99099, -77.028035)"
MCP2043001T,200004897,Montgomery County Police,Injury Crash,01/29/2020 11:05:00 PM,County,INDUSTRIAL DR,County,GAITHER RD,,N/A,PEDESTRIAN,OTHER,CLEAR,N/A,DARK LIGHTS ON,STOP SIGN,NONE DETECTED,NONE DETECTED,D6421E80-7020-4F69-89A4-C82E71932651,PEDESTRIAN,Cross/Enter at Intersection,NO IMPROPER ACTIONS,AT INTERSECTION MARKED CROSSWALK,NO PED. SIGNAL,MIXED CLOTHING,No,SUSPECTED MINOR INJURY,NONE,39.11771333,-77.18986167,"(39.11771333, -77.18986167)"
EJ7844001B,220037076,Gaithersburg Police Depar,Property Damage Crash,08/27/2022 03:40:00 PM,County,MUDDY BRANCH RD,Municipality,SCHOOL DR,,GAITHERSBURG,BICYCLIST,STRAIGHT MOVEMENT ANGLE,CLEAR,DRY,DAYLIGHT,N/A,NONE DETECTED,NONE DETECTED,E23E0C2B-D9C9-4365-BB38-D72923A44820,BICYCLIST,Walking/Cycling on Sidewalk,FAILURE TO YIELD RIGHT OF WAY,SIDEWALK,NO PED. SIGNAL,LIGHT CLOTHING,Yes,NO APPARENT INJURY,NONE,39.120622,-77.216776,"(39.120622, -77.216776)"
MCP3036000H,17016191,Montgomery County Police,Injury Crash,03/30/2017 03:19:00 PM,County,SHADY GROVE RD,Municipality,CHOKE CHERRY RD,,ROCKVILLE,PEDESTRIAN,SINGLE VEHICLE,CLOUDY,DRY,DAYLIGHT,NO CONTROLS,NONE DETECTED,NONE DETECTED,67868A2C-F988-435B-AC7D-CC3375DDBB39,PEDESTRIAN,Cross/Enter at Intersection,INATTENTIVE,AT INTERSECTION BUT NO CROSSWALK,NO PED. SIGNAL,MIXED CLOTHING,No,SUSPECTED MINOR INJURY,N/A,39.11519881,-77.18542323,"(39.11519881, -77.18542323)"
MCP2025000N,200023338,Montgomery County Police,Injury Crash,06/14/2020 12:34:00 PM,Maryland (State),ROCKVILLE PIKE,Unknown,SPUR FR POOKS HILL RD,,N/A,PEDESTRIAN,SINGLE VEHICLE,CLEAR,DRY,DAYLIGHT,N/A,N/A,N/A,689920AC-F757-420F-B25A-74856B4C5D20,PEDESTRIAN,Cross/Enter not at Intersection,DART DASH,ON ROADWAY NOT AT CROSSWALK,N/A,MIXED CLOTHING,Yes,SUSPECTED MINOR INJURY,N/A,39.01433333,-77.099645,"(39.01433333, -77.099645)"
MCP3352000F,230021049,Montgomery County Police,Injury Crash,05/02/2023 09:18:00 PM,County,CLUB HOUSE RD,County,RIDGELINE DR,,N/A,PEDESTRIAN,STRAIGHT MOVEMENT ANGLE,CLEAR,WET,DARK NO LIGHTS,NO CONTROLS,NONE DETECTED,NONE DETECTED,D93F4485-976B-4A2F-B65D-45FDFC668FFB,PEDESTRIAN,Cross/Enter at Intersection,NO IMPROPER ACTIONS,ON ROADWAY AT CROSSWALK,NO PED. SIGNAL,DARK CLOTHING,No,POSSIBLE INJURY,NONE,39.17443167,-77.20546167,"(39.17443167, -77.20546167)"