Report Number,Local Case Number,Agency Name,ACRS Report Type,Crash Date/Time,Route Type,Road Name,Cross-Street Type,Cross-Street Name,Off-Road Description,Municipality,Related Non-Motorist,Collision Type,Weather,Surface Condition,Light,Traffic Control,Driver Substance Abuse,Non-Motorist Substance Abuse,Person ID,Pedestrian Type,Pedestrian Movement,Pedestrian Actions,Pedestrian Location,Pedestrian Obeyed Traffic Signal,Pedestrian Visibility,At Fault,Injury Severity,Safety Equipment,Latitude,Longitude,Location
MCP93110030,200046712,Montgomery County Police,Injury Crash,11/26/2020 02:02:00 PM,Maryland (State),FALLS RD,County,BELLS MILL RD,,N/A,BICYCLIST,OTHER,CLEAR,DRY,DAYLIGHT,NO CONTROLS,NONE DETECTED,NONE DETECTED,F8D0F96E-836D-4385-9B73-48CD668A56C6,BICYCLIST,Walking/Riding w/Traffic,NO IMPROPER ACTIONS,SHOULDER,NO PED. SIGNAL,DARK CLOTHING,No,SUSPECTED MINOR INJURY,MC/BIKE HELMET,39.03465333,-77.194955,"(39.03465333, -77.194955)"
HA23300007,15000703,Maryland-National Capital,Injury Crash,07/06/2015 10:11:00 AM,Maryland (State),UNIVERSITY BLVD W,Government,SLIGO CREEK PKWY,,N/A,PEDESTRIAN,OTHER,CLEAR,DRY,DAYLIGHT,TRAFFIC SIGNAL,NONE DETECTED,NONE DETECTED,43B919F3-198F-4AAB-B2D9-18797A218B3F,PEDESTRIAN,Other,OTHER,OTHER,OTHER,DARK CLOTHING,Yes,SUSPECTED MINOR INJURY,N/A,39.07366167,-77.00741167,"(39.07366167, -77.00741167)"
EJ7851007Z,220030691,Gaithersburg Police Depar,Injury Crash,07/17/2022 02:15:00 PM,Municipality,GIRARD ST,Municipality,E DIAMOND AVE,,GAITHERSBURG,PEDESTRIAN,OTHER,CLEAR,DRY,DAYLIGHT,TRAFFIC SIGNAL,UNKNOWN,NONE DETECTED,36DE34F1-8A18-4378-A7FC-530770DBD4D1,PEDESTRIAN,Cross/Enter at Intersection,NO IMPROPER ACTIONS,ON ROADWAY AT CROSSWALK,OBEYED PED. SIGNAL,N/A,No,SUSPECTED MINOR INJURY,NONE,39.15382756,-77.20230706,"(39.15382756, -77.20230706)"
MCP2244000S,16005128,Montgomery County Police,Injury Crash,01/31/2016 07:50:00 PM,Maryland (State),NEW HAMPSHIRE AVE,Ramp,RAMP 6 FR IS 495 EB TO MD 650 SB,,N/A,PEDESTRIAN,OTHER,CLEAR,DRY,DARK NO LIGHTS,NO CONTROLS,NONE DETECTED,ALCOHOL PRESENT,115CEC73-693D-453B-A55D-59ACBC2B6BBD,PEDESTRIAN,Cross/Enter not at Intersection,IN ROADWAY IMPROPERLY,MEDIAN,OTHER,DARK CLOTHING,Yes,SUSPECTED MINOR INJURY,NONE,39.01791041,-76.97699413,"(39.01791041, -76.97699413)"
EJ7781003S,230005206,Gaithersburg Police Depar,Injury Crash,02/01/2023 09:45:00 AM,County,MUDDY BRANCH RD,Municipality,WEST SIDE DR,,GAITHERSBURG,PEDESTRIAN,OTHER,CLEAR,DRY,DAYLIGHT,STOP SIGN,NONE DETECTED,NONE DETECTED,2F8CA36D-017D-45EB-AE40-31F586468190,PEDESTRIAN,Cross/Enter at Intersection,NO IMPROPER ACTIONS,AT INTERSECTION BUT NO CROSSWALK,NO PED. SIGNAL,DARK CLOTHING,No,POSSIBLE INJURY,N/A,39.12896292,-77.20577262,"(39.12896292, -77.20577262)"
MCP2656003C,180044582,Montgomery County Police,Property Damage Crash,09/06/2018 07:13:00 PM,County,BRANTFORD AVE,Maryland (State),NEW HAMPSHIRE AVE,,N/A,BICYCLIST,STRAIGHT MOVEMENT ANGLE,N/A,DRY,DARK LIGHTS ON,N/A,N/A,N/A,34F4DA45-1672-470C-AF15-449A7CFC313A,BICYCLIST,Cross/Enter at Intersection,NO IMPROPER ACTIONS,AT INTERSECTION MARKED CROSSWALK,NO PED. SIGNAL,LIGHT CLOTHING,No,NO APPARENT INJURY,MC/BIKE HELMET,39.05920833,-76.99764,"(39.05920833, -76.99764)"
MCP2981003T,210028122,Montgomery County Police,Property Damage Crash,07/20/2021 09:36:00 PM,County,ARCOLA AVE,County,HOYT ST,,N/A,BICYCLIST,STRAIGHT MOVEMENT ANGLE,CLEAR,DRY,DARK LIGHTS ON,OTHER,NONE DETECTED,NONE DETECTED,B9C7ED43-DE0A-4996-87C6-AB75C555B533,BICYCLIST,Cross/Enter not at Intersection,NO IMPROPER ACTIONS,ON ROADWAY AT CROSSWALK,N/A,HEAD LIGHT AND REFLECTORS,No,NO APPARENT INJURY,MC/BIKE HELMET,39.03658667,-77.02696333,"(39.03658667, -77.02696333)"
MCP3100000B,180023767,Montgomery County Police,Injury Crash,05/14/2018 09:00:00 PM,,,,,PARKING LOT OF 245 KENTLANDS BLVD,,PEDESTRIAN,N/A,RAINING,,DARK LIGHTS ON,STOP SIGN,NONE DETECTED,NONE DETECTED,7F9B8F89-4977-4999-91F9-4A627D7C7850,PEDESTRIAN,Cross/Enter not at Intersection,FAILURE TO YIELD RIGHT OF WAY,ON ROADWAY NOT AT CROSSWALK,NO PED. SIGNAL,MIXED CLOTHING,Yes,SUSPECTED MINOR INJURY,NONE,39.12499127,-77.23936379,"(39.12499127, -77.23936379)"
MCP1417005F,16027322,Montgomery County Police,Injury Crash,06/01/2016 10:30:00 AM,,,,,"PARKING LOT OF
18206 CONTOUR ROAD",,PEDESTRIAN,SINGLE VEHICLE,CLEAR,,DAYLIGHT,NO CONTROLS,NONE DETECTED,NONE DETECTED,EE60808D-FFAE-4A9A-9E32-417D1F15A7A6,PEDESTRIAN,Other,DART DASH,OTHER,NO PED. SIGNAL,MIXED CLOTHING,Yes,SUSPECTED MINOR INJURY,NONE,39.1551877,-77.19924331,"(39.1551877, -77.19924331)"
DM8388003W,220013424,Takoma Park Police Depart,Injury Crash,03/29/2022 04:24:00 PM,Maryland (State),UNIVERSITY BLVD E,Unknown,PRINCE GEORGES CO/L,,N/A,PEDESTRIAN,OTHER,N/A,DRY,DAYLIGHT,TRAFFIC SIGNAL,NONE DETECTED,NONE DETECTED,EE9185AF-D5B5-406C-ACD6-48DC0C9B6C37,PEDESTRIAN,Cross/Enter at Intersection,NO IMPROPER ACTIONS,ON ROADWAY AT CROSSWALK,OBEYED PED. SIGNAL,MIXED CLOTHING,No,POSSIBLE INJURY,NONE,38.98797353,-76.9864275,"(38.98797353, -76.9864275)"
MCP20080033,16063764,Montgomery County Police,Injury Crash,12/12/2016 03:18:00 PM,County,MACARTHUR BLVD,Municipality,HARVARD AVE,,GLEN ECHO,BICYCLIST,ANGLE MEETS LEFT TURN,CLEAR,DRY,DAYLIGHT,N/A,NONE DETECTED,NONE DETECTED,AD68D665-AED3-4D15-B14F-84E2324A0306,BICYCLIST,Cross/Enter at Intersection,NO IMPROPER ACTIONS,IN BIKEWAY,NO PED. SIGNAL,LIGHT CLOTHING,No,POSSIBLE INJURY,MC/BIKE HELMET,38.969655,-77.14156833,"(38.969655, -77.14156833)"
MCP2813002R,17004807,Montgomery County Police,Injury Crash,01/27/2017 07:23:00 PM,County,EISNER ST,County,EDGEWOOD AVE,,N/A,PEDESTRIAN,SINGLE VEHICLE,CLEAR,DRY,DARK NO LIGHTS,NO CONTROLS,N/A,N/A,43F46101-0A07-4A54-85F7-1D6880D0F899,PEDESTRIAN,Cross/Enter at Intersection,NO IMPROPER ACTIONS,AT INTERSECTION BUT NO CROSSWALK,NO PED. SIGNAL,MIXED CLOTHING,No,POSSIBLE INJURY,N/A,39.03024167,-77.02002833,"(39.03024167, -77.02002833)"
MCP30570008,170524769,Montgomery County Police,Property Damage Crash,08/14/2017 01:21:00 AM,,,,,"WALMART PARKING LOT: 20910 FREDERICK RD., GERMANTOWN, MD",,PEDESTRIAN,OTHER,CLOUDY,,N/A,N/A,N/A,NONE DETECTED,1E383E5C-C7F5-48A4-95E9-175417221ADE,PEDESTRIAN,Other,NO IMPROPER ACTIONS,OTHER,N/A,UNKNOWN,No,NO APPARENT INJURY,N/A,39.19854624,-77.25206137,"(39.19854624, -77.25206137)"
MCP1119000Q,15007211,Montgomery County Police,Injury Crash,02/12/2015 07:14:00 PM,County,RANDOLPH RD,Other Public Roadway,GLENMONT CIR #1,,N/A,PEDESTRIAN,OTHER,N/A,DRY,DARK LIGHTS ON,NO CONTROLS,NONE DETECTED,ALCOHOL PRESENT,6D3ED77E-31BB-4B78-88BA-8E6EDA8A1CB5,PEDESTRIAN,Cross/Enter not at Intersection,FAILURE TO YIELD RIGHT OF WAY,ON ROADWAY NOT AT CROSSWALK,DISOBEYED PED. SIGNAL,DARK CLOTHING,,SUSPECTED MINOR INJURY,NONE,39.05905417,-77.04756975,"(39.05905417, -77.04756975)"
MCP2356002X,230022087,Montgomery County Police,Injury Crash,05/08/2023 09:00:00 PM,Municipality,KING FARM BLVD,Other Public Roadway,CRESTFIELD DR,,N/A,PEDESTRIAN,SINGLE VEHICLE,CLEAR,DRY,DARK LIGHTS ON,NO CONTROLS,N/A,NONE DETECTED,3B6A634F-C107-42C7-B201-6E61D8210940,PEDESTRIAN,Cross/Enter at Intersection,NO IMPROPER ACTIONS,SIDEWALK,UNKNOWN,UNKNOWN,No,SUSPECTED MINOR INJURY,NONE,39.11353231,-77.17281194,"(39.11353231, -77.17281194)"
MCP2254001W,180039943,Montgomery County Police,Property Damage Crash,08/11/2018 02:30:00 AM,Maryland (State),RIDGE RD,Maryland (State),KEMPTOWN RD,,N/A,OTHER,SINGLE VEHICLE,N/A,DRY,N/A,NO CONTROLS,NONE DETECTED,N/A,4DFE3B14-494D-44AB-9E0A-750C49343FF7,OTHER,N/A,N/A,OTHER,N/A,N/A,No,NO APPARENT INJURY,N/A,39.31343333,-77.19807333,"(39.31343333, -77.19807333)"
DD56510020,220032828,Rockville Police Departme,Injury Crash,07/31/2022 04:08:00 AM,,,,,1001 ROCKVILLE PIKE PARKING LOT,,PEDESTRIAN,OTHER,CLEAR,,DARK NO LIGHTS,N/A,UNKNOWN,NONE DETECTED,96131BBC-8439-4B9E-9AAD-EEF5456CAA0B,PEDESTRIAN,Other,NO IMPROPER ACTIONS,OTHER,N/A,DARK CLOTHING,No,SUSPECTED MINOR INJURY,NONE,39.0618885,-77.12498919,"(39.0618885, -77.12498919)"
DD55270031,200004842,Rockville Police Departme,Injury Crash,01/29/2020 06:20:00 PM,Municipality,E GUDE DR,Municipality,TAFT CT,,ROCKVILLE,PEDESTRIAN,OTHER,CLEAR,DRY,DARK LIGHTS ON,TRAFFIC SIGNAL,NONE DETECTED,NONE DETECTED,B2FF3259-9888-406E-8CA1-DBB42F758D2B,PEDESTRIAN,Cross/Enter not at Intersection,FAILURE TO YIELD RIGHT OF WAY,ON ROADWAY NOT AT CROSSWALK,DISOBEYED PED. SIGNAL,DARK CLOTHING,Yes,SUSPECTED MINOR INJURY,NONE,39.09489167,-77.12065,"(39.09489167, -77.12065)"
MCP2608002X,210044397,Montgomery County Police,Injury Crash,11/02/2021 08:15:00 PM,Maryland (State),UNIVERSITY BLVD E,Maryland (State),PINEY BRANCH RD,,N/A,PEDESTRIAN,SINGLE VEHICLE,RAINING,WET,DARK LIGHTS ON,TRAFFIC SIGNAL,NONE DETECTED,NONE DETECTED,4114B3ED-B84B-48D2-80BC-5F132B9F6608,PEDESTRIAN,Cross/Enter at Intersection,NO IMPROPER ACTIONS,ON ROADWAY AT CROSSWALK,OBEYED PED. SIGNAL,MIXED CLOTHING,No,POSSIBLE INJURY,N/A,39.00010833,-76.995005,"(39.00010833, -76.995005)"
MCP25490051,16036515,Montgomery County Police,Injury Crash,07/19/2016 11:50:00 AM,County,MACARTHUR BLVD,Maryland (State),WILSON LA,,N/A,BICYCLIST,SAME DIRECTION SIDESWIPE,CLEAR,DRY,DAYLIGHT,NO CONTROLS,NONE DETECTED,NONE DETECTED,1503840F-C64E-45D2-9156-365BDDFADFF9,BICYCLIST,Walking/Riding w/Traffic,IN ROADWAY IMPROPERLY,OUTSIDE RIGHT OF WAY,N/A,MIXED CLOTHING,Yes,SUSPECTED MINOR INJURY,MC/BIKE HELMET,38.97283085,-77.1460712,"(38.97283085, -77.1460712)"
EJ7846001W,16064241,Gaithersburg Police Depar,Injury Crash,12/14/2016 07:18:00 PM,Municipality,RIO BLVD,Unknown,ROUNDABOUT,,N/A,PEDESTRIAN,STRAIGHT MOVEMENT ANGLE,CLEAR,DRY,DARK LIGHTS ON,STOP SIGN,NONE DETECTED,NONE DETECTED,7252876C-3BF9-431E-8492-861E616AB270,PEDESTRIAN,Cross/Enter at Intersection,NO IMPROPER ACTIONS,AT INTERSECTION MARKED CROSSWALK,NO PED. SIGNAL,MIXED CLOTHING,No,POSSIBLE INJURY,NONE,39.18248667,-77.24255167,"(39.18248667, -77.24255167)"
MCP2973000N,15048402,MONTGOMERY,Injury Crash,09/24/2015 09:55:00 AM,,,,,PARKING LOT OF WEST EXIT OF MCDONALDS AT 13701 CONNECTICUT AVENUE IN ASPEN HILL SHOPPING CENTER,,PEDESTRIAN,STRAIGHT MOVEMENT ANGLE,CLEAR,,DAYLIGHT,NO CONTROLS,NONE DETECTED,NONE DETECTED,F48F0E26-349C-4D42-8D15-2F2D81029446,PEDESTRIAN,Other,NO IMPROPER ACTIONS,OTHER,NO PED. SIGNAL,MIXED CLOTHING,No,POSSIBLE INJURY,N/A,39.07869155,-77.08052069,"(39.07869155, -77.08052069)"
MCP24110006,15058987,MONTGOMERY,Injury Crash,11/18/2015 08:30:00 PM,Municipality,E JEFFERSON ST,Municipality,ROLLINS AVE,,ROCKVILLE,PEDESTRIAN,OTHER,CLEAR,DRY,DARK -- UNKNOWN LIGHTING,TRAFFIC SIGNAL,N/A,N/A,F37F32F1-E8B8-42FE-9BF2-E923D41D927E,PEDESTRIAN,Cross/Enter not at Intersection,IN ROADWAY IMPROPERLY,ON ROADWAY NOT AT CROSSWALK,OBEYED PED. SIGNAL,MIXED CLOTHING,No,POSSIBLE INJURY,N/A,39.05850016,-77.12604046,"(39.05850016, -77.12604046)"
MCP1575003J,15061927,MONTGOMERY,Injury Crash,12/04/2015 10:16:00 AM,County,SHADY GROVE RD,County,TRAVILLE  GATEWAY DR,,N/A,PEDESTRIAN,OTHER,N/A,DRY,DAYLIGHT,TRAFFIC SIGNAL,NONE DETECTED,NONE DETECTED,ED59A379-0930-455E-A395-66ACA65A31D3,PEDESTRIAN,Cross/Enter at Intersection,IN ROADWAY IMPROPERLY,ON ROADWAY AT CROSSWALK,DISOBEYED PED. SIGNAL,UNKNOWN,Yes,SUSPECTED SERIOUS INJURY,NONE,39.09114667,-77.20452833,"(39.09114667, -77.20452833)"
MCP2243000J,180040556,Montgomery County Police,Injury Crash,08/15/2018 08:23:00 AM,County,DELCRIS DR,County,IVYBRIDGE CT,,N/A,PEDESTRIAN,SINGLE VEHICLE,CLOUDY,DRY,DAYLIGHT,NO CONTROLS,UNKNOWN,NONE DETECTED,B648E2E6-B2D5-40EE-8F45-7BA3C0AAE732,PEDESTRIAN,Walking/Riding against Traffic,UNKNOWN,ON ROADWAY NOT AT CROSSWALK,N/A,MIXED CLOTHING,Unknown,POSSIBLE INJURY,NONE,39.18848433,-77.17804819,"(39.18848433, -77.17804819)"
MCP3205000T,200000859,Montgomery County Police,Injury Crash,01/06/2020 10:38:00 AM,,,,,"DRIVEWAY OF 413 DENNIS AVE SILVER SPRING, MD 20901",,OTHER,SINGLE VEHICLE,N/A,,DAYLIGHT,N/A,,NONE DETECTED,B026062D-7E2A-4D0A-866D-2653D6B99E31,OTHER,Other,NO IMPROPER ACTIONS,OTHER,N/A,N/A,Unknown,SUSPECTED SERIOUS INJURY,N/A,39.027372,-77.01802633,"(39.027372, -77.01802633)"
MCP3012005Z,200003610,Montgomery County Police,Injury Crash,01/22/2020 03:03:00 PM,Maryland (State),GEORGIA AVE,County,HATHAWAY DR,,N/A,PEDESTRIAN,OTHER,CLEAR,DRY,DAYLIGHT,TRAFFIC SIGNAL,N/A,NONE DETECTED,15B5ACA3-53FD-4E9C-86FF-FA151EDDB88B,PEDESTRIAN,Walking/Riding against Traffic,IN ROADWAY IMPROPERLY,ON ROADWAY AT CROSSWALK,DISOBEYED PED. SIGNAL,MIXED CLOTHING,Yes,POSSIBLE INJURY,N/A,39.06811736,-77.0608396,"(39.06811736, -77.0608396)"
MCP29410041,210031534,Montgomery County Police,Injury Crash,08/14/2021 08:50:00 PM,Maryland (State),COLESVILLE RD,County,WAYNE AVE,,N/A,BICYCLIST,STRAIGHT MOVEMENT ANGLE,RAINING,WET,DARK LIGHTS ON,TRAFFIC SIGNAL,NONE DETECTED,NONE DETECTED,68D4E94D-527F-4C82-9852-9D634D3F68BB,BICYCLIST,Cross/Enter at Intersection,FAILURE TO OBEY TRAFFIC SIGNS SIGNALS OR OFFICER,IN BIKEWAY,DISOBEYED PED. SIGNAL,DARK CLOTHING,Yes,SUSPECTED MINOR INJURY,UNKNOWN,38.99488547,-77.03019638,"(38.99488547, -77.03019638)"
EJ7851003H,180031188,Gaithersburg Police Depar,Injury Crash,06/24/2018 10:15:00 PM,County,ODENDHAL AVE,County,GOSHEN RD,,N/A,PEDESTRIAN,SINGLE VEHICLE,CLOUDY,WET,DARK LIGHTS ON,TRAFFIC SIGNAL,NONE DETECTED,NONE DETECTED,5F0C4C12-EB14-4C25-926D-3923BC0C0D65,PEDESTRIAN,Cross/Enter at Intersection,NO IMPROPER ACTIONS,ON ROADWAY AT CROSSWALK,OBEYED PED. SIGNAL,DARK CLOTHING,No,SUSPECTED MINOR INJURY,NONE,39.15247833,-77.19284667,"(39.15247833, -77.19284667)"
DD5637000L,190052661,Rockville Police Departme,Injury Crash,11/01/2019 04:28:00 PM,Municipality,LEWIS AVE,Municipality,CLAGETT DR,,ROCKVILLE,PEDESTRIAN,OTHER,CLEAR,DRY,DAYLIGHT,NO CONTROLS,NONE DETECTED,NONE DETECTED,EB098C60-0EA2-4280-AFA9-D9E9DD795F12,PEDESTRIAN,Cross/Enter at Intersection,FAILURE TO YIELD RIGHT OF WAY,ON ROADWAY NOT AT CROSSWALK,NO PED. SIGNAL,LIGHT CLOTHING,Yes,SUSPECTED MINOR INJURY,NONE,39.0741145,-77.13326383,"(39.0741145, -77.13326383)"
MCP1580003H,15029144,Montgomery County Police,Injury Crash,06/15/2015 03:55:00 PM,County,CLUB HOUSE RD,County,MONTGOMERY VILLAGE AVE,,N/A,PEDESTRIAN,SINGLE VEHICLE,CLEAR,DRY,DAYLIGHT,NO CONTROLS,NONE DETECTED,NONE DETECTED,427011B3-37A4-4B4F-96AE-4B2F686824C1,PEDESTRIAN,Cross/Enter not at Intersection,DART DASH,ON ROADWAY NOT AT CROSSWALK,NO PED. SIGNAL,MIXED CLOTHING,,SUSPECTED MINOR INJURY,N/A,39.1746,-77.20453667,"(39.1746, -77.20453667)"
EJ78810016,210024873,Gaithersburg Police Depar,Injury Crash,06/29/2021 04:30:00 AM,Maryland (State),FREDERICK RD,Municipality,S WESTLAND DR,,GAITHERSBURG,BICYCLIST,OTHER,CLEAR,DRY,DARK NO LIGHTS,NO CONTROLS,NONE DETECTED,NONE DETECTED,7B60B7C4-0EE0-41C1-8EED-5C057F59948F,BICYCLIST,Walking/Riding w/Traffic,NOT VISIBLE,ON ROADWAY NOT AT CROSSWALK,NO PED. SIGNAL,UNKNOWN,Yes,SUSPECTED MINOR INJURY,NONE,39.12508925,-77.18167297,"(39.12508925, -77.18167297)"
DD55220056,220020909,Rockville Police Departme,Injury Crash,05/15/2022 10:28:00 AM,Municipality,W EDMONSTON DR,Maryland (State),ROCKVILLE PIKE,,N/A,PEDESTRIAN,OTHER,UNKNOWN,UNKNOWN,DAYLIGHT,STOP SIGN,UNKNOWN,N/A,1ABB89A9-DEF8-489A-82E7-29037BA04666,PEDESTRIAN,Cross/Enter at Intersection,UNKNOWN,AT INTERSECTION MARKED CROSSWALK,NO PED. SIGNAL,UNKNOWN,Unknown,SUSPECTED MINOR INJURY,N/A,39.07372622,-77.13698762,"(39.07372622, -77.13698762)"
MCP2937001J,15063824,Montgomery County Police,Injury Crash,12/14/2015 10:32:00 AM,County,BLACKBURN RD,Unknown,CUL DE SAC,,N/A,PEDESTRIAN,SINGLE VEHICLE,N/A,DRY,DAYLIGHT,NO CONTROLS,NONE DETECTED,NONE DETECTED,18393E1A-62CC-40F3-A1C4-ADE27F337B22,PEDESTRIAN,Cross/Enter not at Intersection,FAILURE TO YIELD RIGHT OF WAY,ON ROADWAY NOT AT CROSSWALK,NO PED. SIGNAL,LIGHT CLOTHING,Yes,POSSIBLE INJURY,NONE,39.09888966,-76.92820072,"(39.09888966, -76.92820072)"
EJ7895002L,220034706,Gaithersburg Police Depar,Property Damage Crash,08/12/2022 01:15:00 PM,,,,,FESTIVAL SHOPPING CENTER DRIVEWAY TO 221 MUDDY BRANCH ROAD,,BICYCLIST,STRAIGHT MOVEMENT ANGLE,CLEAR,,DAYLIGHT,NO CONTROLS,NONE DETECTED,NONE DETECTED,9D5C15BB-9903-48A6-B1C9-58F5F3AA1937,BICYCLIST,Cross/Enter at Intersection,INATTENTIVE,ON ROADWAY NOT AT CROSSWALK,NO PED. SIGNAL,MIXED CLOTHING,Yes,NO APPARENT INJURY,NONE,39.11101895,-77.23904253,"(39.11101895, -77.23904253)"
MCP2214000W,220042736,Montgomery County Police,Injury Crash,09/30/2022 07:26:00 PM,County,GUNNERS BRANCH RD,Maryland (State),FREDERICK RD,,N/A,PEDESTRIAN,SINGLE VEHICLE,RAINING,WET,DARK LIGHTS ON,TRAFFIC SIGNAL,NONE DETECTED,ALCOHOL PRESENT,928E34C0-E069-4AB1-A956-ECDAEF348873,PEDESTRIAN,Cross/Enter at Intersection,NO IMPROPER ACTIONS,AT INTERSECTION MARKED CROSSWALK,OBEYED PED. SIGNAL,MIXED CLOTHING,No,SUSPECTED SERIOUS INJURY,NONE,39.179065,-77.23771667,"(39.179065, -77.23771667)"
MCP0942001N,180020364,Montgomery County Police,Injury Crash,04/26/2018 07:30:00 AM,County,BATTERY LA,County,WOODMONT AVE,,N/A,BICYCLIST,HEAD ON LEFT TURN,CLEAR,DRY,DAYLIGHT,NO CONTROLS,NONE DETECTED,NONE DETECTED,E83C04C8-648B-459D-8CF3-5E147CC7A6A9,BICYCLIST,Walking/Riding w/Traffic,NO IMPROPER ACTIONS,SHOULDER,NO PED. SIGNAL,MIXED CLOTHING,No,SUSPECTED MINOR INJURY,MC/BIKE HELMET,38.99264217,-77.099658,"(38.99264217, -77.099658)"
MCP2891002Z,16060748,Montgomery County Police,Injury Crash,11/26/2016 02:58:00 PM,Maryland (State),GEORGIA AVE,County,AUGUST DR,,N/A,PEDESTRIAN,SINGLE VEHICLE,CLEAR,DRY,DAYLIGHT,TRAFFIC SIGNAL,NONE DETECTED,NONE DETECTED,95EAD03C-F76E-4DBE-A42F-68F165F45774,PEDESTRIAN,Cross/Enter at Intersection,NO IMPROPER ACTIONS,AT INTERSECTION MARKED CROSSWALK,OBEYED PED. SIGNAL,MIXED CLOTHING,No,SUSPECTED MINOR INJURY,N/A,39.02143,-77.04466,"(39.02143, -77.04466)"
MCP30040039,190042919,Montgomery County Police,Injury Crash,09/04/2019 07:00:00 PM,,,,,"PARKING LOT OF 2440 ROSS ROAD SILVER SPRING, MD",,BICYCLIST,UNKNOWN,UNKNOWN,,DUSK,N/A,UNKNOWN,N/A,1F0BE837-BB04-41BA-8E02-ABA95E8457DE,BICYCLIST,Playing,OTHER,OTHER,N/A,UNKNOWN,No,SUSPECTED MINOR INJURY,UNKNOWN,38.99712759,-77.05232795,"(38.99712759, -77.05232795)"
MCP25520031,190018415,Montgomery County Police,Injury Crash,04/19/2019 08:57:00 PM,Municipality,TWINBROOK PKWY,Municipality,CHAPMAN AVE,,ROCKVILLE,OTHER CONVEYANCE,OTHER,RAINING,WET,DARK LIGHTS ON,TRAFFIC SIGNAL,NONE DETECTED,NONE DETECTED,8C2A95AB-E2AD-4A80-85ED-2E358434C5E8,OTHER CONVEYANCE,Cross/Enter at Intersection,IN ROADWAY IMPROPERLY,ON ROADWAY AT CROSSWALK,DISOBEYED PED. SIGNAL,MIXED CLOTHING,Yes,SUSPECTED MINOR INJURY,N/A,39.05864667,-77.11864333,"(39.05864667, -77.11864333)"
MCP3055002T,210017989,Montgomery County Police,Injury Crash,05/13/2021 11:55:00 AM,,,,,PARKING LOT AT 13781 CONNECTICUT AVE (GIANT),,PEDESTRIAN,OTHER,CLEAR,,DAYLIGHT,NO CONTROLS,N/A,N/A,E52457EE-6113-46A7-8A98-3FFA961F04BA,PEDESTRIAN,Other,NO IMPROPER ACTIONS,OTHER,NO PED. SIGNAL,LIGHT CLOTHING,No,SUSPECTED MINOR INJURY,NONE,39.07962,-77.07936,"(39.07962, -77.07936)"
DD5610006V,210037804,Rockville Police Departme,Injury Crash,09/24/2021 01:36:00 PM,,,,,1054 ROCKVILLE PIKE,,BICYCLIST,OTHER,CLEAR,,DAYLIGHT,NO CONTROLS,N/A,N/A,957F09E7-E4D5-4F58-B515-D44974329621,BICYCLIST,Other,UNKNOWN,CURB,UNKNOWN,MIXED CLOTHING,Unknown,SUSPECTED MINOR INJURY,UNKNOWN,39.07257459,-77.13324277,"(39.07257459, -77.13324277)"
MCP29650023,170514547,Montgomery County Police,Injury Crash,06/19/2017 02:24:00 PM,County,MORNINGWOOD DR,County,MORNINGWOOD CT,,N/A,OTHER,SAME DIRECTION SIDESWIPE,CLEAR,DRY,DAYLIGHT,NO CONTROLS,NONE DETECTED,NONE DETECTED,A4A4D679-60F4-4CBF-8AFF-426C6C31CF4B,OTHER,Other,NO IMPROPER ACTIONS,CURB,N/A,LIGHT CLOTHING,No,POSSIBLE INJURY,NONE,39.15071167,-77.08828333,"(39.15071167, -77.08828333)"
MCP3112004V,200039555,Montgomery County Police,Injury Crash,10/07/2020 07:00:00 PM,,,,,"PARKING LOT IN FRONT OF 5077 BRADLEY BLVD, CHEVY CHASE, MD",,PEDESTRIAN,OTHER,CLEAR,,DARK NO LIGHTS,N/A,NONE DETECTED,NONE DETECTED,19E023A9-F7A7-4ED3-BCD4-E67A63233AAD,PEDESTRIAN,Cross/Enter not at Intersection,NO IMPROPER ACTIONS,OTHER,N/A,DARK CLOTHING,No,SUSPECTED MINOR INJURY,N/A,38.9785653,-77.09983529,"(38.9785653, -77.09983529)"
MCP30440024,170546801,Montgomery County Police,Injury Crash,12/05/2017 06:24:00 PM,,,,,PARKING LOT OF GIANT,,PEDESTRIAN,OTHER,RAINING,,DARK LIGHTS ON,NO CONTROLS,NONE DETECTED,NONE DETECTED,6260B6DB-BBC4-492F-96A6-2A343726AE7B,PEDESTRIAN,Other,OTHER,OTHER,NO PED. SIGNAL,LIGHT CLOTHING,No,POSSIBLE INJURY,NONE,39.04098628,-76.98896885,"(39.04098628, -76.98896885)"
MCP3355000D,230021542,Montgomery County Police,Injury Crash,05/05/2023 02:14:00 PM,County,FENTON ST,County,SLIGO AVE,,N/A,PEDESTRIAN,SINGLE VEHICLE,CLEAR,DRY,DAYLIGHT,NO CONTROLS,NONE DETECTED,NONE DETECTED,A9C153E8-9B9B-4C3E-8EF2-25C90A978B3D,PEDESTRIAN,Unknown,INATTENTIVE,SHOULDER,NO PED. SIGNAL,MIXED CLOTHING,Yes,SUSPECTED MINOR INJURY,NONE,38.99058156,-77.02389591,"(38.99058156, -77.02389591)"
MCP2001000T,170546565,Montgomery County Police,Injury Crash,12/04/2017 03:50:00 PM,Maryland (State),GEORGIA AVE,County,INTERNATIONAL DR,,N/A,PEDESTRIAN,SINGLE VEHICLE,CLEAR,DRY,DAYLIGHT,NO CONTROLS,NONE DETECTED,UNKNOWN,D05EC724-C6F2-48F8-B770-9D3E4CF2CBF5,PEDESTRIAN,Cross/Enter not at Intersection,UNKNOWN,ON ROADWAY NOT AT CROSSWALK,NO PED. SIGNAL,DARK CLOTHING,Unknown,SUSPECTED SERIOUS INJURY,NONE,39.10367082,-77.07682192,"(39.10367082, -77.07682192)"