Report Number,Local Case Number,Agency Name,ACRS Report Type,Crash Date/Time,Route Type,Road Name,Cross-Street Type,Cross-Street Name,Off-Road Description,Municipality,Related Non-Motorist,Collision Type,Weather,Surface Condition,Light,Traffic Control,Driver Substance Abuse,Non-Motorist Substance Abuse,Person ID,Pedestrian Type,Pedestrian Movement,Pedestrian Actions,Pedestrian Location,Pedestrian Obeyed Traffic Signal,Pedestrian Visibility,At Fault,Injury Severity,Safety Equipment,Latitude,Longitude,Location
MCP3233000X,200027461,Montgomery County Police,Injury Crash,07/15/2020 12:29:00 PM,County,FENTON ST,County,SLIGO AVE,,N/A,PEDESTRIAN,OTHER,CLEAR,DRY,DAYLIGHT,NO CONTROLS,NONE DETECTED,NONE DETECTED,C1DF79E4-2651-407A-BD68-C245507074AA,PEDESTRIAN,Other Working,OTHER,CURB,N/A,DARK CLOTHING,No,SUSPECTED MINOR INJURY,NONE,38.9974805,-77.109644,"(38.9974805, -77.109644)"
MCP2892001G,16001993,Montgomery County Police,Injury Crash,01/11/2016 05:15:00 PM,,,,,BANK OF AMERICA PARKING LOT,,PEDESTRIAN,OTHER,CLEAR,,N/A,NO CONTROLS,NONE DETECTED,NONE DETECTED,3EAC3D47-6C6A-4FA8-B1EA-EA37D1D368E6,PEDESTRIAN,Walking/Cycling on Sidewalk,NO IMPROPER ACTIONS,SIDEWALK,NO PED. SIGNAL,UNKNOWN,No,POSSIBLE INJURY,NONE,39.04118524,-77.05333516,"(39.04118524, -77.05333516)"
MCP229800B9,16057493,Montgomery County Police,Injury Crash,11/07/2016 08:01:00 PM,Maryland (State),CLOPPER RD,County,LIBERTY MILL RD,,N/A,BICYCLIST,OTHER,CLEAR,N/A,DARK LIGHTS ON,NO CONTROLS,NONE DETECTED,ILLEGAL DRUG PRESENT,BF837599-E1B6-48FB-8A75-8626103AFF81,BICYCLIST,Cross/Enter at Intersection,NOT VISIBLE,AT INTERSECTION BUT NO CROSSWALK,NO PED. SIGNAL,MIXED CLOTHING,No,SUSPECTED MINOR INJURY,NONE,39.16217474,-77.28160657,"(39.16217474, -77.28160657)"
MCP15950012,190038224,Montgomery County Police,Injury Crash,08/10/2019 09:44:00 PM,Maryland (State),GEORGIA AVE,County,WINDHAM LA,,N/A,PEDESTRIAN,OTHER,CLEAR,DRY,DARK LIGHTS ON,TRAFFIC SIGNAL,NONE DETECTED,ALCOHOL PRESENT,8861AD94-769A-472F-8FA1-4978F87C652F,PEDESTRIAN,Cross/Enter at Intersection,INATTENTIVE,ON ROADWAY AT CROSSWALK,DISOBEYED PED. SIGNAL,MIXED CLOTHING,Yes,SUSPECTED SERIOUS INJURY,NONE,39.03193789,-77.04824427,"(39.03193789, -77.04824427)"
MCP3011001W,170538367,Montgomery County Police,Injury Crash,10/23/2017 05:02:00 PM,Maryland (State),BRADLEY BLVD,County,RAYBURN RD,,N/A,BICYCLIST,STRAIGHT MOVEMENT ANGLE,CLEAR,N/A,DAYLIGHT,TRAFFIC SIGNAL,NONE DETECTED,NONE DETECTED,7838D842-AD2B-402D-9EEA-69FA73AFF9B1,BICYCLIST,Cross/Enter at Intersection,NO IMPROPER ACTIONS,SHOULDER,N/A,LIGHT CLOTHING,No,SUSPECTED MINOR INJURY,MC/BIKE HELMET,38.99330333,-77.12057667,"(38.99330333, -77.12057667)"
MCP3109001C,180053981,Montgomery County Police,Property Damage Crash,10/28/2018 12:15:00 PM,Maryland (State),EAST WEST HWY,County,BLAIR MILL RD,,N/A,PEDESTRIAN,SAME DIR REAR END,CLEAR,DRY,DAYLIGHT,NO CONTROLS,NONE DETECTED,NONE DETECTED,1FAF08C5-D8DE-4B64-BF67-200BB8475BB2,PEDESTRIAN,Cross/Enter not at Intersection,NO IMPROPER ACTIONS,ON ROADWAY AT CROSSWALK,NO PED. SIGNAL,DARK CLOTHING,No,NO APPARENT INJURY,NONE,38.99169317,-77.03045817,"(38.99169317, -77.03045817)"
DD5583006V,210052325,Rockville Police Departme,Injury Crash,12/23/2021 12:11:00 PM,Maryland (State),HUNGERFORD DR,Municipality,BEALL AVE #2,,ROCKVILLE,PEDESTRIAN,SINGLE VEHICLE,CLEAR,DRY,DAYLIGHT,NO CONTROLS,NONE DETECTED,NONE DETECTED,0A2D88EA-6A84-4738-A6C0-2C2C3F19B947,PEDESTRIAN,Walking/Cycling on Sidewalk,NO IMPROPER ACTIONS,DRIVEWAY ACCESS MARKED CROSSWALK,NO PED. SIGNAL,MIXED CLOTHING,No,SUSPECTED MINOR INJURY,N/A,39.08715583,-77.150315,"(39.08715583, -77.150315)"
MCP32270012,200023436,Montgomery County Police,Property Damage Crash,06/15/2020 11:30:00 AM,Maryland (State),PINEY BRANCH RD,Other Public Roadway,NO NAME,,N/A,OTHER,SINGLE VEHICLE,CLEAR,DRY,DAYLIGHT,NO CONTROLS,NONE DETECTED,NONE DETECTED,597089A1-4692-48E9-B56D-227D221CBF8D,OTHER,N/A,NO IMPROPER ACTIONS,INSIDE BUILDING,N/A,N/A,No,NO APPARENT INJURY,N/A,39.00129294,-76.9853046,"(39.00129294, -76.9853046)"
MCP31500006,180012483,Montgomery County Police,Injury Crash,03/12/2018 06:08:00 PM,County,WAYNE AVE,County,CEDAR ST,,N/A,PEDESTRIAN,N/A,CLEAR,DRY,DAYLIGHT,NO CONTROLS,NONE DETECTED,NONE DETECTED,563E2646-6FA0-4FAE-BD5B-58F56A582213,PEDESTRIAN,Other,UNKNOWN,ON ROADWAY AT CROSSWALK,DISOBEYED PED. SIGNAL,MIXED CLOTHING,No,SUSPECTED MINOR INJURY,NONE,38.99688,-77.022125,"(38.99688, -77.022125)"
DD5628002M,190052934,Rockville Police Departme,Injury Crash,11/07/2019 10:20:00 AM,Municipality,PICCARD DR,Municipality,REDLAND BLVD,,ROCKVILLE,PEDESTRIAN,OTHER,CLEAR,OTHER,DAYLIGHT,OTHER,NONE DETECTED,NONE DETECTED,EECECE2E-DD11-4576-87BC-F31BC2EA8579,PEDESTRIAN,Other Working,WRONG WAY RIDING OR WALKING,ON ROADWAY NOT AT CROSSWALK,NO PED. SIGNAL,REFLECTIVE MATERIAL,Yes,SUSPECTED MINOR INJURY,REFLECTIVE CLOTHING,39.113975,-77.17959258,"(39.113975, -77.17959258)"
MCP3117001Z,190024624,Montgomery County Police,Injury Crash,05/23/2019 09:20:00 PM,Maryland (State),FREDERICK RD,County,SHADY GROVE RD,,N/A,PEDESTRIAN,OTHER,CLEAR,DRY,DARK LIGHTS ON,TRAFFIC SIGNAL,N/A,NONE DETECTED,BAB38DC3-F007-4D60-B1F4-63607B7440E1,PEDESTRIAN,Cross/Enter not at Intersection,FAILURE TO OBEY TRAFFIC SIGNS SIGNALS OR OFFICER,ON ROADWAY AT CROSSWALK,DISOBEYED PED. SIGNAL,DARK CLOTHING,Yes,SUSPECTED MINOR INJURY,NONE,39.12294833,-77.17762,"(39.12294833, -77.17762)"
MCP2832002M,17015784,Montgomery County Police,Injury Crash,03/28/2017 01:38:00 PM,Maryland (State),EAST WEST HWY,County,GRUBB RD,,N/A,PEDESTRIAN,SINGLE VEHICLE,CLOUDY,DRY,DAYLIGHT,TRAFFIC SIGNAL,NONE DETECTED,N/A,DAA88CAB-D3DE-43DE-B361-7871B70327A7,PEDESTRIAN,Cross/Enter at Intersection,NO IMPROPER ACTIONS,ON ROADWAY AT CROSSWALK,OBEYED PED. SIGNAL,MIXED CLOTHING,No,POSSIBLE INJURY,N/A,38.99381333,-77.05224833,"(38.99381333, -77.05224833)"
MCP3215000N,200014392,Montgomery County Police,Injury Crash,03/29/2020 01:01:00 PM,County,GREENTREE RD,County,GRANT ST,,N/A,BICYCLIST,STRAIGHT MOVEMENT ANGLE,CLOUDY,DRY,DAYLIGHT,STOP SIGN,NONE DETECTED,NONE DETECTED,3F49C4C3-E4EB-44DA-90F8-DC787E27A287,BICYCLIST,Cross/Enter at Intersection,FAILURE TO OBEY TRAFFIC SIGNS SIGNALS OR OFFICER,AT INTERSECTION BUT NO CROSSWALK,DISOBEYED PED. SIGNAL,MIXED CLOTHING,Yes,SUSPECTED MINOR INJURY,MC/BIKE HELMET,38.991875,-77.098015,"(38.991875, -77.098015)"
MCP28590029,16032842,Montgomery County Police,Injury Crash,06/29/2016 06:48:00 AM,,,,,"PARKING SPACE OUTSIDE 1088 WEST SIDE DR, GAITHERSBURG, MD.",,PEDESTRIAN,OTHER,N/A,,DAYLIGHT,NO CONTROLS,N/A,NONE DETECTED,73E4C9E2-F31C-4EDD-9E17-81711C5649AA,PEDESTRIAN,Standing,OTHER,OTHER,N/A,MIXED CLOTHING,Yes,SUSPECTED MINOR INJURY,NONE,39.12388466,-77.20288038,"(39.12388466, -77.20288038)"
MCP3076002G,190038283,Montgomery County Police,Injury Crash,08/11/2019 11:16:00 AM,County,WAYNE AVE,County,DARTMOUTH AVE,,N/A,BICYCLIST,HEAD ON LEFT TURN,CLEAR,DRY,DAYLIGHT,NO CONTROLS,NONE DETECTED,NONE DETECTED,A2C7CB78-511C-4762-8327-57C9476901D9,BICYCLIST,Cross/Enter at Intersection,NO IMPROPER ACTIONS,ON ROADWAY AT CROSSWALK,NO PED. SIGNAL,MIXED CLOTHING,No,SUSPECTED MINOR INJURY,MC/BIKE HELMET,38.999279,-77.01825717,"(38.999279, -77.01825717)"
MCP3042000G,17012423,Montgomery County Police,Injury Crash,03/09/2017 01:36:00 PM,County,SHOREFIELD RD,Maryland (State),GEORGIA AVE,,N/A,BICYCLIST,SAME DIR REAR END,CLEAR,DRY,DAYLIGHT,NO CONTROLS,NONE DETECTED,NONE DETECTED,D7E85244-83D0-4304-9B2B-31AB2250BC97,BICYCLIST,Walking/Riding w/Traffic,NO IMPROPER ACTIONS,SHOULDER,N/A,N/A,No,POSSIBLE INJURY,NONE,39.06955333,-77.161305,"(39.06955333, -77.161305)"
MCP3296001L,230004760,Montgomery County Police,Injury Crash,01/29/2023 06:26:00 PM,County,LOCKWOOD DR,Maryland (State),NEW HAMPSHIRE AVE,,N/A,BICYCLIST,SINGLE VEHICLE,CLEAR,WET,DARK LIGHTS ON,TRAFFIC SIGNAL,NONE DETECTED,NONE DETECTED,7518586B-1F02-4DBD-96D3-5A63F76F5091,BICYCLIST,Cross/Enter at Intersection,FAILURE TO OBEY TRAFFIC SIGNS SIGNALS OR OFFICER,AT INTERSECTION MARKED CROSSWALK,DISOBEYED PED. SIGNAL,DARK CLOTHING,Yes,SUSPECTED MINOR INJURY,NONE,39.03965516,-76.99090693,"(39.03965516, -76.99090693)"
MCP2930001G,190016985,Montgomery County Police,Injury Crash,04/11/2019 10:49:00 PM,County,GLENALLAN AVE,County,RANDOLPH RD,,N/A,PEDESTRIAN,OTHER,CLEAR,DRY,DARK NO LIGHTS,TRAFFIC SIGNAL,NONE DETECTED,NONE DETECTED,35D8AE52-F1D9-4D0D-8241-D3DCEEEE0520,PEDESTRIAN,Cross/Enter at Intersection,UNKNOWN,ON ROADWAY AT CROSSWALK,OBEYED PED. SIGNAL,MIXED CLOTHING,No,SUSPECTED SERIOUS INJURY,N/A,39.06075333,-77.04502833,"(39.06075333, -77.04502833)"
MCP2874001X,17002798,Montgomery County Police,Injury Crash,01/16/2017 06:14:00 PM,County,RANDOLPH RD,Maryland (State),GEORGIA AVE,,N/A,PEDESTRIAN,SINGLE VEHICLE,CLEAR,DRY,DARK LIGHTS ON,TRAFFIC SIGNAL,NONE DETECTED,NONE DETECTED,A37E3A23-E359-4CE6-A65F-3693B1F09DCA,PEDESTRIAN,Cross/Enter at Intersection,NO IMPROPER ACTIONS,AT INTERSECTION MARKED CROSSWALK,OBEYED PED. SIGNAL,MIXED CLOTHING,No,SUSPECTED MINOR INJURY,NONE,39.05788158,-77.04963908,"(39.05788158, -77.04963908)"
MCP32710012,210021108,Montgomery County Police,Injury Crash,06/03/2021 05:28:00 PM,Maryland (State),OLD GEORGETOWN RD,County,LINCOLN ST,,N/A,BICYCLIST,SINGLE VEHICLE,CLOUDY,DRY,DAYLIGHT,TRAFFIC SIGNAL,NONE DETECTED,NONE DETECTED,8405D411-1EF6-4AE6-9184-2CBD43E7E8AE,BICYCLIST,Walking/Cycling on Sidewalk,NO IMPROPER ACTIONS,ON ROADWAY AT CROSSWALK,OBEYED PED. SIGNAL,MIXED CLOTHING,No,POSSIBLE INJURY,NONE,38.99831547,-77.10916162,"(38.99831547, -77.10916162)"
MCP3191003Q,220046868,Montgomery County Police,Property Damage Crash,10/25/2022 04:45:00 PM,Municipality,KOHLHOSS RD,Municipality,WOOTTON AVE,,POOLESVILLE,BICYCLIST,OTHER,CLOUDY,DRY,DAYLIGHT,NO CONTROLS,NONE DETECTED,NONE DETECTED,A3A099B5-F1EF-4F6A-8828-0C00DABBD104,BICYCLIST,Cross/Enter at Intersection,INATTENTIVE,AT INTERSECTION BUT NO CROSSWALK,N/A,MIXED CLOTHING,Yes,NO APPARENT INJURY,NONE,39.14392473,-77.40558168,"(39.14392473, -77.40558168)"
MCP2072003T,200016288,Montgomery County Police,Injury Crash,04/17/2020 01:45:00 PM,County,SCENERY DR,Unknown,SCENERY PL (PROP),,N/A,BICYCLIST,OTHER,CLOUDY,DRY,DAYLIGHT,NO CONTROLS,NONE DETECTED,N/A,00D84A0A-9516-449F-B728-3D414E1807F7,BICYCLIST,Walking/Riding w/Traffic,UNKNOWN,UNKNOWN,UNKNOWN,N/A,Yes,SUSPECTED MINOR INJURY,NONE,39.17754333,-77.23342,"(39.17754333, -77.23342)"
MCP28000052,220014387,Montgomery County Police,Injury Crash,04/04/2022 09:32:00 PM,,,,,GARAGE DRIVEWAY ACCESS OF WF MARKET 11355 WOODGLEN DR/CROSSWALK  FACING EXECUTIVE BLVD AT PASSEO DR,,OTHER CONVEYANCE,OTHER,CLEAR,,DARK LIGHTS ON,NO CONTROLS,NONE DETECTED,NONE DETECTED,4F458A28-67BD-4C20-8477-AADE4D6F3289,OTHER CONVEYANCE,Walking/Cycling on Sidewalk,NO IMPROPER ACTIONS,DRIVEWAY ACCESS MARKED CROSSWALK,NO PED. SIGNAL,MIXED CLOTHING,No,SUSPECTED MINOR INJURY,N/A,39.04329667,-77.11219167,"(39.04329667, -77.11219167)"
MCP15640072,230012994,Montgomery County Police,Injury Crash,03/17/2023 02:15:00 PM,,,,,"19632 ISLANDER ST, OLNEY, MD 20832--DRIVEWAY",,OTHER,SINGLE VEHICLE,RAINING,,DAYLIGHT,NO CONTROLS,NONE DETECTED,MEDICATION PRESENT,E876E84E-7DD8-4BA4-B964-153DA6AED6BC,OTHER,Unknown,NO IMPROPER ACTIONS,INSIDE BUILDING,N/A,N/A,No,NO APPARENT INJURY,NONE,39.17951317,-77.0652365,"(39.17951317, -77.0652365)"
MCP2940006J,230026252,Montgomery County Police,Injury Crash,06/01/2023 09:15:00 AM,County,WESTLAKE DR,County,TUCKERMAN LA,,N/A,PEDESTRIAN,OTHER,CLEAR,DRY,DAYLIGHT,STOP SIGN,NONE DETECTED,NONE DETECTED,1E2899B1-3807-481F-A03F-37293899E7A7,PEDESTRIAN,Cross/Enter at Intersection,IN ROADWAY IMPROPERLY,ON ROADWAY NOT AT CROSSWALK,NO PED. SIGNAL,MIXED CLOTHING,Yes,SUSPECTED MINOR INJURY,NONE,39.03465162,-77.14700081,"(39.03465162, -77.14700081)"
MCP91300020,16006234,Montgomery County Police,Injury Crash,02/06/2016 01:33:00 PM,County,FLOWER AVE,County,ARLISS ST,,N/A,PEDESTRIAN,SINGLE VEHICLE,CLEAR,DRY,DAYLIGHT,NO CONTROLS,NONE DETECTED,NONE DETECTED,F3F55C14-517B-4DAF-950A-D919CAC7ECDD,PEDESTRIAN,Cross/Enter not at Intersection,NO IMPROPER ACTIONS,ON ROADWAY AT CROSSWALK,NO PED. SIGNAL,MIXED CLOTHING,No,SUSPECTED MINOR INJURY,NONE,38.999505,-77.00393333,"(38.999505, -77.00393333)"
DD5644002X,220036641,Rockville Police Departme,Injury Crash,08/24/2022 06:19:00 PM,County,E GUDE DR,County,SOUTHLAWN LA,,N/A,BICYCLIST,OTHER,CLEAR,DRY,DUSK,TRAFFIC SIGNAL,NONE DETECTED,NONE DETECTED,3B0A41D7-0F9B-4669-905D-DA4A16915DD3,BICYCLIST,Cross/Enter at Intersection,NO IMPROPER ACTIONS,ON ROADWAY AT CROSSWALK,OBEYED PED. SIGNAL,MIXED CLOTHING,No,SUSPECTED MINOR INJURY,NONE,39.0979889,-77.1364997,"(39.0979889, -77.1364997)"
MCP2832003G,170544784,Montgomery County Police,Injury Crash,11/25/2017 09:09:00 AM,Maryland (State),WISCONSIN AVE,County,ELM ST,,N/A,PEDESTRIAN,OTHER,CLEAR,DRY,DAYLIGHT,TRAFFIC SIGNAL,NONE DETECTED,NONE DETECTED,7FFA95D5-FB7F-4543-8369-1361B9C68D17,PEDESTRIAN,Cross/Enter at Intersection,DART DASH,AT INTERSECTION MARKED CROSSWALK,DISOBEYED PED. SIGNAL,MIXED CLOTHING,Yes,SUSPECTED MINOR INJURY,NONE,38.98257167,-77.09351833,"(38.98257167, -77.09351833)"
MCP2977007X,200051049,Montgomery County Police,Injury Crash,12/28/2020 01:51:00 PM,US (State),COLESVILLE RD,County,SOUTHWOOD AVE,,N/A,PEDESTRIAN,OTHER,CLEAR,DRY,DAYLIGHT,NO CONTROLS,N/A,N/A,15DC7ABD-53B0-4B27-8158-B8D4F3370060,PEDESTRIAN,Getting off/on Vehicle,ENTERING EXITING PARKED STANDING VEHICLE,OTHER,N/A,DARK CLOTHING,Yes,SUSPECTED MINOR INJURY,NONE,39.02638346,-77.01059628,"(39.02638346, -77.01059628)"
MCP23570028,170509616,Montgomery County Police,Injury Crash,05/24/2017 02:20:00 PM,Maryland (State),PINEY BRANCH RD,County,WESSEX RD,,N/A,PEDESTRIAN,N/A,CLOUDY,DRY,DAYLIGHT,N/A,NONE DETECTED,NONE DETECTED,848DDCAE-C5B8-4444-8983-89275CC1FF3C,PEDESTRIAN,Cross/Enter not at Intersection,DART DASH,ON ROADWAY NOT AT CROSSWALK,NO PED. SIGNAL,N/A,Yes,POSSIBLE INJURY,OTHER,38.99185,-77.00989833,"(38.99185, -77.00989833)"
MCP24920018,190053921,Montgomery County Police,Injury Crash,11/08/2019 05:45:00 PM,Ramp,RAMP 5 FR MD 187 SB TO RAMP 4 (TO IS495),Maryland (State),OLD GEORGETOWN RD,,N/A,BICYCLIST,OTHER,CLEAR,DRY,DARK LIGHTS ON,TRAFFIC SIGNAL,NONE DETECTED,NONE DETECTED,A96301C6-8293-4CDD-9E7E-BC3587392B9A,BICYCLIST,Cross/Enter at Intersection,UNKNOWN,ON ROADWAY AT CROSSWALK,UNKNOWN,MIXED CLOTHING,Yes,SUSPECTED SERIOUS INJURY,NONE,39.01519376,-77.11870394,"(39.01519376, -77.11870394)"
MCP2914001Q,15047862,MONTGOMERY,Property Damage Crash,09/21/2015 04:19:00 PM,Maryland (State),UNIVERSITY BLVD E,Ramp,RAMP 2 FR IS 495 WB TO MD 193 NB,,N/A,BICYCLIST,OTHER,RAINING,WET,DAYLIGHT,TRAFFIC SIGNAL,N/A,N/A,79EC10A5-66F7-4791-832E-AAB756442C39,BICYCLIST,Cross/Enter at Intersection,NO IMPROPER ACTIONS,AT INTERSECTION MARKED CROSSWALK,NO PED. SIGNAL,MIXED CLOTHING,No,NO APPARENT INJURY,MC/BIKE HELMET,39.015865,-77.005225,"(39.015865, -77.005225)"
MCP137800SJ,190048178,Montgomery County Police,Injury Crash,10/07/2019 06:51:00 PM,County,SNOUFFERS SCHOOL RD,Maryland (State),WOODFIELD RD,,N/A,PEDESTRIAN,SINGLE VEHICLE,CLOUDY,DRY,DARK LIGHTS ON,WARNING SIGN,NONE DETECTED,ALCOHOL PRESENT,A571EEEA-6D0C-4E05-9971-F9CCFE06EE58,PEDESTRIAN,Cross/Enter not at Intersection,DART DASH,ISLAND,NO PED. SIGNAL,DARK CLOTHING,Yes,SUSPECTED SERIOUS INJURY,NONE,39.16084,-77.16312333,"(39.16084, -77.16312333)"
MCP28810053,220051496,Montgomery County Police,Injury Crash,11/21/2022 02:20:00 PM,,,,,11530 MIDDLEBROOK RD,,PEDESTRIAN,SINGLE VEHICLE,CLEAR,,DAYLIGHT,NO CONTROLS,UNKNOWN,N/A,363F7856-FB79-4FE9-87B2-54CF5C4A6227,PEDESTRIAN,Standing,NO IMPROPER ACTIONS,INSIDE BUILDING,N/A,N/A,No,POSSIBLE INJURY,N/A,39.17965167,-77.239425,"(39.17965167, -77.239425)"
MCP26760038,180026601,Montgomery County Police,Injury Crash,05/30/2018 04:51:00 PM,,,,,PARKING LOT OF 8190 BEECHCRAFT AVE,,PEDESTRIAN,OTHER,CLEAR,,DAYLIGHT,N/A,,N/A,91474766-AFBB-4EE2-97A0-6E17ADBD34DA,PEDESTRIAN,Other Working,NO IMPROPER ACTIONS,OTHER,N/A,MIXED CLOTHING,No,SUSPECTED MINOR INJURY,N/A,39.16579,-77.16695333,"(39.16579, -77.16695333)"
MCP3086008L,230014414,Montgomery County Police,Injury Crash,03/25/2023 09:30:00 AM,County,CLUB HOUSE RD,County,CENTERWAY RD,,N/A,PEDESTRIAN,SINGLE VEHICLE,RAINING,WET,DAYLIGHT,TRAFFIC SIGNAL,NONE DETECTED,NONE DETECTED,4D013AF0-7738-4696-B08B-AC2BE1BE9B27,PEDESTRIAN,Cross/Enter at Intersection,NO IMPROPER ACTIONS,ON ROADWAY AT CROSSWALK,OBEYED PED. SIGNAL,DARK CLOTHING,No,SUSPECTED MINOR INJURY,N/A,39.17253667,-77.20127667,"(39.17253667, -77.20127667)"
MCP2730001P,200002998,Montgomery County Police,Injury Crash,01/18/2020 02:19:00 PM,County,WARING STATION RD,County,STONEY BOTTOM RD,,N/A,PEDESTRIAN,OTHER,RAINING,WET,DAYLIGHT,YIELD SIGN,N/A,N/A,F25DCA34-7B40-42A1-AB50-86E093C1AE51,PEDESTRIAN,Cross/Enter at Intersection,NO IMPROPER ACTIONS,ON ROADWAY AT CROSSWALK,N/A,DARK CLOTHING,No,POSSIBLE INJURY,N/A,39.17195667,-77.25201167,"(39.17195667, -77.25201167)"
MCP3020004G,190056885,Montgomery County Police,Property Damage Crash,11/25/2019 10:52:00 AM,,,,,PARKING LOT IN FRONT OF 3860 INTERNATIONAL DR,,PEDESTRIAN,SINGLE VEHICLE,CLEAR,,DAYLIGHT,NO CONTROLS,NONE DETECTED,NONE DETECTED,92BE3C8B-4C96-479E-9F4D-CBA1B3D324CA,PEDESTRIAN,Walking/Riding w/Traffic,NO IMPROPER ACTIONS,OTHER,NO PED. SIGNAL,MIXED CLOTHING,No,NO APPARENT INJURY,NONE,39.10195718,-77.07546937,"(39.10195718, -77.07546937)"
EJ7888002Z,220045189,Gaithersburg Police Depar,Injury Crash,10/15/2022 07:55:00 AM,County,MUDDY BRANCH RD,Municipality,W DEER PARK RD,,GAITHERSBURG,OTHER,OTHER,CLEAR,DRY,DAYLIGHT,NO CONTROLS,NONE DETECTED,NONE DETECTED,0F2FB106-E69F-4914-81A6-0F74EB3D4FB6,OTHER,Walking/Riding w/Traffic,NO IMPROPER ACTIONS,ON ROADWAY NOT AT CROSSWALK,N/A,MIXED CLOTHING,No,SUSPECTED MINOR INJURY,MC/BIKE HELMET,39.13549523,-77.20560648,"(39.13549523, -77.20560648)"
MCP93110013,170514222,Montgomery County Police,Injury Crash,06/17/2017 12:20:00 PM,Maryland (State),BRADLEY BLVD,County,DURBIN RD,,N/A,BICYCLIST,SAME DIRECTION SIDESWIPE,CLEAR,DRY,DAYLIGHT,NO CONTROLS,NONE DETECTED,NONE DETECTED,5582CD7C-D9A5-4866-A341-0DA5FAD19D9D,BICYCLIST,Walking/Riding w/Traffic,NO IMPROPER ACTIONS,SHOULDER,N/A,DARK CLOTHING,No,SUSPECTED MINOR INJURY,MC/BIKE HELMET,38.98351808,-77.11447477,"(38.98351808, -77.11447477)"
MCP3192003K,230001594,Montgomery County Police,Injury Crash,01/10/2023 08:02:00 PM,,,,,PARKING LOT OF 12222 VEIRS MILL ROAD,,PEDESTRIAN,SINGLE VEHICLE,CLEAR,,DARK LIGHTS ON,NO CONTROLS,NONE DETECTED,NONE DETECTED,FE89AA6D-C79F-4C92-9254-64E8476CE848,PEDESTRIAN,Other,NO IMPROPER ACTIONS,OTHER,NO PED. SIGNAL,DARK CLOTHING,No,SUSPECTED MINOR INJURY,NONE,39.05735867,-77.08101134,"(39.05735867, -77.08101134)"
MCP2394003P,200031677,Montgomery County Police,Property Damage Crash,08/14/2020 10:08:00 AM,County,BEL PRE RD,Unknown,ENT TO APARTMENTS,,N/A,MACHINE OPERATOR/RIDER,OTHER,CLEAR,DRY,DAYLIGHT,STOP SIGN,UNKNOWN,NONE DETECTED,0AA192B6-FE61-4321-A1D9-14EC5E4F344D,MACHINE OPERATOR/RIDER,Cross/Enter at Intersection,NO IMPROPER ACTIONS,ON ROADWAY AT CROSSWALK,NO PED. SIGNAL,N/A,No,NO APPARENT INJURY,NONE,39.09124955,-77.0665708,"(39.09124955, -77.0665708)"
MCP23390024,17005423,Montgomery County Police,Injury Crash,01/31/2017 02:54:00 PM,Maryland (State),NEW HAMPSHIRE AVE,County,GOOD HOPE RD,,N/A,PEDESTRIAN,SINGLE VEHICLE,CLEAR,DRY,DAYLIGHT,TRAFFIC SIGNAL,NONE DETECTED,NONE DETECTED,37C6F7EA-DEFB-46CA-A42B-C6C60D7BE1B3,PEDESTRIAN,Cross/Enter at Intersection,NO IMPROPER ACTIONS,ON ROADWAY AT CROSSWALK,OBEYED PED. SIGNAL,MIXED CLOTHING,No,SUSPECTED MINOR INJURY,N/A,39.09610167,-77.00206167,"(39.09610167, -77.00206167)"
EJ7873005Y,220019686,Gaithersburg Police Depar,Injury Crash,05/09/2022 02:00:00 PM,,,,,"PAARKING LOT OF 18749 N FREDERICK AVE GAITHERSBURG, MD 20879",,PEDESTRIAN,OTHER,CLEAR,,DAYLIGHT,NO CONTROLS,NONE DETECTED,N/A,830027DD-7944-4635-A6C9-AACF7857F7D9,PEDESTRIAN,Other,DART DASH,OTHER,NO PED. SIGNAL,DARK CLOTHING,Yes,POSSIBLE INJURY,NONE,39.16350472,-77.22561123,"(39.16350472, -77.22561123)"
MCP2937000W,15035669,MONTGOMERY,Injury Crash,07/20/2015 08:39:00 AM,Maryland (State),NEW HAMPSHIRE AVE,County,LOCKWOOD DR,,N/A,PEDESTRIAN,SINGLE VEHICLE,N/A,DRY,DAYLIGHT,TRAFFIC SIGNAL,NONE DETECTED,NONE DETECTED,B88791ED-7A43-4A1C-9D77-F478493CF668,PEDESTRIAN,Cross/Enter at Intersection,DART DASH,SIDEWALK,NO PED. SIGNAL,LIGHT CLOTHING,Yes,SUSPECTED MINOR INJURY,NONE,39.03960299,-76.99068546,"(39.03960299, -76.99068546)"
MCP3021005F,200041083,Montgomery County Police,Injury Crash,10/18/2020 12:30:00 PM,,,,,12012 CHERRY HILL RD - ALDI PARKING LOT,,PEDESTRIAN,SINGLE VEHICLE,CLEAR,,DAYLIGHT,NO CONTROLS,NONE DETECTED,NONE DETECTED,9981D314-3241-41E7-9F0E-0E7E947151E7,PEDESTRIAN,Standing,NO IMPROPER ACTIONS,OTHER,NO PED. SIGNAL,MIXED CLOTHING,No,POSSIBLE INJURY,N/A,39.052725,-76.95676833,"(39.052725, -76.95676833)"