Report Number,Local Case Number,Agency Name,ACRS Report Type,Crash Date/Time,Route Type,Road Name,Cross-Street Type,Cross-Street Name,Off-Road Description,Municipality,Related Non-Motorist,Collision Type,Weather,Surface Condition,Light,Traffic Control,Driver Substance Abuse,Non-Motorist Substance Abuse,Person ID,Pedestrian Type,Pedestrian Movement,Pedestrian Actions,Pedestrian Location,Pedestrian Obeyed Traffic Signal,Pedestrian Visibility,At Fault,Injury Severity,Safety Equipment,Latitude,Longitude,Location
MCP291400D7,220058048,Montgomery County Police,Injury Crash,12/31/2022 05:31:00 PM,Maryland (State),NEW HAMPSHIRE AVE,County,LOCKWOOD DR,,N/A,PEDESTRIAN,OTHER,RAINING,WET,DARK LIGHTS ON,TRAFFIC SIGNAL,N/A,N/A,5B3E3454-9002-4698-8AE4-7496BF8D9B01,PEDESTRIAN,Standing,NO IMPROPER ACTIONS,AT INTERSECTION MARKED CROSSWALK,OBEYED PED. SIGNAL,MIXED CLOTHING,No,POSSIBLE INJURY,N/A,39.03990738,-76.99052167,"(39.03990738, -76.99052167)"
MCP2941003F,190021371,Montgomery County Police,Injury Crash,05/06/2019 06:22:00 PM,County,SPRING ST,County,CAMERON ST,,N/A,BICYCLIST,SAME DIRECTION SIDESWIPE,CLEAR,DRY,DAYLIGHT,NO CONTROLS,N/A,NONE DETECTED,250FF41B-F5D9-46B9-A65F-D80DA7E9FE9B,BICYCLIST,Walking/Cycling on Sidewalk,INATTENTIVE,SHOULDER,N/A,LIGHT CLOTHING,Yes,POSSIBLE INJURY,MC/BIKE HELMET,38.99970195,-77.0281017,"(38.99970195, -77.0281017)"
MCP3112005P,210049341,Montgomery County Police,Injury Crash,12/05/2021 09:10:00 AM,Maryland (State),BRADLEY BLVD,County,FAIRFAX RD,,N/A,PEDESTRIAN,OTHER,CLEAR,DRY,DAYLIGHT,TRAFFIC SIGNAL,NONE DETECTED,NONE DETECTED,2E6DA2BC-A214-4943-8D1A-4B451F841F5F,PEDESTRIAN,Cross/Enter at Intersection,NO IMPROPER ACTIONS,ON ROADWAY AT CROSSWALK,OBEYED PED. SIGNAL,LIGHT CLOTHING,No,SUSPECTED MINOR INJURY,NONE,38.97769577,-77.10072667,"(38.97769577, -77.10072667)"
DD5529001M,16054221,Rockville Police Departme,Injury Crash,10/21/2016 12:58:00 PM,Maryland (State),HUNGERFORD DR,Unknown,ENT TO FLAGSHIP SHOPPING CTR,,N/A,PEDESTRIAN,OTHER,CLEAR,DRY,DAYLIGHT,TRAFFIC SIGNAL,NONE DETECTED,NONE DETECTED,A7F45C75-F68F-400A-BB2D-CC9FE326C9FA,PEDESTRIAN,Cross/Enter at Intersection,DART DASH,AT INTERSECTION MARKED CROSSWALK,DISOBEYED PED. SIGNAL,LIGHT CLOTHING,Yes,SUSPECTED MINOR INJURY,N/A,39.1067,-77.16002167,"(39.1067, -77.16002167)"
MCP1151002C,15006874,Montgomery County Police,Injury Crash,02/11/2015 07:45:00 AM,Maryland (State),FREDERICK RD,County,HIGH POINT DR,,N/A,PEDESTRIAN,OTHER,CLEAR,DRY,DAYLIGHT,NO CONTROLS,NONE DETECTED,NONE DETECTED,5B78D3B8-D9D9-4896-9B6E-90AED8348B3C,PEDESTRIAN,Cross/Enter not at Intersection,DART DASH,ON ROADWAY NOT AT CROSSWALK,N/A,MIXED CLOTHING,,SUSPECTED SERIOUS INJURY,N/A,39.16927333,-77.23471833,"(39.16927333, -77.23471833)"
MCP0942002X,200012705,Montgomery County Police,Injury Crash,03/15/2020 09:55:00 AM,,,,,GIANT FOOD LOT-7142 ARLINGTON RD,,PEDESTRIAN,SINGLE VEHICLE,CLOUDY,,DAYLIGHT,N/A,NONE DETECTED,NONE DETECTED,CBD1707A-9E69-43D7-B0A9-DF1E07864A1A,PEDESTRIAN,Other,NO IMPROPER ACTIONS,OTHER,N/A,DARK CLOTHING,No,SUSPECTED MINOR INJURY,NONE,38.98124935,-77.09873055,"(38.98124935, -77.09873055)"
MCP2973002F,16062778,Montgomery County Police,Injury Crash,12/07/2016 10:45:00 AM,County,BEL PRE RD,Maryland (State),GEORGIA AVE,,N/A,PEDESTRIAN,OTHER,CLEAR,DRY,DAYLIGHT,TRAFFIC SIGNAL,NONE DETECTED,NONE DETECTED,BEBF1D00-3240-4337-9640-A8BDD7EF721F,PEDESTRIAN,Cross/Enter not at Intersection,IN ROADWAY IMPROPERLY,ON ROADWAY NOT AT CROSSWALK,N/A,DARK CLOTHING,Yes,SUSPECTED MINOR INJURY,N/A,39.09286435,-77.08057433,"(39.09286435, -77.08057433)"
MCP1563006X,210035869,Montgomery County Police,Injury Crash,09/12/2021 11:40:00 AM,,,,,PARKING LOT OF 8542 CONNECTICUT AVE.,,PEDESTRIAN,SINGLE VEHICLE,CLEAR,,DAYLIGHT,N/A,NONE DETECTED,NONE DETECTED,C0932DF5-9C3B-44BD-AE1A-57FC24D748C2,PEDESTRIAN,Standing,NO IMPROPER ACTIONS,OTHER,N/A,MIXED CLOTHING,No,SUSPECTED MINOR INJURY,N/A,38.995515,-77.07769,"(38.995515, -77.07769)"
MCP2981003M,210001872,Montgomery County Police,Property Damage Crash,01/15/2021 04:03:00 PM,County,PARKER AVE,County,JUDSON RD,,N/A,PEDESTRIAN,SINGLE VEHICLE,CLEAR,DRY,DAYLIGHT,NO CONTROLS,NONE DETECTED,NONE DETECTED,2211FADC-2C18-49A6-BF5C-ACB3FCE61E55,PEDESTRIAN,Walking/Cycling on Sidewalk,NO IMPROPER ACTIONS,SIDEWALK,N/A,DARK CLOTHING,No,NO APPARENT INJURY,NONE,39.0488811,-77.0592769,"(39.0488811, -77.0592769)"
MCP32280021,210027036,Montgomery County Police,Injury Crash,07/13/2021 11:50:00 AM,County,SPRING ST,County,ROEDER RD,,N/A,PEDESTRIAN,OTHER,CLEAR,DRY,DAYLIGHT,STOP SIGN,UNKNOWN,NONE DETECTED,869890AA-B629-4261-A3C2-B2DE723F3D40,PEDESTRIAN,Cross/Enter at Intersection,UNKNOWN,ON ROADWAY NOT AT CROSSWALK,UNKNOWN,UNKNOWN,No,POSSIBLE INJURY,NONE,38.99909583,-77.02480117,"(38.99909583, -77.02480117)"
MCP2586004H,180061120,Montgomery County Police,Injury Crash,12/06/2018 09:27:00 PM,Maryland (State),GEORGIA AVE,County,BLUERIDGE AVE,,N/A,PEDESTRIAN,OTHER,CLEAR,DRY,DARK NO LIGHTS,NO CONTROLS,NONE DETECTED,ALCOHOL PRESENT,2826741D-75E8-489C-B228-8A776C35FEED,PEDESTRIAN,Cross/Enter not at Intersection,IN ROADWAY IMPROPERLY,ON ROADWAY NOT AT CROSSWALK,N/A,DARK CLOTHING,Yes,SUSPECTED SERIOUS INJURY,NONE,39.04464048,-77.05215579,"(39.04464048, -77.05215579)"
MCP27260058,200048813,Montgomery County Police,Injury Crash,12/11/2020 12:26:00 PM,,,,,1600 BLOCK OF ROCKVILLE PIKE (CONGRESSIONAL PLAZA),,BICYCLIST,OTHER,CLEAR,,DAYLIGHT,NO CONTROLS,NONE DETECTED,NONE DETECTED,CCCD6E15-7717-436D-93EF-6B4BF8538464,BICYCLIST,Walking/Cycling on Sidewalk,N/A,SIDEWALK,N/A,MIXED CLOTHING,No,SUSPECTED MINOR INJURY,NONE,39.06297528,-77.12499665,"(39.06297528, -77.12499665)"
MCP2077001S,170518841,Montgomery County Police,Injury Crash,07/21/2017 10:02:00 AM,,,,,"PARKING LOT OF SUNOCO STATION; 14031 GEORGIA AVE, SILVER SPRING, MD",,PEDESTRIAN,OTHER,CLEAR,,DAYLIGHT,NO CONTROLS,N/A,NONE DETECTED,4E376801-EA3C-42CD-A353-22AE5735EBAC,PEDESTRIAN,Other,NO IMPROPER ACTIONS,OTHER,N/A,MIXED CLOTHING,No,POSSIBLE INJURY,N/A,39.085032,-77.078111,"(39.085032, -77.078111)"
MCP2187000G,200025035,Montgomery County Police,Injury Crash,06/27/2020 12:06:00 PM,Maryland (State),QUINCE ORCHARD RD,Unknown,ENT TO PARK & RIDE,,N/A,BICYCLIST,STRAIGHT MOVEMENT ANGLE,CLEAR,DRY,DAYLIGHT,TRAFFIC SIGNAL,NONE DETECTED,NONE DETECTED,97ADC450-E92E-4CDA-BFA2-EC1D90141872,BICYCLIST,Cross/Enter not at Intersection,FAILURE TO OBEY TRAFFIC SIGNS SIGNALS OR OFFICER,ON ROADWAY NOT AT CROSSWALK,DISOBEYED PED. SIGNAL,DARK CLOTHING,Yes,SUSPECTED MINOR INJURY,NONE,39.02994667,-77.12695333,"(39.02994667, -77.12695333)"
MCP30570027,20007797,Montgomery County Police,Property Damage Crash,02/16/2020 09:21:00 AM,County,CENTURY BLVD,Other Public Roadway,CENTURY BLVD (BACK),,N/A,PEDESTRIAN,OTHER,CLOUDY,DRY,DAYLIGHT,N/A,NONE DETECTED,NONE DETECTED,8F0031B0-CF78-4D91-8C1A-A7AFC56330ED,PEDESTRIAN,Cross/Enter at Intersection,INATTENTIVE,AT INTERSECTION BUT NO CROSSWALK,N/A,LIGHT CLOTHING,No,NO APPARENT INJURY,N/A,39.18456052,-77.25964105,"(39.18456052, -77.25964105)"
DD5634000F,180051149,Rockville Police Departme,Injury Crash,10/12/2018 07:09:00 PM,Municipality,N WASHINGTON ST,Municipality,MARTINS LA,,ROCKVILLE,PEDESTRIAN,OTHER,CLEAR,DRY,DARK LIGHTS ON,TRAFFIC SIGNAL,NONE DETECTED,NONE DETECTED,85C3E3E3-2EA9-45A5-8411-CF4BABA4096D,PEDESTRIAN,Cross/Enter at Intersection,NO IMPROPER ACTIONS,ON ROADWAY AT CROSSWALK,OBEYED PED. SIGNAL,DARK CLOTHING,No,SUSPECTED SERIOUS INJURY,NONE,39.09084161,-77.15363057,"(39.09084161, -77.15363057)"
MCP27380046,220024439,Montgomery County Police,Injury Crash,06/07/2022 03:47:00 PM,Maryland (State),NEW HAMPSHIRE AVE,County,BRANTFORD AVE,,N/A,BICYCLIST,OTHER,N/A,DRY,DAYLIGHT,N/A,N/A,NONE DETECTED,FDE19DA4-6899-4A8C-914D-96CD4B29DF4D,BICYCLIST,Other,NO IMPROPER ACTIONS,ON ROADWAY NOT AT CROSSWALK,N/A,LIGHT CLOTHING,No,SUSPECTED MINOR INJURY,MC/BIKE HELMET,39.05940333,-76.99742365,"(39.05940333, -76.99742365)"
MCP9318002D,220038727,Montgomery County Police,Injury Crash,09/06/2022 07:01:00 PM,Maryland (State),NEW HAMPSHIRE AVE,County,POWDER MILL RD,,N/A,PEDESTRIAN,OTHER,CLEAR,DRY,DUSK,NO CONTROLS,NONE DETECTED,NONE DETECTED,0597D638-5FEA-49E3-81E2-0FE035E1F9E0,PEDESTRIAN,Cross/Enter not at Intersection,IN ROADWAY IMPROPERLY,ON ROADWAY NOT AT CROSSWALK,NO PED. SIGNAL,MIXED CLOTHING,Yes,SUSPECTED SERIOUS INJURY,N/A,39.019625,-77.00803833,"(39.019625, -77.00803833)"
MCP2588001V,16049667,Montgomery County Police,Injury Crash,09/27/2016 10:21:00 AM,County,RANDOLPH RD,County,BLUHILL RD,,N/A,PEDESTRIAN,OTHER,CLEAR,DRY,DAYLIGHT,OTHER,NONE DETECTED,NONE DETECTED,5527FCE3-D938-4231-B31A-B270E27C5A52,PEDESTRIAN,Cross/Enter at Intersection,NO IMPROPER ACTIONS,N/A,NO PED. SIGNAL,LIGHT CLOTHING,No,SUSPECTED MINOR INJURY,N/A,39.05920833,-77.06485,"(39.05920833, -77.06485)"
MCP2738003G,190057740,Montgomery County Police,Injury Crash,11/30/2019 09:05:00 PM,Maryland (State),NEW HAMPSHIRE AVE,County,LOCKWOOD DR,,N/A,PEDESTRIAN,OTHER,N/A,DRY,DARK LIGHTS ON,TRAFFIC SIGNAL,N/A,N/A,4B0A3368-C2F7-484C-9A2B-FD2043134A3B,PEDESTRIAN,Cross/Enter at Intersection,UNKNOWN,ON ROADWAY AT CROSSWALK,UNKNOWN,UNKNOWN,Unknown,SUSPECTED MINOR INJURY,N/A,39.03976667,-76.9909,"(39.03976667, -76.9909)"
MCP0487002L,180035710,Montgomery County Police,Injury Crash,07/19/2018 09:37:00 AM,,,,,PARKING LOT OF 18905 BONONZA WAY,,PEDESTRIAN,SINGLE VEHICLE,CLEAR,,DAYLIGHT,NO CONTROLS,NONE DETECTED,NONE DETECTED,51E6DE73-1F2B-4937-BD52-E8F12557251C,PEDESTRIAN,Standing,NO IMPROPER ACTIONS,OTHER,NO PED. SIGNAL,DARK CLOTHING,No,SUSPECTED SERIOUS INJURY,NONE,39.16664,-77.17042,"(39.16664, -77.17042)"
MCP3257005L,220041398,Montgomery County Police,Injury Crash,09/22/2022 09:10:00 PM,Maryland (State),ROCKVILLE PIKE,County,MARINELLI RD,,N/A,PEDESTRIAN,SINGLE VEHICLE,CLEAR,DRY,DARK LIGHTS ON,TRAFFIC SIGNAL,NONE DETECTED,NONE DETECTED,B2317035-A975-410E-A2FD-50D2BFCA4FE2,PEDESTRIAN,Cross/Enter not at Intersection,IN ROADWAY IMPROPERLY,ON ROADWAY NOT AT CROSSWALK,DISOBEYED PED. SIGNAL,MIXED CLOTHING,Yes,POSSIBLE INJURY,NONE,39.04721162,-77.11279129,"(39.04721162, -77.11279129)"
DM8499000P,210046856,Takoma Park Police Depart,Property Damage Crash,11/18/2021 04:00:00 PM,Maryland (State),CARROLL AVE,Municipality,FLOWER AVE,,TAKOMA PARK,OTHER,SINGLE VEHICLE,N/A,DRY,DAYLIGHT,TRAFFIC SIGNAL,ALCOHOL CONTRIBUTED,N/A,9D07F85D-1C6C-46BD-9D7E-DE92E4C1FEF8,OTHER,N/A,N/A,SIDEWALK,N/A,N/A,No,NO APPARENT INJURY,N/A,38.98475274,-76.99849128,"(38.98475274, -76.99849128)"
MCP31990020,200025808,Montgomery County Police,Injury Crash,07/03/2020 10:48:00 AM,Other Public Roadway,GEORGIAN WOODS PL,Maryland (State),GEORGIA AVE,,N/A,PEDESTRIAN,OPPOSITE DIRECTION SIDESWIPE,CLEAR,DRY,DAYLIGHT,NO CONTROLS,NONE DETECTED,NONE DETECTED,5183E680-D4C4-458D-B70A-D74F2D3C31CC,PEDESTRIAN,Walking/Cycling on Sidewalk,NO IMPROPER ACTIONS,SIDEWALK,N/A,MIXED CLOTHING,No,SUSPECTED MINOR INJURY,N/A,39.05581306,-77.04831466,"(39.05581306, -77.04831466)"
MCP21890005,170524568,Montgomery County Police,Injury Crash,08/13/2017 12:53:00 AM,County,LOST KNIFE RD,County,CONTOUR RD,,N/A,PEDESTRIAN,OTHER,N/A,WET,DARK LIGHTS ON,NO CONTROLS,NONE DETECTED,UNKNOWN,48022F78-6D13-4D0D-A6E6-4E04FCC2B083,PEDESTRIAN,Other,UNKNOWN,ON ROADWAY AT CROSSWALK,NO PED. SIGNAL,UNKNOWN,No,SUSPECTED SERIOUS INJURY,N/A,39.1564195,-77.20252264,"(39.1564195, -77.20252264)"
MCP2760003D,230014325,Montgomery County Police,Injury Crash,03/24/2023 05:32:00 PM,Maryland (State),FREDERICK RD,Municipality,LAKE FOREST BLVD,,GAITHERSBURG,PEDESTRIAN,OTHER,RAINING,WET,DAYLIGHT,NO CONTROLS,N/A,N/A,E39E0027-279C-485D-A107-601AF807288C,PEDESTRIAN,Cross/Enter not at Intersection,IN ROADWAY IMPROPERLY,ON ROADWAY NOT AT CROSSWALK,NO PED. SIGNAL,MIXED CLOTHING,Yes,POSSIBLE INJURY,NONE,39.15096333,-77.20979,"(39.15096333, -77.20979)"
MCP2503000D,15011964,Montgomery County Police,Injury Crash,03/15/2015 06:21:00 PM,County,REGENCY DR,County,GEORGETOWNE DR,,N/A,PEDESTRIAN,SINGLE VEHICLE,CLEAR,DRY,DAYLIGHT,N/A,N/A,N/A,DAA5639F-73B3-4F98-82A1-98E02E65D2A7,PEDESTRIAN,Cross/Enter not at Intersection,DART DASH,ON ROADWAY NOT AT CROSSWALK,NO PED. SIGNAL,MIXED CLOTHING,,SUSPECTED MINOR INJURY,N/A,39.043943,-77.170336,"(39.043943, -77.170336)"
DD56620002,230007543,Rockville Police Departme,Injury Crash,02/14/2023 04:34:00 PM,Municipality,WOOTTON PKWY,Municipality,GREENPLACE TERR,,ROCKVILLE,PEDESTRIAN,OTHER,CLEAR,DRY,DAYLIGHT,PERSON,NONE DETECTED,NONE DETECTED,F4AD7B8D-DA6A-4B71-BE27-37DAA622FEC5,PEDESTRIAN,Cross/Enter not at Intersection,DART DASH,ON ROADWAY NOT AT CROSSWALK,NO PED. SIGNAL,DARK CLOTHING,Yes,SUSPECTED MINOR INJURY,NONE,39.0837375,-77.15342333,"(39.0837375, -77.15342333)"
MCP21180009,170539100,Montgomery County Police,Property Damage Crash,10/27/2017 04:33:00 AM,County,JOHNSON DR,County,BETHESDA CHURCH RD,,N/A,OTHER,SINGLE VEHICLE,CLEAR,DRY,DARK LIGHTS ON,N/A,NONE DETECTED,N/A,7F57979E-F00F-4B6B-A47C-7BD504FA61AF,OTHER,N/A,NO IMPROPER ACTIONS,N/A,N/A,N/A,No,NO APPARENT INJURY,N/A,39.29061167,-77.22294333,"(39.29061167, -77.22294333)"
MCP3328001K,230005439,Montgomery County Police,Injury Crash,02/02/2023 03:10:00 PM,Maryland (State),VEIRS MILL RD,County,CLARIDGE RD,,N/A,PEDESTRIAN,OTHER,CLEAR,DRY,DAYLIGHT,TRAFFIC SIGNAL,NONE DETECTED,N/A,CDA6553B-8860-4A34-BF1E-E7C91B30389A,PEDESTRIAN,Cross/Enter at Intersection,INATTENTIVE,ON ROADWAY AT CROSSWALK,OBEYED PED. SIGNAL,DARK CLOTHING,No,SUSPECTED MINOR INJURY,NONE,39.04844671,-77.06927326,"(39.04844671, -77.06927326)"
MCP2777004C,180006738,Montgomery County Police,Injury Crash,02/08/2018 06:32:00 PM,County,WOODMONT AVE,County,LELAND ST,,N/A,PEDESTRIAN,OTHER,CLEAR,DRY,DARK LIGHTS ON,NO CONTROLS,NONE DETECTED,NONE DETECTED,2BDE1849-F487-4AE9-A4A4-63A243CE1848,PEDESTRIAN,Cross/Enter not at Intersection,NO IMPROPER ACTIONS,MIDBLOCK MARKED CROSSWALK,NO PED. SIGNAL,DARK CLOTHING,No,SUSPECTED MINOR INJURY,NONE,38.98009667,-77.093525,"(38.98009667, -77.093525)"
MCP31090039,190046689,Montgomery County Police,Injury Crash,09/29/2019 02:50:00 PM,County,FENTON ST,County,SILVER SPRING AVE,,N/A,BICYCLIST,SAME DIRECTION LEFT TURN,CLEAR,DRY,DAYLIGHT,NO CONTROLS,NONE DETECTED,NONE DETECTED,73BB0070-8867-478B-A1FC-3CF519878D27,BICYCLIST,Walking/Riding w/Traffic,OTHER,ON ROADWAY NOT AT CROSSWALK,N/A,LIGHT CLOTHING,Unknown,SUSPECTED MINOR INJURY,MC/BIKE HELMET,38.99094767,-77.02418567,"(38.99094767, -77.02418567)"
MCP3138000F,180050688,Montgomery County Police,Injury Crash,10/04/2018 05:00:00 PM,,,,,MACY'S PARKING LOT @ WHEATON PLAZA,,PEDESTRIAN,OTHER,UNKNOWN,,UNKNOWN,N/A,UNKNOWN,UNKNOWN,9819D366-266D-426C-8B54-227D1B8AD523,PEDESTRIAN,Other,NO IMPROPER ACTIONS,OTHER,N/A,UNKNOWN,No,POSSIBLE INJURY,UNKNOWN,39.03756997,-77.05633537,"(39.03756997, -77.05633537)"
MCP3076000B,170524628,Montgomery County Police,Injury Crash,08/13/2017 02:57:00 PM,,,,,"SAFEWAY PARKING LOT 
116 UNIVERSITY BOULEVARD
SILVER SPRING",,PEDESTRIAN,SINGLE VEHICLE,CLEAR,,DAYLIGHT,N/A,NONE DETECTED,NONE DETECTED,40058BC5-5AFA-40E3-9B1E-47D8869864FC,PEDESTRIAN,Other,NO IMPROPER ACTIONS,OTHER,N/A,MIXED CLOTHING,No,POSSIBLE INJURY,NONE,39.02088934,-77.01516062,"(39.02088934, -77.01516062)"
MCP3211001Z,210003853,Montgomery County Police,Injury Crash,01/30/2021 11:39:00 AM,County,TUCKERMAN LA,Unknown,GROSVENOR PL,,N/A,BICYCLIST,SINGLE VEHICLE,CLEAR,DRY,DAYLIGHT,NO CONTROLS,NONE DETECTED,NONE DETECTED,4FD128EC-4791-481B-B8AB-B76C2221A1B2,BICYCLIST,Cross/Enter at Intersection,NO IMPROPER ACTIONS,ON ROADWAY NOT AT CROSSWALK,NO PED. SIGNAL,DARK CLOTHING,No,POSSIBLE INJURY,MC/BIKE HELMET,39.02759634,-77.10739224,"(39.02759634, -77.10739224)"
MCP2388000L,15061167,MONTGOMERY,Injury Crash,11/30/2015 05:10:00 PM,County,YELLOWSTONE WAY,County,REDLAND RD,,N/A,PEDESTRIAN,OTHER,RAINING,WET,DARK LIGHTS ON,STOP SIGN,NONE DETECTED,NONE DETECTED,567A7518-339B-480E-B0B6-BBBC3E085D7F,PEDESTRIAN,Cross/Enter at Intersection,NO IMPROPER ACTIONS,AT INTERSECTION BUT NO CROSSWALK,NO PED. SIGNAL,N/A,No,POSSIBLE INJURY,NONE,39.11927667,-77.16090667,"(39.11927667, -77.16090667)"
MCP3042003M,220004277,Montgomery County Police,Injury Crash,02/01/2022 07:40:00 AM,County,GLENALLAN AVE,Maryland (State),LAYHILL RD,,N/A,PEDESTRIAN,OTHER,CLEAR,DRY,DAWN,TRAFFIC SIGNAL,UNKNOWN,NONE DETECTED,1444A6CF-24CF-4763-9295-83BA90D7BB4C,PEDESTRIAN,Cross/Enter at Intersection,NO IMPROPER ACTIONS,ON ROADWAY AT CROSSWALK,OBEYED PED. SIGNAL,MIXED CLOTHING,No,SUSPECTED MINOR INJURY,NONE,39.06318568,-77.05016024,"(39.06318568, -77.05016024)"
MCP2046006W,170510819,Montgomery County Police,Injury Crash,05/31/2017 07:20:00 AM,County,DENNIS AVE,County,ROYALTON RD,,N/A,PEDESTRIAN,STRAIGHT MOVEMENT ANGLE,CLOUDY,WET,DAYLIGHT,NO CONTROLS,NONE DETECTED,NONE DETECTED,00585223-14D1-4513-AEDD-56F688689028,PEDESTRIAN,Cross/Enter not at Intersection,IN ROADWAY IMPROPERLY,ON ROADWAY NOT AT CROSSWALK,NO PED. SIGNAL,UNKNOWN,Yes,POSSIBLE INJURY,N/A,39.02742088,-77.01719239,"(39.02742088, -77.01719239)"
EJ7873005M,2200012634,Gaithersburg Police Depar,Injury Crash,03/24/2022 08:49:00 AM,,,,,"PARKING LOT OF 220 GIRARD STREET GAITHERSBURG, MD 20877",,PEDESTRIAN,OTHER,CLOUDY,,DAYLIGHT,NO CONTROLS,UNKNOWN,NONE DETECTED,FEEB918E-01A9-49FE-BDDF-0105D5E559E0,PEDESTRIAN,Other,DART DASH,OTHER,NO PED. SIGNAL,DARK CLOTHING,Yes,POSSIBLE INJURY,N/A,39.14171512,-77.18314614,"(39.14171512, -77.18314614)"
MCP15310006,16024201,Montgomery County Police,Injury Crash,05/15/2016 09:02:00 PM,Maryland (State),WILSON LA,Maryland (State),RIVER RD,,N/A,PEDESTRIAN,SINGLE VEHICLE,CLEAR,DRY,DARK LIGHTS ON,TRAFFIC SIGNAL,,NONE DETECTED,D334EEB5-0D56-4A95-9592-47E2492F5A8E,PEDESTRIAN,Standing,OTHER,ON ROADWAY NOT AT CROSSWALK,N/A,N/A,Yes,SUSPECTED MINOR INJURY,N/A,39.37427667,-77.29101333,"(39.37427667, -77.29101333)"
EJ7878001D,200018160,Gaithersburg Police Depar,Injury Crash,05/04/2020 09:46:00 AM,,,,,PARKING LOT OF 21 S SUMMIT,,PEDESTRIAN,OTHER,CLEAR,,DAYLIGHT,NO CONTROLS,N/A,N/A,8ED26F24-7000-479B-9C46-1C121A413D7D,PEDESTRIAN,Standing,OTHER,OTHER,NO PED. SIGNAL,MIXED CLOTHING,Unknown,POSSIBLE INJURY,LIGHTING,39.14068025,-77.19341273,"(39.14068025, -77.19341273)"
MCP2767000P,15009788,Montgomery County Police,Property Damage Crash,03/01/2015 06:29:00 PM,County,DAWSON AVE,County,GALT AVE,,N/A,OTHER,OPPOSITE DIRECTION SIDESWIPE,WINTRY MIX,WET,DARK NO LIGHTS,NO CONTROLS,NONE DETECTED,N/A,2F5F0B6E-D010-41AE-A018-95CABCF5B77C,OTHER,N/A,N/A,N/A,N/A,N/A,,NO APPARENT INJURY,N/A,39.039475,-77.05622167,"(39.039475, -77.05622167)"
MCP1022009G,180036958,Montgomery County Police,Injury Crash,07/26/2018 07:32:00 AM,,,,,"DRIVEWAY OF 26601 MULLINIX MILL RD MT AIRY, MD 21771",,PEDESTRIAN,SINGLE VEHICLE,CLEAR,,DAYLIGHT,NO CONTROLS,NONE DETECTED,NONE DETECTED,FF49B7C2-FF41-4ED2-8043-6EE5470011AF,PEDESTRIAN,Other,DART DASH,OTHER,N/A,LIGHT CLOTHING,Yes,SUSPECTED SERIOUS INJURY,N/A,39.293005,-77.15005667,"(39.293005, -77.15005667)"
MCP2848001Z,15052854,MONTGOMERY,Injury Crash,10/18/2015 09:55:00 AM,Maryland (State),MASSACHUSETTS AVE,County,NEWPORT AVE,,N/A,BICYCLIST,STRAIGHT MOVEMENT ANGLE,CLEAR,DRY,DAYLIGHT,NO CONTROLS,NONE DETECTED,NONE DETECTED,E52B4B2A-3483-4890-9159-BB9FFC738242,BICYCLIST,Cross/Enter at Intersection,NO IMPROPER ACTIONS,ON ROADWAY NOT AT CROSSWALK,N/A,REAR REFLECTOR,No,SUSPECTED MINOR INJURY,MC/BIKE HELMET,38.9599,-77.10786167,"(38.9599, -77.10786167)"
MCP9321003D,200034149,Montgomery County Police,Injury Crash,09/01/2020 10:25:00 AM,,,,,PARKING LOT OF 12039 GEORGIA AVE,,PEDESTRIAN,SINGLE VEHICLE,CLOUDY,,DAYLIGHT,NO CONTROLS,NONE DETECTED,NONE DETECTED,30A66D57-41D9-4E8D-A87A-4D77B0EBB275,PEDESTRIAN,Walking/Cycling on Sidewalk,NO IMPROPER ACTIONS,SIDEWALK,N/A,MIXED CLOTHING,No,POSSIBLE INJURY,NONE,39.05299545,-77.04997412,"(39.05299545, -77.04997412)"
MCP2394001V,16001446,Montgomery County Police,Injury Crash,01/08/2016 06:02:00 PM,Municipality,MARYLAND AVE,Municipality,E MONTGOMERY AVE AT COURTHOUSE SQ,,ROCKVILLE,PEDESTRIAN,OTHER,RAINING,WET,DARK LIGHTS ON,STOP SIGN,NONE DETECTED,NONE DETECTED,6EDEA387-E028-4B32-809D-867F6DBC586B,PEDESTRIAN,Cross/Enter at Intersection,NOT VISIBLE,UNKNOWN,NO PED. SIGNAL,MIXED CLOTHING,Yes,POSSIBLE INJURY,NONE,39.08402667,-77.15109667,"(39.08402667, -77.15109667)"
MCP2398001N,170512886,Montgomery County Police,Injury Crash,06/10/2017 12:46:00 PM,Maryland (State),CLOPPER RD,County,PARKRIDGE DR,,N/A,PEDESTRIAN,STRAIGHT MOVEMENT ANGLE,CLEAR,DRY,DAYLIGHT,NO CONTROLS,NONE DETECTED,NONE DETECTED,55BCE39B-EE0A-4E9A-820F-A587F71498B0,PEDESTRIAN,Cross/Enter at Intersection,IN ROADWAY IMPROPERLY,ON ROADWAY NOT AT CROSSWALK,NO PED. SIGNAL,MIXED CLOTHING,Yes,SUSPECTED MINOR INJURY,NONE,39.1485,-77.239515,"(39.1485, -77.239515)"