Report Number,Local Case Number,Agency Name,ACRS Report Type,Crash Date/Time,Route Type,Road Name,Cross-Street Type,Cross-Street Name,Off-Road Description,Municipality,Related Non-Motorist,Collision Type,Weather,Surface Condition,Light,Traffic Control,Driver Substance Abuse,Non-Motorist Substance Abuse,Person ID,Pedestrian Type,Pedestrian Movement,Pedestrian Actions,Pedestrian Location,Pedestrian Obeyed Traffic Signal,Pedestrian Visibility,At Fault,Injury Severity,Safety Equipment,Latitude,Longitude,Location
MCP9422001H,180025275,Montgomery County Police,Injury Crash,05/23/2018 10:30:00 AM,County,PLUM ORCHARD DR,County,CHERRY HILL RD,,N/A,PEDESTRIAN,STRAIGHT MOVEMENT ANGLE,CLEAR,DRY,DAYLIGHT,TRAFFIC SIGNAL,NONE DETECTED,NONE DETECTED,502A6611-C22F-4BA8-9CD8-EED8BF07761E,PEDESTRIAN,Cross/Enter at Intersection,NO IMPROPER ACTIONS,AT INTERSECTION MARKED CROSSWALK,OBEYED PED. SIGNAL,MIXED CLOTHING,No,POSSIBLE INJURY,N/A,39.052505,-76.953375,"(39.052505, -76.953375)"
MCP9386007P,200039447,Montgomery County Police,Injury Crash,10/07/2020 08:30:00 AM,County,MICHAELS DR,County,FERNWOOD RD,,N/A,PEDESTRIAN,OTHER,CLEAR,DRY,DAYLIGHT,NO CONTROLS,NONE DETECTED,NONE DETECTED,B27BE46E-E672-4334-B359-930700679E80,PEDESTRIAN,Getting off/on Vehicle,DART DASH,ON ROADWAY NOT AT CROSSWALK,NO PED. SIGNAL,MIXED CLOTHING,Yes,SUSPECTED MINOR INJURY,N/A,39.01041167,-77.13343833,"(39.01041167, -77.13343833)"
MCP2848003C,16046174,Montgomery County Police,Injury Crash,09/09/2016 08:30:00 AM,Municipality,WILLIAMS LA,Maryland (State),CONNECTICUT AVE,,N/A,PEDESTRIAN,SINGLE VEHICLE,N/A,DRY,DAYLIGHT,STOP SIGN,NONE DETECTED,NONE DETECTED,D9840C28-27AE-473D-B87B-6FCC220BDD46,PEDESTRIAN,Cross/Enter at Intersection,NO IMPROPER ACTIONS,ON ROADWAY AT CROSSWALK,NO PED. SIGNAL,MIXED CLOTHING,No,POSSIBLE INJURY,NONE,38.98374013,-77.07703114,"(38.98374013, -77.07703114)"
MCP30190048,210048803,Montgomery County Police,Property Damage Crash,12/01/2021 05:50:00 PM,Maryland (State),EAST WEST HWY (W/B COUPLET),County,WAVERLY ST,,N/A,PEDESTRIAN,OTHER,CLEAR,DRY,DUSK,TRAFFIC SIGNAL,N/A,N/A,CC6C0F22-C832-4C60-B152-18FCEDBBD007,PEDESTRIAN,Cross/Enter at Intersection,NO IMPROPER ACTIONS,ON ROADWAY AT CROSSWALK,OBEYED PED. SIGNAL,UNKNOWN,No,NO APPARENT INJURY,NONE,38.98461833,-77.09241167,"(38.98461833, -77.09241167)"
MCP32900021,230022402,Montgomery County Police,Injury Crash,05/10/2023 01:37:00 PM,County,DEXTER AVE,Maryland (State),GEORGIA AVE,,N/A,PEDESTRIAN,OTHER,CLEAR,DRY,DAYLIGHT,TRAFFIC SIGNAL,NONE DETECTED,NONE DETECTED,4E6D14B9-39F1-48EB-897C-DFAFC2129B27,PEDESTRIAN,Cross/Enter at Intersection,UNKNOWN,AT INTERSECTION BUT NO CROSSWALK,NO PED. SIGNAL,DARK CLOTHING,No,SUSPECTED MINOR INJURY,NONE,39.02221,-77.04522833,"(39.02221, -77.04522833)"
EJ7881000G,200022711,Gaithersburg Police Depar,Injury Crash,06/09/2020 06:30:00 PM,County,MUDDY BRANCH RD,Unknown,ENT TO MUDDY BRANCH SQUARE,,N/A,PEDESTRIAN,SINGLE VEHICLE,CLEAR,DRY,DAYLIGHT,STOP SIGN,NONE DETECTED,NONE DETECTED,E6D0E6E1-B050-4FF5-B383-C80A95461694,PEDESTRIAN,Cross/Enter at Intersection,N/A,ON ROADWAY AT CROSSWALK,OBEYED PED. SIGNAL,LIGHT CLOTHING,No,SUSPECTED MINOR INJURY,NONE,39.11366332,-77.21611437,"(39.11366332, -77.21611437)"
DD5643002G,220054523,Rockville Police Departme,Injury Crash,12/09/2022 07:16:00 PM,Maryland (State),ROCKVILLE PIKE,Municipality,HALPINE RD,,ROCKVILLE,PEDESTRIAN,OTHER,CLEAR,DRY,DARK LIGHTS ON,TRAFFIC SIGNAL,NONE DETECTED,NONE DETECTED,B52DAF37-AC02-47F1-BD8C-9EA61B2A8E92,PEDESTRIAN,Cross/Enter at Intersection,N/A,SIDEWALK,OBEYED PED. SIGNAL,LIGHT CLOTHING,No,SUSPECTED SERIOUS INJURY,NONE,39.06182081,-77.12416018,"(39.06182081, -77.12416018)"
MCP2651004G,210023683,Montgomery County Police,Injury Crash,06/21/2021 08:50:00 AM,County,SCHINDLER DR,County,NEW HAMPSHIRE AVE SER RD,,N/A,PEDESTRIAN,OTHER,CLEAR,DRY,DAYLIGHT,TRAFFIC SIGNAL,N/A,N/A,ACBE08AB-CCDF-4E9E-A1E3-7F1F5824869D,PEDESTRIAN,Cross/Enter at Intersection,NO IMPROPER ACTIONS,ON ROADWAY AT CROSSWALK,NO PED. SIGNAL,DARK CLOTHING,Yes,SUSPECTED MINOR INJURY,N/A,39.0334735,-76.98629133,"(39.0334735, -76.98629133)"
MCP26650010,15024061,Montgomery County Police,Injury Crash,05/19/2015 06:48:00 PM,County,CHESHIRE DR,Maryland (State),OLD GEORGETOWN RD,,N/A,PEDESTRIAN,OTHER,CLEAR,DRY,DAYLIGHT,TRAFFIC SIGNAL,N/A,N/A,3BED917E-F2A2-451E-859A-88F7712D4083,PEDESTRIAN,Cross/Enter at Intersection,NO IMPROPER ACTIONS,AT INTERSECTION MARKED CROSSWALK,OBEYED PED. SIGNAL,N/A,,POSSIBLE INJURY,N/A,39.02256833,-77.12319667,"(39.02256833, -77.12319667)"
MCP2353002C,16002499,Montgomery County Police,Injury Crash,01/14/2016 07:51:00 AM,County,FAIRFAX RD,County,EDGEMOOR LA,,N/A,PEDESTRIAN,SINGLE VEHICLE,CLOUDY,DRY,DAYLIGHT,NO CONTROLS,NONE DETECTED,NONE DETECTED,5680BEB2-B24B-4D5F-97C6-CE05277490D0,PEDESTRIAN,Cross/Enter not at Intersection,DART DASH,OTHER,NO PED. SIGNAL,MIXED CLOTHING,Yes,POSSIBLE INJURY,NONE,38.98270808,-77.10523188,"(38.98270808, -77.10523188)"
MCP26590015,16041846,Montgomery County Police,Property Damage Crash,08/18/2016 12:45:00 AM,Maryland (State),GEORGIA AVE,US (State),COLESVILLE RD,,N/A,PEDESTRIAN,OTHER,RAINING,WET,DARK LIGHTS ON,TRAFFIC SIGNAL,NONE DETECTED,NONE DETECTED,4A6FBC7D-FBC7-49E1-8B03-84AA830ADBB4,PEDESTRIAN,Cross/Enter at Intersection,NO IMPROPER ACTIONS,ON ROADWAY AT CROSSWALK,OBEYED PED. SIGNAL,LIGHT CLOTHING,No,NO APPARENT INJURY,NONE,38.99596167,-77.02816167,"(38.99596167, -77.02816167)"
MCP2875005Y,220027515,Montgomery County Police,Injury Crash,06/26/2022 02:00:00 PM,,,,,PARKING LOT OF 26075 RIDGE RD.,,PEDESTRIAN,OTHER,CLEAR,,DAYLIGHT,NO CONTROLS,NONE DETECTED,NONE DETECTED,3CCDD0E9-2B24-43F5-9CBC-DA61C29A6B1F,PEDESTRIAN,Standing,NO IMPROPER ACTIONS,OTHER,N/A,LIGHT CLOTHING,No,POSSIBLE INJURY,N/A,39.28503986,-77.20887197,"(39.28503986, -77.20887197)"
MCP27660016,15014009,Montgomery County Police,Injury Crash,03/26/2015 07:49:00 PM,Maryland (State),GEORGIA AVE,Maryland (State),CONNECTICUT AVE,,N/A,PEDESTRIAN,STRAIGHT MOVEMENT ANGLE,RAINING,WET,DARK NO LIGHTS,NO CONTROLS,NONE DETECTED,NONE DETECTED,2EFC3F8E-01FE-4223-A942-F2CB88CD40F2,PEDESTRIAN,Cross/Enter not at Intersection,NOT VISIBLE,ON ROADWAY AT CROSSWALK,NO PED. SIGNAL,DARK CLOTHING,,POSSIBLE INJURY,NONE,39.08396833,-77.07845,"(39.08396833, -77.07845)"
MCP23530041,170513155,Montgomery County Police,Injury Crash,06/12/2017 06:18:00 AM,Maryland (State),EAST WEST HWY,Unknown,SPUR FR JONES MILL RD,,N/A,BICYCLIST,STRAIGHT MOVEMENT ANGLE,CLOUDY,DRY,DAYLIGHT,NO CONTROLS,NONE DETECTED,NONE DETECTED,A1114331-0C38-40AF-8935-0257D6D6B277,BICYCLIST,Cross/Enter not at Intersection,INATTENTIVE,OUTSIDE RIGHT OF WAY,N/A,HEAD LIGHT,Yes,SUSPECTED MINOR INJURY,MC/BIKE HELMET,38.99326333,-77.06411,"(38.99326333, -77.06411)"
MCP3077000G,170531385,Montgomery County Police,Injury Crash,09/18/2017 08:38:00 PM,County,CRYSTAL ROCK DR,Maryland (State),GERMANTOWN RD,,N/A,PEDESTRIAN,STRAIGHT MOVEMENT ANGLE,CLEAR,DRY,DARK LIGHTS ON,NO CONTROLS,NONE DETECTED,N/A,B40402CC-8199-498D-830F-B8807469BFC3,PEDESTRIAN,Cross/Enter not at Intersection,IN ROADWAY IMPROPERLY,ON ROADWAY NOT AT CROSSWALK,NO PED. SIGNAL,MIXED CLOTHING,Yes,SUSPECTED SERIOUS INJURY,NONE,39.17997976,-77.2614947,"(39.17997976, -77.2614947)"
DD5643002V,230030322,Rockville Police Departme,Injury Crash,06/24/2023 10:50:00 PM,Municipality,MONROE ST,Maryland (State),E JEFFERSON ST,,N/A,"OTHER, PEDESTRIAN",OTHER,CLEAR,DRY,DARK LIGHTS ON,TRAFFIC SIGNAL,NONE DETECTED,UNKNOWN,AC61CBD1-47DE-464C-AA34-3E7FEE83AA50,PEDESTRIAN,Cross/Enter at Intersection,DART DASH,OUTSIDE RIGHT OF WAY,DISOBEYED PED. SIGNAL,DARK CLOTHING,Yes,SUSPECTED MINOR INJURY,N/A,39.08198033,-77.14913469,"(39.08198033, -77.14913469)"
MCP27660022,15066255,MONTGOMERY,Injury Crash,12/26/2015 03:22:00 PM,County,DEWEY RD,County,CLEARFIELD RD,,N/A,OTHER CONVEYANCE,STRAIGHT MOVEMENT ANGLE,N/A,DRY,N/A,STOP SIGN,NONE DETECTED,NONE DETECTED,75FD8A88-5BD5-41FD-B268-CD4D85E13DC8,OTHER CONVEYANCE,Cross/Enter at Intersection,FAILURE TO OBEY TRAFFIC SIGNS SIGNALS OR OFFICER,ON ROADWAY NOT AT CROSSWALK,NO PED. SIGNAL,MIXED CLOTHING,Yes,POSSIBLE INJURY,MC/BIKE HELMET,39.42665667,-77.42961667,"(39.42665667, -77.42961667)"
MCP26860036,190007279,Montgomery County Police,Injury Crash,02/14/2019 06:20:00 PM,Maryland (State),CLOPPER RD,Maryland (State),GREAT SENECA HWY,,N/A,PEDESTRIAN,OTHER,CLEAR,DRY,DARK NO LIGHTS,TRAFFIC SIGNAL,NONE DETECTED,NONE DETECTED,D0B9CB96-13E5-40A5-8F61-5FFD8EE132FE,PEDESTRIAN,Cross/Enter at Intersection,NOT VISIBLE,AT INTERSECTION MARKED CROSSWALK,PED. SIGNAL MALFUNCTION,DARK CLOTHING,No,SUSPECTED MINOR INJURY,NONE,39.15939833,-77.27593,"(39.15939833, -77.27593)"
MCP2861004L,200008191,Montgomery County Police,Injury Crash,02/18/2020 08:17:00 PM,County,WESTLAKE DR,Other Public Roadway,LAKEVIEW DR,,N/A,PEDESTRIAN,SINGLE VEHICLE,CLEAR,DRY,DARK LIGHTS ON,NO CONTROLS,NONE DETECTED,ALCOHOL PRESENT,EF6CC8C4-E78E-4AFA-8377-83968BA1F2DA,PEDESTRIAN,Cross/Enter not at Intersection,IN ROADWAY IMPROPERLY,ON ROADWAY NOT AT CROSSWALK,NO PED. SIGNAL,DARK CLOTHING,Yes,SUSPECTED SERIOUS INJURY,NONE,39.025945,-77.14833667,"(39.025945, -77.14833667)"
MCP2617001W,16024882,Montgomery County Police,Property Damage Crash,05/19/2016 02:45:00 PM,County,HIGHLAND AVE,County,ALLEY,,N/A,PEDESTRIAN,SINGLE VEHICLE,CLEAR,DRY,DAYLIGHT,NO CONTROLS,NONE DETECTED,NONE DETECTED,332E4387-B2CE-4CD4-9713-0E029707E415,PEDESTRIAN,Other,NOT VISIBLE,OTHER,NO PED. SIGNAL,DARK CLOTHING,No,NO APPARENT INJURY,NONE,38.99093333,-77.09504167,"(38.99093333, -77.09504167)"
MCP3034001X,180035522,Montgomery County Police,Injury Crash,07/18/2018 11:14:00 AM,Maryland (State),GEORGIA AVE,County,FENWICK LA,,N/A,PEDESTRIAN,OTHER,CLEAR,DRY,DAYLIGHT,OTHER,NONE DETECTED,NONE DETECTED,0AD3FAAD-F906-42AB-BB52-8C9D47D7007E,PEDESTRIAN,Cross/Enter at Intersection,NO IMPROPER ACTIONS,AT INTERSECTION MARKED CROSSWALK,OBEYED PED. SIGNAL,LIGHT CLOTHING,No,POSSIBLE INJURY,NONE,38.99828167,-77.03056833,"(38.99828167, -77.03056833)"
MCP2047001V,170530957,Montgomery County Police,Injury Crash,09/16/2017 01:10:00 PM,Maryland (State),S FREDERICK RD,Municipality,W DEER PARK RD,,GAITHERSBURG,PEDESTRIAN,SINGLE VEHICLE,CLOUDY,DRY,DAYLIGHT,TRAFFIC SIGNAL,N/A,NONE DETECTED,973071FE-690E-47B5-B004-380920FF771C,PEDESTRIAN,Other,NO IMPROPER ACTIONS,AT INTERSECTION BUT NO CROSSWALK,N/A,LIGHT CLOTHING,No,SUSPECTED MINOR INJURY,N/A,39.13209923,-77.18896508,"(39.13209923, -77.18896508)"
MCP2398000J,15044798,MONTGOMERY,Injury Crash,09/06/2015 03:45:00 PM,County,SNOUFFERS SCHOOL RD,Maryland (State),WOODFIELD RD,,N/A,PEDESTRIAN,STRAIGHT MOVEMENT ANGLE,CLEAR,DRY,DAYLIGHT,OTHER,UNKNOWN,NONE DETECTED,C96288A6-A168-48FE-A4BD-A144889E8201,PEDESTRIAN,Cross/Enter at Intersection,NO IMPROPER ACTIONS,ON ROADWAY AT CROSSWALK,NO PED. SIGNAL,MIXED CLOTHING,No,SUSPECTED MINOR INJURY,NONE,39.1608978,-77.16340899,"(39.1608978, -77.16340899)"
MCP3096001L,180054668,Montgomery County Police,Injury Crash,10/31/2018 08:41:00 PM,,,,,CROSS WALK IN FRONT OF CHECKERS AT 16171 SHADY GROVE RD GAITHERSBURG MD 20877,,PEDESTRIAN,SINGLE VEHICLE,CLEAR,,DUSK,NO CONTROLS,NONE DETECTED,NONE DETECTED,0F3D5FB4-133E-4971-AF57-ED646683A8BE,PEDESTRIAN,Cross/Enter at Intersection,NO IMPROPER ACTIONS,ON ROADWAY AT CROSSWALK,NO PED. SIGNAL,LIGHT CLOTHING,No,SUSPECTED MINOR INJURY,N/A,39.121035,-77.178015,"(39.121035, -77.178015)"
MCP1301001F,200036830,Montgomery County Police,Fatal Crash,09/20/2020 12:49:00 AM,County,CARROLL AVE,Maryland (State),PINEY BRANCH RD,,N/A,PEDESTRIAN,SINGLE VEHICLE,CLEAR,DRY,DARK LIGHTS ON,NO CONTROLS,UNKNOWN,ALCOHOL PRESENT,EAA7F008-5731-434E-82DE-5E6CBC4C825E,PEDESTRIAN,Unknown,UNKNOWN,ON ROADWAY NOT AT CROSSWALK,NO PED. SIGNAL,MIXED CLOTHING,Unknown,FATAL INJURY,NONE,38.998765,-76.99098833,"(38.998765, -76.99098833)"
MCP10640043,16013352,Montgomery County Police,Injury Crash,03/18/2016 10:47:00 AM,,,,,"DRIVEWAY- 8728 COLESVILLE RD
SILVER SPRING, MD 20910",,PEDESTRIAN,OTHER,CLEAR,,DAYLIGHT,N/A,N/A,N/A,29AF22AB-D5D8-43BA-92B2-920D707EBE79,PEDESTRIAN,Standing,NO IMPROPER ACTIONS,OTHER,N/A,DARK CLOTHING,No,SUSPECTED SERIOUS INJURY,N/A,38.99820167,-77.02671333,"(38.99820167, -77.02671333)"
MCP3068000F,170533903,Montgomery County Police,Injury Crash,09/29/2017 06:23:00 PM,Maryland (State),BRADLEY BLVD,County,FAIRFAX RD,,N/A,PEDESTRIAN,N/A,CLEAR,DRY,DUSK,TRAFFIC SIGNAL,N/A,N/A,79C40CEC-B352-4FF0-A144-4A77D23D4DE1,PEDESTRIAN,Cross/Enter at Intersection,FAILURE TO OBEY TRAFFIC SIGNS SIGNALS OR OFFICER,ON ROADWAY AT CROSSWALK,DISOBEYED PED. SIGNAL,LIGHT CLOTHING,Yes,SUSPECTED MINOR INJURY,N/A,38.97778527,-77.10072041,"(38.97778527, -77.10072041)"
MCP1121003L,180003360,Montgomery County Police,Injury Crash,01/20/2018 07:25:00 PM,Maryland (State),MUNCASTER MILL RD,County,REDLAND RD,,N/A,PEDESTRIAN,SINGLE VEHICLE,CLEAR,DRY,DARK LIGHTS ON,TRAFFIC SIGNAL,NONE DETECTED,NONE DETECTED,022045FD-765B-488E-B0B8-20ADAE64215B,PEDESTRIAN,Cross/Enter at Intersection,DART DASH,AT INTERSECTION MARKED CROSSWALK,DISOBEYED PED. SIGNAL,MIXED CLOTHING,Yes,POSSIBLE INJURY,NONE,39.14544,-77.14410167,"(39.14544, -77.14410167)"
MCP229800QM,200003434,Montgomery County Police,Injury Crash,01/21/2020 03:22:00 PM,County,SHADY GROVE RD,Municipality,FALLSGROVE BLVD,,ROCKVILLE,PEDESTRIAN,OTHER,CLEAR,DRY,DAYLIGHT,TRAFFIC SIGNAL,NONE DETECTED,NONE DETECTED,A5592435-3078-44AB-BFF2-C126B29340BE,PEDESTRIAN,Cross/Enter not at Intersection,IN ROADWAY IMPROPERLY,ON ROADWAY NOT AT CROSSWALK,DISOBEYED PED. SIGNAL,MIXED CLOTHING,Yes,SUSPECTED SERIOUS INJURY,NONE,39.09712587,-77.19440379,"(39.09712587, -77.19440379)"
MCP2420003V,200029614,Montgomery County Police,Injury Crash,07/30/2020 05:53:00 PM,County,EMORY LA,County,JILRICK ST,,N/A,BICYCLIST,SAME DIR REAR END,N/A,DRY,DAYLIGHT,NO CONTROLS,N/A,NONE DETECTED,F2F07AB9-C65E-457C-907F-1E9CE0441696,BICYCLIST,Walking/Riding w/Traffic,UNKNOWN,OTHER,N/A,LIGHT CLOTHING,Unknown,POSSIBLE INJURY,MC/BIKE HELMET,39.126365,-77.08620333,"(39.126365, -77.08620333)"
MCP2686003G,190034560,Montgomery County Police,Injury Crash,07/20/2019 07:49:00 AM,County,FATHER HURLEY BLVD,Unknown,SAWYER TERR,,N/A,BICYCLIST,STRAIGHT MOVEMENT ANGLE,N/A,DRY,DAYLIGHT,STOP SIGN,N/A,N/A,AFDE0D0B-1059-4C02-9CF7-6CE5FEF7ECED,BICYCLIST,Cross/Enter at Intersection,N/A,ON ROADWAY AT CROSSWALK,NO PED. SIGNAL,MIXED CLOTHING,No,SUSPECTED MINOR INJURY,NONE,39.171055,-77.28413333,"(39.171055, -77.28413333)"
MCP2492000J,15066635,MONTGOMERY,Fatal Crash,12/28/2015 07:28:00 PM,Maryland (State),VEIRS MILL RD,County,TURKEY BRANCH PKWY,,N/A,BICYCLIST,OTHER,RAINING,WET,DARK LIGHTS ON,WARNING SIGN,NONE DETECTED,UNKNOWN,3FF25FAE-8BD6-4A28-9777-7A88AE8666C6,BICYCLIST,Cross/Enter at Intersection,UNKNOWN,ON ROADWAY AT CROSSWALK,NO PED. SIGNAL,DARK CLOTHING,Unknown,FATAL INJURY,MC/BIKE HELMET,39.06005167,-77.089165,"(39.06005167, -77.089165)"
HA23680008,16000440,Maryland-National Capital,Injury Crash,04/16/2016 11:00:00 AM,Government,LITTLE FALLS PKWY,Government,HILLANDALE RD,,N/A,BICYCLIST,STRAIGHT MOVEMENT ANGLE,CLEAR,DRY,DAYLIGHT,OTHER,NONE DETECTED,NONE DETECTED,371634CF-EE91-44E7-9241-8DE7758A79A3,BICYCLIST,Other,NO IMPROPER ACTIONS,ON ROADWAY AT CROSSWALK,N/A,MIXED CLOTHING,No,POSSIBLE INJURY,NONE,38.9733897,-77.10132122,"(38.9733897, -77.10132122)"
MCP3227002L,210032187,Montgomery County Police,Injury Crash,08/18/2021 06:03:00 PM,County,CARROLL AVE,Maryland (State),UNIVERSITY BLVD E,,N/A,PEDESTRIAN,SINGLE VEHICLE,CLEAR,DRY,DAYLIGHT,NO CONTROLS,NONE DETECTED,NONE DETECTED,F397A0AB-7318-4FF1-BB39-1D90AE73F470,PEDESTRIAN,Cross/Enter not at Intersection,DART DASH,ON ROADWAY NOT AT CROSSWALK,NO PED. SIGNAL,MIXED CLOTHING,Yes,SUSPECTED MINOR INJURY,N/A,38.99366283,-76.99300267,"(38.99366283, -76.99300267)"
EJ78390025,170516483,Gaithersburg Police Depar,Injury Crash,06/29/2017 06:15:00 PM,County,GAME PRESERVE RD,County,ARROWSMITH CT,,N/A,BICYCLIST,OTHER,CLEAR,DRY,DAYLIGHT,NO CONTROLS,NONE DETECTED,NONE DETECTED,85CEF4F4-67A2-46AA-A43A-ACEC40102C88,BICYCLIST,Cross/Enter at Intersection,IN ROADWAY IMPROPERLY,OUTSIDE RIGHT OF WAY,NO PED. SIGNAL,DARK CLOTHING,Yes,SUSPECTED MINOR INJURY,NONE,39.16404333,-77.22304167,"(39.16404333, -77.22304167)"
MCP271700B4,17012660,Montgomery County Police,Injury Crash,03/10/2017 03:11:00 PM,,,,,11355 WOODGLEN DRIVE (UNDERGROUND PARKING GARAGE OF 'WHOLE FOODS MARKET'),,PEDESTRIAN,OTHER,N/A,,OTHER,NO CONTROLS,NONE DETECTED,NONE DETECTED,6CFA10C9-271C-4379-B2CB-CBCB3B835E38,PEDESTRIAN,Other,NO IMPROPER ACTIONS,OTHER,NO PED. SIGNAL,MIXED CLOTHING,No,SUSPECTED MINOR INJURY,NONE,39.04293533,-77.11369817,"(39.04293533, -77.11369817)"
MCP28180022,16041124,Montgomery County Police,Injury Crash,08/13/2016 05:37:00 PM,County,FENTON ST,US (State),COLESVILLE RD,,N/A,PEDESTRIAN,OTHER,CLEAR,DRY,N/A,TRAFFIC SIGNAL,NONE DETECTED,NONE DETECTED,726029E9-22E4-401B-BF8F-47182A4389B4,PEDESTRIAN,Cross/Enter at Intersection,NO IMPROPER ACTIONS,AT INTERSECTION MARKED CROSSWALK,OBEYED PED. SIGNAL,DARK CLOTHING,No,SUSPECTED MINOR INJURY,N/A,38.99752833,-77.02718167,"(38.99752833, -77.02718167)"
MCP15640070,230009627,Montgomery County Police,Injury Crash,02/26/2023 01:41:00 PM,Ramp,RAMP 6 FR RP 3 (FR MD200 EB) TO MD97 SB,Maryland (State),GEORGIA AVE,,N/A,BICYCLIST,OTHER,CLEAR,DRY,DAYLIGHT,NO CONTROLS,NONE DETECTED,NONE DETECTED,EE3B38C1-530B-427E-A568-E7BBEFB8D454,BICYCLIST,Walking/Riding w/Traffic,NO IMPROPER ACTIONS,ON ROADWAY NOT AT CROSSWALK,N/A,LIGHT CLOTHING,No,SUSPECTED MINOR INJURY,MC/BIKE HELMET,39.117673,-77.07472367,"(39.117673, -77.07472367)"
MCP26170020,16028374,Montgomery County Police,Injury Crash,06/06/2016 04:07:00 PM,County,GROSVENOR LA,Unknown,KING CHARLES WAY,,N/A,BICYCLIST,OTHER,CLEAR,DRY,DAYLIGHT,NO CONTROLS,NONE DETECTED,NONE DETECTED,AC028C1A-C329-4D99-A71B-0456AD4D8354,BICYCLIST,Cross/Enter at Intersection,NO IMPROPER ACTIONS,ON ROADWAY AT CROSSWALK,OBEYED PED. SIGNAL,LIGHT CLOTHING,No,SUSPECTED MINOR INJURY,MC/BIKE HELMET,39.02274,-77.105055,"(39.02274, -77.105055)"
DD561500DK,220051178,Rockville Police Departme,Property Damage Crash,11/19/2022 07:45:00 AM,Municipality,TWINBROOK PKWY,Municipality,CHAPMAN AVE,,ROCKVILLE,BICYCLIST,STRAIGHT MOVEMENT ANGLE,CLEAR,DRY,DAYLIGHT,TRAFFIC SIGNAL,NONE DETECTED,NONE DETECTED,5A96D84B-EEE1-4B82-B809-D5119A8AA7E5,BICYCLIST,Cross/Enter at Intersection,FAILURE TO YIELD RIGHT OF WAY,AT INTERSECTION MARKED CROSSWALK,DISOBEYED PED. SIGNAL,LIGHT CLOTHING,Yes,NO APPARENT INJURY,NONE,39.05880939,-77.11901631,"(39.05880939, -77.11901631)"
MCP2829001J,15040654,MONTGOMERY,Injury Crash,08/14/2015 09:48:00 PM,County,LOCKWOOD DR,Unknown,ENT TO SHOPPING CENTER,,N/A,PEDESTRIAN,OTHER,CLEAR,DRY,DARK LIGHTS ON,TRAFFIC SIGNAL,NONE DETECTED,NONE DETECTED,C5F04910-63BB-4DE1-89FB-761674623A04,PEDESTRIAN,Cross/Enter at Intersection,IN ROADWAY IMPROPERLY,UNKNOWN,DISOBEYED PED. SIGNAL,MIXED CLOTHING,Yes,SUSPECTED MINOR INJURY,NONE,39.004363,-76.996607,"(39.004363, -76.996607)"
MCP3228001Y,210023945,Montgomery County Police,Injury Crash,06/22/2021 08:19:00 PM,Maryland (State),GEORGIA AVE,US (State),COLESVILLE RD,,N/A,OTHER CONVEYANCE,OTHER,CLEAR,DRY,DAYLIGHT,NO CONTROLS,UNKNOWN,NONE DETECTED,AAF5CCFB-A067-4D9F-B0C8-CD1B7BA29E7C,OTHER CONVEYANCE,Walking/Riding w/Traffic,IN ROADWAY IMPROPERLY,ON ROADWAY NOT AT CROSSWALK,N/A,LIGHT CLOTHING,Yes,SUSPECTED SERIOUS INJURY,MC/BIKE HELMET,38.99627009,-77.02857405,"(38.99627009, -77.02857405)"
MCP9113001W,16046883,Montgomery County Police,Injury Crash,09/13/2016 09:38:00 AM,Maryland (State),CONNECTICUT AVE,County,ISBELL ST,,N/A,PEDESTRIAN,OTHER,CLEAR,DRY,DAYLIGHT,NO CONTROLS,NONE DETECTED,NONE DETECTED,1C6B2FA1-EFB8-4D75-9F02-0DBB523597D0,PEDESTRIAN,Cross/Enter at Intersection,DART DASH,AT INTERSECTION BUT NO CROSSWALK,NO PED. SIGNAL,OTHER,Unknown,POSSIBLE INJURY,N/A,39.06450833,-77.074015,"(39.06450833, -77.074015)"
DD5606003J,16033858,Rockville Police Departme,Property Damage Crash,07/04/2016 07:21:00 PM,Municipality,BRADLEY AVE,Municipality,BRADLEY CT,,ROCKVILLE,OTHER,OTHER,RAINING,WET,DUSK,NO CONTROLS,NONE DETECTED,N/A,0803FF75-B862-44F4-A455-F90D349CE0EB,OTHER,N/A,NO IMPROPER ACTIONS,N/A,N/A,N/A,No,NO APPARENT INJURY,N/A,39.07888311,-77.11747885,"(39.07888311, -77.11747885)"
MCP2464000J,16015960,Montgomery County Police,Injury Crash,04/01/2016 05:24:00 PM,County,DEMOCRACY BLVD,County,FERNWOOD RD,,N/A,BICYCLIST,STRAIGHT MOVEMENT ANGLE,CLEAR,DRY,DAYLIGHT,TRAFFIC SIGNAL,NONE DETECTED,NONE DETECTED,3878E335-34FC-4D8D-BACD-3EC374E7784D,BICYCLIST,Cross/Enter at Intersection,FAILURE TO YIELD RIGHT OF WAY,ON ROADWAY AT CROSSWALK,DISOBEYED PED. SIGNAL,MIXED CLOTHING,Yes,SUSPECTED MINOR INJURY,NONE,39.02188167,-77.1351,"(39.02188167, -77.1351)"
DD56140008,16004277,Rockville Police Departme,Injury Crash,01/26/2016 08:05:00 PM,Maryland (State),ROCKVILLE PIKE,Unknown,CROSSOVER,,N/A,PEDESTRIAN,OTHER,CLEAR,WET,DARK LIGHTS ON,NO CONTROLS,NONE DETECTED,NONE DETECTED,BDB1EEAD-34A5-4861-82B5-6CA08C98E8A2,PEDESTRIAN,Other,IN ROADWAY IMPROPERLY,ON ROADWAY NOT AT CROSSWALK,NO PED. SIGNAL,MIXED CLOTHING,Yes,SUSPECTED MINOR INJURY,NONE,39.07353667,-77.13403167,"(39.07353667, -77.13403167)"