Report Number,Local Case Number,Agency Name,ACRS Report Type,Crash Date/Time,Route Type,Road Name,Cross-Street Type,Cross-Street Name,Off-Road Description,Municipality,Related Non-Motorist,Collision Type,Weather,Surface Condition,Light,Traffic Control,Driver Substance Abuse,Non-Motorist Substance Abuse,Person ID,Pedestrian Type,Pedestrian Movement,Pedestrian Actions,Pedestrian Location,Pedestrian Obeyed Traffic Signal,Pedestrian Visibility,At Fault,Injury Severity,Safety Equipment,Latitude,Longitude,Location
MCP1202000K,15030096,Montgomery County Police,Injury Crash,06/20/2015 08:06:00 AM,County,MACARTHUR BLVD,County,MOHICAN RD,,N/A,BICYCLIST,HEAD ON LEFT TURN,CLEAR,DRY,DAYLIGHT,NO CONTROLS,NONE DETECTED,NONE DETECTED,51461ADE-EFB9-4089-BA20-37F3FE918622,BICYCLIST,Walking/Riding w/Traffic,NO IMPROPER ACTIONS,IN BIKEWAY,N/A,N/A,,SUSPECTED MINOR INJURY,MC/BIKE HELMET,38.95980667,-77.13144167,"(38.95980667, -77.13144167)"
MCP1227000L,16062682,Montgomery County Police,Fatal Crash,12/06/2016 05:41:00 PM,Municipality,CHAPMAN AVE,Municipality,BOUIC AVE,,ROCKVILLE,PEDESTRIAN,SINGLE VEHICLE,RAINING,WET,DARK LIGHTS ON,N/A,NONE DETECTED,NONE DETECTED,ADBD8F30-FD12-4F37-9B78-3C61D1E2B690,PEDESTRIAN,Cross/Enter at Intersection,UNKNOWN,ON ROADWAY AT CROSSWALK,NO PED. SIGNAL,DARK CLOTHING,Unknown,FATAL INJURY,NONE,39.06111552,-77.12100327,"(39.06111552, -77.12100327)"
MCP2546002L,180056820,Montgomery County Police,Injury Crash,11/12/2018 05:20:00 PM,Municipality,BEALL AVE #2,Municipality,GIBBS STREET,,ROCKVILLE,PEDESTRIAN,OTHER,RAINING,WET,DARK LIGHTS ON,NO CONTROLS,NONE DETECTED,NONE DETECTED,929E3424-88B4-4B92-BBA8-E0063E73B6F4,PEDESTRIAN,Unknown,UNKNOWN,UNKNOWN,UNKNOWN,LIGHT CLOTHING,Unknown,SUSPECTED SERIOUS INJURY,N/A,39.087058,-77.15198,"(39.087058, -77.15198)"
DD5649002M,220042539,Rockville Police Departme,Injury Crash,09/29/2022 05:49:00 PM,Municipality,MONROE ST,Municipality,ARGYLE ST,,ROCKVILLE,PEDESTRIAN,OTHER,N/A,DRY,DAYLIGHT,NO CONTROLS,N/A,N/A,0D756C0A-5695-4681-AD9F-AE8ADA05DF19,PEDESTRIAN,Getting off/on Vehicle,INATTENTIVE,OTHER,NO PED. SIGNAL,DARK CLOTHING,Yes,SUSPECTED MINOR INJURY,NONE,39.0774844,-77.1515522,"(39.0774844, -77.1515522)"
MCP0973000W,180053691,Montgomery County Police,Injury Crash,10/26/2018 03:21:00 PM,County,MONTGOMERY LA,County,WOODMONT AVE,,N/A,PEDESTRIAN,SINGLE VEHICLE,CLOUDY,WET,DAYLIGHT,TRAFFIC SIGNAL,NONE DETECTED,NONE DETECTED,4AC3761A-675C-4429-BF62-9F8365587C84,PEDESTRIAN,Cross/Enter at Intersection,FAILURE TO OBEY TRAFFIC SIGNS SIGNALS OR OFFICER,ON ROADWAY AT CROSSWALK,DISOBEYED PED. SIGNAL,DARK CLOTHING,Yes,SUSPECTED MINOR INJURY,N/A,38.98390667,-77.09543667,"(38.98390667, -77.09543667)"
MCP3053001X,180020607,Montgomery County Police,Injury Crash,04/27/2018 12:44:00 PM,County,INDEPENDENCE ST,County,PARKLAND DR,,N/A,PEDESTRIAN,OTHER,CLOUDY,DRY,DAYLIGHT,NO CONTROLS,N/A,N/A,0BD058F5-F8CE-486C-A3D3-2CB77BA0DDAE,PEDESTRIAN,Walking/Riding against Traffic,DART DASH,ON ROADWAY NOT AT CROSSWALK,NO PED. SIGNAL,LIGHT CLOTHING,Yes,POSSIBLE INJURY,N/A,39.07285333,-77.08617667,"(39.07285333, -77.08617667)"
MCP29730025,16049321,Montgomery County Police,Injury Crash,09/25/2016 12:27:00 PM,County,FALCON ST,County,CALDWELL ST,,N/A,PEDESTRIAN,N/A,CLEAR,DRY,DAYLIGHT,NO CONTROLS,NONE DETECTED,N/A,7297DF94-800E-4964-AD31-B7E6CC4E80CD,PEDESTRIAN,Playing,DART DASH,ON ROADWAY NOT AT CROSSWALK,NO PED. SIGNAL,MIXED CLOTHING,Yes,POSSIBLE INJURY,NONE,39.06687021,-77.09160894,"(39.06687021, -77.09160894)"
MCP2767001L,15061598,MONTGOMERY,Injury Crash,12/02/2015 07:20:00 PM,,,,,"In parking lot of Target store @ 11160 Veirs Mill Road, Wheaton MD 20902, Westfield Shopping Plaza.",,PEDESTRIAN,SINGLE VEHICLE,RAINING,,DARK LIGHTS ON,NO CONTROLS,NONE DETECTED,NONE DETECTED,1212E1EE-7839-4C3F-8846-51DEBEC33A63,PEDESTRIAN,Cross/Enter at Intersection,FAILURE TO YIELD RIGHT OF WAY,OUTSIDE RIGHT OF WAY,NO PED. SIGNAL,MIXED CLOTHING,Yes,SUSPECTED MINOR INJURY,N/A,39.03631,-77.056795,"(39.03631, -77.056795)"
MCP2771001C,220045999,Montgomery County Police,Property Damage Crash,10/20/2022 07:58:00 AM,Maryland (State),GEORGIA AVE,County,BEL PRE RD,,N/A,PEDESTRIAN,STRAIGHT MOVEMENT ANGLE,CLEAR,DRY,DAYLIGHT,NO CONTROLS,N/A,N/A,564B8296-F40B-429B-BE30-9B4CB880F365,PEDESTRIAN,Cross/Enter not at Intersection,DART DASH,ON ROADWAY NOT AT CROSSWALK,NO PED. SIGNAL,MIXED CLOTHING,Yes,NO APPARENT INJURY,NONE,39.05838333,-77.04797667,"(39.05838333, -77.04797667)"
MCP9422001H,180025275,Montgomery County Police,Injury Crash,05/23/2018 10:30:00 AM,County,PLUM ORCHARD DR,County,CHERRY HILL RD,,N/A,PEDESTRIAN,STRAIGHT MOVEMENT ANGLE,CLEAR,DRY,DAYLIGHT,TRAFFIC SIGNAL,NONE DETECTED,NONE DETECTED,DD7C0E17-B122-4EB7-B8CE-ACB3341B9240,PEDESTRIAN,Cross/Enter at Intersection,NO IMPROPER ACTIONS,AT INTERSECTION MARKED CROSSWALK,OBEYED PED. SIGNAL,MIXED CLOTHING,No,POSSIBLE INJURY,N/A,39.052505,-76.953375,"(39.052505, -76.953375)"
EJ7876002V,200041001,Gaithersburg Police Depar,Injury Crash,10/17/2020 07:00:00 PM,County,GOSHEN RD,Municipality,ODENDHAL AVE,,GAITHERSBURG,BICYCLIST,OTHER,CLEAR,DRY,DARK LIGHTS ON,TRAFFIC SIGNAL,NONE DETECTED,NONE DETECTED,1185B870-A510-4743-AABB-DDFE09A57AF0,BICYCLIST,Cross/Enter at Intersection,NO IMPROPER ACTIONS,ON ROADWAY AT CROSSWALK,UNKNOWN,DARK CLOTHING,No,POSSIBLE INJURY,NONE,39.1525673,-77.19280328,"(39.1525673, -77.19280328)"
MCP2843000G,15055270,MONTGOMERY,Injury Crash,10/30/2015 07:43:00 PM,Municipality,GIRARD ST,Municipality,VICTORY FARM DR,,GAITHERSBURG,BICYCLIST,STRAIGHT MOVEMENT ANGLE,CLEAR,DRY,DARK LIGHTS ON,NO CONTROLS,NONE DETECTED,NONE DETECTED,D61892CA-144D-452B-AA3F-4D42E184157C,BICYCLIST,Cross/Enter at Intersection,FAILURE TO YIELD RIGHT OF WAY,AT INTERSECTION MARKED CROSSWALK,NO PED. SIGNAL,MIXED CLOTHING,Yes,POSSIBLE INJURY,NONE,39.14664092,-77.18492568,"(39.14664092, -77.18492568)"
MCP25520028,180000091,Montgomery County Police,Injury Crash,01/01/2018 03:25:00 PM,,,,,"PARKING LOT OF 12051 ROCKVILLE PIKE, ROCKVILLE, MD 20851.",,PEDESTRIAN,OTHER,CLEAR,,DAYLIGHT,N/A,N/A,N/A,C4345F08-F201-4AAF-BA22-1B3482F5B76C,PEDESTRIAN,Cross/Enter not at Intersection,NO IMPROPER ACTIONS,ON ROADWAY AT CROSSWALK,N/A,N/A,No,SUSPECTED MINOR INJURY,N/A,39.05494275,-77.11521506,"(39.05494275, -77.11521506)"
MCP2228000P,200001033,Montgomery County Police,Injury Crash,01/07/2020 09:40:00 AM,County,MONTROSE RD,Municipality,TILDENWOOD DR,,ROCKVILLE,PEDESTRIAN,SINGLE VEHICLE,N/A,DRY,DAYLIGHT,TRAFFIC SIGNAL,NONE DETECTED,NONE DETECTED,55A250BA-F78E-45D8-98A8-2FADF6807426,PEDESTRIAN,Cross/Enter at Intersection,NO IMPROPER ACTIONS,ON ROADWAY AT CROSSWALK,OBEYED PED. SIGNAL,DARK CLOTHING,No,SUSPECTED MINOR INJURY,NONE,39.053775,-77.13771333,"(39.053775, -77.13771333)"
MCP2046009H,190004682,Montgomery County Police,Injury Crash,01/30/2019 06:44:00 AM,US (State),COLUMBIA PIKE,County,STEWART LA,,N/A,PEDESTRIAN,STRAIGHT MOVEMENT ANGLE,CLEAR,N/A,DARK LIGHTS ON,TRAFFIC SIGNAL,NONE DETECTED,NONE DETECTED,E0354840-7F4F-4FE8-84D4-9615BD7DE4FD,PEDESTRIAN,Cross/Enter at Intersection,NO IMPROPER ACTIONS,AT INTERSECTION BUT NO CROSSWALK,NO PED. SIGNAL,MIXED CLOTHING,No,POSSIBLE INJURY,N/A,39.04634667,-76.98751833,"(39.04634667, -76.98751833)"
MCP3051002D,180053703,Montgomery County Police,Injury Crash,10/26/2018 04:29:00 PM,Maryland (State),OLD GEORGETOWN RD,County,CORDELL AVE,,N/A,PEDESTRIAN,OTHER,CLEAR,DRY,DAYLIGHT,NO CONTROLS,NONE DETECTED,NONE DETECTED,7CC39BC0-0B51-48F4-A2F0-67B46AF0E0B9,PEDESTRIAN,Cross/Enter at Intersection,NO IMPROPER ACTIONS,ON ROADWAY AT CROSSWALK,UNKNOWN,MIXED CLOTHING,No,POSSIBLE INJURY,NONE,38.98812833,-77.09979333,"(38.98812833, -77.09979333)"
DD5574000B,15057604,ROCKVILLE,Injury Crash,11/11/2015 05:46:00 PM,Municipality,VEIRS MILL SERV RD,Municipality,CLAGETT DR,,ROCKVILLE,PEDESTRIAN,SINGLE VEHICLE,CLEAR,DRY,DARK NO LIGHTS,NO CONTROLS,NONE DETECTED,NONE DETECTED,23D48318-35E7-4165-89F2-1A21B2857C07,PEDESTRIAN,Cross/Enter at Intersection,N/A,AT INTERSECTION BUT NO CROSSWALK,NO PED. SIGNAL,MIXED CLOTHING,No,SUSPECTED SERIOUS INJURY,NONE,39.07829178,-77.12795019,"(39.07829178, -77.12795019)"
MCP2456001C,16059594,Montgomery County Police,Injury Crash,11/19/2016 11:24:00 AM,Maryland (State),FLOWER AVE,Municipality,DOMER AVE,,TAKOMA PARK,OTHER,STRAIGHT MOVEMENT ANGLE,CLEAR,DRY,DAYLIGHT,NO CONTROLS,NONE DETECTED,NONE DETECTED,4374D5B2-2324-4E89-AFC2-E6C5CC26809C,OTHER,Other,NO IMPROPER ACTIONS,SIDEWALK,N/A,N/A,No,NO APPARENT INJURY,N/A,38.99662333,-77.00298667,"(38.99662333, -77.00298667)"
MCP2917005K,190047266,Montgomery County Police,Injury Crash,10/02/2019 02:34:00 PM,Maryland (State),NEW HAMPSHIRE AVE,County,BRIGHTON DAM RD,,N/A,BICYCLIST,SAME DIR REAR END,CLEAR,DRY,DAYLIGHT,NO CONTROLS,NONE DETECTED,NONE DETECTED,23BE9A5F-3A32-4A9B-B987-31CD58DECAFC,BICYCLIST,Walking/Riding w/Traffic,IN ROADWAY IMPROPERLY,SHOULDER,NO PED. SIGNAL,DARK CLOTHING,Unknown,SUSPECTED MINOR INJURY,NONE,39.19523661,-77.02560639,"(39.19523661, -77.02560639)"
EJ7853001Q,16011574,Gaithersburg Police Depar,Injury Crash,03/08/2016 07:15:00 PM,County,MUDDY BRANCH RD,Municipality,WEST SIDE DR,,GAITHERSBURG,PEDESTRIAN,SAME DIRECTION SIDESWIPE,CLEAR,DRY,DARK LIGHTS ON,TRAFFIC SIGNAL,NONE DETECTED,ALCOHOL PRESENT,F40DABE2-02CC-4019-80C9-D191EDC31A4D,PEDESTRIAN,Other,OTHER,CURB,OTHER,DARK CLOTHING,Yes,POSSIBLE INJURY,N/A,39.126825,-77.21024667,"(39.126825, -77.21024667)"
MCP2008001L,15059160,MONTGOMERY,Injury Crash,11/19/2015 05:47:00 PM,Maryland (State),CONNECTICUT AVE,Maryland (State),PLYERS MILL RD,,N/A,PEDESTRIAN,OTHER,RAINING,WET,DARK LIGHTS ON,TRAFFIC SIGNAL,NONE DETECTED,NONE DETECTED,38F0F74D-6826-4A57-A079-F32FD1AFE20E,PEDESTRIAN,Cross/Enter at Intersection,NO IMPROPER ACTIONS,ON ROADWAY AT CROSSWALK,OBEYED PED. SIGNAL,DARK CLOTHING,No,SUSPECTED SERIOUS INJURY,N/A,39.03023,-77.07536,"(39.03023, -77.07536)"
MCP27850028,17002220,Montgomery County Police,Injury Crash,01/13/2017 12:14:00 PM,Maryland (State),INTERCOUNTY CONNECTOR,Ramp,RAMP 2 FR MD 200 WB TO BRIGGS CHANEY RD,,N/A,PEDESTRIAN,OTHER,CLEAR,DRY,DAYLIGHT,TRAFFIC SIGNAL,N/A,N/A,C8A2915E-91B2-46F0-96B7-519ADA5BDBE8,PEDESTRIAN,Cross/Enter at Intersection,NO IMPROPER ACTIONS,ON ROADWAY AT CROSSWALK,OBEYED PED. SIGNAL,MIXED CLOTHING,No,POSSIBLE INJURY,N/A,39.07437721,-76.93990588,"(39.07437721, -76.93990588)"
MCP9379000G,15000697,Montgomery County Police,Injury Crash,01/05/2015 12:23:00 PM,Maryland (State),FREDERICK RD,Municipality,KING FARM BLVD,,ROCKVILLE,PEDESTRIAN,HEAD ON LEFT TURN,CLEAR,DRY,DAYLIGHT,TRAFFIC SIGNAL,N/A,NONE DETECTED,FDEDF7D9-E358-49EC-9552-FA61069E098A,PEDESTRIAN,Cross/Enter at Intersection,NO IMPROPER ACTIONS,ON ROADWAY AT CROSSWALK,OBEYED PED. SIGNAL,DARK CLOTHING,,POSSIBLE INJURY,N/A,39.116905,-77.16849167,"(39.116905, -77.16849167)"
MCP285900BY,220014023,Montgomery County Police,Injury Crash,04/02/2022 10:50:00 AM,County,MONTGOMERY VILLAGE AVE,County,WHETSTONE DR,,N/A,PEDESTRIAN,OTHER,CLEAR,DRY,DAYLIGHT,WARNING SIGN,NONE DETECTED,NONE DETECTED,40A818BA-5E7B-4439-86CA-937ED194F97C,PEDESTRIAN,Cross/Enter at Intersection,NO IMPROPER ACTIONS,ON ROADWAY AT CROSSWALK,NO PED. SIGNAL,MIXED CLOTHING,No,POSSIBLE INJURY,NONE,39.1706,-77.20392667,"(39.1706, -77.20392667)"
MCP2339000Y,15020839,Montgomery County Police,Property Damage Crash,05/03/2015 03:08:00 AM,County,ASPEN HILL RD,County,EADES ST,,N/A,OTHER,SAME DIR REAR END,CLEAR,DRY,DARK -- UNKNOWN LIGHTING,NO CONTROLS,ILLEGAL DRUG PRESENT,N/A,DCA2F068-A328-40CC-A347-DCF3ECF1D503,OTHER,N/A,N/A,N/A,N/A,N/A,,NO APPARENT INJURY,N/A,39.07341,-77.095435,"(39.07341, -77.095435)"
MCP2496003C,220030048,Montgomery County Police,Injury Crash,07/13/2022 09:58:00 AM,Municipality,SENECA CHASE PARK RD,Municipality,SPATES HILL RD,,POOLESVILLE,PEDESTRIAN,SINGLE VEHICLE,CLEAR,DRY,DAYLIGHT,NO CONTROLS,NONE DETECTED,NONE DETECTED,B5116F54-3D31-4883-B7F7-2CCF7ED59A6D,PEDESTRIAN,Getting off/on Vehicle,UNKNOWN,ON ROADWAY NOT AT CROSSWALK,NO PED. SIGNAL,LIGHT CLOTHING,Unknown,SUSPECTED MINOR INJURY,REFLECTIVE CLOTHING,39.11399667,-77.27276667,"(39.11399667, -77.27276667)"
MCP27890050,180043679,Montgomery County Police,Injury Crash,09/01/2018 05:35:00 PM,Maryland (State),GEORGIA AVE,US (State),COLESVILLE RD,,N/A,PEDESTRIAN,SINGLE VEHICLE,CLEAR,DRY,DAYLIGHT,TRAFFIC SIGNAL,N/A,N/A,6A1362BB-6808-49D1-8357-AD17D4029552,PEDESTRIAN,Cross/Enter at Intersection,NO IMPROPER ACTIONS,AT INTERSECTION MARKED CROSSWALK,OBEYED PED. SIGNAL,MIXED CLOTHING,No,POSSIBLE INJURY,N/A,38.99581667,-77.02813,"(38.99581667, -77.02813)"
MCP31630043,220001026,Montgomery County Police,Injury Crash,01/09/2022 05:34:00 PM,Maryland (State),ROCKVILLE PIKE,County,MARINELLI RD,,N/A,PEDESTRIAN,STRAIGHT MOVEMENT ANGLE,RAINING,WET,DARK LIGHTS ON,TRAFFIC SIGNAL,N/A,N/A,E14B39FB-7C9C-4500-B0B5-918A6B15FC0B,PEDESTRIAN,Cross/Enter at Intersection,N/A,ON ROADWAY AT CROSSWALK,OBEYED PED. SIGNAL,HEAD LIGHT,No,POSSIBLE INJURY,N/A,39.04946202,-77.10907586,"(39.04946202, -77.10907586)"
MCP31090047,200012150,Montgomery County Police,Injury Crash,03/12/2020 08:52:00 AM,Other Public Roadway,PERSHING DR,County,WAYNE AVE,,N/A,PEDESTRIAN,SINGLE VEHICLE,CLEAR,DRY,DAYLIGHT,NO CONTROLS,UNKNOWN,NONE DETECTED,C4165AF2-8BEE-45BD-A0E2-F9092FC1E35D,PEDESTRIAN,Walking/Riding w/Traffic,NO IMPROPER ACTIONS,ON ROADWAY NOT AT CROSSWALK,NO PED. SIGNAL,LIGHT CLOTHING,Unknown,POSSIBLE INJURY,N/A,38.99387884,-77.02615967,"(38.99387884, -77.02615967)"
MCP3249003Q,220024244,Montgomery County Police,Injury Crash,06/06/2022 04:00:00 PM,Ramp,RAMP 4 FR US 29 NB TO MD 198 EB,Maryland (State),SANDY SPRING RD,,N/A,PEDESTRIAN,OTHER,CLEAR,DRY,DAYLIGHT,TRAFFIC SIGNAL,NONE DETECTED,NONE DETECTED,875A33BA-5D11-4526-93D9-90C54951F0D9,PEDESTRIAN,Cross/Enter at Intersection,NO IMPROPER ACTIONS,ON ROADWAY AT CROSSWALK,OBEYED PED. SIGNAL,MIXED CLOTHING,No,NO APPARENT INJURY,NONE,39.11157667,-76.92853833,"(39.11157667, -76.92853833)"
MCP30940029,220051881,Montgomery County Police,Injury Crash,11/23/2022 06:46:00 PM,,,,,"PARKING LOT OF 19235 WATKINS MILL RD, MONTGOMERY VILLAGE, MD 20886",,PEDESTRIAN,OTHER,N/A,,DARK LIGHTS ON,N/A,"NONE DETECTED, UNKNOWN",NONE DETECTED,F0E7DF52-EE9B-4797-A293-E8BF59B56D2B,PEDESTRIAN,Other,IN ROADWAY IMPROPERLY,N/A,N/A,DARK CLOTHING,No,POSSIBLE INJURY,NONE,39.17233433,-77.20610483,"(39.17233433, -77.20610483)"
MCP12330052,230004363,Montgomery County Police,Injury Crash,01/26/2023 07:05:00 PM,,,,,5500 BLK OF RANDOLPH RD.,,PEDESTRIAN,STRAIGHT MOVEMENT ANGLE,N/A,,DARK NO LIGHTS,NO CONTROLS,NONE DETECTED,NONE DETECTED,784D8F3C-C096-488E-8AF8-E050C903FF5E,PEDESTRIAN,Other,NO IMPROPER ACTIONS,OTHER,N/A,MIXED CLOTHING,No,POSSIBLE INJURY,N/A,39.05255167,-77.111165,"(39.05255167, -77.111165)"
MCP2358003J,170516006,Montgomery County Police,Injury Crash,06/27/2017 12:32:00 PM,County,HARTMAN CT,County,CARMELITA DR,,N/A,PEDESTRIAN,OTHER,CLEAR,DRY,DAYLIGHT,NO CONTROLS,,NONE DETECTED,DF8103FC-A518-4EEF-9F2B-0DC77FA8ACD4,PEDESTRIAN,Getting off/on Vehicle,NO IMPROPER ACTIONS,OTHER,N/A,MIXED CLOTHING,No,SUSPECTED MINOR INJURY,N/A,39.019355,-77.174371,"(39.019355, -77.174371)"
DD56140022,17006536,Rockville Police Departme,Injury Crash,02/06/2017 06:15:00 PM,Municipality,MONROE ST,Other Public Roadway,MONROE PL,,N/A,PEDESTRIAN,STRAIGHT MOVEMENT ANGLE,CLEAR,DRY,DARK LIGHTS ON,STOP SIGN,NONE DETECTED,NONE DETECTED,C1816816-AADD-423D-AEB1-10873A6BE69E,PEDESTRIAN,Cross/Enter at Intersection,NO IMPROPER ACTIONS,ON ROADWAY AT CROSSWALK,NO PED. SIGNAL,MIXED CLOTHING,No,POSSIBLE INJURY,NONE,39.08324367,-77.14895067,"(39.08324367, -77.14895067)"
MCP271700SG,200035252,Montgomery County Police,Injury Crash,09/08/2020 07:10:00 PM,,,,,5000 BRADLEY BLVD (PARKING LOT EXIT OF SAFEWAY GROCERY),,BICYCLIST,OTHER,CLEAR,,DARK LIGHTS ON,NO CONTROLS,UNKNOWN,NONE DETECTED,DC5DB57C-7A8B-4DCB-90AD-4D99ECCDF163,BICYCLIST,Cross/Enter at Intersection,NO IMPROPER ACTIONS,ON ROADWAY AT CROSSWALK,NO PED. SIGNAL,MIXED CLOTHING,No,SUSPECTED MINOR INJURY,MC/BIKE HELMET,38.949512,-77.11782383,"(38.949512, -77.11782383)"
MCP10220043,16007223,Montgomery County Police,Injury Crash,02/12/2016 08:55:00 AM,,,,,"PARKING LOT- HI-TECH BUILDING MONTGOMERY COLLEGE-GERMANTOWN
20200 OBSERVATION DR
GERMANTOWN, MD",,PEDESTRIAN,SINGLE VEHICLE,CLEAR,,DAYLIGHT,NO CONTROLS,NONE DETECTED,NONE DETECTED,B104F531-5EAA-4F1C-A491-E9F1BCC8CF25,PEDESTRIAN,Walking to/from school,NO IMPROPER ACTIONS,OTHER,NO PED. SIGNAL,LIGHT CLOTHING,No,POSSIBLE INJURY,NONE,39.18599167,-77.24507333,"(39.18599167, -77.24507333)"
MCP3290001G,220023403,Montgomery County Police,Property Damage Crash,06/01/2022 10:20:00 AM,,,,,"PARKING LOT OF DAYS INN LOCATED AT 8040 13TH ST SILVER SPRING, MD 20910",,OTHER,SINGLE VEHICLE,CLEAR,,DAYLIGHT,N/A,NONE DETECTED,N/A,DC557953-1CC1-4466-B603-FD17FCDE7FD6,OTHER,Other,UNKNOWN,INSIDE BUILDING,N/A,N/A,No,NO APPARENT INJURY,N/A,38.98745833,-77.028725,"(38.98745833, -77.028725)"
MCP30940031,230027004,Montgomery County Police,Injury Crash,06/05/2023 03:56:00 PM,County,WHETSTONE DR,County,MONTGOMERY VILLAGE AVE,,N/A,PEDESTRIAN,OTHER,N/A,DRY,DAYLIGHT,STOP SIGN,NONE DETECTED,NONE DETECTED,2CFF8B81-70DC-41A0-88A6-B87DEDB8FDBD,PEDESTRIAN,Cross/Enter at Intersection,FAILURE TO YIELD RIGHT OF WAY,CURB,NO PED. SIGNAL,LIGHT CLOTHING,Yes,POSSIBLE INJURY,NONE,39.17101,-77.20410333,"(39.17101, -77.20410333)"
MCP3078004K,220001415,Montgomery County Police,Injury Crash,01/12/2022 03:29:00 PM,,,,,13464 NEW HAMPSHIRE AVENUE,,PEDESTRIAN,OTHER,N/A,,DAYLIGHT,NO CONTROLS,NONE DETECTED,NONE DETECTED,6728B5EC-E97A-462E-A4FE-BFB663C63619,PEDESTRIAN,Getting off/on Vehicle,INATTENTIVE,OTHER,N/A,MIXED CLOTHING,Yes,POSSIBLE INJURY,NONE,39.077005,-77.00261333,"(39.077005, -77.00261333)"
MCP26710028,190051923,Montgomery County Police,Injury Crash,10/28/2019 07:50:00 PM,US (State),GEORGIA AVE,County,ELLSWORTH DR,,N/A,PEDESTRIAN,OTHER,N/A,DRY,DARK LIGHTS ON,TRAFFIC SIGNAL,NONE DETECTED,NONE DETECTED,213A9D0E-8EF7-4499-BFA8-12687607CA80,PEDESTRIAN,Cross/Enter not at Intersection,IN ROADWAY IMPROPERLY,ON ROADWAY NOT AT CROSSWALK,DISOBEYED PED. SIGNAL,MIXED CLOTHING,Yes,SUSPECTED MINOR INJURY,NONE,38.99528412,-77.02743963,"(38.99528412, -77.02743963)"
MCP1174000Y,15036273,MONTGOMERY,Injury Crash,07/23/2015 09:56:00 AM,Maryland (State),OLD GEORGETOWN RD,County,CORDELL AVE,,N/A,PEDESTRIAN,SINGLE VEHICLE,CLEAR,DRY,DAYLIGHT,OTHER,NONE DETECTED,N/A,C81C50F9-5C55-42D8-8697-E50BFF21CF6E,PEDESTRIAN,Cross/Enter at Intersection,NO IMPROPER ACTIONS,ON ROADWAY AT CROSSWALK,OBEYED PED. SIGNAL,LIGHT CLOTHING,No,SUSPECTED MINOR INJURY,NONE,38.98785167,-77.09937333,"(38.98785167, -77.09937333)"
MCP2682003G,220010526,Montgomery County Police,Injury Crash,03/11/2022 01:28:00 PM,,,,,PARKING LOT OF 19150 MONTGOMERY VILLAGE AVE MONTGOMERY VILLAGE MD 20886,,PEDESTRIAN,N/A,CLEAR,,DAYLIGHT,OTHER,UNKNOWN,NONE DETECTED,6BC17D9A-CFF2-4C17-BE65-502452BD6F58,PEDESTRIAN,Other,NO IMPROPER ACTIONS,OTHER,NO PED. SIGNAL,MIXED CLOTHING,No,POSSIBLE INJURY,NONE,39.17118644,-77.20506481,"(39.17118644, -77.20506481)"
MCP3003000S,16054112,Montgomery County Police,Injury Crash,10/20/2016 08:59:00 PM,County,BRANDERMILL DR,Other Public Roadway,DRUM CASTLE WAY,,N/A,PEDESTRIAN,OTHER,CLEAR,DRY,DARK LIGHTS ON,NO CONTROLS,NONE DETECTED,NONE DETECTED,4490A17F-662B-4D13-B46E-DCA4EF4D7CDB,PEDESTRIAN,Cross/Enter not at Intersection,UNKNOWN,ON ROADWAY NOT AT CROSSWALK,NO PED. SIGNAL,MIXED CLOTHING,No,POSSIBLE INJURY,N/A,39.19094,-77.23934333,"(39.19094, -77.23934333)"
MCP2291003S,190035774,Montgomery County Police,Injury Crash,07/27/2019 12:40:00 PM,Municipality,KENSINGTON PKWY,County,LITTLEDALE RD,,N/A,BICYCLIST,SINGLE VEHICLE,CLEAR,DRY,DAYLIGHT,NO CONTROLS,NONE DETECTED,NONE DETECTED,5C222B39-9BD8-4DC6-AA27-2CEABD8AF916,BICYCLIST,Walking/Riding w/Traffic,NO IMPROPER ACTIONS,ON ROADWAY NOT AT CROSSWALK,NO PED. SIGNAL,MIXED CLOTHING,No,SUSPECTED MINOR INJURY,MC/BIKE HELMET,39.01947417,-77.075003,"(39.01947417, -77.075003)"
MCP21160086,180011693,Montgomery County Police,Injury Crash,03/08/2018 07:34:00 AM,County,GAINSBOROUGH RD,County,ENID DR,,N/A,PEDESTRIAN,STRAIGHT MOVEMENT ANGLE,CLEAR,DRY,DAYLIGHT,NO CONTROLS,NONE DETECTED,NONE DETECTED,E5B2A777-D274-40F8-8F3E-04B9B0F380DC,PEDESTRIAN,Walking to/from school,DART DASH,ON ROADWAY NOT AT CROSSWALK,NO PED. SIGNAL,LIGHT CLOTHING,Yes,POSSIBLE INJURY,NONE,39.04629167,-77.16886333,"(39.04629167, -77.16886333)"
MCP31430025,200011071,Montgomery County Police,Injury Crash,03/06/2020 09:10:00 AM,Maryland (State),ROCKVILLE PIKE,County,MARINELLI RD,,N/A,PEDESTRIAN,SINGLE VEHICLE,CLEAR,DRY,DAYLIGHT,TRAFFIC SIGNAL,NONE DETECTED,NONE DETECTED,3C909705-698A-4586-B904-837E6A7ABA38,PEDESTRIAN,Cross/Enter at Intersection,NO IMPROPER ACTIONS,ON ROADWAY AT CROSSWALK,OBEYED PED. SIGNAL,MIXED CLOTHING,No,POSSIBLE INJURY,NONE,39.04674,-77.11301333,"(39.04674, -77.11301333)"