Report Number,Local Case Number,Agency Name,ACRS Report Type,Crash Date/Time,Route Type,Road Name,Cross-Street Type,Cross-Street Name,Off-Road Description,Municipality,Related Non-Motorist,Collision Type,Weather,Surface Condition,Light,Traffic Control,Driver Substance Abuse,Non-Motorist Substance Abuse,Person ID,Pedestrian Type,Pedestrian Movement,Pedestrian Actions,Pedestrian Location,Pedestrian Obeyed Traffic Signal,Pedestrian Visibility,At Fault,Injury Severity,Safety Equipment,Latitude,Longitude,Location
MCP1389001Z,180050324,Montgomery County Police,Injury Crash,10/08/2018 04:27:00 PM,Maryland (State),MIDCOUNTY HWY,County,MONTGOMERY VILLAGE AVE,,N/A,PEDESTRIAN,SINGLE VEHICLE,CLEAR,DRY,DAYLIGHT,TRAFFIC SIGNAL,NONE DETECTED,NONE DETECTED,A8C5A7B7-4A22-43DB-A1BB-A54BD22ABF9A,PEDESTRIAN,Cross/Enter not at Intersection,DART DASH,ON ROADWAY NOT AT CROSSWALK,DISOBEYED PED. SIGNAL,MIXED CLOTHING,Yes,SUSPECTED MINOR INJURY,NONE,39.16002667,-77.201465,"(39.16002667, -77.201465)"
DD5644001G,210032849,Rockville Police Departme,Injury Crash,08/23/2021 11:42:00 AM,Municipality,BEALL AVE #2,Maryland (State),HUNGERFORD DR,,N/A,PEDESTRIAN,SINGLE VEHICLE,CLEAR,DRY,DAYLIGHT,TRAFFIC SIGNAL,NONE DETECTED,NONE DETECTED,A5A8CC4A-D086-4A26-AAEB-5CEF21D1CC38,PEDESTRIAN,Cross/Enter at Intersection,NO IMPROPER ACTIONS,AT INTERSECTION MARKED CROSSWALK,OBEYED PED. SIGNAL,MIXED CLOTHING,No,SUSPECTED MINOR INJURY,N/A,39.08679379,-77.15318577,"(39.08679379, -77.15318577)"
MCP1500001R,190053468,Montgomery County Police,Injury Crash,11/05/2019 09:00:00 PM,,,,,"PARKING LOT OF 2509 UNIVERSITY BLVD WEST, SILVER SPRING, MD 20902",,PEDESTRIAN,SAME DIR REAR END,UNKNOWN,,DARK -- UNKNOWN LIGHTING,NO CONTROLS,UNKNOWN,UNKNOWN,CA629DA1-3F0C-4BF9-AE5F-F43ED4FEBB2A,PEDESTRIAN,Standing,NO IMPROPER ACTIONS,OTHER,N/A,UNKNOWN,No,SUSPECTED MINOR INJURY,N/A,39.04164357,-77.05209187,"(39.04164357, -77.05209187)"
MCP2739003R,200051544,Montgomery County Police,Injury Crash,12/31/2020 11:12:00 PM,US (State),COLESVILLE RD,County,CRESTMOOR DR,,N/A,BICYCLIST,SAME DIR REAR END,CLEAR,DRY,DARK LIGHTS ON,NO CONTROLS,OTHER,N/A,AE93E677-84E8-4E5D-9B89-7395C535CD08,BICYCLIST,Walking/Riding w/Traffic,N/A,SHOULDER,UNKNOWN,REFLECTIVE MATERIAL,No,SUSPECTED MINOR INJURY,REFLECTIVE CLOTHING,39.030665,-77.00602,"(39.030665, -77.00602)"
MCP3019001T,180026189,Montgomery County Police,Injury Crash,05/28/2018 03:30:00 PM,,,,,PARKING LOT OF 10134 RIVER ROAD,,PEDESTRIAN,OTHER,CLEAR,,DAYLIGHT,NO CONTROLS,NONE DETECTED,NONE DETECTED,FDB5395A-B252-489F-A2A4-A475D8AB6CA5,PEDESTRIAN,Cross/Enter not at Intersection,N/A,ON ROADWAY NOT AT CROSSWALK,NO PED. SIGNAL,N/A,No,POSSIBLE INJURY,N/A,39.01708,-77.20920167,"(39.01708, -77.20920167)"
MCP2177001W,170512885,Montgomery County Police,Injury Crash,06/10/2017 12:30:00 PM,Maryland (State),DARNESTOWN RD,County,MUDDY BRANCH RD,,N/A,BICYCLIST,SAME DIRECTION RIGHT TURN,CLEAR,DRY,DAYLIGHT,TRAFFIC SIGNAL,UNKNOWN,NONE DETECTED,D611F962-0D1E-4FB0-A7D2-BCE994617E97,BICYCLIST,N/A,NO IMPROPER ACTIONS,IN BIKEWAY,N/A,MIXED CLOTHING,No,SUSPECTED MINOR INJURY,MC/BIKE HELMET,39.102735,-77.22112333,"(39.102735, -77.22112333)"
MCP30840018,180015790,Montgomery County Police,Injury Crash,04/01/2018 02:29:00 PM,Maryland (State),OLD GEORGETOWN RD,County,BEECH AVE,,N/A,PEDESTRIAN,OTHER,CLEAR,DRY,DAYLIGHT,N/A,NONE DETECTED,NONE DETECTED,340DEE90-79E9-4AE6-9EF9-E69452B4681B,PEDESTRIAN,Other,IN ROADWAY IMPROPERLY,ON ROADWAY NOT AT CROSSWALK,NO PED. SIGNAL,MIXED CLOTHING,Yes,POSSIBLE INJURY,NONE,39.01048417,-77.11502183,"(39.01048417, -77.11502183)"
DD5575001W,200041478,Rockville Police Departme,Injury Crash,10/20/2020 11:23:00 PM,Municipality,VEIRS MILL SERV RD,Municipality,CLAGETT DR,,ROCKVILLE,OTHER,OTHER,CLEAR,DRY,DARK LIGHTS ON,NO CONTROLS,UNKNOWN,NONE DETECTED,79666A22-F054-40A5-99F2-07027AA79483,OTHER,Walking/Riding w/Traffic,IN ROADWAY IMPROPERLY,ON ROADWAY NOT AT CROSSWALK,NO PED. SIGNAL,DARK CLOTHING,Yes,SUSPECTED MINOR INJURY,NONE,39.08361,-77.15354167,"(39.08361, -77.15354167)"
MCP3123004Z,230009955,Montgomery County Police,Injury Crash,02/28/2023 11:25:00 AM,,,,,"PARKING LOT OF MARSHALLS 12051 ROCKVILLE PIKE ROCKVILLE, MD",,PEDESTRIAN,SINGLE VEHICLE,CLOUDY,,DAYLIGHT,STOP SIGN,N/A,N/A,399762C0-6FC9-44AB-9C2C-59AA57C61FA0,PEDESTRIAN,Cross/Enter at Intersection,NO IMPROPER ACTIONS,AT INTERSECTION MARKED CROSSWALK,N/A,DARK CLOTHING,No,POSSIBLE INJURY,N/A,39.05585868,-77.11690217,"(39.05585868, -77.11690217)"
MCP28810053,220051496,Montgomery County Police,Injury Crash,11/21/2022 02:20:00 PM,,,,,11530 MIDDLEBROOK RD,,PEDESTRIAN,SINGLE VEHICLE,CLEAR,,DAYLIGHT,NO CONTROLS,UNKNOWN,N/A,CF60AA02-4D1A-448C-B1A6-17A6306FD8E8,PEDESTRIAN,Standing,NO IMPROPER ACTIONS,INSIDE BUILDING,N/A,N/A,No,POSSIBLE INJURY,N/A,39.17965167,-77.239425,"(39.17965167, -77.239425)"
MCP2534000M,15019024,Montgomery County Police,Injury Crash,04/23/2015 03:20:00 AM,US (State),COLESVILLE RD,Maryland (State),UNIVERSITY BLVD E,,N/A,PEDESTRIAN,SINGLE VEHICLE,CLEAR,DRY,DARK LIGHTS ON,TRAFFIC SIGNAL,NONE DETECTED,NONE DETECTED,1A4B4494-92C9-4509-BB99-32930BCF3B41,PEDESTRIAN,Cross/Enter at Intersection,DART DASH,AT INTERSECTION MARKED CROSSWALK,DISOBEYED PED. SIGNAL,REFLECTIVE MATERIAL,,SUSPECTED SERIOUS INJURY,N/A,39.020365,-77.01277,"(39.020365, -77.01277)"
MCP12050032,170515959,Montgomery County Police,Injury Crash,06/27/2017 08:44:00 AM,,,,,PRIVATE DRIVEWAY OF 5610 WISCONSIN AVE.,,PEDESTRIAN,OTHER,CLEAR,,DAYLIGHT,NO CONTROLS,NONE DETECTED,NONE DETECTED,644136D2-9240-4F12-9EDA-656C6CD94569,PEDESTRIAN,Standing,OTHER,OTHER,N/A,LIGHT CLOTHING,Yes,SUSPECTED MINOR INJURY,NONE,38.96529012,-77.09059238,"(38.96529012, -77.09059238)"
MCP2613000F,15030869,Montgomery County Police,Injury Crash,06/24/2015 07:27:00 PM,,,,,"On the sidewalk located at 411 N. Frederick Ave, Gaithersburg Maryland",,PEDESTRIAN,OTHER,CLEAR,,DAYLIGHT,NO CONTROLS,NONE DETECTED,UNKNOWN,8794AFC7-60B0-4FE4-9A1C-B4E9BEA43B06,PEDESTRIAN,Walking/Cycling on Sidewalk,NO IMPROPER ACTIONS,SIDEWALK,NO PED. SIGNAL,LIGHT CLOTHING,,SUSPECTED MINOR INJURY,NONE,39.146765,-77.20504833,"(39.146765, -77.20504833)"
MCP33370015,230003988,Montgomery County Police,Injury Crash,01/24/2023 08:52:00 PM,County,DALEWOOD DR,County,EVERTON ST,,N/A,PEDESTRIAN,HEAD ON,CLEAR,DRY,DARK LIGHTS ON,NO CONTROLS,NONE DETECTED,NONE DETECTED,3FE9858B-2BFD-4A8A-9AFC-9099E9631777,PEDESTRIAN,Cross/Enter at Intersection,NO IMPROPER ACTIONS,ON ROADWAY AT CROSSWALK,N/A,MIXED CLOTHING,No,SUSPECTED MINOR INJURY,N/A,39.0919575,-77.06938833,"(39.0919575, -77.06938833)"
MCP28400013,170504579,Montgomery County Police,Injury Crash,04/27/2017 06:30:00 PM,Maryland (State),NEW HAMPSHIRE AVE,County,SHAW AVE E,,N/A,PEDESTRIAN,SAME DIR REAR END,N/A,DRY,DAYLIGHT,NO CONTROLS,"N/A, NONE DETECTED",N/A,B4D5073C-DEF5-4D4D-982A-4A1B0D41DC6C,PEDESTRIAN,Standing,NO IMPROPER ACTIONS,SHOULDER,N/A,MIXED CLOTHING,No,SUSPECTED MINOR INJURY,N/A,39.06878816,-77.00289488,"(39.06878816, -77.00289488)"
MCP3111005B,220017399,Montgomery County Police,Injury Crash,04/24/2022 01:00:00 PM,Maryland (State),OLD GEORGETOWN RD,County,MCKINLEY ST,,N/A,PEDESTRIAN,SINGLE VEHICLE,CLEAR,DRY,DAYLIGHT,TRAFFIC SIGNAL,UNKNOWN,NONE DETECTED,404C5CB6-119C-4022-9589-5C46EC5EFA6B,PEDESTRIAN,Cross/Enter at Intersection,NO IMPROPER ACTIONS,AT INTERSECTION MARKED CROSSWALK,OBEYED PED. SIGNAL,MIXED CLOTHING,No,POSSIBLE INJURY,NONE,38.99655795,-77.10891447,"(38.99655795, -77.10891447)"
MCP30060014,16039639,Montgomery County Police,Injury Crash,08/05/2016 01:00:00 PM,Maryland (State),UNIVERSITY BLVD W,County,DENNIS AVE,,N/A,BICYCLIST,HEAD ON LEFT TURN,N/A,DRY,DAYLIGHT,TRAFFIC SIGNAL,NONE DETECTED,NONE DETECTED,85CF0FC2-EAA6-4C20-A0B0-1738413B790E,BICYCLIST,Walking/Riding w/Traffic,NO IMPROPER ACTIONS,AT INTERSECTION BUT NO CROSSWALK,NO PED. SIGNAL,MIXED CLOTHING,No,SUSPECTED MINOR INJURY,MC/BIKE HELMET,39.02615667,-77.02019333,"(39.02615667, -77.02019333)"
MCP9318000L,180031038,Montgomery County Police,Injury Crash,06/23/2018 09:15:00 PM,County,CASTLE BLVD,Unknown,TEAGARDEN CIR,,N/A,PEDESTRIAN,OTHER,CLEAR,DRY,DARK LIGHTS ON,NO CONTROLS,NONE DETECTED,NONE DETECTED,807E92E1-367B-4EC6-AB7B-D922E23CC8A5,PEDESTRIAN,Cross/Enter not at Intersection,DART DASH,ON ROADWAY NOT AT CROSSWALK,NO PED. SIGNAL,DARK CLOTHING,Yes,SUSPECTED SERIOUS INJURY,N/A,39.08186667,-76.94466,"(39.08186667, -76.94466)"
MCP32580013,210025401,Montgomery County Police,Injury Crash,07/02/2021 12:39:00 PM,County,PRICE AVE,Maryland (State),GEORGIA AVE,,N/A,BICYCLIST,SAME DIR REAR END,CLEAR,DRY,DAYLIGHT,N/A,N/A,N/A,2A1469EE-07C0-485C-84EC-5058E82DC486,BICYCLIST,Walking/Riding w/Traffic,UNKNOWN,ON ROADWAY NOT AT CROSSWALK,NO PED. SIGNAL,LIGHT CLOTHING,Unknown,SUSPECTED MINOR INJURY,MC/BIKE HELMET,39.04009167,-77.051125,"(39.04009167, -77.051125)"
MCP29740044,220011985,Montgomery County Police,Injury Crash,03/20/2022 12:41:00 PM,County,CASTLE BLVD,County,BRIGGS CHANEY RD,,N/A,BICYCLIST,OTHER,CLEAR,DRY,DAYLIGHT,NO CONTROLS,NONE DETECTED,NONE DETECTED,77A73065-9513-4487-901B-0490FE8B2E1C,BICYCLIST,Walking/Riding w/Traffic,INATTENTIVE,ON ROADWAY NOT AT CROSSWALK,N/A,N/A,Yes,SUSPECTED MINOR INJURY,NONE,39.08122333,-76.94549833,"(39.08122333, -76.94549833)"
MCP3347000S,230029162,Montgomery County Police,Injury Crash,06/17/2023 03:38:00 PM,Maryland (State),MASSACHUSETTS AVE,County,WYNNWOOD RD,,N/A,PEDESTRIAN,OTHER,CLEAR,DRY,DAYLIGHT,NO CONTROLS,NONE DETECTED,NONE DETECTED,21FE0951-0184-4052-A265-A99360511AB1,PEDESTRIAN,Cross/Enter at Intersection,DART DASH,AT INTERSECTION BUT NO CROSSWALK,NO PED. SIGNAL,MIXED CLOTHING,Yes,SUSPECTED SERIOUS INJURY,NONE,38.96671672,-77.12549103,"(38.96671672, -77.12549103)"
MCP23980011,16067106,Montgomery County Police,Injury Crash,12/30/2016 11:03:00 AM,Municipality,N SUMMIT AVE,Municipality,E DIAMOND AVE,,GAITHERSBURG,PEDESTRIAN,HEAD ON LEFT TURN,SNOW,WET,DAYLIGHT,OTHER,NONE DETECTED,NONE DETECTED,EC229619-1A87-4879-910C-17FAF8715C2B,PEDESTRIAN,Cross/Enter at Intersection,INATTENTIVE,ON ROADWAY AT CROSSWALK,DISOBEYED PED. SIGNAL,DARK CLOTHING,Yes,SUSPECTED MINOR INJURY,NONE,39.14224667,-77.19336167,"(39.14224667, -77.19336167)"
MCP3227000L,200011964,Montgomery County Police,Injury Crash,03/11/2020 10:30:00 AM,Maryland (State),NEW HAMPSHIRE AVE,County,ELTON RD,,N/A,PEDESTRIAN,OTHER,CLEAR,DRY,DAYLIGHT,N/A,NONE DETECTED,NONE DETECTED,7DC9ABDD-F7F2-431B-A906-A45096365118,PEDESTRIAN,Cross/Enter not at Intersection,DART DASH,ON ROADWAY NOT AT CROSSWALK,NO PED. SIGNAL,MIXED CLOTHING,Yes,SUSPECTED MINOR INJURY,NONE,39.02117917,-76.976922,"(39.02117917, -76.976922)"
MCP2617003J,170503941,Montgomery County Police,Injury Crash,05/03/2017 05:30:00 PM,County,WOODMONT AVE,County,ELM ST,,N/A,PEDESTRIAN,OTHER,CLEAR,DRY,DAYLIGHT,TRAFFIC SIGNAL,NONE DETECTED,NONE DETECTED,01A29EA0-EB12-48C7-8330-2722F6AE8F2A,PEDESTRIAN,Cross/Enter at Intersection,NO IMPROPER ACTIONS,AT INTERSECTION MARKED CROSSWALK,OBEYED PED. SIGNAL,LIGHT CLOTHING,No,SUSPECTED MINOR INJURY,NONE,38.98214721,-77.09608555,"(38.98214721, -77.09608555)"
MCP2689007D,200045992,Montgomery County Police,Injury Crash,11/21/2020 10:49:00 AM,,,,,"PARKING LOT OF GIANT FOOD, 9719 TRAVILLE GATEWAY DR, ROCKVILLE, MD 20850",,PEDESTRIAN,SINGLE VEHICLE,CLOUDY,,DAYLIGHT,NO CONTROLS,UNKNOWN,NONE DETECTED,39486BE6-B089-4C64-A219-C29A111A8090,PEDESTRIAN,Other,NO IMPROPER ACTIONS,OTHER,N/A,REFLECTIVE MATERIAL,No,POSSIBLE INJURY,REFLECTIVE CLOTHING,39.09140109,-77.20281946,"(39.09140109, -77.20281946)"
MCP2966000Z,15043905,MONTGOMERY,Injury Crash,09/01/2015 10:23:00 AM,County,OLD BALTIMORE RD,Maryland (State),GEORGIA AVE,,N/A,BICYCLIST,OTHER,CLEAR,DRY,DAYLIGHT,TRAFFIC SIGNAL,NONE DETECTED,NONE DETECTED,613AB5F9-8B3B-4787-AB53-87D2FEA813F2,BICYCLIST,Cross/Enter at Intersection,N/A,ON ROADWAY AT CROSSWALK,UNKNOWN,DARK CLOTHING,No,SUSPECTED MINOR INJURY,MC/BIKE HELMET,39.13700921,-77.06881285,"(39.13700921, -77.06881285)"
MCP2686004V,210015714,Montgomery County Police,Injury Crash,04/27/2021 05:30:00 PM,,,,,"PARKING LOT OF DSW WAREHOUSE, 12922 MIDDLEBROOK RD, GERMANTOWN MD 20874",,OTHER CONVEYANCE,SINGLE VEHICLE,CLEAR,,DAYLIGHT,N/A,N/A,NONE DETECTED,FAA3AF3C-11C0-4CE0-994A-EB164B7CA86C,OTHER CONVEYANCE,Unknown,UNKNOWN,OTHER,N/A,MIXED CLOTHING,Unknown,SUSPECTED MINOR INJURY,NONE,39.18009466,-77.27085497,"(39.18009466, -77.27085497)"
MCP29540040,170533904,Montgomery County Police,Injury Crash,09/29/2017 06:34:00 PM,County,OAKVIEW DR,County,MT PISGAH RD,,N/A,PEDESTRIAN,SINGLE VEHICLE,CLEAR,DRY,DAYLIGHT,STOP SIGN,ALCOHOL PRESENT,NONE DETECTED,B5BC1A73-5967-4DFE-B8A1-D34AB4959DD7,PEDESTRIAN,Cross/Enter at Intersection,NO IMPROPER ACTIONS,AT INTERSECTION MARKED CROSSWALK,N/A,UNKNOWN,No,POSSIBLE INJURY,N/A,39.01543,-76.97689333,"(39.01543, -76.97689333)"
MCP3060002M,190052561,Montgomery County Police,Injury Crash,11/01/2019 06:45:00 AM,County,WARREN ST,County,SEMINARY RD,,N/A,PEDESTRIAN,OTHER,CLEAR,DRY,DAWN,STOP SIGN,N/A,N/A,850D73F2-5F47-42E6-88C2-BC8FC6E57ED4,PEDESTRIAN,Getting off/on Vehicle,DART DASH,UNKNOWN,UNKNOWN,UNKNOWN,Yes,SUSPECTED MINOR INJURY,NONE,39.01062627,-77.04841232,"(39.01062627, -77.04841232)"
MCP30480056,190023306,Montgomery County Police,Injury Crash,05/17/2019 11:14:00 AM,County,MADISON ST,County,ANDERSON RD,,N/A,"OTHER, PEDESTRIAN",OTHER,CLOUDY,DRY,DAYLIGHT,NO CONTROLS,N/A,N/A,AA0C6665-C0DA-4C32-A388-547F3C0C8E95,OTHER,Other,N/A,N/A,N/A,N/A,No,NO APPARENT INJURY,N/A,39.03666667,-77.07016333,"(39.03666667, -77.07016333)"
MCP31630056,230008774,Montgomery County Police,Injury Crash,02/21/2023 05:57:00 PM,County,LELAND ST,County,WOODBINE ST,,N/A,BICYCLIST,STRAIGHT MOVEMENT ANGLE,CLEAR,DRY,DUSK,STOP SIGN,N/A,N/A,8A91DCBE-A81D-46F2-A060-8B44BDA45BA4,BICYCLIST,Cross/Enter at Intersection,INATTENTIVE,ON ROADWAY NOT AT CROSSWALK,N/A,LIGHT CLOTHING,Yes,SUSPECTED MINOR INJURY,MC/BIKE HELMET,38.98602833,-77.06831167,"(38.98602833, -77.06831167)"
MCP2291005S,220006216,Montgomery County Police,Injury Crash,02/12/2022 04:11:00 PM,Maryland (State),OLD GEORGETOWN RD,County,BEECH AVE,,N/A,BICYCLIST,HEAD ON LEFT TURN,CLEAR,DRY,DAYLIGHT,TRAFFIC SIGNAL,NONE DETECTED,NONE DETECTED,C48ACC2E-1FEC-4072-A715-0E3E6BA2EDB1,BICYCLIST,Standing,NO IMPROPER ACTIONS,SIDEWALK,OBEYED PED. SIGNAL,MIXED CLOTHING,No,POSSIBLE INJURY,MC/BIKE HELMET,39.01002068,-77.11475414,"(39.01002068, -77.11475414)"
DM84230014,16059447,Takoma Park Police Depart,Injury Crash,11/18/2016 04:15:00 PM,County,MERRIMAC DR,Maryland (State),UNIVERSITY BLVD E,,N/A,PEDESTRIAN,OTHER,CLEAR,DRY,DAYLIGHT,NO CONTROLS,N/A,N/A,4E64F5A3-AFD0-49C1-BDE1-2E04F126605D,PEDESTRIAN,Cross/Enter not at Intersection,INATTENTIVE,ON ROADWAY NOT AT CROSSWALK,N/A,N/A,Yes,SUSPECTED SERIOUS INJURY,N/A,38.99547333,-77.024265,"(38.99547333, -77.024265)"
EJ7876003Q,210041064,Gaithersburg Police Depar,Injury Crash,10/13/2021 07:25:00 PM,Maryland (State),FREDERICK RD,County,GAME PRESERVE RD,,N/A,PEDESTRIAN,OTHER,CLEAR,DRY,DARK NO LIGHTS,NO CONTROLS,N/A,ALCOHOL CONTRIBUTED,09821F0B-50F9-40AD-B8DF-226B6F4FDFBF,PEDESTRIAN,Cross/Enter not at Intersection,NOT VISIBLE,ON ROADWAY NOT AT CROSSWALK,NO PED. SIGNAL,DARK CLOTHING,Yes,POSSIBLE INJURY,NONE,39.16483365,-77.22749527,"(39.16483365, -77.22749527)"
EJ7829004Z,180043349,Gaithersburg Police Depar,Property Damage Crash,08/30/2018 08:30:00 PM,Municipality,GIRARD ST,County,N SUMMIT AVE,,N/A,BICYCLIST,OTHER,CLEAR,DRY,DARK LIGHTS ON,NO CONTROLS,NONE DETECTED,NONE DETECTED,D51138C1-0D93-4BDE-A0DA-A14D31B7A788,BICYCLIST,Cross/Enter not at Intersection,NO IMPROPER ACTIONS,OTHER,NO PED. SIGNAL,LIGHT CLOTHING,Unknown,NO APPARENT INJURY,NONE,39.147655,-77.19084167,"(39.147655, -77.19084167)"
MCP3222001Z,220042158,Montgomery County Police,Injury Crash,09/27/2022 04:46:00 PM,Maryland (State),BRADLEY BLVD,County,HUNTINGTON PKWY,,N/A,BICYCLIST,OTHER,CLEAR,DRY,DAYLIGHT,TRAFFIC SIGNAL,NONE DETECTED,NONE DETECTED,B7DB7D91-A171-49D8-81B3-A03F3E74E322,BICYCLIST,Walking/Riding w/Traffic,FAILURE TO YIELD RIGHT OF WAY,ON ROADWAY NOT AT CROSSWALK,NO PED. SIGNAL,MIXED CLOTHING,Yes,POSSIBLE INJURY,MC/BIKE HELMET,38.993018,-77.11893217,"(38.993018, -77.11893217)"
MCP2954002Y,17008657,Montgomery County Police,Injury Crash,02/17/2017 03:12:00 PM,,,,,10801 LOCKWOOD DR IN THE PARKING LOT TO THE REAR NEAR THE ENTRANCE,,PEDESTRIAN,SINGLE VEHICLE,CLEAR,,DAYLIGHT,NO CONTROLS,UNKNOWN,NONE DETECTED,8B95DAC6-2678-4587-A9F8-C0BBD10C7A6C,PEDESTRIAN,Other,N/A,ON ROADWAY AT CROSSWALK,N/A,DARK CLOTHING,No,POSSIBLE INJURY,N/A,39.03250899,-77.00229138,"(39.03250899, -77.00229138)"
MCP31250024,200005379,Montgomery County Police,Injury Crash,02/01/2020 07:20:00 PM,Municipality,N WASHINGTON ST,Municipality,BEALL AVE #2,,ROCKVILLE,PEDESTRIAN,SINGLE VEHICLE,RAINING,WET,DARK LIGHTS ON,TRAFFIC SIGNAL,NONE DETECTED,NONE DETECTED,C432B282-2454-4986-9FFD-38B85532E723,PEDESTRIAN,Cross/Enter at Intersection,NO IMPROPER ACTIONS,ON ROADWAY AT CROSSWALK,OBEYED PED. SIGNAL,MIXED CLOTHING,No,POSSIBLE INJURY,NONE,39.08684167,-77.15327,"(39.08684167, -77.15327)"
MCP93900010,170543471,Montgomery County Police,Injury Crash,11/17/2017 07:54:00 PM,Municipality,KENTLANDS BLVD,Maryland (State),GREAT SENECA HWY,,N/A,OTHER CONVEYANCE,HEAD ON LEFT TURN,N/A,DRY,DARK LIGHTS ON,TRAFFIC SIGNAL,"N/A, NONE DETECTED",N/A,B7158FCF-2696-4A96-9846-B253B23FCB4F,OTHER CONVEYANCE,N/A,NO IMPROPER ACTIONS,N/A,N/A,N/A,No,NO APPARENT INJURY,N/A,39.12373667,-77.23166167,"(39.12373667, -77.23166167)"
MCP29760012,15047401,MONTGOMERY,Injury Crash,09/18/2015 05:49:00 PM,County,FENTON ST,County,CAMERON ST,,N/A,PEDESTRIAN,OTHER,CLEAR,DRY,DAYLIGHT,TRAFFIC SIGNAL,NONE DETECTED,NONE DETECTED,D3E852AB-7614-4D38-AFAB-AC610F23AF6E,PEDESTRIAN,Cross/Enter at Intersection,NO IMPROPER ACTIONS,ON ROADWAY AT CROSSWALK,OBEYED PED. SIGNAL,LIGHT CLOTHING,No,POSSIBLE INJURY,NONE,38.99829156,-77.02872992,"(38.99829156, -77.02872992)"
MCP3197002L,210039329,Montgomery County Police,Injury Crash,10/03/2021 06:21:00 PM,County,HEWITT AVE,Maryland (State),GEORGIA AVE,,N/A,PEDESTRIAN,SINGLE VEHICLE,CLEAR,DRY,DAYLIGHT,TRAFFIC SIGNAL,NONE DETECTED,NONE DETECTED,5C2FAA40-6ED7-4D59-A83E-04CFF9CAAA77,PEDESTRIAN,Cross/Enter at Intersection,NO IMPROPER ACTIONS,AT INTERSECTION MARKED CROSSWALK,OBEYED PED. SIGNAL,MIXED CLOTHING,No,SUSPECTED MINOR INJURY,NONE,39.07740988,-77.07090911,"(39.07740988, -77.07090911)"
DD56330083,230008437,Rockville Police Departme,Injury Crash,02/19/2023 08:00:00 PM,Maryland (State),VEIRS MILL RD,Municipality,ATLANTIC AVE,,ROCKVILLE,PEDESTRIAN,OTHER,CLEAR,DRY,DARK LIGHTS ON,TRAFFIC SIGNAL,NONE DETECTED,NONE DETECTED,7E21D8A2-62BF-4C98-AE11-49A11302D4F2,PEDESTRIAN,Cross/Enter not at Intersection,DART DASH,ON ROADWAY NOT AT CROSSWALK,NO PED. SIGNAL,DARK CLOTHING,Yes,SUSPECTED MINOR INJURY,NONE,39.07491545,-77.11553743,"(39.07491545, -77.11553743)"
MCP3027001G,170544122,Montgomery County Police,Injury Crash,11/21/2017 01:47:00 PM,County,SLIGO AVE,County,FENTON ST,,N/A,PEDESTRIAN,SINGLE VEHICLE,CLEAR,DRY,DAYLIGHT,TRAFFIC SIGNAL,N/A,N/A,879FE08F-4B87-44FC-8447-FDB331D0C014,PEDESTRIAN,Cross/Enter at Intersection,NO IMPROPER ACTIONS,AT INTERSECTION MARKED CROSSWALK,OBEYED PED. SIGNAL,MIXED CLOTHING,No,POSSIBLE INJURY,NONE,38.98998833,-77.02386333,"(38.98998833, -77.02386333)"
MCP263900CZ,210040772,Montgomery County Police,Injury Crash,10/12/2021 10:07:00 AM,,,,,PARKING LOT OF 22700 SWEET SHRUB DR,,PEDESTRIAN,HEAD ON LEFT TURN,CLOUDY,,DAYLIGHT,NO CONTROLS,NONE DETECTED,NONE DETECTED,F50050BA-4456-41D8-AF37-01679824429A,PEDESTRIAN,Other,NO IMPROPER ACTIONS,ON ROADWAY AT CROSSWALK,NO PED. SIGNAL,MIXED CLOTHING,No,POSSIBLE INJURY,NONE,39.23042167,-77.250285,"(39.23042167, -77.250285)"
MCP32960017,220029530,Montgomery County Police,Injury Crash,07/09/2022 09:27:00 PM,Maryland (State),NEW HAMPSHIRE AVE,County,LOCKWOOD DR,,N/A,PEDESTRIAN,OTHER,CLEAR,DRY,DARK -- UNKNOWN LIGHTING,TRAFFIC SIGNAL,UNKNOWN,NONE DETECTED,8701E56C-92CA-4910-B50D-5DAC61AF6ED5,PEDESTRIAN,Cross/Enter at Intersection,NOT VISIBLE,ON ROADWAY AT CROSSWALK,OBEYED PED. SIGNAL,DARK CLOTHING,No,SUSPECTED MINOR INJURY,NONE,39.04016,-76.98971,"(39.04016, -76.98971)"
EJ7856008B,200019283,Gaithersburg Police Depar,Injury Crash,05/13/2020 11:20:00 AM,Municipality,LAKELANDS DR,Municipality,GATESTONE ST,,GAITHERSBURG,BICYCLIST,OTHER,CLEAR,DRY,DAYLIGHT,STOP SIGN,N/A,N/A,D93D5668-28F1-4B63-9C42-F69D6C805D72,BICYCLIST,Cross/Enter at Intersection,NO IMPROPER ACTIONS,OTHER,N/A,LIGHT CLOTHING,No,SUSPECTED MINOR INJURY,MC/BIKE HELMET,39.11808047,-77.2278652,"(39.11808047, -77.2278652)"
MCP2016001C,16052613,Montgomery County Police,Injury Crash,10/13/2016 09:12:00 AM,,,,,"DRIVEWAY OF 11105 POTOMAC CREST DR
POTOMAC, MD 20854",,PEDESTRIAN,OTHER,CLEAR,,DAYLIGHT,N/A,NONE DETECTED,N/A,49B53CD8-B9D6-435F-A172-86F04B84F083,PEDESTRIAN,Standing,NO IMPROPER ACTIONS,N/A,OTHER,MIXED CLOTHING,No,SUSPECTED MINOR INJURY,N/A,39.038255,-77.1602,"(39.038255, -77.1602)"