Report Number,Local Case Number,Agency Name,ACRS Report Type,Crash Date/Time,Route Type,Road Name,Cross-Street Type,Cross-Street Name,Off-Road Description,Municipality,Related Non-Motorist,Collision Type,Weather,Surface Condition,Light,Traffic Control,Driver Substance Abuse,Non-Motorist Substance Abuse,Person ID,Pedestrian Type,Pedestrian Movement,Pedestrian Actions,Pedestrian Location,Pedestrian Obeyed Traffic Signal,Pedestrian Visibility,At Fault,Injury Severity,Safety Equipment,Latitude,Longitude,Location
MCP27230069,220016036,Montgomery County Police,Injury Crash,04/15/2022 05:40:00 PM,Maryland (State),GEORGIA AVE,County,WENDY LA,,N/A,BICYCLIST,SINGLE VEHICLE,CLEAR,DRY,DAYLIGHT,NO CONTROLS,N/A,UNKNOWN,35CDA978-2A3F-405B-91BA-BCBD4FB749ED,BICYCLIST,Walking/Riding against Traffic,FAILURE TO YIELD RIGHT OF WAY,ON ROADWAY NOT AT CROSSWALK,NO PED. SIGNAL,MIXED CLOTHING,Yes,SUSPECTED MINOR INJURY,NONE,39.08033167,-77.07376333,"(39.08033167, -77.07376333)"
MCP2667007M,210044237,Montgomery County Police,Property Damage Crash,11/02/2021 08:39:00 AM,County,CONTOUR RD,County,HORIZON RUN RD,,N/A,PEDESTRIAN,SINGLE VEHICLE,CLOUDY,WET,DAYLIGHT,NO CONTROLS,NONE DETECTED,NONE DETECTED,A02BAA0F-C068-4D63-964C-27A06D1EC99D,PEDESTRIAN,Cross/Enter at Intersection,NO IMPROPER ACTIONS,ON ROADWAY AT CROSSWALK,N/A,MIXED CLOTHING,No,NO APPARENT INJURY,NONE,39.15582984,-77.1988261,"(39.15582984, -77.1988261)"
MCP27600023,180053401,Montgomery County Police,Property Damage Crash,10/25/2018 04:16:00 AM,County,MONTGOMERY VILLAGE AVE,Maryland (State),MIDCOUNTY HWY,,N/A,OTHER,SINGLE VEHICLE,CLEAR,DRY,DARK LIGHTS ON,NO CONTROLS,N/A,N/A,3230DDA0-8294-4751-90AF-F9F2AFB29CD2,OTHER,N/A,N/A,N/A,N/A,N/A,Yes,NO APPARENT INJURY,N/A,39.160035,-77.20232167,"(39.160035, -77.20232167)"
MCP32760025,220029082,Montgomery County Police,Injury Crash,07/11/2022 08:40:00 PM,,,,,8560 SECOND AVE SILVER SPRING MD PARKING GARAGE,,PEDESTRIAN,OTHER,CLEAR,,OTHER,NO CONTROLS,UNKNOWN,NONE DETECTED,2ED6652A-F4BD-4962-A2BA-B40C16C687FD,PEDESTRIAN,Other,NO IMPROPER ACTIONS,OTHER,OTHER,MIXED CLOTHING,No,SUSPECTED MINOR INJURY,NONE,38.99609,-77.03275,"(38.99609, -77.03275)"
MCP27080023,170514827,Montgomery County Police,Injury Crash,06/20/2017 08:57:00 PM,County,11TH AVE,County,RUATAN ST,,N/A,PEDESTRIAN,STRAIGHT MOVEMENT ANGLE,CLEAR,N/A,DARK LIGHTS ON,N/A,,NONE DETECTED,616959EE-1DCC-4EC3-B1BE-19995D8310B7,PEDESTRIAN,Standing,UNKNOWN,CURB,NO PED. SIGNAL,MIXED CLOTHING,No,SUSPECTED MINOR INJURY,NONE,38.99696997,-76.99050307,"(38.99696997, -76.99050307)"
MCP3149001J,190054339,Montgomery County Police,Injury Crash,11/11/2019 01:23:00 PM,Maryland (State),UNIVERSITY BLVD E,County,WILLIAMSBURG DR,,N/A,PEDESTRIAN,SINGLE VEHICLE,CLEAR,DRY,DAYLIGHT,TRAFFIC SIGNAL,N/A,N/A,05C715F5-52E1-4706-96C4-B60477528FC0,PEDESTRIAN,Cross/Enter at Intersection,UNKNOWN,AT INTERSECTION MARKED CROSSWALK,UNKNOWN,N/A,No,SUSPECTED MINOR INJURY,N/A,39.01794833,-77.006905,"(39.01794833, -77.006905)"
MCP29830034,180054646,Montgomery County Police,Injury Crash,10/31/2018 06:30:00 PM,County,BELVEDERE BLVD,Maryland (State),GEORGIA AVE,,N/A,BICYCLIST,STRAIGHT MOVEMENT ANGLE,CLEAR,DRY,DARK NO LIGHTS,STOP SIGN,NONE DETECTED,NONE DETECTED,33C0304F-5CBD-4399-969D-DA72C0281B80,BICYCLIST,Cross/Enter at Intersection,NOT VISIBLE,SIDEWALK,NO PED. SIGNAL,DARK CLOTHING,No,POSSIBLE INJURY,MC/BIKE HELMET,39.019225,-77.04421833,"(39.019225, -77.04421833)"
MCP2889001X,16060101,Montgomery County Police,Injury Crash,11/22/2016 04:00:00 PM,Maryland (State),VEIRS MILL RD,Maryland (State),UNIVERSITY BLVD W,,N/A,PEDESTRIAN,OTHER,CLEAR,DRY,DAYLIGHT,NO CONTROLS,NONE DETECTED,N/A,318BAE19-7318-490D-A4C3-077F553D51F1,PEDESTRIAN,Cross/Enter not at Intersection,IN ROADWAY IMPROPERLY,ON ROADWAY NOT AT CROSSWALK,N/A,MIXED CLOTHING,Yes,POSSIBLE INJURY,NONE,39.039435,-77.05494333,"(39.039435, -77.05494333)"
MCP289200CN,220033164,Montgomery County Police,Injury Crash,08/02/2022 03:45:00 PM,US (State),COLESVILLE RD,Maryland (State),UNIVERSITY BLVD E,,N/A,PEDESTRIAN,SINGLE VEHICLE,CLEAR,DRY,DAYLIGHT,TRAFFIC SIGNAL,NONE DETECTED,NONE DETECTED,E59834BA-AEFD-4E2E-AA70-A175C117E119,PEDESTRIAN,Cross/Enter at Intersection,NO IMPROPER ACTIONS,ON ROADWAY AT CROSSWALK,OBEYED PED. SIGNAL,LIGHT CLOTHING,No,POSSIBLE INJURY,NONE,39.019485,-77.01374,"(39.019485, -77.01374)"
MCP2246000C,15005075,Montgomery County Police,Property Damage Crash,01/31/2015 07:11:00 PM,,,,,parking lot of 8010 Fenton Street,,OTHER,OTHER,CLEAR,,DARK LIGHTS ON,N/A,ALCOHOL PRESENT,N/A,74ED8AC5-0707-44A1-9C58-A0DA78F3BB3C,OTHER,N/A,NO IMPROPER ACTIONS,SIDEWALK,N/A,N/A,,NO APPARENT INJURY,N/A,38.98996968,-77.02413797,"(38.98996968, -77.02413797)"
MCP3164001J,190019146,Montgomery County Police,Injury Crash,04/24/2019 07:00:00 AM,Maryland (State),VEIRS MILL RD,County,NEWPORT MILL RD,,N/A,PEDESTRIAN,HEAD ON LEFT TURN,CLEAR,DRY,DAYLIGHT,TRAFFIC SIGNAL,N/A,N/A,F6A53DF0-C986-433E-99A8-BB5900666264,PEDESTRIAN,Cross/Enter at Intersection,NO IMPROPER ACTIONS,ON ROADWAY AT CROSSWALK,OBEYED PED. SIGNAL,MIXED CLOTHING,No,SUSPECTED MINOR INJURY,NONE,39.04459667,-77.06430333,"(39.04459667, -77.06430333)"
EJ785600BB,220028616,Gaithersburg Police Depar,Injury Crash,07/03/2022 09:44:00 PM,Maryland (State),FREDERICK RD,Municipality,ODENDHAL AVE,,GAITHERSBURG,PEDESTRIAN,OTHER,CLEAR,DRY,DARK LIGHTS ON,N/A,N/A,N/A,8A898BCC-5918-49F3-B6DE-B4AE066014C8,PEDESTRIAN,Standing,DISABLED VEHICLE RELATED,OTHER,N/A,MIXED CLOTHING,Yes,SUSPECTED SERIOUS INJURY,N/A,39.14758608,-77.20593278,"(39.14758608, -77.20593278)"
MCP15500039,220024539,Montgomery County Police,Injury Crash,06/08/2022 09:18:00 AM,County,WOODGLEN DR,County,EXECUTIVE BLVD,,N/A,PEDESTRIAN,OTHER,CLEAR,DRY,DAYLIGHT,STOP SIGN,NONE DETECTED,NONE DETECTED,A85A9DEC-495D-425E-B42F-94D6C660A4E6,PEDESTRIAN,Cross/Enter at Intersection,NO IMPROPER ACTIONS,ON ROADWAY AT CROSSWALK,NO PED. SIGNAL,LIGHT CLOTHING,No,SUSPECTED MINOR INJURY,N/A,39.04322833,-77.11333,"(39.04322833, -77.11333)"
MCP9442000X,170510900,Montgomery County Police,Injury Crash,05/31/2017 02:06:00 PM,County,REDLAND RD,Maryland (State),MUNCASTER MILL RD,,N/A,PEDESTRIAN,OTHER,CLEAR,DRY,DAYLIGHT,NO CONTROLS,NONE DETECTED,NONE DETECTED,A9C17BD1-E070-418D-A149-7358DC3AEF0F,PEDESTRIAN,Other,IN ROADWAY IMPROPERLY,ON ROADWAY NOT AT CROSSWALK,NO PED. SIGNAL,DARK CLOTHING,Yes,POSSIBLE INJURY,N/A,39.167925,-77.20516333,"(39.167925, -77.20516333)"
MCP29600027,170534273,Montgomery County Police,Injury Crash,10/02/2017 07:23:00 AM,County,HOMECREST RD,County,LONGMEAD CROSSING DR,,N/A,PEDESTRIAN,OTHER,N/A,DRY,DAWN,STOP SIGN,N/A,N/A,DC761DAF-6236-4EDE-8B43-E8D5A308F7C5,PEDESTRIAN,Cross/Enter at Intersection,NO IMPROPER ACTIONS,ON ROADWAY AT CROSSWALK,NO PED. SIGNAL,LIGHT CLOTHING,No,POSSIBLE INJURY,NONE,39.10357,-77.05400333,"(39.10357, -77.05400333)"
MCP2456005D,210010499,Montgomery County Police,Injury Crash,03/20/2021 12:30:00 PM,Maryland (State),NEW HAMPSHIRE AVE,Ramp,RAMP 2 FR IS 495 WB TO MD 650 NB,,N/A,PEDESTRIAN,STRAIGHT MOVEMENT ANGLE,CLEAR,DRY,DAYLIGHT,TRAFFIC SIGNAL,UNKNOWN,NONE DETECTED,7BE80BB6-82BA-4929-AC56-81F5DB56844E,PEDESTRIAN,Cross/Enter at Intersection,UNKNOWN,ON ROADWAY AT CROSSWALK,UNKNOWN,MIXED CLOTHING,Unknown,POSSIBLE INJURY,N/A,39.02089833,-76.97657,"(39.02089833, -76.97657)"
MCP3123005V,230032844,Montgomery County Police,Injury Crash,07/10/2023 02:59:00 PM,Maryland (State),METRO ACCESS RD,Ramp,RAMP 7 FR MD 200 WB TO MD 200A SB (BACK),,N/A,BICYCLIST,STRAIGHT MOVEMENT ANGLE,CLEAR,DRY,DAYLIGHT,TRAFFIC SIGNAL,N/A,N/A,DD002BC1-C9AD-4994-A5A0-7CE9FDA7DC75,BICYCLIST,Cross/Enter at Intersection,DART DASH,ON ROADWAY AT CROSSWALK,DISOBEYED PED. SIGNAL,MIXED CLOTHING,Yes,SUSPECTED MINOR INJURY,NONE,39.1215332,-77.16107857,"(39.1215332, -77.16107857)"
MCP3173000K,190025858,Montgomery County Police,Injury Crash,06/12/2019 07:14:00 AM,County,BRUNETT AVE,Maryland (State),UNIVERSITY BLVD W,,N/A,PEDESTRIAN,OTHER,CLEAR,DRY,DAWN,STOP SIGN,NONE DETECTED,NONE DETECTED,76D55415-2161-40C9-B09F-7417751F5019,PEDESTRIAN,Cross/Enter at Intersection,NO IMPROPER ACTIONS,ON ROADWAY AT CROSSWALK,NO PED. SIGNAL,N/A,No,POSSIBLE INJURY,N/A,39.0229374,-77.01688638,"(39.0229374, -77.01688638)"
MCP28210022,200028843,Montgomery County Police,Injury Crash,07/25/2020 05:38:00 AM,Maryland (State),WOODFIELD RD,County,BRENISH DR,,N/A,PEDESTRIAN,OTHER,CLEAR,DRY,DAWN,STOP SIGN,NONE DETECTED,NONE DETECTED,383E82DD-56C8-49D4-A53B-A8999E96C3FE,PEDESTRIAN,Cross/Enter at Intersection,UNKNOWN,UNKNOWN,N/A,DARK CLOTHING,Unknown,POSSIBLE INJURY,N/A,39.17833833,-77.150825,"(39.17833833, -77.150825)"
MCP3089003W,230029744,Montgomery County Police,Injury Crash,06/21/2023 10:26:00 AM,US (State),COLESVILLE RD,County,SPRING ST,,N/A,PEDESTRIAN,OTHER,RAINING,WET,DAYLIGHT,TRAFFIC SIGNAL,N/A,ALCOHOL PRESENT,3A4728FF-B1FB-4176-B056-521210D254E4,PEDESTRIAN,N/A,IN ROADWAY IMPROPERLY,OUTSIDE RIGHT OF WAY,DISOBEYED PED. SIGNAL,LIGHT CLOTHING,Yes,POSSIBLE INJURY,N/A,38.99962833,-77.02592833,"(38.99962833, -77.02592833)"
DD5595003T,170500400,Rockville Police Departme,Injury Crash,04/04/2017 06:17:00 PM,Municipality,E MIDDLE LA,Municipality,MONROE ST,,ROCKVILLE,PEDESTRIAN,OTHER,CLEAR,DRY,DAYLIGHT,OTHER,NONE DETECTED,NONE DETECTED,3B0DA91C-E5AB-449D-B6C4-7083ECD25DEC,PEDESTRIAN,Cross/Enter at Intersection,NO IMPROPER ACTIONS,ON ROADWAY AT CROSSWALK,NO PED. SIGNAL,MIXED CLOTHING,No,POSSIBLE INJURY,NONE,39.08516617,-77.14921633,"(39.08516617, -77.14921633)"
MCP28810053,220051496,Montgomery County Police,Injury Crash,11/21/2022 02:20:00 PM,,,,,11530 MIDDLEBROOK RD,,PEDESTRIAN,SINGLE VEHICLE,CLEAR,,DAYLIGHT,NO CONTROLS,UNKNOWN,N/A,F4EA78D5-F385-4308-8E9F-C121D6B99C96,PEDESTRIAN,Standing,NO IMPROPER ACTIONS,INSIDE BUILDING,N/A,N/A,No,POSSIBLE INJURY,N/A,39.17965167,-77.239425,"(39.17965167, -77.239425)"
MCP2298005D,15020223,Montgomery County Police,Injury Crash,04/29/2015 06:02:00 PM,County,TANNERY RIDGE DR,County,CLARKSBURG RD,,N/A,BICYCLIST,ANGLE MEETS LEFT TURN,CLEAR,DRY,DAYLIGHT,STOP SIGN,NONE DETECTED,NONE DETECTED,47CD84B7-B675-4811-BF01-5F45D11A6DBD,BICYCLIST,Other,IN ROADWAY IMPROPERLY,ON ROADWAY NOT AT CROSSWALK,OTHER,UNKNOWN,,SUSPECTED MINOR INJURY,NONE,39.24287,-77.27976,"(39.24287, -77.27976)"
MCP3059003G,180063871,Montgomery County Police,Injury Crash,12/21/2018 07:00:00 PM,,,,,PARKING LOT OF 13615 GEORGIA AVE,,PEDESTRIAN,OTHER,CLEAR,,DUSK,N/A,UNKNOWN,NONE DETECTED,59981897-F4E5-4159-8077-39D87DDEC1BD,PEDESTRIAN,Walking/Cycling on Sidewalk,NO IMPROPER ACTIONS,SIDEWALK,NO PED. SIGNAL,MIXED CLOTHING,No,POSSIBLE INJURY,N/A,39.07891152,-77.07230682,"(39.07891152, -77.07230682)"
MCP2665001T,16056935,Montgomery County Police,Injury Crash,11/04/2016 05:59:00 PM,County,EDSON LA,County,WOODGLEN DR,,N/A,BICYCLIST,STRAIGHT MOVEMENT ANGLE,CLEAR,DRY,DUSK,STOP SIGN,N/A,N/A,71F7982F-B373-4BCD-913B-C4BC24ED42D2,BICYCLIST,Cross/Enter at Intersection,NO IMPROPER ACTIONS,ON ROADWAY AT CROSSWALK,UNKNOWN,LIGHT CLOTHING,No,SUSPECTED MINOR INJURY,NONE,39.04021333,-77.11300833,"(39.04021333, -77.11300833)"
MCP26170087,190053280,Montgomery County Police,Injury Crash,11/05/2019 02:05:00 PM,County,ARCOLA AVE,County,KERSEY RD,,N/A,PEDESTRIAN,OTHER,CLEAR,DRY,DAYLIGHT,NO CONTROLS,NONE DETECTED,NONE DETECTED,DB39F010-09B7-4111-8921-4814E44A1621,PEDESTRIAN,Cross/Enter at Intersection,N/A,AT INTERSECTION MARKED CROSSWALK,NO PED. SIGNAL,MIXED CLOTHING,No,NO APPARENT INJURY,NONE,39.043475,-77.03062167,"(39.043475, -77.03062167)"
MCP2134002G,190061955,Montgomery County Police,Injury Crash,12/24/2019 02:50:00 PM,,,,,PARKING LOT OF 13490 NEW HAMPSHIRE AVE,,PEDESTRIAN,OTHER,CLEAR,,DAYLIGHT,N/A,N/A,N/A,51AE4719-D296-4EE4-9FBB-AD5C9F02AAD6,PEDESTRIAN,Cross/Enter at Intersection,NO IMPROPER ACTIONS,ON ROADWAY AT CROSSWALK,N/A,MIXED CLOTHING,No,POSSIBLE INJURY,N/A,39.07680433,-77.00352593,"(39.07680433, -77.00352593)"
MCP2881001H,16038682,Montgomery County Police,Injury Crash,07/31/2016 06:20:00 AM,,,,,"IFO 27 PICKERING CT, GERMANTOWN MD",,PEDESTRIAN,OTHER,N/A,,DAYLIGHT,NO CONTROLS,N/A,N/A,26793BCC-D4C5-46E8-8DC7-29BD2BD01196,PEDESTRIAN,Other,NO IMPROPER ACTIONS,OTHER,NO PED. SIGNAL,DARK CLOTHING,No,POSSIBLE INJURY,NONE,39.18234833,-77.24242333,"(39.18234833, -77.24242333)"
MCP15190041,220036336,Montgomery County Police,Injury Crash,08/23/2022 08:47:00 AM,Maryland (State),GREAT SENECA HWY,County,MATENY RD,,N/A,BICYCLIST,SINGLE VEHICLE,CLEAR,DRY,DAYLIGHT,TRAFFIC SIGNAL,NONE DETECTED,NONE DETECTED,513257FD-2883-4CC5-B82F-A7393676CAD0,BICYCLIST,Cross/Enter at Intersection,NO IMPROPER ACTIONS,ON ROADWAY AT CROSSWALK,OBEYED PED. SIGNAL,MIXED CLOTHING,No,SUSPECTED MINOR INJURY,MC/BIKE HELMET,39.14615,-77.27454,"(39.14615, -77.27454)"
MCP3320000V,220021711,Montgomery County Police,Injury Crash,05/21/2022 04:00:00 PM,County,FENTON ST,County,THAYER AVE,,N/A,PEDESTRIAN,SINGLE VEHICLE,CLEAR,DRY,DAYLIGHT,TRAFFIC SIGNAL,NONE DETECTED,NONE DETECTED,93E2C2FC-B5DB-4F08-9E50-5D7B83F7E93C,PEDESTRIAN,Cross/Enter at Intersection,N/A,AT INTERSECTION MARKED CROSSWALK,OBEYED PED. SIGNAL,MIXED CLOTHING,No,SUSPECTED MINOR INJURY,N/A,38.99304768,-77.02408693,"(38.99304768, -77.02408693)"
MCP2757001P,170536392,Montgomery County Police,Property Damage Crash,10/13/2017 05:44:00 AM,County,KINGSWELL DR,County,LIVINGSTON ST,,N/A,PEDESTRIAN,SINGLE VEHICLE,N/A,N/A,DARK LIGHTS ON,NO CONTROLS,NONE DETECTED,NONE DETECTED,7604C228-E3AF-4408-B518-17FA188DC78C,PEDESTRIAN,Standing,OTHER,SHOULDER,N/A,DARK CLOTHING,No,NO APPARENT INJURY,N/A,39.05451784,-77.05814302,"(39.05451784, -77.05814302)"
MCP3010004F,190044523,Montgomery County Police,Injury Crash,09/17/2019 01:23:00 PM,Maryland (State),ROCKVILLE PIKE,Unknown,ENT TO WHITE FLINT MALL,,N/A,OTHER CONVEYANCE,OTHER,CLEAR,DRY,DAYLIGHT,YIELD SIGN,N/A,N/A,93BC58B3-7CA2-4056-8584-515B2E15946C,OTHER CONVEYANCE,Cross/Enter at Intersection,NO IMPROPER ACTIONS,AT INTERSECTION BUT NO CROSSWALK,NO PED. SIGNAL,DARK CLOTHING,No,SUSPECTED MINOR INJURY,NONE,39.043295,-77.11060167,"(39.043295, -77.11060167)"
MCP15640050,200050318,Montgomery County Police,Injury Crash,12/22/2020 01:27:00 PM,,,,,"PKG LOT OF 18220 VILLAGE CENTER DRIVE, OLNEY, MD 20832",,OTHER CONVEYANCE,OTHER,CLEAR,,DAYLIGHT,NO CONTROLS,,NONE DETECTED,AD481E4C-97B7-477C-B246-1A2B60ACC26E,OTHER CONVEYANCE,Other,OTHER,CURB,NO PED. SIGNAL,MIXED CLOTHING,Yes,SUSPECTED MINOR INJURY,N/A,39.15382738,-77.06429089,"(39.15382738, -77.06429089)"
MCP229800JP,180028857,Montgomery County Police,Injury Crash,06/11/2018 03:11:00 PM,County,STRINGTOWN RD,Unknown,SUTLER SQUARE TERR,,N/A,PEDESTRIAN,SINGLE VEHICLE,CLOUDY,DRY,DAYLIGHT,N/A,,NONE DETECTED,C5838823-5AD5-42E3-AAB9-540769BE0EB6,PEDESTRIAN,Push/Work on Vehicle,N/A,N/A,N/A,N/A,Yes,POSSIBLE INJURY,N/A,39.23838,-77.27614167,"(39.23838, -77.27614167)"
MCP2723006P,220042149,Montgomery County Police,Injury Crash,09/27/2022 04:00:00 PM,Maryland (State),VEIRS MILL RD,County,RANDOLPH RD,,N/A,PEDESTRIAN,SINGLE VEHICLE,N/A,DRY,DAYLIGHT,TRAFFIC SIGNAL,NONE DETECTED,NONE DETECTED,A5CB311D-7E7A-4BA5-AB6F-71308CCBA752,PEDESTRIAN,Cross/Enter at Intersection,DART DASH,ON ROADWAY AT CROSSWALK,DISOBEYED PED. SIGNAL,DARK CLOTHING,Yes,SUSPECTED MINOR INJURY,NONE,39.05615,-77.08281667,"(39.05615, -77.08281667)"
DD55830020,16058717,Rockville Police Departme,Injury Crash,11/14/2016 06:56:00 PM,,,,,PARKING LOT BETWEEN 7408 AND 7406 WESTMORE RD ROCKVILLE,,PEDESTRIAN,OTHER,CLEAR,,DARK NO LIGHTS,N/A,NONE DETECTED,NONE DETECTED,152E1B65-0314-4E72-ABA3-2AB6700CC1B3,PEDESTRIAN,Other,NOT VISIBLE,OTHER,N/A,DARK CLOTHING,Yes,SUSPECTED MINOR INJURY,NONE,39.09847022,-77.15177223,"(39.09847022, -77.15177223)"
MCP2363000B,15008007,Montgomery County Police,Fatal Crash,02/18/2015 11:16:00 AM,County,CRESTHAVEN DR,County,DEVERE DR,,N/A,PEDESTRIAN,OTHER,CLEAR,DRY,DAYLIGHT,NO CONTROLS,ALCOHOL PRESENT,UNKNOWN,1D48AAD0-93CB-4FE6-9D0C-87EEE153A101,PEDESTRIAN,Standing,NO IMPROPER ACTIONS,CURB,N/A,N/A,No,FATAL INJURY,NONE,39.021585,-76.987954,"(39.021585, -76.987954)"
MCP3165001B,190029086,Montgomery County Police,Injury Crash,06/18/2019 11:10:00 AM,County,TECH RD,County,INDUSTRIAL PKWY,,N/A,PEDESTRIAN,HEAD ON LEFT TURN,CLEAR,DRY,DAYLIGHT,STOP SIGN,NONE DETECTED,NONE DETECTED,A9BDCA3F-FAFA-4799-82C1-2ACC4E875106,PEDESTRIAN,Cross/Enter at Intersection,NO IMPROPER ACTIONS,AT INTERSECTION MARKED CROSSWALK,NO PED. SIGNAL,DARK CLOTHING,No,POSSIBLE INJURY,NONE,39.05337167,-76.96811,"(39.05337167, -76.96811)"
EJ7878004T,220056894,Gaithersburg Police Depar,Injury Crash,12/22/2022 09:23:00 PM,,,,,PARKING LOT OF 568 N FREDERICK AVENUE,,PEDESTRIAN,OTHER,RAINING,,DARK LIGHTS ON,NO CONTROLS,N/A,N/A,AAD0AA1A-BA4B-499F-A799-588BCB3E4FEB,PEDESTRIAN,Cross/Enter at Intersection,NO IMPROPER ACTIONS,ON ROADWAY AT CROSSWALK,N/A,MIXED CLOTHING,No,POSSIBLE INJURY,NONE,39.14859117,-77.21005983,"(39.14859117, -77.21005983)"
MCP1099004Q,220041114,Montgomery County Police,Injury Crash,09/21/2022 12:50:00 PM,,,,,RED MILL SHOPPING CENTER 7200 MUNCASTER MILL ROAD DERWOOD,,PEDESTRIAN,OTHER,CLEAR,,DAYLIGHT,NO CONTROLS,NONE DETECTED,NONE DETECTED,720124E7-2EAB-4E4E-AD9F-AA100357F663,PEDESTRIAN,Standing,N/A,OTHER,N/A,REFLECTIVE MATERIAL,No,POSSIBLE INJURY,N/A,39.145555,-77.145145,"(39.145555, -77.145145)"
MCP2996000B,16006181,Montgomery County Police,Injury Crash,02/05/2016 09:40:00 PM,Maryland (State),FREDERICK RD,Interstate (State),NO NAME,,N/A,PEDESTRIAN,OTHER,CLEAR,DRY,DARK LIGHTS ON,NO CONTROLS,NONE DETECTED,UNKNOWN,F41117FE-B459-42CA-BD08-8F4BA41EAE79,PEDESTRIAN,Cross/Enter not at Intersection,DART DASH,ON ROADWAY NOT AT CROSSWALK,NO PED. SIGNAL,DARK CLOTHING,Yes,SUSPECTED MINOR INJURY,NONE,39.1230232,-77.17844144,"(39.1230232, -77.17844144)"
MCP3200001F,200006881,Montgomery County Police,Property Damage Crash,02/11/2020 07:36:00 AM,Maryland (State),ROCKVILLE PIKE,County,MARINELLI RD,,N/A,PEDESTRIAN,OTHER,RAINING,WET,DAWN,NO CONTROLS,NONE DETECTED,NONE DETECTED,41185652-81EC-4A3F-939A-6C7E4865D542,PEDESTRIAN,Walking/Cycling on Sidewalk,NO IMPROPER ACTIONS,SIDEWALK,NO PED. SIGNAL,MIXED CLOTHING,No,NO APPARENT INJURY,NONE,39.04611433,-77.11285967,"(39.04611433, -77.11285967)"
EJ7809000V,16060797,Gaithersburg Police Depar,Property Damage Crash,11/26/2016 08:47:00 PM,Maryland (State),S FREDERICK RD,Municipality,CEDAR AVE,,GAITHERSBURG,PEDESTRIAN,SINGLE VEHICLE,CLEAR,DRY,DARK LIGHTS ON,NO CONTROLS,NONE DETECTED,NONE DETECTED,298EE32F-4D36-4EA4-A983-BADE1D1B3C61,PEDESTRIAN,Cross/Enter not at Intersection,DART DASH,ON ROADWAY NOT AT CROSSWALK,NO PED. SIGNAL,DARK CLOTHING,Yes,NO APPARENT INJURY,N/A,39.13965754,-77.1964176,"(39.13965754, -77.1964176)"
MCP2730000M,15059015,MONTGOMERY,Injury Crash,11/19/2015 05:30:00 AM,Maryland (State),GERMANTOWN RD,Other Public Roadway,CRYSTAL ROCK DR,,N/A,PEDESTRIAN,OTHER,RAINING,WET,DARK LIGHTS ON,NO CONTROLS,N/A,N/A,4A201E9E-E1D0-4CE4-ACB8-0E8454E57D12,PEDESTRIAN,Walking/Cycling on Sidewalk,NO IMPROPER ACTIONS,SIDEWALK,N/A,MIXED CLOTHING,No,SUSPECTED MINOR INJURY,N/A,39.18418,-77.26321,"(39.18418, -77.26321)"
MCP2840000K,15051498,MONTGOMERY,Injury Crash,10/10/2015 08:20:00 PM,County,CHERRY HILL RD,County,BROADBIRCH DR,,N/A,PEDESTRIAN,OTHER,CLEAR,DRY,DARK LIGHTS ON,TRAFFIC SIGNAL,N/A,NONE DETECTED,86DB8D97-3CE3-4F76-919E-A57B9B0E077A,PEDESTRIAN,Cross/Enter at Intersection,FAILURE TO OBEY TRAFFIC SIGNS SIGNALS OR OFFICER,ON ROADWAY AT CROSSWALK,DISOBEYED PED. SIGNAL,DARK CLOTHING,Yes,POSSIBLE INJURY,N/A,39.053135,-76.9627,"(39.053135, -76.9627)"
MCP3029002G,190006893,Montgomery County Police,Injury Crash,02/12/2019 05:00:00 PM,,,,,IHOP PARKING LOT,,PEDESTRIAN,N/A,RAINING,,DAYLIGHT,NO CONTROLS,N/A,NONE DETECTED,60321D68-6F98-479D-B81B-3103086FC32A,PEDESTRIAN,Other,NO IMPROPER ACTIONS,OTHER,NO PED. SIGNAL,LIGHT CLOTHING,No,POSSIBLE INJURY,NONE,39.05631223,-76.96647021,"(39.05631223, -76.96647021)"
MCP26790024,170534247,Montgomery County Police,Injury Crash,10/01/2017 11:10:00 PM,Maryland (State),UNIVERSITY BLVD E,County,E WAYNE AVE,,N/A,PEDESTRIAN,SAME DIRECTION SIDESWIPE,CLEAR,DRY,DARK LIGHTS ON,NO CONTROLS,NONE DETECTED,NONE DETECTED,FBA28D05-5138-4527-B601-DA438173E9A1,PEDESTRIAN,Push/Work on Vehicle,NO IMPROPER ACTIONS,OTHER,N/A,N/A,No,POSSIBLE INJURY,N/A,39.00671167,-76.99787333,"(39.00671167, -76.99787333)"
MCP291400DK,230020545,Montgomery County Police,Injury Crash,04/30/2023 11:46:00 PM,US (State),GEORGIA AVE,County,BLAIR RD,,N/A,BICYCLIST,OTHER,CLEAR,DRY,DARK LIGHTS ON,TRAFFIC SIGNAL,N/A,N/A,5342EDBA-2953-4663-B767-305C37DE2260,BICYCLIST,Cross/Enter at Intersection,NO IMPROPER ACTIONS,AT INTERSECTION MARKED CROSSWALK,OBEYED PED. SIGNAL,MIXED CLOTHING,No,SUSPECTED SERIOUS INJURY,MC/BIKE HELMET,38.98469765,-77.0264628,"(38.98469765, -77.0264628)"
DM8447000V,16015057,Takoma Park Police Depart,Injury Crash,03/27/2016 09:09:00 PM,Maryland (State),UNIVERSITY BLVD E,Municipality,MERRIMAC DR,,TAKOMA PARK,PEDESTRIAN,STRAIGHT MOVEMENT ANGLE,RAINING,WET,DARK LIGHTS ON,NO CONTROLS,NONE DETECTED,UNKNOWN,5441A21A-CD0E-47EF-BCFA-6D67B8B2FDF0,PEDESTRIAN,Cross/Enter not at Intersection,UNKNOWN,ON ROADWAY NOT AT CROSSWALK,NO PED. SIGNAL,MIXED CLOTHING,Yes,POSSIBLE INJURY,NONE,38.992718,-76.991393,"(38.992718, -76.991393)"