Report Number,Local Case Number,Agency Name,ACRS Report Type,Crash Date/Time,Route Type,Road Name,Cross-Street Type,Cross-Street Name,Off-Road Description,Municipality,Related Non-Motorist,Collision Type,Weather,Surface Condition,Light,Traffic Control,Driver Substance Abuse,Non-Motorist Substance Abuse,Person ID,Pedestrian Type,Pedestrian Movement,Pedestrian Actions,Pedestrian Location,Pedestrian Obeyed Traffic Signal,Pedestrian Visibility,At Fault,Injury Severity,Safety Equipment,Latitude,Longitude,Location
MCP2751000M,15028831,MONTGOMERY,Injury Crash,06/13/2015 05:26:00 PM,County,BEL PRE RD,County,CONNECTICUT AVE,,N/A,PEDESTRIAN,OTHER,CLEAR,DRY,DAYLIGHT,STOP SIGN,NONE DETECTED,NONE DETECTED,7B823234-906A-48C6-A1FD-BDBB8BA06A69,PEDESTRIAN,Cross/Enter at Intersection,NO IMPROPER ACTIONS,ON ROADWAY AT CROSSWALK,NO PED. SIGNAL,DARK CLOTHING,No,POSSIBLE INJURY,NONE,39.091445,-77.06944167,"(39.091445, -77.06944167)"
DM8451001K,180003504,Takoma Park Police Depart,Injury Crash,01/21/2018 05:35:00 PM,Maryland (State),PINEY BRANCH RD,Maryland (State),PHILADELPHIA AVE,,N/A,BICYCLIST,HEAD ON LEFT TURN,CLEAR,DRY,DUSK,TRAFFIC SIGNAL,ILLEGAL DRUG PRESENT,N/A,4C48BD67-8AB3-415F-ADA8-362EA285A052,BICYCLIST,Walking/Riding w/Traffic,NO IMPROPER ACTIONS,ON ROADWAY NOT AT CROSSWALK,N/A,MIXED CLOTHING,No,SUSPECTED SERIOUS INJURY,UNKNOWN,38.98332433,-77.01475383,"(38.98332433, -77.01475383)"
MCP24920016,190043484,Montgomery County Police,Fatal Crash,09/11/2019 10:20:00 AM,,COPLEY PLACE,,ENTRANCE TO HARRIS TEETER PARKING LOT,,N/A,PEDESTRIAN,OTHER,CLEAR,DRY,DAYLIGHT,STOP SIGN,NONE DETECTED,NONE DETECTED,AA12FD97-FA1C-49C9-9713-48179F3DA673,PEDESTRIAN,Cross/Enter at Intersection,IN ROADWAY IMPROPERLY,ON ROADWAY NOT AT CROSSWALK,NO PED. SIGNAL,MIXED CLOTHING,Yes,FATAL INJURY,N/A,39.11481531,-77.20692953,"(39.11481531, -77.20692953)"
MCP2693001B,16004084,Montgomery County Police,Injury Crash,01/24/2016 04:04:00 PM,County,BAUER DR,Other Public Roadway,BURNSIDE DR,,N/A,PEDESTRIAN,SINGLE VEHICLE,CLEAR,SNOW,DAYLIGHT,NO CONTROLS,NONE DETECTED,NONE DETECTED,83697246-4D6A-45E5-879A-83A6A13CFBE4,PEDESTRIAN,Walking/Riding w/Traffic,NO IMPROPER ACTIONS,SHOULDER,NO PED. SIGNAL,MIXED CLOTHING,No,POSSIBLE INJURY,N/A,39.094385,-77.10942667,"(39.094385, -77.10942667)"
DD56060047,170500798,Rockville Police Departme,Injury Crash,04/06/2017 10:19:00 AM,County,SHADY GROVE RD,Municipality,GAITHER RD,,ROCKVILLE,PEDESTRIAN,SINGLE VEHICLE,CLOUDY,DRY,DARK LIGHTS ON,TRAFFIC SIGNAL,NONE DETECTED,NONE DETECTED,685758F6-FB79-4740-A4B3-E87F288FCC8A,PEDESTRIAN,Cross/Enter at Intersection,FAILURE TO OBEY TRAFFIC SIGNS SIGNALS OR OFFICER,ON ROADWAY AT CROSSWALK,DISOBEYED PED. SIGNAL,DARK CLOTHING,Yes,POSSIBLE INJURY,NONE,39.11744113,-77.18345717,"(39.11744113, -77.18345717)"
MCP137800BL,16039644,Montgomery County Police,Injury Crash,08/05/2016 01:12:00 PM,Ramp,RAMP 6 FR MD 117 EB TO IS 270 SB,Maryland (State),W DIAMOND AVE,,N/A,BICYCLIST,STRAIGHT MOVEMENT ANGLE,CLOUDY,DRY,DAYLIGHT,NO CONTROLS,NONE DETECTED,NONE DETECTED,44DCEDE5-EBA1-4D3B-B023-870AB4E2F811,BICYCLIST,Cross/Enter at Intersection,OTHER,ON ROADWAY AT CROSSWALK,NO PED. SIGNAL,DARK CLOTHING,Yes,POSSIBLE INJURY,NONE,39.14056456,-77.21473575,"(39.14056456, -77.21473575)"
MCP3069000Z,190003886,Montgomery County Police,Injury Crash,01/25/2019 04:13:00 AM,County,PARKLAWN DR,County,RANDOLPH RD,,N/A,PEDESTRIAN,OTHER,CLEAR,DRY,DARK LIGHTS ON,NO CONTROLS,UNKNOWN,NONE DETECTED,6BE4F743-4664-4348-8165-6E52964601FC,PEDESTRIAN,Walking/Riding w/Traffic,IN ROADWAY IMPROPERLY,ON ROADWAY NOT AT CROSSWALK,NO PED. SIGNAL,DARK CLOTHING,Yes,SUSPECTED SERIOUS INJURY,NONE,39.0167002,-76.98613548,"(39.0167002, -76.98613548)"
DD5583000G,15029296,Rockville Police Departme,Injury Crash,06/16/2015 11:14:00 AM,Municipality,STANLEY AVE,Municipality,STANLEY CT,,ROCKVILLE,PEDESTRIAN,N/A,CLEAR,DRY,DAYLIGHT,N/A,NONE DETECTED,NONE DETECTED,FE7CC2FE-C206-4CD4-8840-1143E0B46959,PEDESTRIAN,Cross/Enter not at Intersection,FAILURE TO YIELD RIGHT OF WAY,ON ROADWAY NOT AT CROSSWALK,N/A,MIXED CLOTHING,,SUSPECTED MINOR INJURY,N/A,39.06938374,-77.1264106,"(39.06938374, -77.1264106)"
MCP2886001L,16026787,Montgomery County Police,Injury Crash,05/29/2016 03:03:00 PM,Maryland (State),CONNECTICUT AVE,County,WELLER RD,,N/A,PEDESTRIAN,SINGLE VEHICLE,CLEAR,DRY,DAYLIGHT,N/A,NONE DETECTED,NONE DETECTED,E47CB9B1-F806-471B-8FD6-FABD055329E7,PEDESTRIAN,Cross/Enter at Intersection,NO IMPROPER ACTIONS,ON ROADWAY AT CROSSWALK,OBEYED PED. SIGNAL,MIXED CLOTHING,No,POSSIBLE INJURY,NONE,39.063535,-77.07347167,"(39.063535, -77.07347167)"
MCP28820025,170529585,Montgomery County Police,Injury Crash,09/09/2017 12:30:00 PM,Municipality,SCHOOL DR,County,MUDDY BRANCH RD,,N/A,PEDESTRIAN,SINGLE VEHICLE,CLEAR,DRY,DAYLIGHT,STOP SIGN,UNKNOWN,NONE DETECTED,6E8CB83B-A39D-4DF6-AFA2-3EBFFF49FCC1,PEDESTRIAN,Cross/Enter at Intersection,NO IMPROPER ACTIONS,AT INTERSECTION MARKED CROSSWALK,NO PED. SIGNAL,REFLECTIVE MATERIAL,No,SUSPECTED MINOR INJURY,REFLECTIVE CLOTHING,39.11765599,-77.21704245,"(39.11765599, -77.21704245)"
MCP2356001S,210012483,Montgomery County Police,Injury Crash,04/03/2021 07:00:00 PM,Municipality,MARYLAND AVE,Municipality,E MIDDLE LA,,ROCKVILLE,PEDESTRIAN,STRAIGHT MOVEMENT ANGLE,CLEAR,DRY,DUSK,N/A,N/A,N/A,D9063536-EC95-4F2F-94B8-D842488D2029,PEDESTRIAN,Cross/Enter not at Intersection,DART DASH,ON ROADWAY NOT AT CROSSWALK,N/A,DARK CLOTHING,Yes,POSSIBLE INJURY,N/A,39.08623688,-77.15101352,"(39.08623688, -77.15101352)"
DM8421002K,200022716,Takoma Park Police Depart,Injury Crash,06/09/2020 07:20:00 PM,Municipality,LINCOLN AVE,Municipality,JEFFERSON AVE,,TAKOMA PARK,BICYCLIST,SINGLE VEHICLE,N/A,DRY,DAYLIGHT,N/A,N/A,N/A,3275896D-FF6E-4E01-8929-FEA4F184FB23,BICYCLIST,Cross/Enter not at Intersection,IN ROADWAY IMPROPERLY,ON ROADWAY NOT AT CROSSWALK,N/A,N/A,Yes,POSSIBLE INJURY,NONE,38.98308333,-77.00445667,"(38.98308333, -77.00445667)"
MCP3196003R,230030996,Montgomery County Police,Injury Crash,06/28/2023 10:28:00 PM,,,,,"IN FRONT OF 12935 PICKERING DR, GERMANTOWN, MARYLAND",,PEDESTRIAN,SINGLE VEHICLE,N/A,,UNKNOWN,N/A,NONE DETECTED,NONE DETECTED,66A6452A-CD8C-4C89-B2E5-92F4C780EE0F,PEDESTRIAN,Standing,N/A,N/A,N/A,N/A,No,SUSPECTED MINOR INJURY,N/A,39.18700149,-77.26906354,"(39.18700149, -77.26906354)"
MCP24960037,220010506,Montgomery County Police,Injury Crash,03/11/2022 11:23:00 AM,Maryland (State),DARNESTOWN RD,County,MUDDY BRANCH RD,,N/A,BICYCLIST,SAME DIRECTION RIGHT TURN,CLEAR,DRY,DAYLIGHT,TRAFFIC SIGNAL,NONE DETECTED,NONE DETECTED,75B921E9-41CC-4E79-A2CB-1B12E8BBEB29,BICYCLIST,Walking/Riding w/Traffic,NO IMPROPER ACTIONS,SHOULDER,N/A,LIGHT CLOTHING,No,POSSIBLE INJURY,MC/BIKE HELMET,39.10272863,-77.22059213,"(39.10272863, -77.22059213)"
MCP2951002H,180007798,Montgomery County Police,Injury Crash,02/14/2018 05:16:00 PM,,,,,PARKING LOT OF 13671 GEORGIA AVE SILVER SPRING MD 20906,,PEDESTRIAN,OTHER,CLEAR,,DAYLIGHT,NO CONTROLS,NONE DETECTED,NONE DETECTED,1C488BE5-7957-495A-915E-A51B07CB4D35,PEDESTRIAN,Other,NO IMPROPER ACTIONS,OTHER,NO PED. SIGNAL,MIXED CLOTHING,No,POSSIBLE INJURY,N/A,39.079834,-77.07288167,"(39.079834, -77.07288167)"
EJ7893001Y,220050558,Gaithersburg Police Depar,Injury Crash,11/15/2022 09:05:00 PM,Municipality,GIRARD ST,Municipality,VICTORY FARM DR,,GAITHERSBURG,PEDESTRIAN,OTHER,RAINING,WET,DARK LIGHTS ON,YIELD SIGN,NONE DETECTED,NONE DETECTED,3F4211D4-511F-4BAB-986B-D5ABB8824586,PEDESTRIAN,Cross/Enter at Intersection,IN ROADWAY IMPROPERLY,ON ROADWAY NOT AT CROSSWALK,NO PED. SIGNAL,DARK CLOTHING,Yes,SUSPECTED MINOR INJURY,N/A,39.14650785,-77.18509507,"(39.14650785, -77.18509507)"
MCP30050009,16001307,Montgomery County Police,Injury Crash,01/08/2016 06:51:00 AM,County,FLACK ST,County,WELLER RD,,N/A,PEDESTRIAN,OTHER,CLOUDY,N/A,DAWN,NO CONTROLS,UNKNOWN,NONE DETECTED,2EC90A5A-E967-4589-84B1-4871A7AA6D2E,PEDESTRIAN,Cross/Enter at Intersection,IN ROADWAY IMPROPERLY,AT INTERSECTION BUT NO CROSSWALK,DISOBEYED PED. SIGNAL,MIXED CLOTHING,Yes,POSSIBLE INJURY,N/A,39.06619131,-77.06094325,"(39.06619131, -77.06094325)"
MCP28130074,190038870,Montgomery County Police,Injury Crash,08/14/2019 06:25:00 PM,Maryland (State),UNIVERSITY BLVD W,County,ELKIN ST,,N/A,PEDESTRIAN,SINGLE VEHICLE,CLEAR,DRY,DAYLIGHT,NO CONTROLS,N/A,N/A,7B74C51B-C27A-4AD7-988D-E3BE4B0C138E,PEDESTRIAN,Cross/Enter not at Intersection,FAILURE TO YIELD RIGHT OF WAY,ON ROADWAY NOT AT CROSSWALK,N/A,LIGHT CLOTHING,Yes,SUSPECTED MINOR INJURY,N/A,39.04166333,-77.05040167,"(39.04166333, -77.05040167)"
MCP2923000Z,15045892,MONTGOMERY,Injury Crash,09/11/2015 08:32:00 AM,County,ASPEN HILL RD,Maryland (State),VEIRS MILL RD,,N/A,PEDESTRIAN,OTHER,CLEAR,DRY,DAYLIGHT,TRAFFIC SIGNAL,NONE DETECTED,NONE DETECTED,B4A7CCF7-679C-4606-8EED-4C8BD17089BE,PEDESTRIAN,Cross/Enter at Intersection,NO IMPROPER ACTIONS,ON ROADWAY AT CROSSWALK,OBEYED PED. SIGNAL,N/A,No,SUSPECTED MINOR INJURY,NONE,39.06912833,-77.104945,"(39.06912833, -77.104945)"
MCP26590014,16037735,Montgomery County Police,Property Damage Crash,07/25/2016 11:18:00 PM,County,SEMINARY RD,Maryland (State),GEORGIA AVE,,N/A,BICYCLIST,OTHER,CLOUDY,DRY,DARK LIGHTS ON,TRAFFIC SIGNAL,N/A,NONE DETECTED,1AA1402C-9D9D-47B2-B829-521E032B9D8A,BICYCLIST,Cross/Enter at Intersection,NO IMPROPER ACTIONS,ON ROADWAY AT CROSSWALK,OBEYED PED. SIGNAL,LIGHT CLOTHING,No,NO APPARENT INJURY,NONE,39.00939,-77.040715,"(39.00939, -77.040715)"
MCP115100C5,200038122,Montgomery County Police,Injury Crash,09/28/2020 01:03:00 PM,,,,,PARKING LOT OF 12835 LOCBURY CIRCLE,,PEDESTRIAN,OTHER,CLEAR,,DAYLIGHT,N/A,UNKNOWN,NONE DETECTED,ABB42588-AB9D-421F-8E58-E2AB3B967040,PEDESTRIAN,Other,NO IMPROPER ACTIONS,OTHER,N/A,MIXED CLOTHING,No,POSSIBLE INJURY,N/A,39.18606233,-77.26458917,"(39.18606233, -77.26458917)"
MCP2722002Y,180008000,Montgomery County Police,Injury Crash,02/15/2018 04:32:00 PM,,,,,PARKING LOT OF 5566 NORBECK RD,,PEDESTRIAN,SINGLE VEHICLE,CLEAR,,DAYLIGHT,NO CONTROLS,N/A,N/A,3E5A492E-A47F-401F-BBEB-0FF852549FD3,PEDESTRIAN,Cross/Enter not at Intersection,NO IMPROPER ACTIONS,ON ROADWAY NOT AT CROSSWALK,NO PED. SIGNAL,MIXED CLOTHING,No,SUSPECTED MINOR INJURY,NONE,39.095125,-77.11114167,"(39.095125, -77.11114167)"
MCP3296000N,210037118,Montgomery County Police,Injury Crash,09/20/2021 01:46:00 PM,Maryland (State),GEORGIA AVE,County,TILTON DR,,N/A,BICYCLIST,STRAIGHT MOVEMENT ANGLE,CLEAR,DRY,DAYLIGHT,STOP SIGN,NONE DETECTED,NONE DETECTED,84615557-B2A6-4918-AACA-BC819ABFE5DE,BICYCLIST,Cross/Enter at Intersection,WRONG WAY RIDING OR WALKING,SHOULDER,NO PED. SIGNAL,DARK CLOTHING,Yes,SUSPECTED MINOR INJURY,NONE,39.01841657,-77.04355064,"(39.01841657, -77.04355064)"
MCP2753000Q,15015658,Montgomery County Police,Injury Crash,04/05/2015 07:45:00 AM,County,BAUER DR,County,LAKE DR,,N/A,OTHER,SINGLE VEHICLE,CLEAR,DRY,DAYLIGHT,NO CONTROLS,ALCOHOL PRESENT,N/A,2BE5EB42-40BE-4BB2-BC62-1D8A2A23ACBE,OTHER,N/A,NO IMPROPER ACTIONS,OTHER,N/A,N/A,,NO APPARENT INJURY,N/A,39.09835,-77.110915,"(39.09835, -77.110915)"
MCP2850000M,15009433,Montgomery County Police,Injury Crash,02/27/2015 12:26:00 PM,,,,,driveway/garage of 1957 middlebridge dr,,PEDESTRIAN,SINGLE VEHICLE,CLEAR,,DAYLIGHT,N/A,N/A,N/A,419A77B3-A30F-42EF-A7BA-3C623F6FF63C,PEDESTRIAN,Standing,NO IMPROPER ACTIONS,INSIDE BUILDING,N/A,N/A,,SUSPECTED MINOR INJURY,N/A,39.07400333,-77.04074167,"(39.07400333, -77.04074167)"
MCP2686003Y,190060319,Montgomery County Police,Injury Crash,12/14/2019 05:08:00 PM,Maryland (State),GERMANTOWN RD,County,WISTERIA DR,,N/A,PEDESTRIAN,SINGLE VEHICLE,RAINING,WET,DARK LIGHTS ON,TRAFFIC SIGNAL,NONE DETECTED,NONE DETECTED,2EA3BFC9-EEF2-4453-A0E8-A4DD699484E5,PEDESTRIAN,Cross/Enter at Intersection,NO IMPROPER ACTIONS,ON ROADWAY AT CROSSWALK,OBEYED PED. SIGNAL,DARK CLOTHING,No,SUSPECTED MINOR INJURY,NONE,39.17688167,-77.26978167,"(39.17688167, -77.26978167)"
EJ7833007G,220056645,Gaithersburg Police Depar,Injury Crash,12/21/2022 03:10:00 PM,Municipality,WASHINGTONIAN BLVD,Unknown,END ROUNDABOUT,,N/A,PEDESTRIAN,SINGLE VEHICLE,CLEAR,DRY,DAYLIGHT,NO CONTROLS,NONE DETECTED,NONE DETECTED,8E6DBBBB-1095-4616-B219-5B8DAF8E36E0,PEDESTRIAN,Cross/Enter at Intersection,NO IMPROPER ACTIONS,AT INTERSECTION MARKED CROSSWALK,NO PED. SIGNAL,REFLECTIVE MATERIAL,Unknown,POSSIBLE INJURY,REFLECTIVE CLOTHING,39.11804855,-77.20324627,"(39.11804855, -77.20324627)"
EJ78330028,16045623,Gaithersburg Police Depar,Injury Crash,09/06/2016 06:28:00 PM,Municipality,FALLBROOK ST,Municipality,STERNWHEELER CT,,GAITHERSBURG,PEDESTRIAN,OTHER,CLEAR,DRY,DAYLIGHT,NO CONTROLS,NONE DETECTED,NONE DETECTED,101AD7C5-157E-4F20-90B2-B7C5B20598A7,PEDESTRIAN,Playing,DART DASH,ON ROADWAY NOT AT CROSSWALK,NO PED. SIGNAL,DARK CLOTHING,Yes,SUSPECTED MINOR INJURY,NONE,39.14544,-77.187215,"(39.14544, -77.187215)"
MCP2859002B,16033271,Montgomery County Police,Injury Crash,07/01/2016 09:35:00 AM,,,,,"PARKING SPACE OUTSIDE 23 FIRSTFIELD RD, GAITHERSBURG, MD, 20878",,PEDESTRIAN,OTHER,CLEAR,,DAYLIGHT,NO CONTROLS,UNKNOWN,NONE DETECTED,DF8850BB-139F-4262-A1C3-45B91219B950,PEDESTRIAN,Standing,OTHER,OTHER,N/A,MIXED CLOTHING,No,SUSPECTED MINOR INJURY,NONE,39.13616871,-77.22656965,"(39.13616871, -77.22656965)"
MCP0487001P,170523655,Montgomery County Police,Injury Crash,08/08/2017 02:00:00 PM,,,,,"PARKING LOT OF 19300 FRENCHTON PLACE 
MONTGOMERY VILLAGE, MD 20886",,PEDESTRIAN,OTHER,CLOUDY,,DAYLIGHT,NO CONTROLS,NONE DETECTED,NONE DETECTED,3296E465-53F1-47EB-9D74-FED2DFD3FF47,PEDESTRIAN,Standing,NOT VISIBLE,CURB,N/A,REFLECTIVE MATERIAL,No,POSSIBLE INJURY,REFLECTIVE CLOTHING,39.17207,-77.215765,"(39.17207, -77.215765)"
DM82660003,15025257,Takoma Park Police Depart,Injury Crash,05/26/2015 10:10:00 AM,Municipality,WILLOW AVE,Municipality,TULIP AVE,,TAKOMA PARK,BICYCLIST,HEAD ON LEFT TURN,CLEAR,DRY,DAYLIGHT,STOP SIGN,NONE DETECTED,N/A,09C2DBF3-6241-4338-A45F-A44A3C6E6CAF,BICYCLIST,Cross/Enter at Intersection,OTHER,AT INTERSECTION BUT NO CROSSWALK,OTHER,MIXED CLOTHING,,SUSPECTED MINOR INJURY,N/A,38.97624833,-77.01205167,"(38.97624833, -77.01205167)"
DM8450000C,15049110,TAKOMA,Property Damage Crash,09/28/2015 08:57:00 AM,Municipality,MAPLE AVE,Municipality,LEE AVE,,TAKOMA PARK,"BICYCLIST, PEDESTRIAN",OTHER,CLOUDY,DRY,DAYLIGHT,SCHOOL ZONE SIGN DEVICE,,NONE DETECTED,1CB2D94E-FD34-4663-B1C1-326D5DCBFD25,PEDESTRIAN,Walking to/from school,NO IMPROPER ACTIONS,AT INTERSECTION MARKED CROSSWALK,NO PED. SIGNAL,LIGHT CLOTHING,No,NO APPARENT INJURY,N/A,38.979885,-77.007915,"(38.979885, -77.007915)"
MCP209400GD,200022000,Montgomery County Police,Injury Crash,06/04/2020 07:26:00 AM,,,,,"PARKING LOT OF
7272 WISCONCIN AVE",,OTHER,OTHER,CLEAR,,DAYLIGHT,N/A,NONE DETECTED,NONE DETECTED,75D23F57-A018-459A-BAC2-01CD0C974C28,OTHER,Other,OTHER,OTHER,N/A,REFLECTIVE MATERIAL,Yes,POSSIBLE INJURY,N/A,38.98191667,-77.093625,"(38.98191667, -77.093625)"
MCP28500016,180048206,Montgomery County Police,Injury Crash,09/27/2018 03:35:00 AM,County,STEDWICK RD,County,WATKINS MILL RD,,N/A,PEDESTRIAN,OPPOSITE DIRECTION SIDESWIPE,RAINING,WET,DARK LIGHTS ON,NO CONTROLS,ALCOHOL PRESENT,N/A,707122F7-1DEE-4141-A28F-498AD4C87383,PEDESTRIAN,Standing,NO IMPROPER ACTIONS,ON ROADWAY NOT AT CROSSWALK,N/A,MIXED CLOTHING,No,SUSPECTED MINOR INJURY,N/A,39.170935,-77.21022167,"(39.170935, -77.21022167)"
MCP3019004S,220019736,Montgomery County Police,Injury Crash,05/09/2022 06:40:00 PM,Maryland (State),WISCONSIN AVE,County,CHASE AVE,,N/A,PEDESTRIAN,SINGLE VEHICLE,CLEAR,DRY,DAYLIGHT,TRAFFIC SIGNAL,N/A,N/A,8F908C90-33F6-4379-BAE4-5602936A506C,PEDESTRIAN,Cross/Enter at Intersection,NO IMPROPER ACTIONS,AT INTERSECTION MARKED CROSSWALK,OBEYED PED. SIGNAL,MIXED CLOTHING,No,POSSIBLE INJURY,NONE,38.98870833,-77.09506667,"(38.98870833, -77.09506667)"
MCP2358000T,15017304,Montgomery County Police,Injury Crash,04/14/2015 02:03:00 PM,,,,,parking lot giant food 10400 Old Georgetown Road,,PEDESTRIAN,OTHER,RAINING,,DAYLIGHT,NO CONTROLS,NONE DETECTED,NONE DETECTED,18566ECB-D7A5-476D-B292-4C3E2B68EAB4,PEDESTRIAN,Other,N/A,OTHER,N/A,MIXED CLOTHING,,POSSIBLE INJURY,N/A,39.02616667,-77.12721167,"(39.02616667, -77.12721167)"
MCP2871003D,16044018,Montgomery County Police,Injury Crash,08/29/2016 03:35:00 PM,County,SEVEN LOCKS RD,County,DWIGHT DR,,N/A,PEDESTRIAN,OTHER,CLEAR,DRY,DAYLIGHT,NO CONTROLS,NONE DETECTED,NONE DETECTED,A6F4579A-A66B-48AD-A8E4-ACDAED53645E,PEDESTRIAN,Walking to/from school,DART DASH,AT INTERSECTION BUT NO CROSSWALK,NO PED. SIGNAL,LIGHT CLOTHING,Yes,POSSIBLE INJURY,NONE,39.00399,-77.15926167,"(39.00399, -77.15926167)"
MCP30450048,210047562,Montgomery County Police,Injury Crash,11/23/2021 08:56:00 AM,,,,,ON SIDEWALK (REARENTRANCE/EXIT TO 6400 DEMOCRACY BLVD- BELLS MILL RD SIDE),,PEDESTRIAN,OTHER,CLEAR,,DAYLIGHT,N/A,NONE DETECTED,NONE DETECTED,44E109D0-C527-4F94-B846-AF78FF4E9FB1,PEDESTRIAN,Walking/Cycling on Sidewalk,NO IMPROPER ACTIONS,SIDEWALK,N/A,N/A,No,POSSIBLE INJURY,N/A,39.022915,-77.128295,"(39.022915, -77.128295)"
MCP11480020,170542238,Montgomery County Police,Injury Crash,11/10/2017 02:35:00 PM,County,CHELTON RD,County,SLEAFORD RD,,N/A,PEDESTRIAN,SINGLE VEHICLE,CLEAR,N/A,DAYLIGHT,NO CONTROLS,UNKNOWN,N/A,F6F0B54B-672F-4872-8D02-A711694E69C7,PEDESTRIAN,Cross/Enter at Intersection,NO IMPROPER ACTIONS,ON ROADWAY AT CROSSWALK,NO PED. SIGNAL,MIXED CLOTHING,No,POSSIBLE INJURY,NONE,38.99019333,-77.102535,"(38.99019333, -77.102535)"
MCP32400023,210020989,Montgomery County Police,Injury Crash,06/02/2021 09:25:00 PM,,,,,PARKING LOT OF 1 OBSERVATION CT,,PEDESTRIAN,OTHER,CLEAR,,DARK LIGHTS ON,NO CONTROLS,N/A,N/A,5A1DBE8B-F345-4D5A-9D70-A4C25E60AD77,PEDESTRIAN,Other,OTHER,OTHER,OTHER,HEAD LIGHT,Unknown,POSSIBLE INJURY,NONE,39.19215117,-77.24754972,"(39.19215117, -77.24754972)"
MCP2914003L,16051235,Montgomery County Police,Injury Crash,10/05/2016 05:30:00 AM,Maryland (State),NEW HAMPSHIRE AVE,County,ADELPHI RD,,N/A,BICYCLIST,OTHER,CLEAR,N/A,DAWN,TRAFFIC SIGNAL,N/A,N/A,4E8CBDF3-8E7D-46E3-8C78-733C69F61AAF,BICYCLIST,Cross/Enter at Intersection,NO IMPROPER ACTIONS,AT INTERSECTION MARKED CROSSWALK,OBEYED PED. SIGNAL,UNKNOWN,No,SUSPECTED MINOR INJURY,NONE,39.01145616,-76.97879657,"(39.01145616, -76.97879657)"
MCP10640087,180054932,Montgomery County Police,Injury Crash,11/02/2018 07:22:00 AM,County,SECOND AVE,County,LUZERNE AVE,,N/A,PEDESTRIAN,OTHER,CLOUDY,DRY,DARK LIGHTS ON,STOP SIGN,N/A,N/A,D4DF902E-EE66-46BB-86C6-2DCA187296EA,PEDESTRIAN,Cross/Enter at Intersection,NO IMPROPER ACTIONS,ON ROADWAY AT CROSSWALK,N/A,DARK CLOTHING,No,SUSPECTED SERIOUS INJURY,N/A,39.00658333,-77.04286,"(39.00658333, -77.04286)"
MCP1151006L,170515099,Montgomery County Police,Injury Crash,06/22/2017 07:41:00 AM,,,,,"PARKING LOT OF CHIC FIL A RESTAURANT  19945 CENTURY BLVD GERMANTOWN, MD",,PEDESTRIAN,OTHER,CLEAR,,DAYLIGHT,N/A,NONE DETECTED,NONE DETECTED,BC497ADC-3FF3-498C-9254-602F97B58E77,PEDESTRIAN,Other,NO IMPROPER ACTIONS,OTHER,N/A,MIXED CLOTHING,No,POSSIBLE INJURY,N/A,39.182173,-77.261231,"(39.182173, -77.261231)"
MCP3243000C,200032846,Montgomery County Police,Injury Crash,08/22/2020 05:17:00 PM,County,ROCKLEDGE DR,County,ROCK SPRING DR,,N/A,BICYCLIST,STRAIGHT MOVEMENT ANGLE,CLEAR,DRY,DAYLIGHT,TRAFFIC SIGNAL,NONE DETECTED,NONE DETECTED,53442B68-0BC2-45DB-BC92-1230D88DEB02,BICYCLIST,Cross/Enter at Intersection,FAILURE TO OBEY TRAFFIC SIGNS SIGNALS OR OFFICER,ON ROADWAY AT CROSSWALK,DISOBEYED PED. SIGNAL,LIGHT CLOTHING,Yes,SUSPECTED MINOR INJURY,NONE,39.02691291,-77.13229168,"(39.02691291, -77.13229168)"
MCP15950022,220027156,Montgomery County Police,Injury Crash,08/28/2022 03:07:00 AM,Maryland (State),GEORGIA AVE,County,ENNALLS AVE,,N/A,PEDESTRIAN,OTHER,CLEAR,DRY,DARK LIGHTS ON,NO CONTROLS,UNKNOWN,ALCOHOL CONTRIBUTED,25EB92E1-A49D-47BA-81F7-8B4496424914,PEDESTRIAN,Cross/Enter not at Intersection,NO IMPROPER ACTIONS,ON ROADWAY NOT AT CROSSWALK,NO PED. SIGNAL,DARK CLOTHING,Yes,POSSIBLE INJURY,NONE,39.0393508,-77.054306,"(39.0393508, -77.054306)"
EJ7857001Q,170533688,Gaithersburg Police Depar,Injury Crash,09/28/2017 06:24:00 PM,,,,,IN THE PARKING LOT OF CRESTWOOD DRIVE,,OTHER,SINGLE VEHICLE,CLEAR,,DAYLIGHT,NO CONTROLS,NONE DETECTED,NONE DETECTED,4F3583D1-95D0-452F-B95F-AABB40778DA8,OTHER,Playing,IN ROADWAY IMPROPERLY,N/A,NO PED. SIGNAL,DARK CLOTHING,Yes,SUSPECTED MINOR INJURY,NONE,39.14680833,-77.192475,"(39.14680833, -77.192475)"
MCP2964001H,16021317,Montgomery County Police,Injury Crash,04/30/2016 04:08:00 PM,Maryland (State),FREDERICK RD,County,MIDDLEBROOK RD,,N/A,BICYCLIST,STRAIGHT MOVEMENT ANGLE,CLOUDY,DRY,DAYLIGHT,YIELD SIGN,NONE DETECTED,NONE DETECTED,C9C78F9A-B57D-4AA9-A18A-ADC1BD43341A,BICYCLIST,Cross/Enter at Intersection,INATTENTIVE,ON ROADWAY AT CROSSWALK,NO PED. SIGNAL,MIXED CLOTHING,Yes,SUSPECTED MINOR INJURY,NONE,39.18076775,-77.23862886,"(39.18076775, -77.23862886)"